-7.472532494498000861e-05,2.577060597376682242e-04,-5.297445649419940802e-04,-1.959167838320566063e-04,3.637947404297938868e-04,1.677177656904680207e-05,-1.167862673655914072e-04,4.682532751096599920e-05,6.476223805184771207e-05,-2.519007423287550492e-04,3.785615179598485376e-04,-5.653839713956844079e-04,2.235080126053524464e-04,2.986538561679129484e-04,-6.779219804951645010e-04,4.961125507495061640e-04,-1.231069911566179853e-04,-3.873653129359410784e-04,4.495146113048042818e-04,-1.138687868368237332e-03,1.073847047996296126e-03,-9.060741543351788453e-04,1.522780938985392749e-04,-4.692371832601787405e-04,-7.583286671736412651e-04,7.748809497765472669e-04,-2.481367710747625090e-04,-1.277833750804786101e-03,6.718543952918020531e-04,-1.496901839984866303e-03,9.351387606234322575e-04,-1.779070621052389854e-03,-7.993836858668627345e-04,8.363924445975697355e-04,-1.248708295776076223e-03,-8.590653544404040038e-04,-9.291945814680484554e-04,-1.175050080553727934e-03,1.357471199414522506e-03,-4.196497886994554616e-03,3.624910400132849448e-03,-3.063354362615915930e-03,-2.325684453511369634e-04,-1.922285013815084632e-03,-4.739063096381429703e-03,3.348331150674174056e-03,3.447014187234934786e-04,-6.359290925674740066e-03,-1.146289125400397737e-03,-4.750296272081677706e-03,5.579531493562633893e-03,-1.241667871714887544e-02,-3.328358225212428145e-04,-1.494618631456608214e-03,-5.533779554576552170e-03,-3.164503120566381032e-03,-4.994136873530668520e-03,-1.098926145325555825e-02,7.870673690866645048e-03,-2.127763258963715626e-02
-7.718424047444006882e-05,2.997237036267826017e-04,-4.894429437836574342e-04,3.296557688341480259e-04,-3.096759237244182776e-04,-2.839541095138721450e-04,2.513241984945743281e-04,4.727534852815156743e-05,-8.938134326397399808e-05,-1.867901795942108600e-04,1.494046698157451677e-04,9.198797134935699914e-05,-1.760411299864610114e-04,-1.386620195032397434e-04,-4.778644349029985601e-05,-2.740183398014227356e-04,1.993633889746874836e-04,-3.954811774155708856e-04,1.438674800634657559e-04,-7.486636218663033498e-04,8.607134236791805356e-04,-8.273020294726974233e-04,4.851999634045471251e-04,-1.222961960428195709e-05,-1.122229024361604726e-03,1.095306914655632503e-04,-1.053353097320792521e-04,-1.222892949658710557e-03,3.204213562784220077e-04,-2.954083749957110878e-03,2.706575072251812299e-03,-1.356244268328496080e-03,2.017588690936920751e-04,-1.720762293160994858e-03,-1.660935480472008527e-04,-1.319793029647060292e-03,3.655357432497538463e-04,-1.217212409211307919e-03,-4.756376522098127954e-04,-5.435825172334500868e-03,5.579112478529198692e-03,-4.265402955860921400e-03,-6.255523945436755389e-04,-1.690549662053977787e-03,-4.081834772900774962e-03,4.811629251648431686e-03,-3.766866963810687301e-03,-6.682916676132712001e-03,-2.857816133987333708e-04,-4.431084139262369062e-03,4.708878421008942661e-03,-1.110356327207221230e-02,-1.312454320020970885e-03,-8.850803046304082933e-03,-2.662230882969180215e-03,-2.369079849611734328e-03,-7.972378124302942467e-05,-1.724324668526280510e-02,4.083410796228320247e-03,2.271604880987018737e-02
-3.870464121240227429e-02,-3.464351164485449802e-02,-3.171054546762377274e-02,-2.755098209121753169e-02,-2.354539873190391458e-02,-2.131558815334150606e-02,-2.052048824818466025e-02,-1.867235415089807393e-02,-1.647947671823232416e-02,-1.461601075580773457e-02,-1.136202942828861730e-02,-1.131471285269803305e-02,-1.006786586756664749e-02,-9.774194143734640447e-03,-9.681990353291780940e-03,-8.676166351397210721e-03,-9.812753740491427304e-03,-9.938247689837410165e-03,-9.527638450264571887e-03,-9.224614637752252821e-03,-9.156264891961050922e-03,-8.711364474160231131e-03,-6.971885812454437642e-03,-7.809349499383441001e-03,-6.782209168519850832e-03,-9.215321679088157511e-03,-8.501628723059578147e-03,-8.486362353399447625e-03,-6.572502567657356916e-03,-9.584904731291915905e-03,-7.407637769663672107e-03,-1.312181192510548065e-02,-6.712980357731318862e-03,-1.074927935874233145e-02,-3.922810927740346017e-03,-6.306758394636023494e-03,-2.504028272768809866e-03,-1.396046247684806004e-03,3.863402480477717230e-03,2.567278940624732767e-05,8.633059364102066424e-03,-6.891246304322705667e-04,5.999015580803516295e-03,6.011237269924831622e-03,-3.660106973548470999e-04,5.958546896406886548e-03,2.084778282391971157e-03,1.737687063112785526e-03,6.704992400088905478e-03,-4.890961817080553484e-03,4.046436943113859187e-03,-9.837725416755116817e-03,-5.031083860620619470e-03,-1.170691038551453095e-02,-1.300051471472956667e-02,-8.329972773181516799e-03,8.031391426782749253e-04,-1.058313793401596120e-02,2.008939631561451524e-03,6.787505548680287937e-02
-4.468399073758175938e-02,-3.999107476482725854e-02,-3.612417163806540960e-02,-3.271535097944913706e-02,-2.821087764132023876e-02,-2.425161284999076752e-02,-2.206358254677918615e-02,-2.079332117294660845e-02,-1.903338180876326668e-02,-1.716356274558428208e-02,-1.361711126582980380e-02,-1.280372758843783230e-02,-1.079299092182326239e-02,-1.035297925138006954e-02,-1.008642814902428742e-02,-9.241631913566989570e-03,-8.819908592909882217e-03,-1.000028267394750120e-02,-1.030872742735510460e-02,-1.012613022566165831e-02,-7.954194995235292984e-03,-1.061546967321308488e-02,-7.960611290022552231e-03,-7.610346083349091122e-03,-8.143296488184788989e-03,-6.912106311245236508e-03,-9.504251499540471507e-03,-8.458301024915492947e-03,-7.677741375006080955e-03,-9.336434112785901504e-03,-4.865356144206298313e-03,-1.175377990082186914e-02,-1.166915225808397814e-02,-8.811543738137963752e-03,-9.195864729172090538e-03,-6.171659737277854565e-03,-4.513903372890500261e-03,-3.379912027960211510e-03,1.944820289448566424e-05,-2.995420031952454078e-03,1.192857296045636215e-02,-1.443524665237807614e-03,4.590916071781226369e-03,5.606980131537296803e-03,3.017678566111959160e-03,9.045127634252109194e-03,-1.586308198845379431e-03,-1.564835497108112367e-03,8.712088730967288211e-03,-4.286277380919841255e-04,6.682704022497668039e-03,-7.428824554889242732e-03,-7.622758576905709280e-03,-7.113028907370456955e-03,-1.411802305918121586e-02,-7.990789533978527939e-03,-6.904917725813071103e-03,-7.774120047526602260e-03,-4.751721891198693384e-04,2.501979807666583969e-02
-5.080894612522485893e-02,-4.665948830263055847e-02,-4.142289830737978795e-02,-3.764353855700234425e-02,-3.388233809199659580e-02,-2.910970744020103390e-02,-2.511415456870439919e-02,-2.221587461934994290e-02,-2.126909287620558364e-02,-1.976816601486793695e-02,-1.714117379739733826e-02,-1.455424272801455164e-02,-1.252888994053161578e-02,-1.126045294761846179e-02,-9.800901039661280220e-03,-1.065377994041559126e-02,-9.124066144975458842e-03,-9.386924821217872833e-03,-9.704882742484105193e-03,-1.152034664796208231e-02,-8.899233655055032235e-03,-9.623952455406026979e-03,-9.614415922063945449e-03,-8.278764025527423145e-03,-8.296247724448835639e-03,-7.708913270546275884e-03,-6.409741046644943166e-03,-1.028737136525298586e-02,-8.994425774345102265e-03,-9.175122443877404416e-03,-4.221902344149930375e-03,-1.003139511824309785e-02,-9.918650779731096739e-03,-1.441112313270424133e-02,-6.563934205561534375e-03,-1.069448065021250810e-02,-4.277989775534357490e-03,-7.267117856413482686e-03,-6.157306402905160167e-04,-7.075836435408216704e-03,8.291208849705179046e-03,2.220583178769475717e-03,5.101777559046847925e-03,-3.076527939234096547e-04,3.569869094008587193e-03,9.938110403511436070e-03,6.386654211883713989e-03,-6.447685089025543756e-03,5.116188181840835604e-03,2.663805804673441587e-03,8.549777400037116004e-03,-5.249816377092143133e-03,-4.032933985522218351e-03,-7.268658766846763930e-03,-7.798844942066200311e-03,-1.158437152570763844e-02,-6.423701570327095857e-03,-1.851435181760102688e-02,1.845087006259255730e-03,-4.571472275872176701e-03
-5.511504636595040973e-02,-5.320868117889845927e-02,-4.883154543576406770e-02,-4.356720580953959976e-02,-3.921351913481871398e-02,-3.504685265700478725e-02,-3.026098469394342821e-02,-2.549731868140607538e-02,-2.284262548350243088e-02,-2.185414496611341392e-02,-1.970866337031126556e-02,-1.810649750564049740e-02,-1.441766476076486621e-02,-1.268413106328313694e-02,-1.130996831999613733e-02,-1.013989851265928270e-02,-1.070452065639167227e-02,-9.352390358337727902e-03,-9.331329837249926692e-03,-1.008173840487832686e-02,-1.039432316251893626e-02,-1.082596941542995905e-02,-8.432215199787040927e-03,-1.033539359218126237e-02,-8.583344318033899259e-03,-8.022136374408397538e-03,-8.126845543225954399e-03,-6.639964952804677974e-03,-9.870272177087439577e-03,-1.114217232248355081e-02,-5.496582589574399574e-03,-8.897844687606118116e-03,-8.070355397027609984e-03,-1.120520093220698198e-02,-1.313460145813017364e-02,-8.638774049313853454e-03,-8.700797386637553268e-03,-6.528137728366548327e-03,-4.214589869246868417e-03,-9.496669134692176800e-03,4.007069055782744998e-03,1.929540978429944691e-03,4.632484071858585135e-03,2.521108113697129172e-03,-2.255478038642956019e-03,1.152316156534188320e-02,3.218072148297196344e-03,4.857065222636712705e-03,2.459527710277267646e-04,-5.994551817511357961e-03,1.749457459381928426e-02,-5.383681180664968632e-03,1.342704139468393985e-03,-8.590747486947625591e-03,-2.536762992401472763e-03,-8.431917872526752816e-03,-1.085503862811942541e-02,-1.893755865319582399e-02,-2.151429249086834767e-03,-3.316310722246342685e-02
-5.845663246774893823e-02,-5.786314620995881841e-02,-5.673481884241897422e-02,-5.159402206625719745e-02,-4.551235603596757301e-02,-4.046637893191217666e-02,-3.641960640696968732e-02,-3.146563460165037462e-02,-2.598018505512734652e-02,-2.359235638711356872e-02,-2.208369479953511613e-02,-2.064687330239917129e-02,-1.787000050723195829e-02,-1.475548288231993618e-02,-1.316050111250750658e-02,-1.164500748395299982e-02,-1.044501710895755220e-02,-1.050968097610517973e-02,-9.524537789499722129e-03,-9.846684725357471649e-03,-9.614013630209538447e-03,-1.130508906774754622e-02,-9.772041651893388636e-03,-8.972818653354655560e-03,-1.088313579133695988e-02,-8.124063656046736845e-03,-8.608203684641132017e-03,-8.513046254815335306e-03,-5.998182720539483453e-03,-1.261299514549192417e-02,-7.439384923510784613e-03,-8.719788371187872991e-03,-6.898836034503236410e-03,-9.427480691364464177e-03,-1.062871865185103723e-02,-1.393189751657831869e-02,-7.072470212342950487e-03,-1.212815700351134451e-02,-4.100863410194248958e-03,-9.715442401288800281e-03,1.955232241987994637e-03,-5.914530135448575407e-03,6.303311158883788748e-03,4.239472466908025469e-03,-2.349921529046002360e-03,7.585846440793321370e-03,4.486464055032046531e-03,3.891567212047589413e-03,7.895337940041028194e-03,-5.302402860469979454e-03,9.232991847626770276e-03,2.852954572591777805e-03,-1.355001683793817784e-03,-2.110119244861193098e-03,-4.952522590990744190e-03,-7.255229316074962402e-03,7.364196358324114457e-04,-2.182994217380836849e-02,-8.390892344644067247e-03,-1.264827638091224615e-02
-6.211988489523228435e-02,-6.182596652201550330e-02,-6.166097338133368078e-02,-6.021589325742426890e-02,-5.419781125787288129e-02,-4.810757769142686574e-02,-4.232336453104148383e-02,-3.796169233941282251e-02,-3.205403979850467849e-02,-2.731247984939792761e-02,-2.341705337062389286e-02,-2.332657545279711447e-02,-2.056111081218207903e-02,-1.859066365460106812e-02,-1.503775230659487247e-02,-1.320465374566350165e-02,-1.138823815976359316e-02,-1.064844605764371337e-02,-1.095433669779080285e-02,-9.988025858517381519e-03,-9.055649266830974667e-03,-1.103755944897645037e-02,-1.119112657553353145e-02,-9.753686557643945904e-03,-9.323254931714718835e-03,-1.071303886627983717e-02,-8.927862545681406262e-03,-8.339351963563513756e-03,-8.390072655895235848e-03,-8.805970207360363025e-03,-7.143656821133759043e-03,-1.072207234617119850e-02,-8.354676608386433362e-03,-8.156535204184510793e-03,-8.595704937242914373e-03,-1.237174019832270287e-02,-1.283220168520110213e-02,-9.496992121797135852e-03,-1.011252071234990460e-02,-1.006971049267751939e-02,2.720083203899216194e-05,-5.135559962722173293e-03,-2.572031131679990493e-03,3.286337429918819147e-03,-2.803858558458494511e-04,9.641389301459545036e-03,-2.165678716652820566e-04,5.590321848245136116e-03,4.773489378593436666e-03,3.815562579843200571e-03,3.816449229715514375e-03,-3.489528166602594555e-03,9.754414363467477783e-03,1.531386928601940816e-03,-6.634537539008255810e-03,2.822861407602303332e-03,-7.175403806994514085e-03,-1.532029161845614891e-02,-8.466657744278472883e-03,-2.334478119572654369e-03
-6.319998825888627214e-02,-6.621071131573919022e-02,-6.578133444061491641e-02,-6.582803227924184652e-02,-6.422030051371088732e-02,-5.696556622756469845e-02,-5.099797229663671078e-02,-4.431392816625752407e-02,-3.917372560774891321e-02,-3.337991608394209192e-02,-2.740487261892927268e-02,-2.508537008163235285e-02,-2.343930904021448644e-02,-2.134094654592656390e-02,-1.863922054064915887e-02,-1.522729773623947291e-02,-1.326897644691079660e-02,-1.219444924733743135e-02,-1.071265509105176657e-02,-1.137385415668386128e-02,-9.406190725012466766e-03,-9.624066905790417195e-03,-1.069202010567986416e-02,-1.163564476307181982e-02,-1.041583281610696313e-02,-8.769212343124943576e-03,-1.086090703562796883e-02,-8.490736625553252023e-03,-8.632881509611131307e-03,-9.850501392431779135e-03,-5.236729426532235609e-03,-1.219253183309273320e-02,-9.808550702962361145e-03,-8.474292089524692803e-03,-7.676295624693236890e-03,-1.050035681433582335e-02,-1.005674939226489789e-02,-1.518823228457188285e-02,-7.680821576218000400e-03,-1.489349578268307599e-02,-1.009666945948862202e-03,-7.398077225542608326e-03,-4.085174975042724088e-03,-4.393724664078569805e-03,1.558861377606821173e-03,9.990978029216801906e-03,1.115500332931417199e-03,-1.925692550907116048e-03,8.035592758344424838e-03,4.537106230260366281e-03,1.224725679927940805e-02,-7.271431371106079102e-03,8.582048299208357199e-04,4.996688776529026842e-03,5.396543515661276439e-04,-9.237481389403920211e-04,2.221177397655247666e-03,-1.275599317575834730e-02,8.362143283374291313e-04,1.634393295733252427e-02
-6.225795292979524609e-02,-6.769605258024219419e-02,-7.113503569656003112e-02,-7.079079197773502363e-02,-7.018120414441268717e-02,-6.851967413733785206e-02,-6.123936960577657657e-02,-5.282458848564244164e-02,-4.689966695585147394e-02,-4.056318291343416482e-02,-3.474971011023361700e-02,-2.875749749268208255e-02,-2.493272473472896503e-02,-2.420662010914823720e-02,-2.255660510048758394e-02,-1.836384725293356557e-02,-1.558323809085175767e-02,-1.352417755049665701e-02,-1.216054015316432244e-02,-1.168043524145032791e-02,-9.976143164121450621e-03,-1.056662396393895885e-02,-9.584298268065680540e-03,-1.079623512631227092e-02,-1.227979564762857190e-02,-1.003671245706280746e-02,-9.043310222582852040e-03,-1.155872503581271624e-02,-8.534855649879716927e-03,-1.032220572937618888e-02,-6.706253364851378837e-03,-7.548706972286108909e-03,-1.144532222367714708e-02,-1.037887634608529105e-02,-8.707893193649974065e-03,-7.665757361069776114e-03,-8.290709669410140439e-03,-1.378963487290367669e-02,-1.451860022680531367e-02,-1.214082016738279347e-02,-6.127800335635475229e-03,-9.755119671842902088e-03,-4.431431685650489942e-03,-5.207786792777542237e-03,-6.695762012301534859e-03,9.184202651022498748e-03,3.630907662074654273e-03,-1.209611621968368061e-03,4.502310945439917146e-03,2.975566873418548225e-03,1.176408353651189377e-02,3.102966013098500120e-03,-4.756375377950378645e-03,5.978880368357634761e-04,8.116228986042774846e-03,3.496543225890250909e-03,1.333929021965209356e-03,-1.286124232404342246e-02,1.924655212395957535e-03,1.641099070651824698e-02
-5.791802468774583101e-02,-6.679670577253182806e-02,-7.263690428279666322e-02,-7.643670521836401499e-02,-7.655990258702960460e-02,-7.535642576285624117e-02,-7.394723609025866118e-02,-6.519821235624097266e-02,-5.630070197478520555e-02,-4.853348837557627110e-02,-4.275936500282143116e-02,-3.599950345687008557e-02,-2.961435180512629606e-02,-2.581989519371906752e-02,-2.478655734633870844e-02,-2.232074246625347091e-02,-1.951377385791580252e-02,-1.617761314667794798e-02,-1.340929850310207047e-02,-1.237740856445808391e-02,-1.092623710726837311e-02,-1.174206830689735435e-02,-1.012195247772386571e-02,-9.576304759752685136e-03,-1.108397471526141077e-02,-1.199048839651487355e-02,-1.050030301302830489e-02,-9.193169754631776505e-03,-1.156718033420589542e-02,-1.046054428925791840e-02,-7.317743519632906833e-03,-9.342370156161815264e-03,-7.474678084441825285e-03,-1.159574777306492110e-02,-1.031855452921225449e-02,-8.474471840269231712e-03,-6.900262316307672651e-03,-1.187002805388657177e-02,-1.139916363012164618e-02,-1.702481591077042652e-02,-7.426546425868359690e-03,-1.368185769092346467e-02,-6.895256064202734923e-03,-4.653497293288143266e-03,-9.946404072298376323e-03,4.869025990095475140e-03,3.274756270873320496e-03,3.139824319503355891e-03,1.943284503725510939e-03,-6.656848274921071083e-04,1.382261464127466748e-02,2.171755086809700527e-03,2.721744546799660571e-03,-1.794541708501249831e-03,7.673059347986951569e-05,1.373284894785516998e-02,2.029844829319212094e-03,-5.680547418479310433e-03,7.829464129865706251e-03,-2.435556241305887257e-02
-3.054238010299754891e-02,-2.866079013511925802e-02,-2.681065136241501598e-02,-2.444978638232623777e-02,-1.850574851858121858e-02,-1.935777900424095685e-02,-1.921397405845862161e-02,-1.354972321626632045e-02,-1.045978322527267232e-02,-1.336764478298750267e-02,-1.091680571889640759e-02,-7.628358883410923420e-03,-6.017069748351305293e-03,-5.943126090314007973e-03,-1.132357780038006478e-03,-4.095620432622084327e-03,-5.019744910335437703e-03,-3.211616318029803050e-03,-3.520789697344870080e-03,-7.600046563346405173e-03,-4.149716366985149209e-03,-2.399599653984338995e-03,-2.192115693942650861e-03,-1.874149854111074268e-03,7.009179046644339797e-04,-1.965862710641407777e-03,-7.077061660725051870e-03,-5.059612134204465907e-03,-4.951539397170736864e-03,-1.198923565019669422e-02,-5.577626282797396202e-03,-5.147606875226695688e-03,-2.899914595237552354e-03,-5.930940045409596219e-03,-4.282263849840674957e-03,-4.869683843334430585e-03,-4.799357996731561625e-03,-5.233224761911948325e-03,2.936037335802187066e-05,-7.548367985859424749e-03,-5.222293885005645404e-03,-3.699211179737900770e-03,-3.196572569286376675e-03,-1.217430466417506428e-03,-2.023686443139812406e-03,8.719109602709603640e-03,1.034931823915236429e-02,7.749881566579549033e-03,1.056085917433540952e-02,-8.760695497581740335e-03,6.423242295837651265e-03,-8.366610957699392032e-03,-7.933401060291651527e-03,-1.133667385624791309e-02,-1.218970362239305862e-02,-9.799155441129100627e-03,-7.230972959577399752e-03,-6.464143058436607435e-03,7.869696769466003744e-03,-2.148541145291311960e-02
-3.015927822502636330e-02,-2.282205565199879257e-02,-1.703508032555906687e-02,-1.179581035710644717e-02,-5.341578156515526705e-03,3.034393508131602579e-03,2.533966673197666358e-03,2.522813242042768259e-03,8.792441266655248028e-03,1.061916764773703642e-02,2.747972658291572730e-03,3.062197816226235048e-03,5.702116813136230353e-03,5.392154193708450886e-03,2.286825028170803940e-03,8.246880026177270256e-03,3.814340205452742324e-03,1.999329218184266437e-03,2.385616526378145190e-03,1.101803381436121995e-03,-4.147929337752417900e-03,-2.238114269129773404e-03,1.329260316964261121e-03,1.205913386676542211e-03,4.269337876989946269e-04,6.144101253278431984e-03,-2.731601952980745266e-04,-5.094253026265201795e-03,-2.081683864816414199e-03,-6.308468534173567593e-03,-6.722544867447533511e-03,-8.045607700025016878e-03,-3.110897229126196369e-03,-5.113624786807436035e-04,-5.249761887090319962e-03,-1.380941754375470841e-03,-2.970344290493637154e-03,-6.367477283614106885e-03,-2.651242138437079235e-04,-8.243468667531779091e-04,1.804968629371082704e-03,-8.990897731240059254e-03,2.795115356723291023e-03,-6.314702440655064358e-05,-2.274710669665370132e-03,9.544596288383219024e-03,7.588284562732226964e-03,8.248047748903662713e-03,2.045479269393415261e-02,4.851048245265304759e-03,6.529879622380273501e-05,-9.571965307035371073e-03,-3.024748831140815306e-03,-1.427540784021639510e-02,-2.151237694979176232e-02,-1.595445820476675686e-02,-1.476964032808601203e-02,-1.930551810719443456e-02,-2.023018766032157103e-03,3.756862632517877360e-02
-4.134918558527261867e-02,-3.072563676470677421e-02,-2.346818450386098029e-02,-1.780065202493994261e-02,-1.193377989279816379e-02,-5.553184551701424200e-03,3.272148167842175385e-03,2.990010498129459966e-03,1.991288321720305690e-03,8.844112171362217278e-03,1.038065444984183350e-02,3.051841840379086648e-03,3.528944160250684688e-03,5.279580412671205231e-03,5.173408442398309826e-03,2.563199311318764551e-03,8.227454074793820807e-03,3.085389026316305051e-03,2.831969840670054556e-03,1.611228976765717493e-03,1.812182927341060134e-03,-4.833467738862096651e-03,-1.781690534930912336e-03,6.962655097039063086e-04,6.010902622012337946e-04,1.377575792153176845e-03,6.184395668705310392e-03,-3.542384900752951703e-04,-4.146159503201852538e-03,-4.889431079827171421e-03,-2.422496388262192039e-03,-1.014466820467326523e-02,-7.285614892057004806e-03,-2.082063446125422511e-03,-3.084083863761106960e-03,-4.451005536206382313e-03,-1.481036196577276782e-04,-5.237985718857854009e-03,-3.667223223317227828e-03,-5.341429431257946857e-03,6.553381877940072688e-03,-6.456459390290110456e-03,-4.552913973803596366e-03,1.781913645070207089e-03,-3.717417807261519120e-03,7.381413685179156331e-03,5.092259328562187028e-03,3.860174623615273207e-03,1.625687155148693858e-02,9.635739408535699130e-03,1.616618537038167630e-02,-1.081632191115928891e-02,-5.772356360013386478e-03,-5.429366603713841645e-03,-1.808530975887256281e-02,-1.857839978470472372e-02,-1.324568341303284519e-02,-2.253911540490194376e-02,-1.641697395314714245e-02,3.822748591933790990e-02
-5.463840736839970652e-02,-4.283263783399482438e-02,-3.216702401641537146e-02,-2.394613189600497752e-02,-1.823556026061534663e-02,-1.215068519570136792e-02,-5.440948979829263871e-03,3.414641481423972245e-03,2.313632188792076952e-03,2.458762992327368901e-03,8.993368491385562297e-03,9.945199568271861912e-03,2.827530511218938249e-03,3.229647259631975627e-03,5.883180519418345147e-03,5.042763398136294352e-03,2.663819369433373645e-03,8.213700229230449720e-03,3.598394323821940601e-03,1.502875606018125743e-03,2.572177701732535939e-03,1.330788269532428127e-03,-5.395672292939038273e-03,-1.040946605875483523e-03,2.369438324209982181e-04,1.368066891268962960e-03,8.783303531092307402e-04,5.940667052483228003e-03,2.835467814214760003e-04,-6.102535642468716326e-03,-1.190134000821760438e-03,-6.224614186468246935e-03,-9.173959346950330204e-03,-7.754819154502755676e-03,-2.071580230995771505e-03,-2.718510799621451455e-03,-4.519422129464754391e-03,-5.991653301970748966e-04,-4.159832166967339720e-03,-7.973312674175756648e-03,1.938866907352447544e-03,1.081000410550596704e-03,-4.274281537316632594e-03,-7.070262128160909737e-03,2.032397523632288594e-03,2.702250501636997791e-03,2.852817379497753648e-03,-2.990537441298134571e-04,1.083739757145178902e-02,1.255089431494129347e-02,2.268048355454834256e-02,-1.199229947400881711e-03,-2.740052877209263327e-03,-3.898704691826768848e-03,-1.211054966243184372e-02,-1.255638856263424641e-02,-2.239662883249756917e-02,-2.095072824278980742e-02,-1.332318578459436645e-02,-1.997100233697600424e-02
-5.888431896743302058e-02,-5.811942916829634237e-02,-4.477528972767927384e-02,-3.315421877720760996e-02,-2.469957545897298601e-02,-1.803646230991524588e-02,-1.237367257420712505e-02,-5.510836996273937340e-03,3.403660847333716405e-03,2.142494923129480838e-03,2.618803897636861819e-03,8.508252524753479387e-03,1.020902841090861983e-02,2.960655699748824393e-03,3.307125183745506392e-03,5.474683082728671289e-03,5.362595832766075231e-03,1.812352632247337314e-03,8.619555935227988033e-03,3.273983292561417641e-03,1.999724286100149680e-03,2.358124505329627172e-03,1.282423286415911587e-03,-5.308032803812895439e-03,-1.469092906889741439e-03,1.523172362564591568e-03,-1.462242821116931587e-05,1.786965854693666053e-03,6.229427472738352858e-03,-1.722201701841070097e-03,-3.410714115403160572e-03,-3.931467404950143851e-03,-4.667017890354380368e-03,-1.068217572377823214e-02,-7.170258999760368776e-03,-2.070265672651561140e-03,-2.057534775678128685e-03,-6.610529967284214936e-03,4.510511607391197160e-04,-6.976584136669247184e-03,-1.920702375423932870e-03,-4.807301841039462835e-03,2.959530991510345328e-03,-2.956295570907949664e-03,-1.057778415909958747e-02,6.794841692035914933e-03,2.650754743562106375e-03,-4.151685590649603456e-03,5.892796962163872505e-03,4.112570238329863077e-03,2.288593607851720571e-02,9.868740749052277647e-03,1.079912035633193157e-02,-1.059902705234998764e-02,-3.976519301486124668e-03,-3.652231530821147161e-03,-1.592262893166115911e-02,-3.143835487151731140e-02,-1.608554765571181683e-02,-1.666864310923588804e-02
-3.344387746594275346e-02,-3.068415111165346057e-02,-2.536288647563175042e-02,-1.741353442382801223e-02,-7.257072852069644704e-03,-2.585202608537859412e-03,-1.130849564426025409e-03,7.174374992363376224e-04,3.070116492999708669e-03,4.908620498179732533e-03,7.729743331628565611e-03,5.143171004386728161e-03,4.377183801606630668e-03,3.797774869109981320e-03,7.178173853703875319e-03,6.275147199550744001e-03,4.806393106576251247e-03,2.865237749189324373e-03,5.956247183506154300e-04,-5.267270201268167175e-04,8.762832157233669574e-04,4.871540931935330280e-04,-1.133758489570210438e-05,-6.737942000634914016e-04,3.804431409521098935e-03,5.136094288903245847e-03,1.144458634276345095e-03,-3.013406421221255082e-03,-3.500278040792365476e-03,-8.129622422377720883e-03,-1.459322960521342678e-03,-5.015691753181559728e-03,-1.256102647844468869e-03,-5.061035289860139549e-03,-2.449706626616942207e-03,-2.481273179576935772e-03,-1.987777905736448983e-03,-3.816709284608110243e-03,-1.068419895951449455e-03,-3.522660180842691890e-03,7.798118466791928612e-03,1.575502464876099530e-03,3.796023208726585860e-03,3.256500907844039373e-03,-1.296335829828920662e-03,4.099424918102067411e-03,1.027680670294735428e-02,2.682775280404526945e-03,7.130361176765629902e-03,9.598396870288746375e-04,8.790530404106444012e-03,-6.725861064088870141e-03,-2.526537443732546507e-03,-2.790841673897233224e-03,-1.204448068336535366e-02,-8.525999553833769895e-03,-1.325752567960436414e-03,-1.587187742407523625e-02,-8.709234994292647941e-03,-3.979808133211876903e-02
-2.885148471764804878e-02,-2.416473726990701551e-02,-1.836145930087891218e-02,-1.160276052304830795e-02,-5.973721987371382117e-03,3.621187601138972905e-03,7.165062762314569796e-03,5.889593177067260418e-03,5.993828291001328593e-03,6.761148784290155200e-03,5.429436585175031853e-03,9.841770391826864042e-03,6.227179587064021749e-03,2.003072823330026824e-03,1.720024293009804689e-03,9.364390141205446855e-03,6.831071445925307288e-03,4.562441958194754857e-03,2.357009127282394447e-03,1.731174758886523538e-04,-4.399674649166423861e-03,-1.000774920462078801e-03,3.518654541839300823e-04,-1.385520652892842331e-03,-1.661616929582986849e-03,9.151706571619603117e-03,6.576011967479524108e-03,7.504453257749652472e-04,-3.919496584463703741e-03,-7.497312586028629169e-03,-9.341486275641118844e-03,-6.581029503382936421e-03,-2.384008144600570193e-03,-2.446052292788628620e-03,-3.639385275323565785e-03,-1.242823667429617375e-04,-1.505091819802289056e-04,-2.998869682595224628e-03,-1.943506267414343716e-03,-4.219669627357872793e-03,4.213862968222971926e-03,4.813141698947204748e-03,9.932447065165413494e-03,6.453473182995392646e-03,3.202519195353448070e-04,7.568438828785870910e-03,1.699839371585367591e-03,1.199171804757935902e-02,1.046989805494109686e-02,6.591563564595285390e-03,6.557474034837497238e-03,-2.521039507275079240e-03,-5.366557189092423241e-03,-1.282590850197126361e-02,-1.326354254980411339e-02,-3.572698380115025413e-03,-5.276180499901467549e-03,-1.436882458508573907e-02,1.192656982484043829e-03,1.397759927409866765e-02
-3.601149614855102959e-02,-2.976471222431860061e-02,-2.485094843076469939e-02,-1.867880644156865583e-02,-1.184674951677058309e-02,-5.765029526201674755e-03,3.596536337444744460e-03,6.858340975523825878e-03,5.923061744345794501e-03,6.217314849659374802e-03,6.410108986748285810e-03,5.512094767421555491e-03,9.408748536738136339e-03,6.298427051433890672e-03,2.293601279412491555e-03,1.742278229703533203e-03,9.097610782393183992e-03,6.566917636606088397e-03,5.074543984299838620e-03,1.997661056006151074e-03,1.242240592767535447e-04,-5.144870629113695339e-03,-5.132592901990776181e-04,1.354464328576103006e-04,-7.725089733959280809e-04,-1.342065309359713769e-03,8.598290179600259764e-03,5.864315409608923321e-03,9.534047309661607909e-04,-4.773009566229705417e-03,-4.225698055841861471e-03,-1.235367874284381932e-02,-5.305576316784320345e-03,-3.121287776518672213e-03,-2.399220468795573193e-03,-3.677173803505007915e-03,-3.814547922762203075e-05,-1.227150300843331135e-03,-1.468803339878075416e-03,-8.204482947764822273e-03,4.436278366077106225e-03,-2.889108179876296624e-03,9.424860390112643760e-03,4.910935076785171056e-03,5.985897081318678793e-03,9.291301542782124875e-03,2.329959212371811479e-03,1.375713778752526691e-04,1.580835385312428371e-02,5.871913534902181882e-03,1.712755857262461892e-02,-4.943286094377968842e-03,-1.407607408067147086e-03,-7.448110916302042896e-03,-1.144029035647589274e-02,-1.573368731686822231e-02,-1.441326659131284211e-03,-1.288079875441468236e-02,-2.553276049124409016e-04,-6.782028985507240759e-03
-4.334716548883601334e-02,-3.790713114372459142e-02,-3.091057472494862512e-02,-2.508725956786725733e-02,-1.933775159358288101e-02,-1.198735010549152949e-02,-5.856729164963240739e-03,3.822987035698235947e-03,6.821915295004162168e-03,5.572737336760985767e-03,6.279526850226683013e-03,6.545951801916239515e-03,5.109065295475634719e-03,9.674149753713997407e-03,6.248199087708776293e-03,2.072006205983138900e-03,1.678642988144971818e-03,8.893862010161804332e-03,6.775131237218090866e-03,4.606209753477789708e-03,2.783756612080272395e-03,-2.059111493795939276e-04,-4.598573266042891607e-03,-1.486280219922628916e-03,4.196638028591172112e-04,-1.146831815752279594e-03,-7.565523173532155005e-04,7.915261909275571328e-03,6.855892190641242091e-03,-3.282463835958116102e-04,-2.935494380930164446e-03,-6.588464114803919448e-03,-1.259427291723434414e-02,-5.412158252947847810e-03,-1.941385095971486516e-03,-4.784908028889053519e-03,-1.565590095322991638e-03,-8.661481841568391534e-04,-1.034055628623506634e-03,-3.818562924085539163e-03,-8.959006627137571736e-04,-4.069248449109579523e-03,1.318802615635639251e-03,6.191190131812696236e-03,5.830874963004544810e-03,1.266596335359205724e-02,2.693336446120703481e-03,1.603207054603853062e-03,2.647055706011771769e-03,1.081077754205940662e-02,1.789235624031531094e-02,2.509805187032778089e-03,1.882185813043412087e-03,-2.369435086493618288e-03,-5.781861950561723203e-03,-1.515829678857704040e-02,-8.876770689536019401e-03,-9.589658777135920756e-03,-6.221050949972723419e-03,2.683648739747558978e-02
-4.586315850792784671e-02,-4.575144262566378794e-02,-3.959167889992339789e-02,-3.173431455541661506e-02,-2.579909504668374126e-02,-1.961642164348054856e-02,-1.214158020275330103e-02,-6.119255771933351101e-03,3.717728905329901763e-03,6.818169596906827577e-03,5.966775075914200824e-03,6.007222047005156274e-03,6.337306775781734874e-03,5.365417511087408435e-03,9.217863375350332164e-03,6.670368283749952658e-03,2.337612169757365480e-03,9.993139190490314770e-04,9.207502568346910554e-03,6.144297377357179311e-03,5.031205672831242509e-03,1.975504376283749707e-03,7.583120307944762623e-04,-5.082062748387106664e-03,-9.179767391770068561e-04,-2.746537926744160429e-04,-9.964677320722220826e-04,-1.421436190708510279e-03,8.802414096490646794e-03,5.449375130308979978e-03,1.602928005973883272e-03,-4.265405576650295981e-03,-6.277231965301205592e-03,-1.333494305895739987e-02,-5.177036805373376807e-03,-2.779176890541296043e-03,-2.831942464671551724e-03,-3.430298413196156571e-03,-6.043447286348724214e-04,-4.295909276428927157e-03,2.586658786215260790e-03,-7.474387025909751646e-03,1.586605044460010373e-03,-2.090387703399167879e-03,5.155319170906716084e-03,1.224588150883339568e-02,5.163250443437943787e-03,2.411213649237248756e-03,6.293415664487830331e-03,-5.154687109958328522e-06,1.926675143829423287e-02,7.912311008694512121e-03,7.551906584062132582e-03,-2.068339109348785003e-03,2.670335192107394038e-03,-4.696281716676554974e-03,-1.800030601500037311e-02,-2.023706302172415677e-02,3.971003803341434900e-03,1.952797110252773444e-02
-1.022728754900245618e-02,-7.679405574527874319e-03,-4.506958850410696868e-03,-3.866807655337840734e-04,2.444025476243239133e-03,4.665000720521834780e-03,7.276521566538639990e-03,9.393447670347734868e-03,1.148484534358791900e-02,9.910881972245703941e-03,1.292997231985860453e-02,1.564800683775294937e-02,1.365795699468955703e-02,9.996987779103828908e-03,1.008149001870275834e-02,8.979512272748251325e-03,9.831386834894930218e-03,7.493374503932359945e-03,4.671312885375976907e-03,2.695699989623776341e-03,5.080022529202811790e-03,8.127050358916429809e-03,5.975202975863311804e-03,3.189263213962784029e-03,-1.207379706219069377e-04,2.713573651696071180e-03,3.780496587896250288e-03,2.450668513283176843e-03,3.665719803730907575e-04,-1.254513272180743507e-03,1.118255273793497713e-03,1.971967206500926852e-03,-1.165147027849067077e-03,-2.360192743494335648e-03,-4.694098790172575655e-03,-3.106593312441045633e-03,1.930740586799875634e-03,1.502515129719133712e-03,3.964668870367497010e-03,-6.921250919992883192e-04,4.591436666236944908e-03,5.170317559794363436e-03,5.162720834903659212e-03,5.755946859991146504e-03,6.648548681441925892e-04,7.636835968655547070e-03,3.699260226681985037e-03,4.622077905772865175e-03,4.361031181561303774e-03,-3.995566073340049945e-04,2.611281777503111391e-03,3.552770282932744416e-04,-2.762774278876519059e-03,-4.942652377110104932e-03,-4.815653423200754422e-03,-1.155547325307497430e-02,2.957163725561362793e-03,-1.211907144417754406e-02,2.967849223420875385e-03,3.772834270384440442e-02
-3.308491072751342053e-03,1.864303657428215697e-03,8.742295411221769064e-03,1.262084709365758964e-02,1.588354939634344098e-02,1.619935666845082403e-02,1.736345544722887879e-02,1.865011016838962268e-02,1.772030433554932019e-02,1.851064439935066336e-02,1.265557488538818047e-02,1.498649847322971670e-02,1.978211385908195882e-02,1.615318537830269865e-02,1.200133914582036249e-02,1.149113693582023976e-02,8.445082110176152512e-03,1.133452504559945111e-02,9.445882017812677611e-03,6.284022171436899618e-03,2.507048861532688508e-04,4.253130290580248163e-03,9.805304881717897408e-03,6.945271468000233442e-03,4.152238850938207854e-03,3.398078979670378363e-03,3.545534867040206484e-03,5.079577460743060942e-03,4.248578220459755736e-03,6.683343260852722299e-05,-3.151630619843405652e-03,-3.432873389603032042e-03,3.443413993536704933e-03,-8.777290555685844002e-04,-5.066646515401675746e-05,-1.885321986435588943e-03,-1.918292710285001215e-03,2.940278327782291055e-03,7.140265231080246758e-03,2.231830635995735428e-03,4.363006823187820862e-03,1.473791723971260665e-03,1.131091899113677822e-02,8.433033235073798470e-03,7.338020092507629814e-03,6.830583449732681098e-03,5.676743821544314719e-04,6.193055701812503339e-03,3.942114363347039990e-03,-8.951514442296004334e-04,3.419445558084568699e-03,-1.004435667667312113e-02,4.781890321680103140e-03,-1.638700317128196152e-02,-1.389501290338915167e-02,-6.217939904319255348e-03,-4.027956210511938681e-03,-9.318895753425825851e-03,7.188020181144023218e-03,8.822557627880422970e-02
-4.874481282637484550e-03,-3.238705163649102658e-03,2.001527751246372309e-03,8.751482236121446712e-03,1.245155884355458181e-02,1.559774190165997068e-02,1.591856645280444529e-02,1.711052143939968337e-02,1.819597655725717009e-02,1.749064620038811788e-02,1.805126252796399738e-02,1.231246694028671762e-02,1.515271918285177391e-02,1.942974494598807139e-02,1.572811306461137024e-02,1.208748925711686413e-02,1.105422363598034668e-02,8.131284454837080233e-03,1.165196821006259618e-02,9.223429226267303507e-03,7.091628137187559050e-03,-1.289119948383225280e-03,5.544681343071157509e-03,9.150194857411192775e-03,6.898365334883669459e-03,4.792961618205129545e-03,3.227190270430575509e-03,2.959050473503939144e-03,4.773898433813953887e-03,3.675278397034392915e-03,2.538061414270984580e-03,-5.785745966698127053e-03,-2.247164973105940291e-03,2.708449965476174195e-03,1.044136297385887162e-03,-2.701644196481496445e-03,-8.716483456566845225e-04,-2.205442497789558871e-03,2.886953938910098369e-03,5.824942755927054946e-03,6.253322406092517646e-03,1.081601458868262575e-03,3.009839425942593093e-03,1.113841256873035826e-02,5.539510550808647918e-03,1.409654700261447034e-02,2.766698738835765298e-03,9.119089972660392911e-04,5.274916201776864468e-03,2.858449061972976983e-03,7.471466208922731937e-03,-1.223448895026035994e-02,2.080203155293468492e-05,3.474852284238101868e-03,-2.012203604530070702e-02,-8.472585348788062160e-03,-9.032568364197477231e-03,-1.021884807755107753e-02,-1.404487100831334654e-03,7.337403528333807934e-02
-1.023566728842472372e-02,-4.898101602794802979e-03,-3.469374809170034258e-03,2.199685581425938046e-03,8.688431628711870691e-03,1.220553499259238554e-02,1.518229831687856538e-02,1.594931525383463597e-02,1.671721239601927506e-02,1.803895832776936450e-02,1.743638990800824851e-02,1.740705286693679590e-02,1.204491199511661947e-02,1.498908912837625465e-02,1.895518577527547863e-02,1.583419243640259155e-02,1.111341295113684770e-02,1.168289884662116092e-02,8.333929828687015179e-03,1.074847498872319278e-02,9.701675043785839420e-03,6.252024930565596057e-03,1.184479328290334452e-04,4.854328348050915981e-03,9.078934268683740497e-03,7.216072048220195656e-03,4.314978484611430541e-03,3.036030985022458890e-03,2.803840554092467807e-03,5.437986873112334724e-03,3.805209646809123991e-03,8.761818205627936763e-04,-4.358068540426212993e-03,-2.538869625964046244e-03,2.582219098352228452e-03,-7.078024230004464077e-04,1.164286594920912141e-05,-2.823248474151804615e-03,-3.041989263421040882e-04,8.524493009909851976e-04,8.915331330914346569e-03,3.272867801504868168e-03,1.415006958654167020e-03,3.849528676277514522e-03,8.521689206901428976e-03,1.223200702358538151e-02,9.058602369612129765e-03,-1.286165175096152559e-03,3.689918490917583425e-03,5.473797786689215371e-03,8.923224887147503462e-03,-3.132972362202754261e-03,-2.726613675160919487e-03,-4.920255500213559924e-03,-8.895953607903419073e-05,-1.095736824488620018e-02,-1.112352479019324339e-02,-1.452755105936248854e-02,-6.953385302052202989e-03,1.223379822912963252e-02
-1.155082659159729387e-02,-9.983153447008612236e-03,-4.904136590167508525e-03,-3.308380171489952101e-03,2.157448139812371928e-03,8.337542933595778680e-03,1.222829491496216399e-02,1.490099134938285830e-02,1.571304462667960644e-02,1.663949873249579575e-02,1.786468000451071556e-02,1.677065280733406466e-02,1.723628988639485521e-02,1.218799050680299985e-02,1.444252596793041930e-02,1.897413888056342923e-02,1.530160718396567088e-02,1.162006571804643541e-02,1.093253499686351084e-02,8.391317457369646196e-03,1.110514771820126506e-02,8.993377460161960935e-03,6.716941514342810240e-03,1.815521262720402678e-04,4.155163193716208785e-03,8.837247312759527809e-03,7.441517531145595311e-03,4.274256601630423147e-03,3.047920266625400981e-03,2.572747866049506209e-03,6.853041261534400727e-03,1.491454741657470594e-03,2.934817723457146341e-03,-6.031261531242415076e-03,-9.742441791795550688e-04,1.374398127834843605e-03,5.465368731973692558e-04,-2.738461738051208016e-03,7.626640799313537736e-04,-3.151754945250248834e-03,3.511443582551212073e-03,5.642780320604884672e-03,3.754521241510551388e-03,2.172988764889015236e-03,3.316652395044135219e-03,1.334158207154584330e-02,7.237623919272875156e-03,8.799058062449573517e-03,1.243161831905515834e-03,7.471310372227882735e-04,1.389074498635295592e-02,-8.475103926098438278e-04,3.188764877720611218e-03,-5.078435018194358413e-03,-3.266231757572489198e-03,3.422265077491182163e-03,-1.696827516826404300e-02,-1.836749522117807690e-02,-4.380241896675336408e-03,-1.568010901320029786e-03
-1.310378942505106836e-02,-1.120293352804045510e-02,-1.018710305336248574e-02,-5.091461386984139428e-03,-3.229373160749452604e-03,1.860169948586719649e-03,8.476416006195655606e-03,1.196297848202508389e-02,1.488435089755371470e-02,1.542549254294727813e-02,1.640534103707822280e-02,1.721769433820802622e-02,1.663111628632557570e-02,1.718752126393074259e-02,1.210029171547246686e-02,1.405763783099363631e-02,1.854721276236877270e-02,1.542362885847092628e-02,1.163886460265372950e-02,1.045279933118028505e-02,8.352864566980588990e-03,1.081599083411829282e-02,9.354649308502929403e-03,6.453218551520811808e-03,-5.703936502968884803e-04,5.373018540749739495e-03,8.677576584228081924e-03,6.935535272941038311e-03,4.827960943686156192e-03,1.701246363488973087e-03,4.377017205052732146e-03,4.373988092900346798e-03,3.288696754118941579e-03,1.505817395976160721e-03,-4.538711246785989174e-03,-2.074371569789656197e-03,2.164497078359637824e-03,-7.787609415842260390e-04,-1.359446154614495734e-03,-2.585419726803277109e-03,5.438114899147123967e-05,2.486818720113131900e-03,6.100567905955562621e-03,4.487940091004172238e-03,1.736668110463976096e-03,4.528975072620166145e-03,9.805236659233926289e-03,9.390412236442767166e-03,7.971083549621598568e-03,1.910923312656995264e-03,6.704769065658327913e-03,3.547806354523123235e-03,3.022157377880380340e-03,1.252994406414969066e-03,-3.652771551199909903e-03,-9.004465256914430393e-03,1.367047117704677309e-02,-2.139673128052274262e-02,-2.152095573120508393e-02,-2.367499759322847647e-02
-1.168206385879798359e-02,-1.306702847400330325e-02,-1.145681751059055876e-02,-1.036667555693305577e-02,-5.154553762724357717e-03,-3.132743970560630462e-03,1.990370105591791373e-03,8.245707226696362760e-03,1.203834028132969546e-02,1.478687126726804975e-02,1.500229841894294529e-02,1.596554965573063201e-02,1.705810235434558272e-02,1.659999767997545270e-02,1.669146375464942642e-02,1.176805626222079959e-02,1.415637515794543333e-02,1.767676906340297921e-02,1.582596046150002572e-02,1.080326499880334204e-02,1.126951301651794336e-02,8.021832007035947787e-03,1.085984729641001172e-02,9.252298786282033352e-03,6.467935676496793657e-03,-5.623551022381945326e-04,4.733619594026754543e-03,8.971046918193049252e-03,7.072441767505947309e-03,3.873004915951795083e-03,3.293549785310170841e-03,2.889318648030425422e-03,5.320693044670714647e-03,2.807522111263096622e-03,1.873972775258051339e-03,-6.038084302136884074e-03,-1.335696383679646796e-03,1.938814518506705312e-03,1.309877690042704056e-03,-4.878744258192064046e-03,1.382124018258318885e-03,-3.763353279927441567e-03,3.474618985880938149e-03,5.694386620728990843e-03,3.760851299896245375e-03,4.437383435039968065e-03,2.392341883099049485e-04,1.200099594357157892e-02,1.302853598270639797e-02,3.954052633843329820e-03,8.341288930455761572e-03,-1.670819436334728368e-03,1.001758185107284524e-02,2.737853378842546904e-03,4.090124975619121618e-03,-1.041184078354591772e-02,2.588555288919229449e-03,1.833031552631493892e-03,-1.990274930042149407e-02,2.562310683198384606e-02
-8.036712137493507574e-03,-1.171122434872124383e-02,-1.376257541484253964e-02,-1.111785503947110287e-02,-1.094340075100203903e-02,-4.924013228889183302e-03,-3.328954613788980433e-03,2.082968514495452464e-03,8.008857570021959624e-03,1.197967750577592048e-02,1.457927240439973668e-02,1.483253945844838391e-02,1.565515712898528713e-02,1.706046631363832000e-02,1.619818593681804364e-02,1.647206278489785417e-02,1.178245686768962693e-02,1.383736590463130640e-02,1.790904072558667862e-02,1.484082585734363899e-02,1.105207540355840519e-02,1.041308935168802803e-02,8.492050817046296191e-03,1.064876041863882863e-02,8.306964853776559882e-03,7.378896398550043034e-03,-3.527586083637477242e-04,4.712364775327514133e-03,8.878895841204754655e-03,6.497132538916303157e-03,4.185694377761608673e-03,1.852692416285317382e-03,4.623793169051485658e-03,4.341070364999899053e-03,2.476483583278117021e-03,1.782074792738088526e-03,-4.407677954241881295e-03,-2.389712579373997996e-03,2.363346277979358825e-03,-1.133074082473625992e-03,2.226031513216791824e-04,-3.175145383666228005e-03,-2.209561062135877683e-03,3.512363888586176111e-03,6.499174240531840029e-03,3.728616760892167984e-03,1.329687611189511297e-03,3.276947060262356409e-03,1.429283034189703615e-02,6.436858896878333916e-03,1.217192077995479793e-02,1.701097877778304408e-03,3.088109796064720993e-03,3.460998835255699960e-03,9.354402229527006285e-03,1.819640487510893606e-03,-3.527280899778015375e-03,-1.291586214218104836e-02,1.047874067129688468e-02,-5.615811114310404611e-02
-2.096676698343913348e-02,-1.662820828648125041e-02,-1.174343389738814226e-02,-8.268008735223335640e-03,-1.071684320927813322e-02,-5.704779625397382418e-03,-4.101941970216941083e-03,5.372360432509586808e-03,6.995482443006409250e-03,3.836795645336189592e-04,5.709205831726973934e-03,7.182105479592904712e-03,6.811427888245129465e-03,5.738810489148968297e-03,3.320476892044013032e-03,5.026682722882489310e-03,5.511693376634720608e-03,1.370376892816748196e-02,1.051965802794800099e-02,-1.195584188921966799e-03,2.601480114228983676e-03,4.927555780668551634e-03,9.040710696347631012e-03,2.007543214474149466e-03,-3.656412459632268821e-03,-1.845735068288009023e-04,3.038186551308333632e-03,1.231737819103182613e-02,7.520658510323895499e-03,-1.214734562645885217e-02,-3.605046887945582285e-03,-2.516572713948479669e-04,9.622507618161303591e-04,-3.386359021341505304e-04,-5.353039884087907457e-03,-3.106919544419279276e-03,-2.410293515295374063e-03,4.893422379427164737e-03,-1.320632713642918221e-04,-1.150187663093261634e-02,2.148420732676033403e-03,-3.706611348206428815e-03,4.873819082268630865e-03,1.278616949071138820e-02,1.213404226746295916e-02,5.488106796448474420e-03,2.596163808423552539e-05,4.235545314285635993e-03,5.474234543090151540e-03,-8.316812175452666100e-03,-2.217075914521877272e-03,1.972814167906539184e-03,3.564291660051256954e-03,-5.866546179873088906e-03,-7.224643167627236955e-03,-8.684749876751718389e-03,-1.788317366100859252e-03,-2.278450862138924060e-02,9.692476742362215320e-03,6.656932145479575735e-02
-1.585552578437950111e-02,-2.689646001643760526e-02,-2.023998891110333556e-02,-1.168403029121791413e-02,-6.368550188041434586e-03,-1.100839088267385919e-02,-3.700236668573720668e-03,-3.675252340168265030e-03,8.001615559635764929e-03,8.683955858898828942e-03,-2.282031848461861436e-03,3.495247114728739033e-03,4.721545746602286674e-03,4.397952536504910921e-03,2.231973355926593697e-03,-1.354400743028336736e-03,1.600060202954169033e-03,1.800312747080763231e-03,1.448137209745880075e-02,8.855208526668099586e-03,-7.743132811740610286e-03,-1.376500840579541422e-03,4.126762992977473649e-03,7.454893437558949773e-03,1.991323192014450376e-04,-8.591714573305287220e-03,-3.766841197150655549e-03,2.353929749846552736e-03,1.601841425826655563e-02,7.331342458048279234e-03,-1.675108326663900596e-02,-1.005264288532516440e-02,-2.579182824024694033e-04,-1.184430666188912833e-03,-4.363450524482950397e-05,-9.921400193199966799e-03,-6.799980755109166775e-03,-2.084133149465426747e-03,8.871729278087046519e-03,-1.550904012610334302e-03,-1.138561789328123783e-02,-2.757860428528274496e-03,-1.116541643843928450e-03,4.695125044701635268e-03,2.209132900720683565e-02,1.345643576296908124e-02,3.422149395323369290e-03,-1.608720196487733534e-03,8.618170072459086992e-03,1.240604453952384766e-03,-8.824122384026120147e-03,-1.461919051898303255e-02,3.767442189311686306e-03,1.402187774666399222e-03,-5.944071079505264775e-03,-1.909559123853759102e-02,-4.678900064057176823e-03,-2.025475522692517585e-02,-5.227047803340829912e-03,6.663870827144727227e-02
-2.045601498307789839e-02,-1.830778653265718522e-02,-1.771741327911820554e-02,-1.158109224879644121e-02,-5.824487464846296592e-03,-4.237360413953884103e-03,-5.234114124797988564e-03,-2.900756790132935636e-03,-8.678740439649712361e-04,-3.338340746061235547e-04,-9.120471122714328503e-04,-2.198613270691754471e-03,-4.628681480246244189e-04,1.800784246721585696e-04,2.061642883257489966e-03,3.957893463290679779e-04,-1.376200616165227947e-03,3.888166021441596194e-04,-6.692673420835382279e-04,1.250832149387844658e-03,-1.124186413777446660e-03,-5.303321167259385759e-03,-1.721345195421109626e-03,-4.928650527122552336e-05,1.076728191085341230e-03,-1.181183763177155299e-03,-2.551970094616483244e-03,-4.872664874076436847e-04,-1.468043911084201611e-03,1.453087580642582017e-03,-1.507894339468207959e-03,-6.877045019526272993e-03,-5.266308770680158506e-03,-9.994500449737107710e-04,1.197776245429780671e-03,5.063115622900661976e-06,-2.271387686620168853e-03,-4.231453189233860606e-04,1.113724569896262090e-03,2.649959723296377995e-03,3.995282135206132922e-03,7.915740627198149856e-04,4.541253244492840339e-03,8.916323081430772152e-03,3.437239955055842490e-03,8.997275213646082487e-03,8.664838087024737253e-04,1.010700916988759674e-03,-1.166731863448076337e-03,-1.280551026517631622e-03,1.910643940622581841e-03,-5.987454892907890548e-03,-8.071253363504371156e-03,-5.032128617297950031e-03,-6.070141467824578807e-03,3.411122603715596550e-03,-1.335487849187563456e-02,-8.569838211827173619e-03,-2.831341907935722938e-03,3.564814183167558381e-02
-2.840009772165471777e-02,-2.384178395258234814e-02,-1.972945880921125189e-02,-1.416763550789991444e-02,-8.787875388983582003e-03,-3.708674630365593836e-03,-3.731338496486723104e-03,-3.260540883654820896e-03,-2.241983805487949254e-03,-3.804625075562259205e-04,-2.983647770077584461e-03,-4.501305780338828860e-03,-1.920141215277350842e-03,-1.947115511255536301e-03,-1.548633280576427757e-03,1.599363952469907762e-03,-8.919895198114296186e-04,-1.218572792520805723e-03,-6.396263877424565147e-05,-1.311553073679056153e-03,-3.285588462009526433e-03,-4.997965456106713208e-03,-3.789475967572275821e-03,-2.190076029753416312e-03,-1.285871144310668946e-03,-1.365227585050336409e-03,-2.360959504955351552e-03,-3.923055212214160767e-05,2.676577063512588714e-04,-2.528862557673904662e-03,-3.049343440142328766e-03,-6.109071251568190530e-03,-1.966791792780277909e-03,-3.989361064252891498e-03,-9.980169294331068738e-04,1.434028880831135196e-03,-6.954652334753461899e-04,1.140525149873022285e-03,3.290135797719044488e-03,-1.278936696643391622e-04,2.340246655521293316e-03,2.627019249598008029e-03,9.729970568055992114e-03,6.152193730638175206e-03,8.671139124490138267e-03,7.318961560361315205e-03,2.691967202756339900e-03,-4.268723666724562153e-03,1.433644784987521143e-04,-2.474717117117122833e-03,-7.757618477747699019e-04,-3.855258851846984306e-03,-4.118397375230484366e-04,-8.457683749780994797e-03,-5.968359676697540354e-03,-8.109739995938670867e-04,-4.575112282871017511e-03,-1.052280400808220349e-02,-1.192447523362690116e-03,7.676486058599290077e-03
-3.249494497734810999e-02,-2.870685826746808070e-02,-2.446412000951852031e-02,-2.060752769962956310e-02,-1.417791417263102906e-02,-8.987332175003793361e-03,-3.487084289577902993e-03,-3.851394744114318078e-03,-2.971211157915164096e-03,-2.544075699291942303e-03,-2.920904147736613299e-04,-3.092681045761939713e-03,-4.399443261320841979e-03,-1.744674749330946129e-03,-2.322026224762896700e-03,-1.433335008524031515e-03,1.442488723907103983e-03,-7.570529179750893093e-04,-1.064333818874736021e-03,-1.281816068096436822e-04,-1.231510288927977577e-03,-4.351119964131782737e-03,-3.739917878343177859e-03,-4.601521670529525911e-03,-2.616540503754946276e-03,-1.093911442448821866e-03,-1.392032554797896070e-03,-1.974814449015256917e-03,1.607443311877410953e-04,-3.021767804385942042e-04,-1.920851395943506609e-03,-4.013436920959310983e-03,-4.843115624121193362e-03,-3.467254557804627484e-03,-4.203610120365232523e-03,-5.839573712358119137e-04,3.982663151837309329e-04,7.360548189443449657e-05,1.049839527510742230e-03,2.856706743267717428e-03,1.527300154664287986e-03,-6.032639359289446298e-04,4.025350928703882482e-03,9.198144285186955760e-03,7.017739843239216568e-03,9.045756505401680858e-03,9.437004404364627425e-03,3.211212868791388838e-04,-2.062621667095482746e-03,-3.512078096927763633e-03,-6.915204861828121554e-04,-5.023131601031181545e-03,-7.524749490438195978e-04,-3.415077457806964950e-03,-5.476724290668004945e-03,-4.895681595465255914e-03,-3.108956613160447288e-03,-8.344569697750991999e-03,-7.651892374196189207e-03,3.150310117893490025e-02
-3.488542959011023403e-02,-3.358822157252398799e-02,-2.976185523113027143e-02,-2.530547796902943292e-02,-2.055508113596767744e-02,-1.470736868874234458e-02,-9.055356751149129524e-03,-3.715546708530306167e-03,-3.703231312839405827e-03,-3.386370150316168892e-03,-2.108000461779626321e-03,-4.052375114326177961e-04,-3.328683576046808160e-03,-4.204960949924904136e-03,-2.229798650128388040e-03,-1.908961905923979747e-03,-1.234046831427910171e-03,1.067205198219508405e-03,-6.230094447418899062e-04,-1.086993050829624654e-03,-2.685048332427007246e-04,-1.308852887722643981e-03,-3.870807869800168503e-03,-3.832131910973780690e-03,-4.949242796892566222e-03,-2.461943290327240838e-03,-1.098771871292778500e-03,-1.466834896999598924e-03,-2.160579500764439175e-03,5.661786986202566149e-05,1.313206401331436051e-04,-2.556041917958558774e-03,-3.425817048870219775e-03,-6.361021275800671053e-03,-1.870739276119539295e-03,-4.147799211222339723e-03,-1.493542838987217420e-03,5.434831016702929669e-05,1.282541241418341804e-03,-1.200759923057554681e-03,4.808147364681766150e-03,1.171021639208436787e-03,-3.963761563062383935e-04,4.672026394727216321e-03,7.128620528556705790e-03,8.727354086085206339e-03,1.102941838865340377e-02,5.241819286382300679e-03,2.475736824235642928e-03,-4.200215395420862918e-03,1.435524869504469381e-03,-4.662456146974208564e-03,-1.768934475815475563e-03,-5.767369422068133536e-03,2.198799849084959873e-03,-1.057945457846194183e-02,-3.258733062252018413e-03,-6.294251905182740234e-03,-6.782290051441097756e-03,2.251498254080117403e-02
-2.938133009380970023e-02,-3.615957079833323484e-02,-3.477670052495383107e-02,-3.068312554128066472e-02,-2.600976123468003512e-02,-2.097829936518535304e-02,-1.502701466311341660e-02,-9.081413332354737467e-03,-3.685502721196519393e-03,-3.827100040454780965e-03,-3.103125873764778827e-03,-2.542569350087104437e-03,-3.866888540706872688e-04,-3.081531730454734660e-03,-4.388405282360998035e-03,-2.092648388519427905e-03,-1.763016715879479239e-03,-1.504124976197997350e-03,1.151722274187192037e-03,-1.047380552613622062e-03,-6.542051212022432713e-04,-4.307173763679391504e-04,-8.487964291219649276e-04,-3.908099792720026722e-03,-4.889036680814604595e-03,-3.992884767221869732e-03,-2.804414991462039937e-03,-1.463812528377307067e-03,-1.215706317817518605e-03,-2.321679946772283506e-03,7.248668064006666282e-04,-7.834994124997558167e-04,-2.330916995014236520e-03,-3.344188886705053675e-03,-7.043770282974769897e-03,-2.716398452837899633e-03,-3.321167444278259450e-03,-1.965911166208872927e-03,8.738389427771548921e-04,-4.617821306129968090e-04,1.035781438346364356e-03,2.224780905271573402e-03,1.792328774690297522e-03,1.770289353640433537e-04,4.677988656932795600e-03,7.789332534034693577e-03,8.131225031710445639e-03,7.412692342266228619e-03,9.272067075501929517e-03,6.329350533137844282e-04,-1.133788829369533250e-04,-8.421685324740191270e-03,-9.561095017965162484e-04,-2.549794094609729965e-03,-5.736597458188571683e-03,4.505299450900205130e-03,-9.495861247152745724e-03,-9.385791798702563388e-03,-6.726184385987602193e-04,1.259498737661467020e-02
-3.899705735127471928e-02,-3.675900868832421287e-02,-3.119036929851880940e-02,-2.463366324700799054e-02,-1.899454627004662152e-02,-1.603651721596146412e-02,-1.231715556345229674e-02,-8.495187945043881222e-03,-6.470557001050635318e-03,-6.255176908959002129e-03,-4.983738061048941653e-03,-4.454482887850821568e-03,-4.124309423899736107e-03,-3.939675903510958879e-03,-1.736615463481366514e-03,-2.656391383508638609e-03,-2.155110949724648329e-03,-2.723468150503604961e-03,-2.463177208313646269e-03,-2.368058694244334038e-03,-1.822736786411899290e-03,-3.071730201461246503e-03,-2.374991486864126179e-03,-3.090702543023936006e-03,-1.400270708696253275e-03,-2.755729644744644557e-03,-2.110729709653861273e-03,-1.919334343565927848e-03,-1.690310660092780772e-03,-4.827937878826791748e-03,-1.671701825380140149e-03,-1.630075551751064685e-03,-3.955800691507298781e-04,-3.884670474762581902e-03,2.891688336510630890e-03,3.152955892892322616e-04,3.673401759675435588e-04,2.017473964587703048e-04,1.665390224048049527e-03,-8.441754687939990228e-04,6.105968306584867548e-03,3.883120691544330368e-03,5.721677234064753356e-03,5.173095823929562548e-03,3.548458661050700284e-03,5.716150911318705098e-03,4.084543627246124339e-03,-1.499968826846750968e-03,1.266286855315975528e-03,-2.751655246933840549e-03,4.941111175147379006e-03,-4.988624473180628023e-03,-3.240874366906150352e-03,-2.614438774402223515e-03,-2.792193023820428374e-03,6.128495695333098904e-04,2.958275159128350047e-03,-6.491171615445793727e-03,-5.508981966500277848e-03,2.092264583361421598e-02
-4.963616424632846108e-02,-4.774175311639006214e-02,-4.109350656217891640e-02,-2.926605941724024981e-02,-2.074460264242717483e-02,-1.446527260720971778e-02,-1.211965884627008369e-02,-8.876818916502916823e-03,-5.904597297095507194e-03,-5.777054774808020043e-03,-6.982735137127944747e-03,-5.270007926197622233e-03,-5.492622032062024866e-03,-5.115790333677289192e-03,-4.909886023265160222e-03,-1.055224986928821876e-03,-1.998268303916272016e-03,-2.258853802090636433e-03,-2.920067450781953580e-03,-3.092737230235384927e-03,-3.711448917702018981e-03,-2.645353303568972938e-03,-3.301985972757885864e-03,-3.451218473317100612e-03,-3.686143496237201302e-03,-7.668546071366338012e-04,-1.864441518560863405e-03,-1.634861763700957114e-03,-4.705739574448496491e-04,-3.186587585084822011e-03,-5.592531746747721362e-03,-2.192714635846265518e-03,-1.286385784460918015e-03,-2.624306670143487005e-03,-2.069374625839734329e-03,5.708792697195594519e-03,1.700689238268923925e-03,1.951815455084920676e-03,1.451328848552394576e-03,1.259874231245098394e-03,1.954802863209310296e-03,4.748018878264809520e-03,8.304957502775680428e-03,7.934384875374487361e-03,5.974925979582081104e-03,7.118836886369299920e-03,5.275614303586079537e-03,-3.497934996235776343e-04,-1.990462617919074983e-03,-2.465233312787825856e-03,-3.177754890819778702e-03,-3.436293550306255846e-03,-1.499026082987952539e-03,1.063158486771345048e-03,-4.008505436366030864e-03,-3.089845214671487102e-03,2.484156087581485418e-03,5.470231483465299357e-04,-7.399255468997606791e-03,4.524920124880697780e-02
-5.194775413163479905e-02,-5.236127646983992218e-02,-5.030014281109105451e-02,-4.259668266863068931e-02,-3.061522228719487995e-02,-2.128724458901233574e-02,-1.476741860997903694e-02,-1.206953868412650489e-02,-8.971937503534940447e-03,-5.824634700263497770e-03,-5.635410391725605497e-03,-7.282429122773749486e-03,-5.563717846572320200e-03,-4.787081949513430877e-03,-5.284847799186865626e-03,-5.208412326650052430e-03,-7.854773405495817269e-04,-2.137908570304981621e-03,-2.236437278695171515e-03,-3.241261342452087142e-03,-2.802178314429669154e-03,-3.982563654048689068e-03,-2.710805541572630650e-03,-2.803189516627018710e-03,-4.293605176711397069e-03,-3.903869185098461647e-03,3.603603971689194421e-04,-2.539908283983664285e-03,-1.214652658805319852e-03,-1.292550929760137319e-03,-2.303682515050559532e-03,-6.246922971437934673e-03,-1.969556844783416742e-03,-2.024084519623553600e-03,-9.544405815855974739e-04,-2.509125996182737933e-03,3.627345357249030407e-03,2.558406414337807602e-03,2.163977406402518931e-03,1.812411087221320544e-03,1.266221700331672311e-03,-7.690117688453992385e-04,7.136054178893839160e-03,8.464113338257066993e-03,7.121745763890999573e-03,6.334796447017683463e-03,8.236675512759070172e-03,1.867399611116213462e-03,2.409155930372103207e-03,-4.324588631478460538e-03,-1.106287858632096699e-03,-5.457083908591796144e-03,-7.979486557467908902e-04,-1.459578726457169164e-03,7.354117254172864038e-04,-4.369925983540568631e-03,-3.227398991453112671e-04,1.744801252968741258e-03,-7.445393331045887337e-04,1.766388744588761467e-02
-5.219648999264514533e-02,-5.500574401703391125e-02,-5.521119939924931663e-02,-5.304456902184975092e-02,-4.439230336004680588e-02,-3.135971171714244804e-02,-2.174089648024926658e-02,-1.507304886338732552e-02,-1.235609992951006153e-02,-9.200938223537399180e-03,-5.908512712085156778e-03,-5.760193896038311515e-03,-6.911445051732334130e-03,-5.858909222270850849e-03,-5.130705210231852054e-03,-5.066722742442351587e-03,-5.008048245842878360e-03,-1.317045969283257801e-03,-2.355259031579759813e-03,-2.293653510568843812e-03,-2.838298765836437618e-03,-2.935817393163001141e-03,-3.854906068914921036e-03,-2.364320551940691552e-03,-3.242651062842564959e-03,-4.147068402906894762e-03,-3.545576333927110725e-03,-2.124639092796410582e-04,-2.612035506061574988e-03,-2.113641966371554697e-03,-7.261158046154136264e-04,-2.184535447137878408e-03,-6.165852222192085355e-03,-1.963560422043595863e-03,-2.162779902611595799e-03,-6.158031452256538217e-04,-2.936872878686048495e-03,3.082943985392875685e-03,4.934963290141901500e-03,-1.255193487164984285e-04,2.564836016999695080e-03,3.530494977170759146e-04,1.350021212427448538e-03,6.332834954179833963e-03,6.193141582214969909e-03,9.109960475728923548e-03,6.576819306478094013e-03,7.608749540107647563e-03,3.846296646975372064e-03,-4.498856394165288053e-04,-3.410116235870202421e-04,-4.186230242669445288e-03,-5.583838696689292884e-03,-3.470544772517359863e-03,-2.041071452197077893e-04,6.064260354873427438e-04,-2.994052419354869057e-03,-3.220933167551130131e-03,-1.084471520566407951e-03,1.311809348802809791e-02
-4.261168057084934596e-02,-5.532022118698127350e-02,-5.815514137722672255e-02,-5.847517435680989889e-02,-5.606484195620386329e-02,-4.676907309851779243e-02,-3.269798677101783124e-02,-2.229947206121961692e-02,-1.486929594402529309e-02,-1.264281505470767238e-02,-9.129716643956222941e-03,-5.823118731147562156e-03,-6.123338951127315667e-03,-6.991508454917478264e-03,-5.820265420878974715e-03,-5.111867848488401908e-03,-4.930379556256965327e-03,-5.211516390412391023e-03,-1.294727983212202701e-03,-2.262265527449030481e-03,-2.373473388497617399e-03,-2.963103455651540288e-03,-3.197660820989618041e-03,-3.743992541645065845e-03,-2.542074457425843800e-03,-3.249880610214467194e-03,-3.967635268914472026e-03,-3.687960018694154407e-03,-3.144078095199790454e-04,-2.085292906696145122e-03,-1.357510962864878898e-03,-2.041296946719642954e-03,-2.524544271587918481e-03,-5.442439567908135753e-03,-2.824642807144139324e-03,-1.748281691660177667e-03,-1.119669078839732055e-03,-3.279859078928595417e-03,4.580051366538367280e-03,2.417999328785127265e-03,2.679090765817964889e-03,-1.093746333416188796e-03,3.732495876267236893e-03,-1.615283446856297317e-03,8.506210622775978517e-03,8.323863536888919529e-03,7.385978044946144537e-03,6.030923893994739014e-03,8.174374450039063184e-03,1.855873548944689038e-03,3.049745218795905845e-03,-3.724078189638365798e-03,-3.584519097663436136e-04,-9.699614401630611213e-03,-1.137666327448531032e-03,-3.153032133210379850e-04,-9.514813023877857160e-04,-4.046441376190423010e-03,2.070341512432230543e-05,-3.920074058952311737e-03
-2.008082233112583673e-02,-1.441799169014084878e-02,-1.869771220689649821e-02,-1.451867079518077974e-02,-2.260320101652881636e-02,-1.030750498755176638e-02,-5.696849567901176095e-03,-1.366450125311198353e-02,-7.213924132231399472e-03,1.313163352000003281e-02,9.983299921259888854e-03,9.594804387096729850e-03,2.418050384799993319e-02,1.454310250000001060e-02,-3.326812386831191817e-03,-1.655913062761451377e-03,-6.045070124999559358e-04,-8.927080974467977229e-03,5.653425271966511061e-03,6.160635446351953905e-03,5.037745370689757259e-03,-2.754422807018336132e-04,-3.196627434210568604e-03,-2.763120817777720093e-03,4.715751674208248923e-03,1.138448863849764528e-02,6.363729632653024847e-03,8.298984170212745509e-03,9.857260500000039269e-03,-4.903119616766395822e-03,2.215811802395152314e-03,1.239758181818284696e-03,3.398020452229276456e-03,1.898636821191613340e-04,9.913579605263054140e-04,4.827248216216208261e-03,-1.663273902097905108e-03,5.051800802816934846e-03,3.434040000000095592e-03,-9.434710072993607484e-04,4.467500043478192517e-03,8.291750736842183264e-03,9.638320249999879005e-03,1.036874717741944306e-02,9.393389709677443800e-03,8.671138387096781822e-03,9.956374430894357128e-03,3.515403529411688377e-03,6.178300129310220802e-03,6.099291823008884741e-03,8.542907999999939384e-03,-2.295134594059532792e-03,1.334225582417575100e-02,-1.403481899999984087e-02,-1.216458292683233675e-04,-1.476712207792146587e-03,-2.153897464788673798e-03,7.348976718749611380e-04,7.497634426229032520e-04,3.267598252958279787e-03
-1.860599348534195188e-02,-2.255152542372882915e-02,-1.654695340501791470e-02,-1.870542968750001436e-02,-2.330802469135810975e-02,1.149999999999921918e-03,-3.001833333333252252e-03,9.522081632653105199e-03,9.658600823045331366e-03,9.912540983606631106e-03,4.910358565737051907e-03,2.416130769230767292e-02,2.457889763779528072e-02,4.930278884462151699e-03,-6.839674796748016969e-03,1.368670731707314313e-02,-3.207521008403358808e-03,-2.507112970711376440e-03,1.823096234309613123e-02,1.392747933884305386e-02,1.030523404255314322e-02,1.024239316239310485e-02,1.729999999999978300e-03,-1.155999999999993491e-02,2.040000000000064765e-03,1.190206278026894292e-02,1.234376744186044782e-02,-1.610256410256484831e-03,9.797037037037072821e-03,-7.464044943820257599e-03,4.629999999999994363e-03,4.419999999999909245e-03,9.451219512124136787e-06,6.949999999999985703e-03,-5.690402684563776112e-03,8.070000000000044152e-03,1.553741496598649331e-03,4.558873239436546723e-03,1.176000000000001350e-02,4.801438848920847567e-03,5.843382352941127976e-03,8.747007299270127129e-03,2.104045801526725334e-03,1.269669291338579482e-02,-2.022479338842954767e-03,1.070360655737711067e-02,1.219770491803277845e-02,-1.302689075630286426e-03,2.048760683760683307e-02,-6.744144144144196239e-03,1.828681818181824084e-02,-1.262403846153837064e-02,1.892556701030922994e-02,-2.317583333333329484e-02,4.776447368420983462e-03,-2.275866666666661459e-02,1.147323943662061909e-03,-4.748307692307627247e-03,-8.606896551724464457e-04,-1.598056417870154233e-02
-2.780707395498389911e-02,-2.572909698996653227e-02,-1.973027681660905613e-02,-3.231033333333322571e-02,-2.302720000000001155e-02,-7.068630705394164312e-03,-7.294750000000021703e-03,2.163265306122448897e-02,2.115639999999999535e-02,-2.666198347107472805e-03,1.109999999999955857e-03,1.679854901960774888e-02,2.754157303370788692e-02,-7.049523809523850978e-03,-7.034176706827230049e-03,1.308554216867462323e-02,-1.136370370370366235e-02,1.330000000000095429e-03,1.798539094650213402e-02,5.610624999999951588e-03,-2.653195020746850537e-03,-2.505982905982881079e-03,-2.102489270386317423e-03,-1.538374999999989924e-02,2.140000000000064594e-03,1.110022026431727732e-02,7.470803571428632529e-03,-6.361502347417840805e-03,9.141326530612156609e-03,-6.713048128342227576e-03,4.920000000000051936e-03,1.101208333333337022e-02,-5.613272727272653438e-03,6.240000000000070143e-03,-1.214025974025980184e-02,1.456366666666666226e-02,2.930331125827787420e-03,5.303356164383567911e-03,6.181276595744612801e-03,-1.820142857142855028e-03,1.444999999999996808e-02,-1.988059701491679280e-04,-2.737761194029827809e-03,1.486992307692316245e-02,-8.307723577235730933e-03,1.945633333333338100e-02,1.321316666666674106e-02,-1.516610169491579676e-03,9.355775862068968496e-03,-1.133324324324332284e-02,9.029345794392483471e-03,-2.786372549019617076e-02,1.704399999999986828e-02,-1.510499999999996741e-02,1.705299999999999871e-02,-2.446898550724641019e-02,7.803571428571428811e-03,1.457378787878786316e-02,-1.988362068965513971e-02,2.022378531116116387e-02
-2.829337704918033838e-02,-3.552633333333336113e-02,-3.343297577854670299e-02,-4.198584837545132203e-02,-2.123409090909083793e-02,5.149402390438246810e-03,-7.551422594142232284e-03,2.927287449392716040e-02,3.252114624505928614e-02,1.190000000000000085e-03,1.753902439024386528e-02,2.084465863453812198e-02,2.434655172413792076e-02,-1.761648854961830879e-02,-1.071228915662653797e-02,1.200000000000040878e-03,-6.887449392712509562e-03,5.273524590163895971e-03,1.774842975206606527e-02,9.720448979591756258e-03,-7.243697478991657432e-03,6.004462809917393042e-03,6.426042553191438703e-03,-2.411198237885464959e-02,2.439999999999956960e-03,1.609868421052628243e-02,1.186602620087336135e-02,-6.476396396396306987e-03,8.186401869158978564e-03,-6.864123711340240803e-03,4.450000000000007769e-03,1.036972067039098125e-02,-1.227636363636371540e-02,1.232590361445786570e-02,-1.813249999999993686e-02,1.338658064516130321e-02,-4.645270270270270528e-03,-3.977718120805370794e-03,4.642482758620739003e-03,-1.769496402877665433e-03,1.578999999999996379e-02,9.856934306569937326e-04,-3.312213740457971029e-03,1.354842105263154121e-02,-9.088888888888924100e-03,7.755950413223119955e-03,1.192203389830510940e-02,-4.420689655172470311e-03,1.661241379310342617e-02,-2.329027522935776112e-02,5.284392523364454808e-03,-3.290666666666665352e-02,2.864060606060600533e-02,-3.864835164835152964e-02,1.258488372093018171e-02,-4.350000000000010109e-02,2.654687500000818285e-04,1.182615384615383000e-02,-2.192610169491533700e-02,3.259449357025315935e-02
-1.001462606038934500e-02,-2.853315551353897972e-02,-2.303727471327136206e-02,-2.911541479420785145e-02,-1.052879064669341898e-02,-8.459874786568809257e-04,1.343329922871078046e-02,3.843536757301105333e-02,2.826829652375882282e-02,-5.186710489842053179e-04,2.665484172774052612e-02,4.693601675197760920e-02,3.561261051651933712e-02,-3.199073414112616615e-02,-5.472959987700327239e-03,1.743206607650959333e-02,1.350106421428955324e-03,6.279183114476856627e-03,2.931914554439659856e-02,1.182920943928676867e-02,7.266008852072874946e-03,-3.537174721189589952e-03,7.295771174947537734e-03,-2.053870588747225973e-02,1.210946358482330003e-02,1.651586777587050331e-02,8.763490541365168487e-03,-2.857908140862357518e-03,1.481876085697741291e-02,1.528176234240062083e-02,1.414627917666893935e-02,1.382532704835549332e-02,1.136601634150412841e-02,1.850963264329298641e-02,-3.231347491073104788e-02,3.378167641325532933e-02,2.217948717948713816e-02,3.039052932371728421e-03,1.866406926406926139e-02,1.483415909716485730e-02,1.566630747126428885e-02,-2.826197572145031783e-03,-4.425509748474561731e-04,1.548623782872032319e-02,-1.884840548451636143e-03,3.488476654614055400e-02,1.794689011172246121e-02,-1.530890052356017640e-02,5.949154043759398783e-03,-2.851266930802546021e-02,1.721328308996694645e-02,-9.698433161443959991e-03,3.356996587030713908e-02,-5.044748961024374256e-02,2.118105335945608819e-02,-1.084119200301696161e-03,4.384869840356682424e-02,-2.812735364601127736e-03,-1.941237291056359740e-02,4.941086968276987151e-03
-2.901733380187193883e-03,-6.959409856478119931e-03,-7.627674902027586391e-03,-8.345998276159342227e-03,1.548520818680548805e-02,-1.001491941446097308e-02,-1.139426957223576946e-02,7.416719452590423908e-03,3.237124075265288437e-03,-2.600264353736241821e-03,1.882985524165297145e-02,2.160980068728522718e-02,2.382794694960215648e-02,2.245784272051003921e-02,2.659949897711040567e-02,2.021210363554079223e-02,1.861247883166315328e-02,1.599917784371904586e-02,1.778042951105478914e-02,1.178543475689099694e-02,1.421971735443748087e-02,6.419006467259440879e-03,6.840916544040427129e-03,1.643483770312437545e-02,7.626885167878201706e-03,9.450810716315111203e-04,1.349339376770546106e-02,9.695984418956998807e-03,4.398930106112431890e-03,6.675575633796546060e-03,1.122833402137513384e-02,2.742233640081818882e-03,4.703001590668051853e-03,7.610291278295640803e-03,4.114131844380302695e-03,-3.358246580547080522e-03,7.759355783308974873e-03,7.031482213438794773e-03,8.451232783308332622e-03,5.423457699778963526e-03,1.654284147762316581e-02,4.343852013057745466e-03,4.172736043599926427e-03,1.079677763583080166e-02,8.472639428305105483e-03,5.395203825650659278e-03,1.359082409254084266e-02,9.547836526181329928e-03,6.080984219647899043e-03,3.231084624553019497e-03,1.609317419231148577e-03,-1.233401252360606833e-02,3.113187064573141438e-03,5.514757460661926479e-03,6.627112801616510257e-03,-2.327956537844174095e-03,3.591507904337262486e-03,-9.225607271587492331e-03,-3.015344827586120390e-03,1.389033508723284873e-03
-1.905645722056312566e-02,-1.270775272994962776e-02,-7.408469625627678995e-03,2.224633856484720552e-03,-9.395084413878013185e-03,-1.463625654459602826e-02,7.302161915517591147e-03,1.322120398419180179e-02,1.402300004052711019e-02,1.756290485613806393e-02,3.144974252581445723e-02,2.671129925402127361e-02,2.455119385890762451e-02,2.302470737078018970e-02,9.899140497708000530e-03,1.915285733350930580e-02,6.788292381328921155e-03,1.014193866696645220e-02,1.069393839474087199e-02,1.309809622641719580e-02,2.021331103433614447e-03,8.389455008898772867e-03,3.306876086468716561e-03,8.740705842471323261e-03,-1.180792056823887909e-02,7.057617339711481572e-03,6.266293470933803275e-03,1.942428413568336428e-03,3.935684242537738214e-03,8.500971834470022123e-03,9.249141628324210915e-05,-8.869181920164026858e-03,2.261842141690356082e-03,-7.573000541381317251e-03,-8.841685330426042599e-03,4.118719381022046232e-03,1.367876528190559333e-02,-1.731046823630592196e-04,-2.989747155131530516e-03,1.187663124448129839e-02,3.208885470094785877e-03,-9.741908538353036273e-03,9.879020964739707034e-03,5.844837354870050742e-04,4.718609706210759487e-03,1.564490106747409848e-02,8.120008758136027655e-03,2.048949151764496799e-03,-4.977287932673601922e-03,1.903783319572737343e-04,-5.944223096083808659e-03,-3.778136756497263351e-03,1.177005773359614260e-02,-2.112787827904028404e-03,-1.154912253075066932e-02,2.832395184492760617e-03,-4.550087525095594145e-03,2.986140416503460602e-03,-1.565282381084446076e-02,4.723280204904183044e-02
-1.620186329427521568e-02,-1.932495240570644007e-02,-1.316582148745338611e-02,-7.367074611573086809e-03,2.275918718555577924e-03,-9.689597115527538371e-03,-1.469481120729648933e-02,7.215259700001451677e-03,1.315055639381018833e-02,1.370665226901203460e-02,1.739805781363385276e-02,3.044103843779061985e-02,2.602773663840061980e-02,2.395656131733982924e-02,2.234379716788642556e-02,1.033866211477383300e-02,1.889262047034307238e-02,6.138643718229185378e-03,1.038431728715295821e-02,1.044227039940994958e-02,1.291028455086101062e-02,1.824687531549292613e-03,8.298699567835337437e-03,3.370619605155836078e-03,9.007099700303115158e-03,-1.212405103310379602e-02,7.216335986260975603e-03,6.181317320553478267e-03,1.304226341265418178e-03,4.357028562329210743e-03,8.513412517881010361e-03,4.158882874004362945e-04,-9.498135742013101568e-03,2.243542145964504218e-03,-8.111358774933453281e-03,-9.226958292501700326e-03,4.528647249724259728e-03,1.380066637350205877e-02,3.796951778015294566e-04,-3.440585432963877768e-03,1.165696974246789065e-02,3.671578404141132446e-03,-1.102026644149341726e-02,9.738341940041464126e-03,1.949435912556455545e-03,4.306951113223950883e-03,1.368059403911953478e-02,1.004375939373683933e-02,-4.019165531652124125e-04,-2.157608333973286621e-03,9.685590198536003391e-04,-8.500991249404140845e-03,1.471673388263687317e-04,9.474235540694538743e-03,-3.181284274779165502e-03,-1.254054256640123495e-02,3.993662398839755746e-03,-4.736592805873055326e-03,-1.797467614433417415e-03,-7.868583082826764719e-03
6.474600449221691589e-03,-3.543894313862125389e-02,1.923676537348617543e-02,-3.299999795338929339e-03,1.575839401937873668e-02,-3.372662871094393722e-02,5.907393383373875546e-03,3.596109317848675269e-02,4.229043162174817710e-02,1.576628034873584980e-02,2.972880133179188478e-02,5.163822342036369223e-02,2.043177700165429989e-02,3.247158721427833433e-02,1.966561822320656017e-02,8.907736527299547208e-03,1.880759343057086808e-02,-2.747665454936857547e-03,2.947836059925173710e-02,1.004659075443439277e-02,6.311271071809463999e-03,-4.120661691472517554e-03,1.918577896592737336e-02,1.007530962262710716e-02,-6.116650765007938459e-03,-7.726085547775739422e-03,2.342454190583751622e-02,6.653169179624272497e-03,-2.901953579681823894e-03,1.160410600069775554e-02,1.478543561884863682e-02,-4.079651547776520434e-03,1.225203709272606328e-02,1.081666525290742725e-02,-1.915580451150828215e-02,6.350907177828924582e-03,2.115522360398899501e-02,5.315707260850404889e-03,8.544694719887229936e-03,-7.719190403570612598e-04,2.628873073036025812e-02,-7.900238211296965675e-05,-8.972441420056332870e-03,2.639164503681423746e-02,-1.574790547983548686e-02,1.598284072658412436e-02,1.408859580121364467e-02,-7.362112009302243520e-03,7.483082195188996318e-03,-6.461966241945199529e-03,-2.961560814472548667e-03,-9.633131706444907419e-03,1.807274558980709149e-03,2.115315652091943194e-02,-2.932292833133497839e-02,-2.188980517585630697e-03,8.308431312675446101e-03,-1.526961745453232072e-02,2.696552480597670665e-02,-2.349808739415573319e-02
1.853687135010402554e-02,-4.100518569773209387e-02,2.223357384355891669e-02,-8.564479749977751619e-03,3.074409223293191398e-02,-3.161813698585502069e-02,1.603013186376195040e-02,4.879576921420218649e-02,5.788222903274423126e-02,1.995816968521162832e-02,4.839811139555415948e-02,5.235059211260962436e-02,2.683852464033403482e-02,4.134433699950248314e-02,2.726749174255542127e-02,1.362646585963445643e-02,2.592261569304144322e-02,-9.197364456270432434e-03,4.115242295076561307e-02,4.245551319371212821e-03,9.364718651273640226e-03,-5.471715864370484302e-03,1.628753226784911481e-02,1.137669831572594124e-02,-7.779896135595596937e-03,-8.564362164028217067e-03,2.828663802876444505e-02,5.704587548577861635e-03,-1.153456773805935530e-03,1.006743577631944928e-02,2.114457298917179345e-02,-8.840092997645914580e-03,8.908818038521492191e-03,1.371470665535093857e-02,-2.497378929654852850e-02,5.810266034350362527e-03,2.684869811005613158e-02,2.571094143099065914e-03,9.893343822555550338e-03,-4.134359164330106591e-03,2.174478964018595681e-02,6.520482736855360011e-05,-1.588922057064498169e-02,3.616142749313521615e-02,-2.361392863436448386e-02,9.239282139323972201e-03,2.486618536756139003e-02,-1.488777872081168546e-02,1.304581374970120895e-02,-5.822190675965285139e-03,-1.055726647296018929e-02,-1.231502374472747546e-02,-5.141034841279779402e-03,3.408571322325525815e-02,-2.667116555550048257e-02,-6.410398780226212291e-04,1.422246471510723448e-02,-2.285875237585571068e-02,3.727717149554620607e-02,-2.216047114161911330e-02
9.506313504957659630e-03,3.785914999184024615e-03,2.690229243575746262e-02,1.439288547826441354e-02,1.859709288735636804e-02,1.118535120988884204e-02,3.655140737714340088e-02,4.060136877256721732e-02,2.910989013353728130e-02,2.582952715797762547e-02,2.906142802065755579e-02,3.831954431472870543e-02,3.228728927309309354e-02,2.993586219368019746e-02,1.296100688583970081e-02,1.745248694529514741e-02,1.958331062994179972e-02,7.845646489492661205e-03,2.345085094020992258e-02,5.536929009433953948e-03,8.699171767890685400e-03,8.143897905190105799e-03,1.496252953143821680e-02,7.414022819848565919e-03,-1.015427724736197440e-03,1.892687544502251549e-03,1.220225303106393759e-02,8.641057498906713416e-03,6.044775136139868103e-03,8.501529639568621011e-03,7.784341453499638193e-03,4.675574410509335233e-04,4.007750844384642096e-03,4.338387221608476334e-03,-2.746204720358930845e-03,5.959526461141190050e-03,1.025373040201182397e-02,4.105925643812108512e-03,6.437728679918137617e-03,4.630221813518436112e-03,1.037632856237168458e-02,-4.002005612521980504e-03,-1.644106716995810810e-03,7.823970882123649703e-03,-9.885556036924113277e-03,6.468293253668939979e-03,7.379897810799696325e-03,-1.963738936516866689e-03,1.634175807723695084e-03,-3.050255647184913280e-03,-4.392761338565961959e-03,-2.670232557695198972e-04,-6.814200783391176006e-03,6.860587847277148203e-03,-1.099186199415657685e-02,-7.955791335056992819e-03,3.303282090358560744e-03,-3.695406692946639777e-03,1.266907959208385566e-02,-1.716711284046692348e-02
9.700139290355937194e-03,9.170737656112037950e-03,3.795347690214516748e-03,2.632657476920247097e-02,1.387559009434048349e-02,1.837980625679085794e-02,1.121345938097930567e-02,3.536144944791768524e-02,3.905665330451123934e-02,2.856465611540310104e-02,2.502253814316869954e-02,2.808034983220017086e-02,3.692385563903100715e-02,3.154168296643448943e-02,2.900783989123112069e-02,1.326549115259383418e-02,1.677839075565654148e-02,1.924936556953713365e-02,7.550506738662314705e-03,2.319525955158093650e-02,5.042869339766787792e-03,8.766176641238590528e-03,8.551905145295935276e-03,1.449083236939797438e-02,7.332061419531263856e-03,-8.732595410960697878e-04,1.830827502994381538e-03,1.185075932818036373e-02,8.409160114020864524e-03,6.238832520015330854e-03,8.333414579607553718e-03,8.162218731617787784e-03,1.620494242362601823e-04,3.392649222527700011e-03,4.426158193376859146e-03,-2.501106654793135847e-03,6.388824325130156717e-03,9.419990900579966117e-03,4.514674140345164947e-03,7.289067285928725777e-03,5.050376465261778407e-03,9.993120801094313582e-03,-4.903521016344466674e-03,-1.886411206473343361e-03,8.757185891767238842e-03,-1.010518984286832081e-02,5.568827718450129402e-03,9.207832475830127900e-03,-3.492045455467148850e-03,4.425708572854650420e-03,-7.194467051642685317e-03,-4.732352677654413919e-03,-9.332920295209430443e-04,-3.322745919659548380e-03,7.055319934895580222e-03,-1.419272947075666050e-02,-4.753203011199951672e-03,-4.083707153072713147e-03,-2.406517557220923427e-03,2.812462536393805015e-02
-1.291850416591357707e-02,9.756895878695517194e-03,9.265870865716155716e-03,3.665805431218115747e-03,2.582801623707781449e-02,1.375285171108571632e-02,1.787208528367359092e-02,1.109713900552741078e-02,3.428744059504445357e-02,3.764807437615809438e-02,2.771892489589961039e-02,2.450852426437162557e-02,2.733232238102299358e-02,3.576354231206133744e-02,3.043495060539190902e-02,2.794075104373691318e-02,1.311499926892409178e-02,1.681272766742453531e-02,1.860592856879819679e-02,7.663433217242898027e-03,2.268093906201659737e-02,5.626638209087309744e-03,8.441601534099825097e-03,8.203444395804806305e-03,1.458057876422756693e-02,6.851983805285163931e-03,-7.603635327631986943e-04,1.861661829765008137e-03,1.190560776174312205e-02,8.311844145197720690e-03,6.184567365287250290e-03,8.209005040283585616e-03,8.238084852456658766e-03,2.312404822830108520e-04,3.591703754209046688e-03,4.483235956475818164e-03,-3.029696577112495071e-03,6.069852786949219044e-03,9.991522203355912915e-03,3.795406216739847290e-03,7.740557487395702263e-03,4.578793529735815382e-03,1.100844982093204284e-02,-7.041167661073249179e-03,-2.086282032181561519e-04,7.701942144858098423e-03,-1.025041983782500228e-02,6.020606050961584306e-03,1.071281939013978522e-02,-3.580750724357629599e-03,2.381533234037982484e-03,-5.385871003826569678e-03,-4.461023951018014064e-03,-2.548230250075336593e-03,-2.917705349168480625e-03,3.437089293993872158e-03,-1.108882961148268710e-02,-6.122139541314848381e-03,-6.487888372904023447e-03,3.276001413469466217e-02
4.873944419511683050e-03,5.096954479370320590e-02,6.479474314893634429e-03,5.589475089444195799e-02,3.869187952444503448e-02,4.472290143576687638e-02,2.729891952975110544e-02,6.451369190074013327e-02,4.962874083638525030e-02,3.847664840670996650e-02,1.064640515781481792e-02,5.099817244184453452e-02,6.588267198144539052e-03,4.579751211728391724e-02,4.904151545954678337e-02,2.058464548532578861e-02,-4.390200669987302101e-03,2.841219731228944792e-02,1.989290427523414395e-02,-6.459408881506831105e-04,2.351714280997137946e-02,1.125259667635109678e-02,1.723548559479311584e-02,1.251790438545033815e-02,1.275340017922308757e-02,1.504211577154956556e-02,6.207599561090152047e-03,8.240290588660357379e-03,2.404811813994839603e-03,2.542137478790781890e-02,-2.715209029968467490e-03,4.543699332551663292e-03,2.084973893930517665e-03,1.548123658153784457e-02,5.888052046727183277e-03,1.973305735381486025e-03,6.953154218494751390e-03,-5.257889382075571667e-03,-2.850605964530753423e-03,6.002746336437779322e-03,1.333264625664792695e-02,-1.146119412458387540e-02,-1.833285557604194625e-03,1.997453529018270907e-05,8.136298554125289198e-03,-7.151342700811041779e-03,-8.305377066409604884e-04,8.230318748639837978e-03,6.655757980708388623e-03,4.475109288635676676e-03,-1.013821378266083380e-02,1.343991062090456497e-02,-4.088635467554800618e-03,9.518312123415877471e-03,-1.423535726849046480e-02,-1.849483989598892097e-02,1.991710172622629046e-02,-1.908185500481938621e-02,-6.649602377258815450e-05,4.343896972997086936e-02
2.904586309888315676e-02,8.632711366825893129e-02,5.431415105131980753e-02,8.200971911435842032e-02,5.771049388844805283e-02,7.550375453981059137e-02,5.787602125511680240e-02,8.124555403524363895e-02,4.517611208122775807e-02,4.494108209030078793e-02,2.167691492229616504e-02,6.869262931371380998e-02,1.621728266535017032e-02,4.496374195437219390e-02,3.698040403407350935e-02,3.354532880391987524e-03,-1.346153390377937548e-02,3.467923067967140782e-02,2.436276425775115231e-02,4.367260106850221792e-03,2.301680843506773155e-02,1.394572105458413182e-02,1.135808925479696828e-02,7.772827301890589298e-03,8.532534691827100420e-03,1.699116509257575514e-02,-1.687344960125079394e-03,6.004162093348928801e-03,5.132264293053544202e-03,2.762681680194138331e-02,-8.752912039075338296e-03,5.168281090538061687e-03,-6.813563823330505247e-03,1.011973679188874452e-02,-1.749381209047443358e-03,-4.357354225862587228e-03,2.192605173971959483e-03,-1.438189099657864040e-02,-8.746485956048020288e-03,5.320504565954830949e-03,5.755862119993391569e-03,-2.251120557430508554e-02,-6.667040150417958416e-03,-6.356120668306176717e-03,-5.618941046439106593e-03,-1.614427217695497616e-02,-6.779718388174771522e-03,4.194270139291233872e-03,-1.266915350539502341e-02,-5.390807784999648682e-03,-2.266375028871550970e-02,3.810161023041193796e-03,-2.305492343344366438e-02,-6.615533080404252531e-03,-2.642548148526952662e-02,-2.503160899483202265e-02,1.611416105079326033e-02,-3.444983026022128275e-02,3.081332485579884673e-04,8.088589353294473733e-03
8.898109734008202709e-02,1.115901653962556028e-01,9.982249921903621481e-02,9.600517902288698002e-02,6.706764210314293539e-02,6.382172576828179511e-02,5.357624073592179292e-02,5.561544203785037666e-02,4.318715997367175013e-02,3.972311708907958622e-02,3.569231631686018563e-02,5.111741941041951509e-02,3.124253041443284321e-02,3.274726230086494327e-02,3.173534436291580718e-02,2.517144556960314999e-02,2.257860377346313299e-02,3.344766044221324230e-02,2.492806270651313702e-02,1.471956120361394942e-02,1.626488690817156496e-02,1.386761006207722774e-02,1.110471800643007476e-02,9.990943910001692449e-03,1.391927381431941509e-02,1.544370396133511875e-02,4.463993164813657814e-03,6.990856592635776544e-03,1.025318305382638337e-02,1.957620432375382566e-02,2.175519786348745991e-03,6.746267790388692231e-03,4.819907448116149016e-04,6.411723134682678453e-03,2.952105510630769879e-03,1.785840177263103845e-03,5.315070172863577483e-03,-8.987273285165240863e-04,-3.715972088792069946e-04,3.178163247065375879e-03,3.126553298588028666e-03,-1.614511033324461794e-03,2.189233474710249906e-03,-2.328704320383396479e-03,-3.829922440214334096e-03,-4.269302028546366652e-03,1.335948901019061007e-03,6.326369983952261772e-03,3.786311520168238014e-03,-4.614581517226252799e-04,-9.495908243628819329e-03,-4.772548859017192169e-03,-1.508484579519376277e-02,-2.667805805216342044e-03,-4.661091432901912253e-03,-5.589477631792990134e-03,1.608495816721886712e-02,-1.154951568966374950e-02,-1.354982191833207020e-02,7.030084652201951112e-03
7.523288706477694598e-02,7.786638925459822558e-02,6.911270674109055989e-02,5.004095283536832972e-02,1.810646004661841182e-02,1.488638906989227240e-02,1.079677046078462641e-02,8.909683372222419392e-03,1.425529696489809262e-02,1.025789766858851634e-02,9.186771029079944875e-03,1.430553626388310524e-02,1.781206123008727965e-02,1.867791777674790779e-02,1.826099015519913951e-02,1.832007305729713154e-02,1.801056701144732389e-02,1.708723857134196791e-02,1.333866291397277533e-02,8.128834319449142198e-03,2.874868671789178581e-03,7.949201875691079902e-03,1.046844044484857190e-02,6.640244216570582655e-03,1.040778449624227275e-02,1.105003999553236943e-02,3.006533741540251981e-03,4.847994353652938966e-03,6.251753394186155589e-03,9.893826030864453017e-03,2.719921434966784415e-04,5.701921691532222530e-03,4.556078440705428612e-04,4.586487881939235386e-03,3.977977088613266626e-03,5.502844838531647555e-03,5.859293877194928467e-03,1.373759753965643829e-03,1.543565734499682644e-03,9.935672677745344215e-04,2.423224097294311794e-03,8.046275597092013288e-03,3.115191144241582881e-03,3.083839501721435342e-03,2.287459164765532748e-03,1.937456421383515048e-03,2.415579247057266302e-03,5.898352829274813901e-04,-1.644094472792498318e-03,-3.159720256060830502e-03,-1.019597896725833470e-03,-1.847385081131181850e-03,-4.981152928679525617e-03,-3.251406253012133034e-03,-2.049775698665593036e-03,-1.833609485228409252e-03,-1.214468051548746839e-03,-1.801682355571765370e-03,-3.055390468591161809e-03,8.550260923216812525e-03
2.161136263918178937e-02,1.323208510261339975e-02,-2.171006076151406426e-03,-2.296558545066722939e-02,-4.532689996665993648e-02,-3.099800649198224470e-02,-2.478805743234347922e-02,-2.132674765742787956e-02,-4.068616622365022958e-03,-5.200459478903404070e-03,-1.096268104100974784e-02,-5.506535472317520934e-03,1.449257900857033954e-03,3.370747787252137938e-03,6.259779667935401904e-04,-2.847378735727002560e-03,1.005120679650504684e-03,9.701044131741585769e-04,-3.010688418779599619e-04,3.859217662498831583e-04,-6.649429704112936462e-03,3.292372909861021168e-03,6.023824940515583488e-03,-4.791869516261080359e-04,5.286250408142953612e-03,8.666269070126660437e-03,-2.742599738981371400e-03,-9.640293294715823226e-04,1.764119289986156589e-03,7.406411969331205478e-03,-6.288419103085175765e-03,5.019564320910473339e-03,-2.250931426637241446e-03,-1.522132138302223015e-04,2.438702767587306707e-03,5.719175697570866908e-04,3.628363950265260478e-03,-1.389216946902312828e-03,1.388172270281471049e-03,-2.442312104774003578e-03,-4.698826685931292908e-04,8.170381872501505938e-03,2.169002414548310779e-03,7.600736352336953314e-03,4.775415486191307568e-03,5.544608247429059361e-03,8.112799542929411897e-03,5.126548323252572148e-03,-8.562051856743165988e-04,4.502688074938450760e-03,4.183329598759210136e-03,5.283619133912773914e-03,-1.039327826573048508e-02,1.083528971916796271e-02,1.318933994942022431e-03,3.842859443902163843e-03,6.225946754323231046e-03,-9.115892805516941783e-03,5.483548861511039138e-03,5.106087338562786786e-03
-1.086557865755491577e-02,-1.758338545114034729e-02,-3.498147200606383650e-02,-6.539732741463584464e-02,-8.216589901771581550e-02,-5.495685594513226302e-02,-4.324189368441339748e-02,-3.350941507744010367e-02,-8.897847635811931277e-03,-1.558124403609960351e-02,-2.081829416691725540e-02,-1.179727733927119979e-02,-1.455338460349237494e-03,4.621208213353383918e-04,-5.432676422370779842e-03,-9.802709133943042150e-03,-6.252024387512082441e-03,-3.671090415081164002e-03,-7.225472706613473607e-03,-6.911385133549758850e-03,-1.322806817137854932e-02,9.051382777454348256e-04,3.265377917218352348e-03,-7.528061949782990925e-03,8.862258108053749407e-05,6.050817450803970543e-03,-1.072008145794787690e-02,-5.824792382889232116e-03,-2.856975389747338882e-03,5.270781078986982310e-03,-1.214356767514564867e-02,5.153621348328775269e-03,-7.582212763214100926e-03,-1.074428121575886179e-03,-1.317847138881148581e-03,-1.065962403721182512e-03,-1.449901483285384119e-03,-3.909095645369379916e-03,-2.394481698128520658e-03,-3.693197982606775519e-03,-4.894263965607535162e-03,6.506876701330487588e-03,-1.641768011751182105e-03,2.470019309035751363e-03,-1.386593184795102381e-03,6.429060579455595382e-04,4.978712349228505210e-03,4.024842145307528860e-03,1.232266943539052318e-03,3.360625833286772272e-04,-1.038895491973337225e-04,1.075340302296140700e-02,-1.535719908894468168e-02,1.812034563491710104e-02,2.069468165070457392e-03,3.257081645983101858e-03,5.858675500431399265e-03,-1.446238467214263496e-02,4.879956872435364801e-03,1.330670989098021659e-02
