1.847682263329825840e-03,-4.956468574223261503e-04,5.244560649919670706e-04,-1.363637396270455477e-03,7.030084323147520057e-04,-8.035451267987761418e-04,-2.838711673523602140e-05,-2.543827887655853576e-03,-1.894202565456502580e-03,-2.117374631268432051e-03,-2.473116780224980139e-03,-2.935559736594619846e-03,-2.806790346908084703e-03,-2.882425470064298775e-03,-1.858707836990588190e-03,-1.950275492978024734e-03,-2.056263110681682584e-03,-1.407764659060829716e-03,-2.771925320466737952e-03,-5.229322033897854148e-04,-3.842204701557530924e-03,-2.377562496640028746e-03,-2.502659462455085904e-03,-1.602035845875292254e-03,-5.052683401859780349e-04,-1.786626477680430510e-03,-1.394711335176471514e-03,-1.821605264637932023e-03,-2.457154614932374574e-03,-1.883409090908993392e-03,4.421106378012765897e-04,-2.127532650900228368e-03,-9.635071608178098638e-04,-2.298953732912668337e-03,-1.171427153960647241e-03,-1.924255065554214116e-03,-3.126836645998727193e-03,-3.356270333312405627e-04,-6.965361788862057483e-04,1.293926077329203301e-03,-1.858020792357443704e-03,-4.635951574966448041e-05,-3.279030981800117495e-04,-2.858575906851865112e-04,-3.192445516146621021e-03,1.073038830372888107e-04,-5.003148058643481361e-03,-1.192652721406965407e-03,9.184266840342524907e-04,-5.385093167701849454e-03,-3.491272599859776126e-03,-2.564406779660916968e-03,-5.154220827730433829e-03,-9.941542109061110664e-04,-1.045949679563256719e-02,-1.934284752608547622e-03,-9.780359275053319285e-03,-5.492303223920951417e-05,-3.140351167798463919e-03,8.958133941993581817e-02
-1.189760547320375267e-04,-2.931464278336851775e-03,-1.897855941274536825e-04,-6.521094115081211987e-04,-2.126062513840923547e-03,-1.505862904202463510e-03,-2.877465450610567580e-03,-2.107421046100373466e-03,-2.888767924352322533e-03,-1.497423450336115517e-03,-1.475605356318309986e-03,-2.966317379551539936e-03,-2.298688679245347588e-03,-3.293955544788354506e-03,-3.012027555390111092e-03,-4.037075537075538768e-03,-2.239896257339414436e-03,-2.643077455766729665e-03,-1.948704239401501982e-03,-2.646637579778072526e-04,-3.112964302429505666e-03,-3.453698843200219120e-03,-2.054518147009637072e-03,-1.355591063191211552e-03,-3.690029417287877265e-04,-1.021962784137152953e-03,-8.934936917817634704e-04,-2.316795883922215336e-03,-2.021506470023204122e-03,-6.853865537207970383e-04,-1.215334835615498226e-03,-1.078545209334939555e-03,-1.662115157247605378e-03,-1.817161247730634697e-03,3.986369039757940236e-04,-1.039554150723639341e-03,9.843996466653928430e-04,-9.160594578840072864e-04,6.448476796638227685e-04,-5.172466308092403065e-04,1.321936942092122530e-03,-1.203639150675588814e-03,-5.218715553751175629e-04,-2.239014267185460930e-03,8.862087745839135940e-04,-3.295541749503036813e-03,1.654201391665959106e-03,-5.873337187216135999e-03,2.288893272203848615e-03,-1.619292322365396136e-03,-2.967666078777133568e-03,-2.598711265566103473e-03,-3.712401044642122620e-03,-4.366814572629663417e-03,1.488734381732062647e-03,-1.204895013781010805e-02,-2.585292578496583421e-03,-1.180350154479931947e-02,8.059735078697234656e-03,1.632200436834976287e-01
4.385301878796427424e-03,1.706711447600693567e-03,2.409588916045896523e-03,3.221896830481132783e-03,2.727628725024061791e-03,2.397688616705549725e-03,1.187482984966205506e-03,8.051603732772971700e-04,1.114714033293013684e-03,1.024685751585317208e-03,1.681962320462680868e-03,8.905843256715718871e-04,7.824367289838154386e-04,1.017221242167956922e-03,5.191986432054372744e-04,5.800000000000158328e-04,9.435249669415758005e-04,-6.275971145176486481e-04,8.437868716243341390e-04,1.086070478723460356e-03,4.098033555838987579e-05,3.492103581924861687e-04,-6.318008371459296873e-04,6.716126943005896023e-04,5.923805550919614268e-04,5.367671009771328569e-04,8.653534201954317471e-04,7.204405338371681899e-04,1.021473827699075033e-03,1.265154604145501038e-04,1.258795594950281368e-03,-3.034525949550109921e-04,7.945592562080678028e-04,-2.574210401329452805e-04,2.066143527463357599e-03,1.461136228041131583e-03,5.707987967914379158e-04,1.935371827411135667e-03,8.515780828346604337e-04,4.701338997767262259e-03,1.654604342801518999e-03,2.140047275871973659e-03,4.802040348464010726e-04,2.008319751421695429e-03,2.116239460370923035e-03,-1.804129250134130279e-04,3.221973037671653712e-04,-1.176714227475495779e-04,-1.255768775372133675e-03,6.007700261210226558e-03,-2.932668036395651937e-03,-2.808303997225368529e-03,1.252075190213401950e-03,-2.352544778641360405e-03,1.540961009545305715e-03,-6.313278985507179628e-03,-8.415421442426252938e-03,-1.702140859394866892e-03,-5.922201250153293246e-03,2.300932261266265544e-01
9.894872219525360432e-03,-1.204066414964820829e-02,-6.245893476205596415e-03,-6.527806172363657781e-03,-3.092683820162437465e-04,-3.336638702635290506e-03,-1.105319465081651365e-03,-2.114406779660953518e-03,4.600000000000005560e-04,1.728765944272447072e-03,1.271911285061917132e-03,9.322546369652347708e-04,4.669767656562432909e-04,-1.089627105690569708e-03,2.176764866670773645e-03,2.150141841826728063e-03,-3.823239633483301492e-04,-6.046375989154187695e-04,8.556609900417963240e-04,1.123317647058800616e-03,7.874704884780330547e-04,7.497275351858203023e-04,1.672439938660803772e-03,6.390375998440961207e-04,-8.569121705721174497e-04,-7.548093007694492255e-04,4.973651191969814334e-04,5.750448540206899196e-04,-1.776828993415891476e-03,1.235292833360580877e-03,-2.035772773797372027e-03,9.107990079795982429e-05,-1.582526364854567680e-03,-3.461470379146858786e-03,-1.808090773365210241e-03,-2.517043686082602681e-03,-1.657308514904439747e-03,3.014437552388998277e-03,-3.214492382537456790e-03,-9.856230031948674992e-05,-7.958250422376919727e-04,-4.417772292502323075e-03,-4.462317272833536512e-03,-5.612819406379499290e-03,-7.086445041815898210e-03,-1.022493248000007522e-02,-7.859758127846767570e-03,-8.123879288109321639e-03,-4.631335286730817354e-03,-9.440851732262911869e-03,-1.180289691071631682e-02,-1.101510692464357545e-02,-1.409742325158946409e-02,-1.368782601893140521e-02,-7.616954557533791269e-03,-9.554550260039193499e-03,-1.038717689530694460e-02,-1.697403148270348189e-02,-3.076364879649903100e-03,1.099059491852839437e-01
4.339552991682238924e-03,2.096654505030893286e-03,4.257709137709259073e-04,1.263980073864067692e-03,2.420219815981687096e-03,3.947807006873164590e-03,1.522149710298427916e-03,2.895748572870248706e-03,1.912861943687597759e-03,3.874317831844785280e-03,3.515940866022599937e-03,2.792218055598588190e-03,4.025657760302215477e-03,2.981166717838525104e-03,2.433629514242136374e-03,7.427886075179480343e-04,1.485955582414267596e-03,1.544433584659731223e-03,1.226787030910242915e-03,3.052386028087800129e-03,3.266277704895421703e-03,1.788736453693226622e-03,2.214195572221739575e-03,1.394925449433466989e-03,1.653119735112301312e-03,2.292168870583691643e-04,1.150128855915679956e-03,3.934652473387497025e-03,1.088287905989776755e-03,2.616641167052131955e-03,3.359178799280214921e-03,2.425843387206851227e-03,1.485807810727608324e-03,1.077309579439264618e-03,1.046248812915635687e-03,6.248035039299130447e-04,1.282936025433610008e-03,2.784356754580235085e-03,2.529668480394824722e-03,5.818929052969509449e-03,5.241020190023759628e-03,4.624625149249044810e-03,5.004962802231873766e-03,4.067102847729008042e-03,5.094339534064908429e-03,4.254446854663858184e-03,5.134217335058214628e-03,3.911468575974467315e-03,1.085037308548221112e-03,-7.454250042754330884e-05,5.152777133684098392e-03,2.201635285913617832e-03,-4.998166877370449797e-03,1.864739016147181705e-03,-2.645117130307490273e-03,4.440034907220342074e-03,-8.738188912809419229e-03,4.532350324138800964e-03,-8.167934206579316112e-03,2.757048765725879091e-01
3.314544350861223926e-02,3.555710217712090143e-02,3.132977767958243509e-02,3.388575219771100544e-02,3.838251865517526562e-02,4.333849413962968106e-02,4.579016776965047497e-02,4.620523853401898445e-02,4.884709886547810437e-02,4.959709819500831424e-02,5.303491873595755912e-02,5.147071066733036049e-02,5.384651930298042094e-02,5.595530368160955836e-02,4.998304535637152629e-02,5.367775282251992935e-02,4.700074829143990884e-02,4.800543687922836922e-02,4.086503677455856354e-02,3.906828766292812227e-02,4.820157177665663345e-02,5.535294255874669694e-02,5.661185175879404619e-02,5.044048553010565400e-02,3.165870000000001183e-02,1.813309272918856019e-02,1.657984299065414641e-02,2.878539919617649143e-02,4.896553699284016126e-02,4.681699599812906565e-02,5.832428835489836261e-02,6.311610003587361795e-02,6.225251057903474772e-02,5.173928343785337558e-02,4.210462022118684200e-02,3.111602470133312259e-02,3.480106903972553234e-02,4.805068515846287747e-02,5.140270313602252755e-02,5.371492014315479985e-02,6.153720852562542115e-02,6.106394511920836682e-02,7.214320235640643564e-02,6.596442087995783854e-02,6.388597862391454107e-02,6.975944379941394213e-02,7.475023810870429219e-02,5.762740896705473986e-02,6.463177541729903108e-02,4.312757295191881057e-02,5.638051078601542809e-02,4.866608998346536735e-02,4.772561234991437584e-02,4.695668604651161149e-02,4.295587118391654829e-02,3.649488406150840081e-02,4.793289685442583131e-02,4.161705236638468808e-02,3.953283653226841166e-02,2.782117965800678938e-02
3.134912562257891055e-02,3.061822836962912325e-02,3.022497425981266611e-02,3.155262895976027049e-02,3.456171276027761308e-02,3.503190924316135907e-02,3.285621990303237705e-02,3.568933027214706705e-02,3.410661038364352915e-02,3.871930622492861240e-02,3.518523093597168694e-02,3.546238766891890437e-02,3.657166215071974702e-02,3.524473666326872340e-02,4.020957869902257870e-02,3.659517658646402327e-02,3.517873586605807512e-02,3.165822202267378621e-02,2.983727641140312969e-02,3.135210012703541771e-02,3.204398167185577850e-02,3.938324225324217609e-02,4.286184070574981797e-02,4.729063118144218036e-02,4.508458229508198467e-02,2.897524314765692263e-02,2.011278213866045037e-02,1.752819400630912378e-02,2.764334867968452208e-02,5.362271543426563869e-02,5.022257607996433865e-02,4.825982363315686752e-02,5.580882581459721548e-02,5.776859597546753211e-02,4.775325770968387451e-02,3.639203702698291798e-02,3.086502389922956766e-02,3.483139614972045883e-02,3.946980072276705387e-02,5.056635906246157580e-02,4.633452926991941251e-02,4.784458717739117212e-02,4.930571952931019769e-02,5.234908726121861172e-02,5.471510430686404164e-02,5.091464371625596674e-02,5.123153182882690670e-02,5.440361529674157121e-02,4.572134609596056887e-02,5.342142700007331685e-02,3.282035522745910955e-02,4.443294907256762488e-02,4.668567768383288102e-02,5.015724907063195959e-02,3.686976099327478329e-02,4.267117510450534057e-02,3.751365050769724097e-02,3.848441817510167562e-02,4.672355821545163407e-02,2.619677563071839965e-01
1.512658462352781466e-02,1.424799290570507269e-02,1.116567852117801227e-02,1.354406696074538299e-02,1.530339051835453469e-02,1.182421763681451056e-02,1.270435626148589542e-02,1.273464666414155302e-02,1.391410361206223828e-02,1.236010325948195231e-02,1.223156794524453417e-02,1.057364071526830859e-02,1.157740345797265286e-02,1.149686784657467757e-02,1.156145513610393021e-02,1.050500500500489535e-02,1.074471492632912174e-02,1.265721201332267211e-02,9.799473815946863411e-03,9.995502381743676459e-03,8.632198951379614627e-03,8.989158992889675556e-03,1.221478260869568976e-02,1.371340397923873251e-02,1.478882248625635297e-02,1.568405909546435190e-02,7.899046554340068485e-03,6.283859041557438192e-03,6.853918232738370753e-03,9.810698566101118748e-03,1.720532731125237053e-02,1.576841455078117210e-02,2.025922886879731946e-02,1.961658577365891706e-02,2.006368909281340193e-02,2.028842288533155847e-02,1.475689026358264697e-02,1.293088657032875378e-02,1.725087818222416011e-02,2.251701122568184471e-02,1.553134124809736095e-02,1.744434322895493591e-02,1.863617531264482111e-02,2.063697160883271736e-02,2.309921812080529754e-02,2.294468170203304430e-02,1.753614790345781049e-02,2.245954511795189915e-02,2.164189813058788742e-02,1.646372423381488315e-02,2.004046894524068659e-02,1.397380946299724147e-02,1.819799835390951276e-02,1.907544049058567184e-02,1.700579237482764336e-02,1.746509593978591568e-02,1.196057508597640762e-02,1.556431893125899413e-02,9.725056407289612778e-03,3.281349975604876817e-02
1.452594612526545911e-02,1.245957775937939910e-02,6.752117009261331473e-03,1.033340874702780819e-02,1.421589191038134629e-02,1.478954126295555296e-02,9.280473849372417039e-03,1.162940535209073048e-02,9.830046359567974623e-03,8.214772770853241007e-03,7.201126232741516565e-03,1.069505871393895691e-02,1.000230245231600000e-02,7.238981996183602857e-03,1.088404056032927537e-02,1.001316021639609560e-02,8.795863780504517906e-03,9.955381495074246481e-03,1.052992551316313773e-02,6.722042847270235863e-03,7.454665602905250973e-03,7.627268560692354940e-03,6.740510650630270918e-03,1.107534598106063931e-02,9.463833333333414310e-03,1.155218902706658599e-02,7.589032620922406269e-03,5.116391707452976056e-03,6.189797706721379689e-03,4.906184657162331562e-03,6.895894901960893629e-03,1.461332121011736304e-02,1.450805074526074177e-02,1.506782175132451509e-02,1.754466475185991262e-02,2.066818903814099037e-02,1.748967543315346762e-02,1.696159169550181048e-02,1.776509338328466012e-02,2.202527310693487908e-02,1.656152692501250065e-02,2.001884747395673778e-02,1.821249421004940069e-02,1.801162884228665190e-02,1.893423928628329769e-02,2.464634618576087149e-02,1.910002537371068704e-02,1.592182779697060707e-02,1.588231916243646596e-02,2.000212303849714657e-02,1.364326150474796072e-02,1.166916648094491228e-02,8.292781172799355491e-03,1.908126410835212644e-02,1.164113064216942481e-02,1.208532010394513384e-02,1.130633417277997037e-02,7.594583663758839795e-03,1.006344815372356601e-02,1.248078968470002909e-01
1.285090376936425319e-02,1.397657672592440663e-02,8.642472288844170805e-03,1.755209429313441677e-02,1.548203482045706382e-02,1.409032603195258145e-02,1.460061816598809230e-02,1.448034853445379425e-02,1.195308919730127088e-02,1.348301110817233008e-02,1.196243197877472006e-02,1.342754525987924566e-02,1.124551115579001080e-02,1.220815941833845557e-02,1.237594163296527536e-02,1.258320031661987366e-02,1.102842319095199801e-02,1.037579310909683000e-02,8.808105807652259409e-03,1.204738321434596637e-02,8.448855066502164793e-03,7.811083659023263827e-03,7.670761398348181596e-03,9.438177375305467978e-03,1.033784193166174641e-02,1.376790123456788847e-02,1.072681398990771307e-02,1.083880463871553408e-02,6.767884485966545703e-03,6.271840260041797004e-03,7.111010605115463887e-03,1.154291712019895298e-02,1.616941128506195133e-02,1.748544218333975345e-02,1.986074482758616588e-02,2.159462498843980546e-02,2.632293694212486934e-02,2.348132305385016230e-02,2.109901220982031075e-02,2.055977567758410229e-02,1.851282491710613473e-02,1.889404098686824074e-02,1.659945963697161825e-02,1.638318302387269110e-02,1.694626221638000085e-02,2.170416701769160850e-02,2.384992763951306743e-02,2.051937801402898068e-02,1.311172053889975674e-02,1.637550172276699967e-02,1.851220552197357580e-02,1.014716646115908401e-02,1.770917029911323742e-02,9.838453089850457411e-03,1.289114256480226005e-02,8.510428286852491850e-03,1.370326142595980519e-02,1.266233703033053069e-02,1.152765238879741895e-02,5.291565240546781262e-02
-1.012006323584468091e-02,-2.435758391705761250e-02,-8.602105888566186423e-03,-1.968135140495876415e-02,-1.963270870598893270e-02,-1.825102570898490956e-02,-3.376253027660099798e-02,-2.834539995259040962e-02,-1.406960752013396154e-02,-2.496098795307488336e-02,-8.677034348394683030e-03,-5.799550567918835761e-03,2.790305035698834382e-02,2.568928950592074684e-02,3.509813750974787039e-02,1.868991011778591352e-02,1.093657896869332929e-02,2.377940257604813177e-03,5.647928486034126117e-03,2.481405235042728058e-02,1.815256678730287759e-02,1.375878005198188404e-02,2.611028569144262929e-02,4.143524468691479196e-02,5.371418237794255146e-02,4.214757302128444016e-02,1.554933062880315027e-02,2.840972425277301511e-02,2.165083733999369209e-02,3.908608456933694575e-02,3.014302178718028524e-02,1.502124191727393678e-02,-1.312522635029683780e-03,3.957044297832231633e-02,-7.983017017594370643e-03,3.582857036817103241e-02,1.552574735782579624e-02,5.685618333105992711e-02,7.334404940119762517e-03,8.167047944210374666e-02,6.851026629327901241e-02,4.671925411334548750e-02,3.855325487169583565e-02,7.836576614699332366e-02,5.396900458978768494e-02,8.933445792666845631e-02,5.791139128689024723e-02,4.054751414238453450e-02,7.718625430967948620e-02,7.149853726082580629e-02,7.205081106870221686e-02,3.721022608602028020e-02,8.947751438434987936e-02,5.413560210958105051e-02,1.776209511051573403e-02,4.060721445618811765e-02,-2.198362484636494710e-03,2.700323664882364749e-02,4.087232318608375464e-02,9.256904591742054489e-02
1.250694864048341667e-02,1.286552378604874543e-02,1.468900398995123292e-02,1.789135137471902642e-02,2.122580384117397564e-02,1.546945875426501346e-02,1.613187004979834901e-02,1.523539288607414499e-02,1.500986401619341069e-02,1.779685881627617733e-02,1.428532683129273527e-02,1.736158940049853036e-02,1.422759543317674187e-02,1.592603685163478805e-02,1.528286304382807555e-02,1.312737960776264555e-02,1.331599306088923455e-02,1.361903495906773183e-02,1.327920183982680621e-02,1.189862761955938660e-02,1.144195926131408303e-02,1.230044733320592200e-02,1.145317967409946805e-02,9.624870358134099413e-03,1.243793414378868700e-02,9.820908747096009778e-03,1.501256415694588071e-02,8.389410893581767531e-03,1.506202239679087056e-02,1.459525733140092270e-02,8.651390204174453508e-03,8.916462786216699382e-03,1.077793075356416920e-02,1.065204151177201637e-02,2.361977217917800992e-02,1.832582681643687289e-02,2.295767986397859173e-02,2.522658226146180099e-02,3.031173780082428715e-02,2.169327383964295142e-02,1.600587069213784200e-02,1.872191339375636060e-02,1.210565866084429947e-02,1.316316713853840983e-02,2.007788880914259874e-02,8.112171581769394429e-03,1.951035865974520833e-02,1.617019827758859815e-02,1.357828580583148211e-02,1.492717515874253907e-02,6.929248307801915731e-03,1.157922515212980383e-02,1.698595319356401359e-02,5.349021911531534092e-03,1.394642303102629731e-02,1.208112410881202661e-03,1.744628246611288139e-02,4.697138651751673472e-03,9.561699922259648751e-03,5.488271139504274226e-02
1.193259107234484993e-02,8.729262000463819740e-03,1.383186448920046760e-02,1.640255047357930610e-02,1.689368727550957447e-02,1.469721601905611859e-02,1.296091109251840644e-02,1.524210206703248589e-02,1.468145093390113391e-02,1.338234510667715704e-02,1.363651406844110410e-02,1.615138524380904314e-02,1.348482871125620750e-02,1.199663355554971347e-02,1.189704251678301572e-02,1.273661130096162553e-02,1.201516992817075122e-02,1.156045346187089054e-02,1.107814251781475551e-02,1.242374077638753842e-02,1.122186286504604259e-02,1.031670845328450624e-02,1.060616433169256877e-02,1.014904243454249101e-02,7.798557250505495919e-03,1.185598714441287414e-02,8.892755745046077367e-03,1.253067943415452599e-02,8.633577125702559391e-03,1.247847464167593963e-02,1.270083679199218718e-02,8.158673746046073844e-03,8.139965231345346400e-03,8.354513695509191082e-03,1.209423059208845734e-02,1.684109969635623483e-02,1.698648942145663046e-02,2.232538865045308879e-02,2.139364826734854730e-02,2.672729948842457112e-02,1.793590745875183259e-02,1.264177614293224630e-02,1.483947368421060543e-02,1.114064134495646244e-02,1.062962982498212756e-02,1.234224421168699480e-02,7.330037049511607672e-03,1.395421732283473777e-02,8.660531437503254937e-03,1.487185698180050475e-02,1.084941519250782679e-02,4.003867700258343862e-03,1.016200185356806555e-02,1.030175277564041210e-02,5.949706677886700684e-03,9.364148960475299210e-03,1.370115172759055200e-03,9.820463407998549638e-03,-1.628514321038583915e-03,1.665125617513120715e-01
1.022911150196174554e-02,1.024888527303844873e-02,1.089378527185132575e-02,1.335420230740003503e-02,1.435438541880001452e-02,1.389381472474952167e-02,1.473580807445604504e-02,1.292823803104761748e-02,1.385624251221084444e-02,1.244554084412787150e-02,1.150213735623442646e-02,1.206993085825931560e-02,1.270502307284964230e-02,1.179369467837312543e-02,1.198991782620112065e-02,1.058251029342779231e-02,1.004597270699377279e-02,1.014631156814933995e-02,1.005591467054224759e-02,1.057904679783646870e-02,9.426453938301639079e-03,7.791382006445053167e-03,7.852996984820058077e-03,1.018903799774902551e-02,9.638226961558747294e-03,7.850537819509657497e-03,1.019692437328844486e-02,8.984914144237748576e-03,1.045954484684636504e-02,6.919535523926683383e-03,1.210272925764180850e-02,1.022079903074358566e-02,6.871126110923581921e-03,6.653681779830349433e-03,1.195426685407363458e-02,9.776961870869276677e-03,1.664081551069356360e-02,1.458747961452925082e-02,1.937338940839250859e-02,1.814931140980460822e-02,1.823059397884461280e-02,1.250585499254172270e-02,1.074194834897790850e-02,1.102392454336750295e-02,9.958047361861238275e-03,7.853454326923033080e-03,1.508181518151809064e-02,5.814769074360971388e-03,1.195565918431860594e-02,6.886645125178170179e-03,1.104705793260128514e-02,6.094597446449289205e-03,6.484389782402994948e-03,4.724506302521057528e-03,6.289118011024793717e-03,2.891466039836706071e-03,2.963118364136848974e-03,4.115613305613297426e-03,1.067283549783552658e-02,2.564029419024903972e-02
1.105057953930591030e-02,1.614518116286596874e-02,1.709369451841985174e-02,1.835850208356796034e-02,2.075748678181187079e-02,2.089268292682925493e-02,2.190256983469374488e-02,2.284216972627430356e-02,1.960596592968467250e-02,2.020303718588430456e-02,1.919227514716582983e-02,1.758274089935765380e-02,1.946323420987946043e-02,1.715161309523806701e-02,1.854300909867801980e-02,1.644463362959889402e-02,1.845260046071164547e-02,1.966254021775505623e-02,1.612136919496984927e-02,1.775794214433310675e-02,1.556912692080007418e-02,1.519233546701509625e-02,1.245372202929583699e-02,1.393535461356876053e-02,1.307727766157424677e-02,1.365402621722849527e-02,1.171914915586761211e-02,1.546113438724909701e-02,1.337314454153059641e-02,1.730018255756123058e-02,1.125853718000823303e-02,1.789751639608641587e-02,1.762046472063043615e-02,1.179201531940213959e-02,1.531506890195736582e-02,1.240067286652072297e-02,1.606539118208286099e-02,2.737344847775179113e-02,1.999208137572416541e-02,3.214564803804994403e-02,2.486855115089511500e-02,2.794810908176945455e-02,1.682161605303242324e-02,1.660942624887748117e-02,1.312476621118015448e-02,1.289660150375941672e-02,1.168478783796791237e-02,1.764699441585459994e-02,9.064971525918811765e-03,1.222891403193399930e-02,1.032600553789351887e-02,1.217315628582339368e-02,9.799790620660312271e-03,6.056921348314684220e-03,1.091014926970188155e-02,1.098243529276436356e-02,6.031700178162283620e-03,1.265011286681702943e-02,1.909914040114633589e-03,7.551285850926063581e-02
1.165516047058818769e-02,1.134739967897269511e-02,1.455088582677160729e-02,1.441723911616706218e-02,1.430184254358364895e-02,1.576252954216864760e-02,1.763890102093105747e-02,1.701260245240406033e-02,1.813347232004518597e-02,1.562784190636154133e-02,1.632081113505597786e-02,1.398668702290082472e-02,1.509775629386079197e-02,1.803287380187831163e-02,1.458732394366189442e-02,1.563752989231339055e-02,1.368148888435660390e-02,1.510528413246911561e-02,1.603596461433167211e-02,1.408262732357905798e-02,1.223640001008474004e-02,1.210734480388923028e-02,1.284705335708202778e-02,1.029052014898350700e-02,1.050504066693769972e-02,1.105806471066361762e-02,1.229641442461025871e-02,9.373876975892201854e-03,1.132684180761915106e-02,9.454500914076671356e-03,1.354642522418274958e-02,9.356868171466428685e-03,1.353719602318038083e-02,1.488636942675163229e-02,1.008712545226318237e-02,1.098894899603650339e-02,1.130703199052138057e-02,1.171600179470555850e-02,2.181488345323737837e-02,1.632555280118984722e-02,2.066734640522887786e-02,2.105221662468504187e-02,2.111986787778693739e-02,1.479746151792867177e-02,1.017764778034627518e-02,8.608121209108048413e-03,9.161745454545485237e-03,6.625131133262454272e-03,1.100405781172712934e-02,7.048865087943449043e-03,9.874725848563969954e-03,6.470919008779723799e-03,9.830045336429553415e-03,9.341588145896693660e-03,4.986709275647359732e-03,9.265774417208069366e-03,6.276328582411733713e-03,2.842606860158388218e-03,8.043266672244983942e-03,-4.428484571129694125e-02
6.353733663016585508e-03,1.009980988593155854e-02,9.858317657968029141e-03,1.075990650044524391e-02,9.501347880276820451e-03,9.951032915475478691e-03,9.730231625580018986e-03,1.064115962944910641e-02,1.053692934131731339e-02,1.165617211745039253e-02,7.994456019000860392e-03,8.166446443136547370e-03,8.661804169820423727e-03,7.049134706814483980e-03,9.805823665893257171e-03,1.026412550842525397e-02,9.100121484317531470e-03,6.927586905847720952e-03,9.375280966314077091e-03,9.512479272398424029e-03,9.022723705246846887e-03,7.222687673772025356e-03,8.555631220005060350e-03,8.164449769349003613e-03,7.673346693386686769e-03,7.210356484171714236e-03,7.372140734949120776e-03,6.808017087021045292e-03,7.286294975028150683e-03,9.476755956936686043e-03,6.242783196774576680e-03,8.778742420323511209e-03,4.968435424990566389e-03,8.885926571579438882e-03,9.745347323993116748e-03,8.389092913038706176e-03,7.510589613432283075e-03,9.355310751104571262e-03,7.014169360051667954e-03,1.611620570235787475e-02,1.119628389583609933e-02,1.335000895375387797e-02,9.088797722705951529e-03,1.298977263399817873e-02,7.973731714908102730e-03,6.610068622811222927e-03,5.880666134025651359e-03,5.004310344827647000e-03,4.348810697379316449e-03,8.051672394678478437e-03,3.967618337311137368e-03,3.440130319580247259e-03,2.846372009316055964e-03,4.025401682380240487e-03,4.056508921644704467e-03,2.360996297542922780e-03,1.415780986627629585e-03,4.765429442243177688e-03,-1.010018552875703883e-03,7.552033933870921922e-02
1.928434098141052714e-03,6.187599401098056034e-03,6.777819010054952562e-03,4.645786885245938025e-03,3.973169189818634255e-03,4.354443085336061510e-03,4.544321927183236909e-03,5.276561342174687814e-03,4.156060576624276588e-03,3.482054750915112261e-03,3.590797906091317167e-03,2.524413586662675128e-03,4.181875782399474030e-03,5.194421821501976969e-03,2.127391325512228027e-03,3.768443437835282146e-03,3.087733365535586666e-03,3.393866222863965287e-03,3.856344857193346517e-03,4.136085017317341420e-03,5.149099594817640319e-03,5.197591047224008227e-03,5.290080798004962413e-03,5.174358974358984550e-03,5.757138118445484509e-03,3.808617694534873008e-03,4.876689841053986896e-03,4.628615960099737546e-03,4.382055430788108462e-03,4.264903052019098674e-03,3.837674465972510697e-03,5.128389984431782310e-03,4.775888538681888860e-03,2.804656396401443777e-03,7.267823891431322500e-03,6.368312788456024533e-03,4.700424251321225037e-03,4.950250130050314924e-03,9.310777506112451543e-03,4.325892830489105022e-03,7.458036847589335008e-03,7.802022376370633915e-03,4.110763225198622688e-03,6.563969990360157825e-03,5.845171974522255127e-03,4.476311771795953715e-03,2.307566071939767555e-03,6.480405581768947966e-03,-1.978112609041078010e-04,1.979792037146817923e-03,1.402116640396389689e-03,1.037153413979895362e-03,4.673782178217774329e-03,2.872644672795722606e-04,-6.453388995187925347e-04,-4.501488621456179048e-04,-6.104748651940724831e-04,-1.732464089688250716e-03,-2.744389501711502061e-04,1.236368801476374520e-02
6.742123287671052166e-04,4.551939853246387245e-03,5.060421035205792117e-03,4.613693379790914303e-03,2.869245080904325642e-03,2.122312986677459684e-03,2.679839219064064030e-03,1.713922043843555841e-03,2.158002237857663264e-03,1.239601731265691344e-03,1.799717901344962149e-03,1.429417846885218737e-03,3.214117891673914451e-04,1.151661619486536942e-03,4.984433843837005398e-04,-1.811337294248098551e-05,2.551293123959074826e-03,6.482720312990739855e-04,9.467074513642555157e-04,2.155929540525536661e-03,1.774916984044084796e-03,2.845087859424919735e-03,1.824829397590358240e-03,2.224815663611048270e-03,2.610736934673412672e-03,3.473895422840063592e-03,1.812661647588983222e-03,2.976873915339951510e-03,2.752114591172080856e-03,2.838753217626256709e-03,2.411404141786283473e-03,1.807070923069058720e-03,1.892040498442325823e-03,2.314021156437266226e-03,2.094288261857366225e-03,3.118404017563685716e-03,3.398222923238718336e-03,3.621793609988945527e-03,2.697741487143963217e-03,4.089005876591641012e-03,1.500862034541267575e-03,4.069077280705860403e-03,1.726478784609868870e-03,3.040385273972575578e-03,1.007597501266224325e-03,2.678446529701185817e-03,1.558025153263602105e-03,1.707197035325730763e-03,-2.582154283683073042e-04,-2.664853130359341499e-04,1.925136842105336669e-03,-7.039780270084505581e-04,-3.367734775185062673e-03,2.344002699206999569e-03,-1.157591739299353422e-03,-1.892503734687829911e-03,1.220048223947704265e-04,-4.962816442324972759e-03,-4.707838970185984607e-04,2.220564353536177982e-02
1.030892134310502656e-03,4.942189987488940055e-03,5.651610239775849837e-03,5.630504170935091320e-03,5.015830749188039499e-03,3.831892144930288194e-03,1.848703502404373247e-03,2.953694835176679748e-03,1.710737525930816410e-03,2.283531616102349796e-03,1.987100199585379798e-03,2.193672093438238293e-03,1.547078725045918611e-03,1.418896689236919060e-03,1.700138057984338594e-03,2.635356077341786344e-03,2.220704944333739671e-03,3.803476734809979002e-03,1.077236743658472121e-03,1.237691686844176551e-03,3.309142081038123420e-03,2.735938936228357252e-03,2.563556796092263546e-03,1.625773518576408005e-03,2.689659288734151665e-03,2.001807955002037932e-03,2.635662387186916197e-03,1.862278056522692756e-03,1.370000000000045877e-03,2.126090520036355309e-03,1.518210180205439418e-03,1.251685607505164223e-03,1.118576162316443304e-03,2.209646001610298706e-03,2.389808751003517830e-03,1.286252628546811702e-03,2.994644548516082246e-03,2.127775307197107314e-03,2.157621569925710116e-03,4.141685867060784267e-03,5.928899980426720340e-03,4.750150391019257630e-05,1.555925132161769696e-03,1.213227264509137131e-03,2.696383229194914029e-03,1.652099940511703646e-03,6.693060186727874290e-04,2.259204942983089083e-03,1.378721914210608978e-03,-9.836667867990811932e-04,1.601165914405346027e-03,-8.351177730187674803e-05,-1.254855676715727541e-03,-1.384145439171351232e-03,1.405504005532270083e-04,-2.404549498175192253e-03,4.148752932461423088e-04,-3.713232458816349835e-03,-3.814379525278522188e-03,1.067474024071055419e-02
1.904243394715744589e-03,4.276261212454950285e-03,6.445234431310379979e-03,6.497081166214835335e-03,7.081510928614226374e-03,4.884832234378634098e-03,2.707637993835780316e-03,2.478913990551651243e-03,3.122280911508043370e-03,2.428341867305797153e-03,2.540974656292487900e-03,3.162179710144814686e-03,3.825719338457635177e-03,2.924545221321061053e-03,4.291437555596949033e-03,3.805569023127807794e-03,2.462899229387956711e-03,2.427205629018483989e-03,3.691671080007528048e-03,2.689705159705163724e-03,2.529683609198811207e-03,3.565937523522739409e-03,2.359681579208402786e-03,1.989492394632663610e-03,2.255228945216680280e-03,1.765812496893234525e-03,1.750931271650092019e-03,2.683076473873899272e-03,2.597898074513456130e-03,1.747848461209426532e-03,1.732323874247682950e-03,7.319655982034202870e-04,1.452228244274908530e-03,9.929780660316884101e-04,2.408173029444590427e-03,1.604920197496832387e-03,1.893664877654679165e-03,2.475214413655136073e-03,4.062585949615284478e-03,3.039814364640885686e-03,3.173287617554861745e-03,4.509910316099056439e-03,6.199748072757650316e-04,2.891041656702959817e-03,2.640670665212704275e-03,1.669350152557035798e-03,8.504517233997296649e-04,1.262081965833424272e-03,2.352536258490908489e-03,8.004603127765528301e-04,1.364909470388813925e-03,3.464430568602604133e-04,-2.732436363636319278e-04,7.401767015707801448e-04,-2.350718423474574322e-03,3.121390469416891029e-04,-3.654855532064832987e-03,-4.060856190720158582e-04,-4.268175191735491662e-04,3.961732563792615125e-02
7.487724152610505685e-04,3.103361009100996659e-03,6.754733349804033574e-03,6.941912483221588347e-03,6.037572336434993310e-03,6.521554877498343672e-03,2.806375908618836262e-03,3.399921778969670211e-03,3.319605996188259266e-03,3.488625578086129286e-03,3.222019335216175142e-03,2.915555723005155975e-03,2.312850724106677806e-03,1.850870397411165727e-03,2.654065884298928077e-03,2.260843622248848162e-03,3.270983795792105266e-03,3.686034713253158717e-03,2.042806783767307441e-03,3.213063264873118174e-03,5.145824837479378612e-03,3.380356012272916783e-03,3.141020055584835356e-03,2.410663958988551719e-03,2.437204843843192911e-03,2.724767140387927312e-03,2.707663556040827441e-03,1.900431661898342945e-03,1.254989840495859734e-03,1.322314715359868996e-03,3.124791556728241226e-03,1.079471347337297412e-03,1.958117406840130265e-03,1.147107522225316234e-03,1.377039394636596229e-03,2.519700184621845741e-03,1.162300569390978602e-03,1.490285714285645652e-03,1.980725776675962713e-03,4.616129353233945631e-03,2.827042284702254056e-03,3.157142109395420174e-03,1.893560606060689993e-03,4.199280539089563684e-04,2.339989905787365036e-03,2.581058022038311937e-03,1.085130299137453645e-03,2.120109961190138129e-03,4.104002039255610088e-04,5.230676328501390445e-04,6.372610257432706569e-04,3.820918043202994755e-04,-1.624910432627406582e-03,-1.527313266443724483e-03,8.555005487134268328e-04,-1.135377185678535395e-03,-1.251324903793316285e-03,-2.744907856356470307e-06,-4.786291744589891289e-03,1.149938414386192549e-02
1.936828928577653385e-03,2.968773149376549396e-03,5.788939931198714382e-03,4.131803417000620531e-03,5.273771367521289458e-03,3.821662160936221790e-03,4.366490758055181776e-03,2.459811876329086669e-03,2.045767343296921691e-03,2.359055682545458180e-03,1.710547069271785119e-03,2.235385171267509179e-03,2.230808341011248676e-03,2.040489518566240661e-03,1.298272408218054466e-03,2.847954657079413646e-03,2.232848604756546007e-03,3.400281873656274718e-03,2.974321464903283228e-03,2.584054851504379718e-03,4.520044156332303845e-03,2.764148987117536708e-03,1.619348355071013228e-03,2.687845450228622084e-03,2.054581158954312588e-03,2.355550478082675970e-03,1.866955833313314840e-03,2.233374999999911646e-03,1.926496476665727270e-03,2.122242022694324597e-03,1.933148204970921297e-03,2.531303528820791349e-03,2.790177783545332805e-03,2.476136886797043442e-04,1.610121139476196166e-03,2.907649992327703079e-03,1.688409292150612603e-03,2.239285734857902107e-03,1.521298927225398379e-03,1.985889382402749453e-03,2.651165449907707909e-03,2.761868412293334678e-03,2.504344592229659338e-03,2.560213417646523253e-03,2.786945306537714790e-03,4.546789344380760753e-03,1.040086544215917518e-03,3.198682739827343920e-03,9.171936242487894455e-04,1.965370060496850289e-03,3.150178739416895340e-04,7.322784105289771844e-04,-1.684531477585280530e-03,1.480592830882401702e-03,-9.208029751886411809e-04,1.644047470331176501e-04,-1.697897597254064425e-03,-6.878453666855799831e-04,-4.574646891763897889e-03,-3.067430730478585502e-03
4.261398821635048093e-04,2.924461579039895186e-03,4.370937483485720296e-03,5.700429809480440056e-03,4.340203067012098070e-03,4.784316783948083796e-03,4.297094535993129655e-03,3.669149481303661878e-03,2.685325186299904882e-03,1.894157340905251773e-03,2.043167962618152103e-03,2.365516874645514234e-03,1.714606141522132367e-03,2.602978743363227026e-03,3.245395914752081576e-04,1.375108143245487189e-03,2.292488479262640936e-03,1.201624415659287683e-03,2.393106535168522658e-03,2.114229128580196425e-03,6.533233359132788881e-04,1.859074786525241043e-03,2.545204359672973392e-03,8.686242639544581408e-04,1.014698665733781329e-03,1.412881305637912711e-03,1.241172160262371971e-03,1.727644039337889251e-03,2.147483263079597547e-03,9.137534500927682905e-04,7.245932759014523392e-04,1.394843562127453737e-03,1.347365708971074881e-03,1.468023165220971610e-03,4.503462415745816422e-04,1.357209575636900839e-03,1.201742893725950452e-03,1.010613597807722428e-03,1.115270641273895334e-03,1.988290173511132308e-03,1.572764152194100788e-03,4.411584184572086426e-03,8.077358350362226404e-04,4.334059032498544135e-03,2.365746898263011017e-03,9.918066366240749600e-05,2.447142787902156953e-03,9.696980659524492971e-04,1.788432258665723128e-03,1.413185478547845193e-03,-1.056414602346735085e-03,8.003153368370470892e-04,1.043002623051984910e-03,2.168726632943860299e-04,-2.462804792107111534e-03,1.439665516473778153e-03,-2.191229197455507507e-03,-2.876213017751489808e-03,2.988676258992806808e-03,-6.345944521315194202e-03
2.714929577464799976e-03,1.955855984740110902e-03,3.748645570507422222e-03,5.590133508541398830e-03,5.603044145873255048e-03,7.211811417842990506e-03,4.379521102893094153e-03,3.957430294302982654e-03,2.858400793438028911e-03,-2.789902792275576748e-02,2.282349988888060770e-03,4.764133357558066745e-03,3.327968330270106995e-03,3.310944441446812825e-03,3.394235582408966327e-03,1.206859138398848385e-03,8.748958292307798448e-04,1.333344763397732160e-03,6.669572378580296366e-04,4.065570459650922480e-03,-4.638527757066392794e-04,1.421364405550404938e-03,-1.958509264260040162e-04,1.137749043977042459e-03,2.591586532609423577e-04,3.855844188314218692e-04,8.976478444758452697e-04,1.609598370631695969e-03,8.429085759546764900e-04,1.362383432539597018e-03,1.525586353944497191e-03,2.066798963309326737e-03,5.548721692796420440e-04,2.029487895014718546e-03,2.526382525583058605e-03,1.402073161340033338e-03,1.308477241873824736e-03,1.176066095345691112e-03,1.922847768685776153e-03,3.639443897922660289e-03,1.700672883578498639e-03,1.928524114814781851e-03,5.152771056031818508e-03,2.792381626494834339e-03,1.278014103129118369e-03,2.582531771741718597e-03,1.721155926441141504e-03,5.095740523571306689e-06,5.288984598099470387e-04,2.078834531698011898e-03,-1.229858822481469773e-03,7.589958158986278951e-05,1.257347235693569284e-03,-3.201399077762018567e-04,-3.174201170117129777e-03,3.637826425958186945e-03,-2.376059462550080079e-03,-4.609228021433558098e-04,-1.188024759453344160e-03,1.885484527687279711e-03
1.678634971349202143e-02,3.194701405975461025e-03,2.517885286343670651e-03,2.601707393812238006e-03,1.831428196606554783e-03,1.687756097561021436e-03,3.342694246479635425e-04,2.922452464788644934e-03,2.703454839288875044e-03,3.098192622950804269e-03,3.271059621280426183e-02,1.812850591716074758e-03,-1.075050946142592796e-03,-1.209492484526492523e-04,-7.219362621533384873e-04,-6.043164794008613807e-04,7.668420850163334924e-04,1.157430539157784264e-03,4.279300548590251772e-04,1.627190867955592094e-03,-1.810151580770864637e-03,2.875459873760251132e-03,1.901652740883824763e-03,2.633471401781445429e-03,1.595872940052497999e-03,2.247360077801990007e-03,2.132787712287574546e-03,1.912175816023618368e-03,4.686478628230923661e-04,9.782777911164330497e-04,1.512359216075373968e-03,1.524767937782217338e-03,9.222599847367032389e-04,2.446671790930094945e-03,1.230755857899139142e-04,7.021916167664790480e-04,9.966203703703443474e-04,9.212644415917573904e-04,1.762386316872441815e-03,1.225002357872683086e-03,9.845367412141701677e-04,3.072126386456478040e-03,1.737855961589658766e-03,1.268605488344679922e-03,6.438598726114648464e-04,3.036771479185093256e-03,2.234164994984956260e-03,1.875925349922286534e-03,1.962280649926212948e-03,1.032047281323491162e-04,2.430789373814079557e-03,3.371536870503627579e-03,4.663985701516820811e-05,1.414477317554275332e-03,-1.099108498129413051e-03,-1.156579310344746240e-03,-9.853581538460836394e-04,-2.739362831858364704e-03,-1.498663244353271463e-03,-2.788776433120987181e-03
3.121994134897422991e-03,3.275305521897254636e-03,4.717862141357636284e-03,3.796392205056184702e-03,4.460374173338019742e-03,4.369662079777054606e-03,4.495819601040782106e-03,3.398170161150534593e-03,4.660893952673005741e-03,3.054272157564960882e-03,2.255664236172784994e-03,2.987059352518051450e-03,2.085256552233325650e-03,2.306838569093940233e-03,1.399523052464210450e-03,1.708199964035154311e-03,1.464957904583785286e-03,1.622195965417816974e-03,1.133099921321821177e-03,1.528126834997066376e-03,1.746587220053537424e-03,2.212454054054074134e-03,1.785129475343419456e-03,2.064944524843231790e-03,1.298214620431135512e-03,1.566920506087340946e-03,7.970622568094279641e-04,1.629343320848928916e-03,1.420000000000016952e-03,1.340000000000037125e-03,2.448524472168867039e-03,1.822374689826378180e-03,1.869590966122940947e-03,9.951898089171071823e-04,1.626814567837865351e-03,1.408816254417022623e-03,2.220458452722047157e-03,8.371229698376275643e-04,1.952571355104129429e-03,2.897718259078054231e-03,1.746244747899239162e-03,2.952892898719445148e-03,2.468348946135858445e-03,2.567364195879044686e-03,3.704186390532413636e-03,1.802036130974863683e-03,-6.930834448899907509e-05,2.254767676767729500e-03,1.699644537375924512e-03,1.490581222056722773e-03,1.028810320114641619e-03,8.707441190589631109e-04,1.055868673050663984e-03,7.563760217983490517e-04,-1.717746478873190480e-03,2.507805676855857056e-03,-1.119599764567442328e-03,-2.615726062143310104e-03,-7.748014660964682625e-04,-2.804648187633272064e-03
4.102817764165431376e-03,4.332137089847094835e-03,5.042366925064594753e-03,6.244924360980758961e-03,5.468054488298989754e-03,5.293386426592783418e-03,5.337678045399429222e-03,4.920390193370189832e-03,4.208671039005919788e-03,3.110573226144722030e-03,3.739248750892230043e-03,3.549774862613011735e-03,2.224017232094802586e-03,2.936391752577364577e-03,2.392678506705299326e-03,2.720167430384277159e-03,2.094471369592483447e-03,1.857202914798189962e-03,2.536356663470769671e-03,2.913469387755069501e-03,1.882187683284460272e-03,2.584409351927830813e-03,1.864877996113056217e-03,2.502277428057535398e-03,2.094147398843943311e-03,1.935393258426973059e-03,2.064682729007666709e-03,1.668354799514057754e-03,2.007559880239605070e-03,2.060311341734593314e-03,2.181866931479677866e-03,1.080672107537167942e-03,1.574503475670359972e-03,1.288146659969906845e-03,1.741333163395360683e-03,1.271550308008308509e-03,2.014331901995458207e-03,1.218663534325191335e-03,1.175045231325961637e-03,1.886797217212104593e-03,2.521816305469608017e-03,1.866736897550820475e-03,3.720279883381999875e-03,3.197371663244471564e-03,2.074411606663136790e-03,2.377215942891096594e-03,2.478527630582910007e-03,1.230475976650145060e-03,2.631621759023854406e-03,-1.038927061310832966e-03,2.459011540391324666e-03,1.269390715667848999e-04,2.075751824817496233e-03,8.683866481224329636e-04,-5.892079666511222235e-04,-1.776016469377148313e-03,-1.537782754759122079e-03,-9.169393939393392359e-04,-2.237790163934419777e-03,-3.073310038119472960e-03
3.352265809942580992e-03,3.630279755849506827e-03,5.246713382327855210e-03,5.861433710174789730e-03,4.792336448598134672e-03,5.968786247612481964e-03,5.164844099913834183e-03,4.248512254055875591e-03,4.586501633144296312e-03,4.364138879339948991e-03,3.375135888501706264e-03,3.283586550435939246e-03,2.844769230769161189e-03,2.438758731864551672e-03,2.876341597796072333e-03,3.359859053126138233e-03,2.535343766484924807e-03,2.588436324556683127e-03,2.078119753777202348e-03,1.788469641831001104e-03,2.287833920877409017e-03,1.915901991409599834e-03,2.640900716479050846e-03,2.288094006037102307e-03,2.046160754378055675e-03,2.831326923076875682e-03,2.441065918653611590e-03,1.846218407248389690e-03,2.247401651286916758e-03,1.997008227374683087e-03,2.349548148148136902e-03,2.099999999999903159e-03,2.030898174831851418e-03,2.050000000000013183e-03,1.868678391959717640e-03,1.732138300586877041e-03,2.730000000000056600e-03,2.243933265925096218e-03,2.548547164881064496e-03,2.262720683406735031e-03,2.611050593701583298e-03,2.396202793585221463e-03,3.262453825857446026e-03,3.264659456299359892e-03,3.085639894086392426e-03,1.899400971397668773e-03,3.741391875746720962e-03,2.192602739726111621e-03,2.627890695573567408e-03,1.550800000000051139e-03,7.590593265633957618e-04,2.822521562658564850e-03,3.348823529412423635e-04,1.803529121421468479e-03,-5.608073654390698191e-04,2.718375059045250656e-04,1.445181483429808797e-03,-4.167567567567681498e-04,-2.439574201627998061e-03,-3.077592087312434714e-03
4.033590389784905833e-03,4.063274381000570035e-03,5.367805700792713589e-03,6.194826707441302219e-03,6.804910668708498249e-03,6.291331269349818324e-03,6.087861211807410987e-03,5.229568049365800053e-03,5.751191211809181421e-03,5.009365269461131358e-03,4.617169262365182492e-03,4.382859125607164660e-03,4.050856079404573443e-03,3.226489774329969421e-03,2.880389494372002229e-03,3.945671669106789493e-03,2.672618103137442899e-03,2.954481669882436101e-03,3.525738524736562844e-03,3.894506413831613778e-03,3.443120702826667125e-03,3.098136354756791250e-03,3.175395403194375583e-03,3.416125739946923069e-03,3.393663153366268358e-03,2.707366061421224990e-03,2.987332053742860951e-03,3.346745976207103797e-03,2.656814285714236088e-03,3.960620004843779657e-03,3.357817865140613148e-03,3.382548681291673662e-03,3.367131167865094424e-03,3.077658349328206162e-03,3.599474206349181308e-03,4.321193880110360541e-03,3.996589344889173688e-03,2.809999999999957497e-03,4.165183127052394033e-03,4.810177499347453693e-03,4.567683747412068333e-03,5.410203765798204077e-03,5.201959162574324586e-03,4.817418844022149441e-03,6.661459854014564579e-03,6.077583872866478866e-03,5.466569421934095417e-03,4.780161821995890410e-03,3.429449541284432419e-03,5.025989110707750930e-03,5.318885448916498351e-03,5.310376546530395925e-03,4.700506912442312807e-03,4.081507188894423384e-03,1.346599799398243320e-03,2.117683805862542474e-03,1.813564881813784250e-03,1.010129589632913043e-03,2.206379208505573550e-03,-1.476217616580262912e-03
