5.294125260473317180e-04,9.346434688538696309e-05,7.878933461458811706e-06,3.461458933151519536e-04,-2.092090481251416710e-04,1.050266172184034178e-03,3.895030005808343453e-04,4.812281590951169577e-04,5.763446406136539307e-04,5.445695493436965729e-04,5.432103557843674874e-04,2.220532319391126878e-04,6.065067307155294629e-04,1.012991668019284615e-03,3.573304805793906772e-04,7.072434382920029291e-04,7.913592716408900628e-04,2.572249773954167875e-04,4.039275702268432799e-05,4.807310627890145228e-04,-5.100094105631617849e-06,4.361502019937835736e-04,2.745739930607778308e-04,4.267666327886474628e-04,4.945309117350477806e-04,5.089380806475645933e-04,1.505118103905023533e-04,5.922279049116099154e-07,1.023075816140384684e-03,3.290660862682545131e-04,-2.551819449285206245e-04,-3.501001008342348409e-04,-8.087090044066234072e-04,9.725781549878055599e-04,3.624271355683641701e-04,-6.376020859747644426e-04,-6.847835466704319104e-04,-2.087605511811092829e-03,4.581752232143442081e-04,-5.680701863741215944e-04,4.427214098906740065e-04,-2.865733816798451006e-03,-2.300438062788415499e-04,-1.253836892465729446e-04,-2.597993255752447696e-03,5.141337801791719770e-04,-1.233717105263120546e-03,-4.266960447617269836e-03,1.172204889306805754e-03,1.536743354945715434e-06,-1.173335756870722739e-03,-1.973952998379260512e-03,-5.212249985232458513e-03,-4.565892053973123928e-03,-7.582972687689642534e-03,-3.434381210478689404e-03,6.580339801139141291e-03,-2.059147321428572014e-02,-1.734423914322057376e-04,1.572123470877203472e-02
-1.254654322831079806e-03,1.831041106913733178e-04,-1.854005424956125397e-04,1.200706175018972791e-03,1.105156639140251725e-03,2.795752401009531768e-04,4.345703194655814385e-04,5.228108541777398959e-04,7.909600064160151288e-04,3.889298452644429551e-04,4.628697158504284435e-04,6.160461210009698539e-04,1.774354774947747696e-04,8.301618141096333810e-04,4.850071887800256557e-04,4.361458011014580438e-04,7.092773732064183712e-04,8.614552563608196285e-04,3.287965686947457692e-04,6.438130229487169526e-04,1.470058984562081059e-04,-4.896677464668625513e-04,8.404155957943539122e-04,-4.593761852026484655e-04,-7.521312403652982616e-05,-4.424928042592231889e-04,9.785670676358548814e-05,-6.256743567711066899e-04,-9.670309636345893493e-04,3.461705685619180062e-04,-1.041388624881141485e-03,-9.133563818527981484e-05,-8.947558803894606143e-05,-1.014843413487229997e-03,-2.517799030638590875e-04,-1.160263076033712584e-04,-1.339030907763419940e-03,-4.157163072117377677e-04,-2.462188254223714699e-03,-2.259553123575162772e-03,-1.930077648186615804e-03,-1.358063806380610354e-03,-1.479895303985834286e-03,-5.016822264947882852e-03,-3.237702640718273430e-03,-1.051896942631363237e-03,-3.096219277623538189e-03,-4.703538313181533821e-03,-1.386545793785997965e-03,-2.655695849633562741e-03,-4.498905680041580431e-03,-2.245545880777726410e-04,-1.481548513935579707e-03,-6.023457128296607135e-03,-2.118676290344489663e-03,-1.483020390518116800e-03,-1.371111413783628399e-03,-1.174211502984255813e-02,-1.014355534259624159e-03,7.183363903959812287e-03
-8.081494463474489954e-04,-3.396642494290215918e-04,4.414400561973938269e-04,2.969716586610083708e-04,8.254770232781804065e-04,1.434914947235833198e-03,1.421146572854563783e-03,5.125619357765085014e-04,4.581335494326838108e-04,9.739418042556468669e-04,6.596696872258544456e-04,7.955513877419985837e-04,3.229531777299929612e-03,3.382261716097276325e-04,1.673336137989012455e-03,6.485504527285598439e-04,3.442088718850574059e-04,9.012538521354727244e-04,1.003325843339876022e-03,4.344790115285712142e-04,6.236295453890917462e-04,4.038473632771047797e-04,3.006520958685690668e-03,3.864917994308094567e-04,2.124244734876672982e-04,7.706428198680619892e-04,1.294853211930517296e-03,-2.156363817794226104e-05,7.740435258200122895e-04,-3.991906970710131669e-04,7.265882593576661113e-04,-1.347744772596264207e-06,4.830024818326439959e-04,-8.152206200291225449e-05,1.251351784354195031e-04,7.118395646831024957e-04,-1.932296775067764865e-04,1.915130796666967634e-05,2.466913684629467316e-04,-1.911345885061242669e-03,-3.168660370758474495e-04,1.448832226619953647e-03,5.524416403785412967e-03,-2.617961429023114156e-03,-4.343895434221476445e-04,-7.182502294279462891e-04,-6.406330472103496064e-04,-1.682911703394818995e-03,-2.406170543841993584e-03,-3.375920585340782491e-03,9.586215753425016096e-04,-5.188951094927380867e-03,2.748724928366857480e-03,-4.635276337975468598e-03,-7.271028336698545473e-03,-7.059108280254453244e-04,7.164370204603776396e-04,-8.898684291423430981e-03,-2.060513387374152214e-03,-1.682079722896354795e-02
-1.013999023888300646e-03,-6.475565375963118460e-04,-2.145288495220133262e-04,2.290947961205511011e-04,5.619129431291086879e-04,1.274932895354293633e-03,2.684337159724459968e-03,3.133566896761760725e-03,7.720804150097173137e-04,5.672151586384616704e-04,6.917175767002340129e-04,7.533248163525622498e-04,6.313069440162121957e-04,3.537682873274717189e-03,5.028688059869697215e-04,1.641976747451407478e-03,5.276407769636056594e-04,2.275672257582922399e-04,1.791282887145269950e-03,8.247531811726752874e-04,3.613487310697683589e-04,1.253296865077217423e-03,4.606086412556933398e-04,2.895395484697248743e-03,7.508053325477601677e-04,1.700781848842487461e-04,1.880539098114604197e-03,7.434733865266061068e-04,2.529315830012909827e-04,2.614238018485931601e-04,3.772820999581436610e-05,3.061667957656026865e-04,3.956988368330450166e-04,4.635214703968950430e-04,-7.264945057033518074e-05,2.551361780773512503e-04,8.525873129008645348e-04,-1.514197942793811937e-04,2.610111820682770793e-04,-1.372549143944203813e-03,-1.161241054138230496e-03,-1.175881561238274970e-03,5.596797379066000520e-03,1.151219940788838353e-02,-2.382229142763506776e-03,3.508577037637915924e-04,-6.050911660777884412e-04,-1.995784438298850785e-03,-3.906218342662577930e-03,-8.389484037539632648e-04,-2.553744213488356920e-03,-2.435244329426091477e-03,-3.793812010443797875e-03,6.952080721236624048e-04,-4.142849928342375726e-03,-3.771424497032316130e-03,-7.631039408452995436e-03,2.593448870338548561e-03,-3.493393211244654600e-03,-1.508789256744722321e-02
-1.609204556026695102e-03,-1.354762112672317029e-03,-6.473686247297829330e-04,-2.922865165722195158e-04,9.653537923565449173e-04,9.174985402312120768e-04,1.200603048109719290e-03,2.292669333158473682e-03,2.375085743277514060e-03,9.064638447971511094e-04,1.114073814073803740e-03,1.738897726510600259e-03,1.005864223018523330e-03,1.396092895408632692e-03,2.030445633917700096e-03,1.803845499404417227e-03,2.149775836399856095e-03,1.735835493111520392e-03,1.534956519934343056e-03,1.412002773604442533e-03,1.407396722725206715e-03,7.811688491843919117e-04,1.555132140429122626e-03,1.201553256759741893e-03,1.816323340501880927e-03,1.584920024835142051e-03,1.524850894632196027e-04,1.877204162078468857e-03,1.492873901782588086e-03,1.137169149868579943e-03,7.854390296441881181e-04,7.354353858357000546e-05,1.274937909234533226e-03,1.630518193548465087e-03,-4.625152374850255541e-04,5.629272716747112234e-04,2.329321757779092487e-04,1.048499694369657087e-03,-5.424660840225989031e-04,1.025234463568767062e-04,6.627114692090921170e-04,-2.281496013126368960e-03,-7.386118536270643454e-04,2.061151363230477596e-03,5.949962728045543603e-03,-2.486673930066989145e-03,-6.393195318267311548e-04,-1.610323961331268155e-03,-5.565758998435198094e-04,-2.948111303344774000e-03,-1.769845953568996910e-03,-5.072952981095587080e-03,2.325107940984959959e-03,-5.272014059753882612e-03,6.419140245089054782e-04,-4.031167379398290992e-03,-3.645707208746224934e-03,-1.657245981765299381e-03,-1.652719145000459966e-03,-1.192861037550036092e-02
-6.978875148926170493e-04,-1.677864164432622297e-03,-1.201517334713166725e-03,-5.966000588502845363e-04,-4.313346228240371501e-04,2.738199780461418121e-04,4.343802791277352466e-04,1.578340379272847628e-03,1.789824506177656619e-03,2.072027093877098960e-03,1.279647110718985922e-03,6.789165440840405196e-04,1.474992284675335445e-03,7.595884361908789408e-04,1.629957766833655839e-03,4.569393502709799722e-03,9.016564922343285214e-04,1.281430018001944839e-03,7.971607367328467034e-04,1.318570003740115451e-03,6.002462447672036018e-04,2.315215295860961406e-03,3.747851736420569884e-04,6.844667053533131946e-04,4.487656795921373971e-04,9.146194872388521083e-04,1.496040077185723438e-03,2.567988405078353454e-04,1.253004170008037866e-03,5.027485310398240037e-04,4.591270097281342430e-04,6.848445379547503712e-05,3.622287390028581773e-04,1.400407017543074629e-04,1.337943736859481059e-03,-7.179280799688459455e-04,-9.649335239176011015e-04,-7.105068140425228331e-05,2.843474258359682196e-04,-2.750541869569606544e-04,3.607653490331715388e-05,-9.980074152541435449e-04,-6.697869263685836362e-04,-3.062564183634852374e-03,4.543857364122818807e-03,2.537411804271136502e-03,-7.409226484276047742e-04,-3.691814921877828275e-03,-1.240200331317260415e-03,3.506687937170914525e-04,-3.185004549590590012e-03,-2.330811901160384449e-04,-4.312683178534546836e-03,-3.135923818371897688e-03,-1.351155323301639300e-03,-2.826432043965237950e-03,3.538582071223926248e-03,-9.413167960613508939e-03,-2.979816504141712900e-03,-8.339458913545474625e-03
-6.292045291420693409e-02,-4.985244738094894018e-02,-5.250902914125556153e-02,-4.912394146627401675e-02,-4.389553113142818930e-02,-4.024938058430502230e-02,-3.576208606440584720e-02,-3.164335421596050496e-02,-2.981145988437396144e-02,-2.822706464433438409e-02,-2.559669040538433207e-02,-2.274273404480888633e-02,-2.278372809417662098e-02,-2.229740032446102249e-02,-2.100912569126776527e-02,-1.869710894835668880e-02,-1.549133212086403234e-02,-1.944517012134935538e-02,-1.848085309419109437e-02,-1.854015245434753253e-02,-1.622795497901568379e-02,-1.348705464408384014e-02,-1.377048923392418592e-02,-1.210104834144678024e-02,-1.078507493479113032e-02,-1.037892586989416430e-02,-7.231087843390496088e-03,-7.988538043396310739e-03,-7.908914489722111349e-03,-4.692039106145272538e-03,-5.196096474569256163e-03,-4.188340103969476723e-03,-4.881397831243579170e-03,-3.617230353219483101e-03,-2.983990169714844775e-03,-2.898400925566085775e-03,-2.119577374438718406e-03,-2.561762137374206175e-03,-2.575388231272216725e-03,-2.208116661568417221e-03,-1.167923172787925425e-03,-2.026384905660363542e-03,-1.579635572477588795e-03,-2.048896690070293580e-03,-2.014613726898625227e-03,1.138397010268066539e-03,2.845208333332670497e-04,-1.601473491102573714e-03,-4.311944039861958199e-03,-1.721437601296538092e-03,-3.838955996544711350e-05,-4.363496464971043133e-03,-2.785862422997908028e-03,-3.572172561212622575e-03,-2.093831752214544983e-03,-1.948684841427541364e-03,-2.297245397343270108e-03,8.098918575064356249e-04,-6.387066935398381419e-03,5.949289691418337264e-04
-2.131736369618350904e-02,-1.549107037970151590e-02,-1.038405707775891598e-02,-1.275791518374000053e-02,-1.016130755324554276e-02,-9.865182127177450980e-03,-7.835561553932432477e-03,-6.266036858163170735e-03,-6.094254506030511234e-03,-5.137175901998779388e-03,-5.114913606470247731e-03,-4.002482874465210227e-03,-3.415051814576304957e-03,-4.452795147052931307e-03,-4.767036211313310269e-03,-4.069466666666721709e-03,-4.033622841314097977e-03,-3.491913458295261685e-03,-3.271689153671076232e-03,-3.339233839479430026e-03,-2.496174528699567075e-03,-2.921246720000015076e-03,-2.988442264016523929e-03,-2.650497721541363906e-03,-1.677974337429961405e-03,-4.769394957983228052e-03,-5.467777565449926519e-03,-4.592944108963066714e-03,-5.273967678552361066e-03,-4.180568792746943568e-03,-4.548682420218912691e-03,-4.863931115350311925e-03,-5.006612393214665384e-03,-5.072743865690940157e-03,-4.128086393237030173e-03,-4.081611437056298884e-03,-4.617783737086432992e-03,-4.389227449620582838e-03,-5.043080561955816214e-03,-3.205463647094803931e-03,-4.515287825373050928e-03,-5.061884615384694593e-03,-2.940613292632066056e-03,-4.697185197682839271e-03,-5.403542002083462636e-03,-3.374589414513645951e-03,-5.300908574673455532e-03,-3.893496289829800547e-03,-2.818678315757182362e-03,-7.334519371048799606e-03,-5.550818548041434181e-03,-1.785421830533343848e-03,-8.544821569400744624e-03,-3.669008913972298530e-03,-7.763253819675069480e-03,-4.773570303403836326e-03,-9.799088986251688893e-03,-9.763724304715741672e-04,-1.471236994219645398e-02,-3.192810674255638654e-03
7.448842640073882358e-04,2.475840545912721697e-03,1.228868355110130685e-03,8.287100640143553118e-04,1.007314349525970191e-04,6.466808029404676498e-04,-1.696769342100816957e-05,9.353303311258517319e-04,1.371103963648288805e-03,1.444027928416591723e-03,1.561339323142208434e-03,1.274462171478419866e-03,1.185982717411401474e-03,1.261120594008696087e-03,1.087634339196358367e-03,1.110434083378280179e-03,9.117501307711447980e-04,8.714022054891052945e-04,7.793781891348303603e-04,5.563036419482533064e-04,1.174459545612488443e-03,1.116813189907645519e-03,7.957609346914320386e-05,1.087168173221558310e-03,8.409353827036034111e-04,4.619715711651232125e-04,4.134205180295084047e-04,2.497308754671588734e-04,6.466104829807736926e-04,-2.828544704600772803e-04,9.352078827200204707e-05,-2.955060091173705543e-04,8.010855025148098116e-04,-1.457143588928320761e-03,2.022334883883024966e-04,-5.982160073788747937e-04,-2.074344473008022933e-04,-9.242779341349996458e-04,-1.338866458713400785e-03,-1.690491956797671386e-03,-3.099491593453588037e-04,-2.429393549663626858e-03,-2.272136390601242010e-03,-1.068148369983718676e-03,-1.525426410501535841e-03,-3.628951423348227186e-03,-6.283750043833368198e-04,-2.632641294080575664e-03,-2.810288187720682510e-03,-1.002759316018634640e-03,-4.918412698412785548e-03,-6.305333576376183531e-03,-1.034458337403456555e-03,-4.271541021712703910e-03,-4.316931144550750256e-03,-5.449503648675222550e-03,1.746617011768250008e-03,-1.612426149714661985e-02,2.101567567567590514e-03,-1.198578615909654498e-02
1.683964839831338838e-03,1.771970483021193888e-03,2.414416190010944003e-03,8.993469211196035299e-04,1.152925939063728861e-03,6.751217222534683935e-04,9.889354264534862705e-04,5.959461919525089850e-04,8.685079609804879181e-04,6.703170392878076258e-04,8.029115935864661237e-04,5.942721678536831741e-04,6.444907670548697667e-04,4.514583575349639965e-04,7.255875535072031559e-04,1.012475508492610227e-04,4.004010931985007736e-04,4.927515958188971893e-04,2.440189419126015521e-04,2.412774538597484771e-04,2.282552501289372455e-04,4.830726956993834225e-05,7.909542488090467874e-04,-3.842999061889792165e-04,3.816655169056819394e-04,3.268209385368174005e-04,-9.087830665913311122e-05,-3.220003922751358432e-04,-5.782173408613586803e-04,-4.563118368219235390e-04,-6.951422308916404896e-04,-5.281094792370688877e-04,-5.585857550648350980e-04,-1.231650891619591025e-03,-1.714313004672380399e-03,-1.613936804771546772e-04,-2.085094463612490855e-03,-2.079648010686913236e-04,-1.922623638134542427e-03,-9.279504631013582366e-04,-8.478002155194648039e-04,-2.728622912084344675e-03,-4.049106312822453612e-04,-1.986415908771583649e-03,-2.079798576677061462e-03,-3.994365214011671712e-04,-3.006876420969413748e-03,-2.142175001889529834e-03,-2.790695218403552776e-03,-3.975997578134101568e-03,4.975031298733723073e-04,-5.579243881656677576e-03,-2.593452400100950198e-03,-8.727297129671133386e-04,-2.195058135547425879e-03,-9.704304759277715756e-03,-3.611480974206783198e-03,-4.164254254763529871e-04,-9.185800013752203411e-03,1.708425543217198398e-03
-8.523693023034334361e-04,-1.692627520837629429e-05,2.226219371031775817e-03,2.805502287920273860e-04,1.394816059435088581e-04,7.640351394860926378e-05,5.200962725995882498e-04,2.731926863752884836e-04,6.001751634754550889e-05,5.345932610426682580e-04,3.302919538482874365e-04,-1.495450148246554689e-05,-2.946413631007013616e-04,-3.437946699364282949e-04,3.394609232068236302e-04,-2.350982994930592769e-04,1.723042735274100544e-04,1.280953783949892780e-04,3.081352741117869966e-04,-3.592262495144332908e-04,7.730890882572579717e-04,-5.976433398742069273e-04,1.053753026633579720e-04,-3.372591824466121980e-04,1.403253970921353058e-04,-7.173519813659002425e-05,-6.739838750724298430e-04,-1.645782374019762195e-04,1.735529433078639172e-04,-1.202728355265148268e-04,-6.620694500392296710e-04,-9.385990366054484122e-04,-8.121989500177524864e-04,-1.239221402754544111e-03,-9.853103797669198263e-04,-8.976831755302126835e-04,-1.404779114671394656e-03,-9.818707651122185118e-04,-3.549122800997932871e-05,-2.140779988046449117e-03,1.539529720773319486e-03,-9.439345958884453637e-04,-1.963313793033684678e-03,-1.521532148397713091e-03,-5.685024654111911664e-04,-2.572275481108658723e-03,-1.535517737018873147e-03,-1.845119008103528364e-03,-5.219614264097056531e-04,-3.023786544322991290e-03,-1.887812182181435733e-03,-5.054143103656079036e-03,-3.795049772080885762e-03,-1.509030323686188710e-03,-5.225957979134706298e-03,-5.697414994184915420e-03,-3.029969065634470927e-03,-6.608523347623699619e-03,-2.989848492540592324e-03,-1.604457825121887241e-02
-1.126148864719811590e-03,-8.919039818161876923e-04,-2.643888192562764833e-04,2.438093613149051181e-03,2.344557617999860259e-04,4.729364208722916345e-04,6.266732546657928366e-06,4.774207281367417576e-04,1.186485546493595014e-04,2.900232999214488803e-04,2.662517233377727178e-04,5.795797355216360307e-05,1.496785503830981860e-04,-2.516839666754528424e-04,-3.613559838240810930e-05,8.752936340452596243e-05,1.200694680564054338e-04,-3.473044686682682505e-04,3.168003449262104805e-04,2.882742446351156435e-04,-4.006252066221029930e-04,7.468723417757740105e-04,-6.961515527493684083e-04,-6.418699721907520457e-05,3.313180222590847001e-05,-6.455341360611070592e-04,1.717901031936142780e-04,-2.781991689930271702e-04,2.078086596379559925e-04,-7.363074078236038359e-04,2.343146037798102808e-04,-3.543663879571737666e-04,-9.061286327709927981e-04,-1.161973346466856896e-03,-7.343867335989796982e-04,-2.005000736513846710e-03,-2.755181765461467750e-04,-1.391033807873509913e-03,-6.436595730135728820e-04,-1.609143128367974181e-03,-1.053098336515567507e-03,1.359009197327140134e-05,-8.376793005231063195e-04,-1.058257734127891455e-03,-9.988147390271714856e-04,-1.518748179565642840e-03,-3.020478127508105255e-03,-1.970659656956553433e-04,-3.786086460721113959e-04,-3.524330188531694594e-03,-3.588751713788922333e-03,-1.940482517660600684e-03,-5.365419005171206956e-03,-8.752516637334182290e-04,-6.584341215481131701e-03,-3.117856068468266659e-03,-3.862031681456623046e-03,-5.077023071441104721e-03,-6.535084939349800233e-03,4.254550986463110154e-03
-9.830130918205897891e-04,-1.185428548775773177e-03,-8.268049359802848077e-04,2.746095901728188584e-05,2.170428204044397118e-03,2.653825828359051772e-04,3.818023179166374478e-04,-8.811146014785379091e-05,4.087307928809506179e-04,2.472282210323252538e-04,3.249263264923480353e-04,2.216421509804149953e-04,3.786006090054062044e-04,-1.767991544072823422e-04,-3.199801887926346654e-04,-3.853186796497067663e-05,2.347569350038381615e-05,4.372999882849333162e-04,-1.721411200475532824e-04,-6.706338713399291960e-06,-5.857337511450334588e-05,-7.973895349477533767e-05,4.958725049343334522e-04,-2.645140452389176827e-04,-1.777151009529871013e-04,-1.310469443401494590e-04,-1.052965121969368740e-03,7.605561664827260838e-05,3.110989373693266312e-04,-4.609379137219284908e-04,3.845027509832852687e-04,-6.532261899458813130e-04,-8.887768768305186499e-04,-7.197971515295000953e-04,-1.718086485791509412e-03,-1.090375308248458424e-03,-9.190463543921548054e-04,-1.172218251382668198e-03,-1.246942266514768603e-03,-1.084808110388132268e-03,-3.331841331150715239e-05,-2.448743339298309254e-03,-4.446281545698035432e-04,-6.750822430232748155e-04,-1.311551597225676024e-03,-1.932999235811393548e-03,-1.843922808334385330e-03,-2.886414864364817909e-03,-3.507676273011599483e-04,-1.795752201744121260e-03,-3.366599453722072567e-03,-1.064047266784139091e-03,-5.301639588394905199e-03,-4.742106303385169690e-03,-4.930350508514470993e-03,-5.967052339347867114e-03,-2.452145783906148520e-03,-6.533068116999779171e-03,1.393513956172614588e-04,-1.299747680306523150e-02
-1.937417410833934507e-04,-1.045214581410561444e-03,-1.193237824408827433e-03,-7.642375174669350461e-04,-1.464912698828217899e-05,2.068804385388461637e-03,4.676557303431641815e-04,2.749789653881827469e-04,1.828701863487223306e-05,4.032908553368754335e-04,-8.759792163400854977e-06,5.052958495060078624e-04,1.264283721356567792e-04,2.940548014831803614e-04,2.314821620360897703e-05,-5.400221819124665637e-04,-2.089914531841396767e-06,8.139265096917603411e-05,1.126209601774315848e-04,1.396059181603408097e-04,1.105921580145633896e-04,6.589303872949882975e-05,-2.732743484660979903e-04,8.462953329341746421e-04,-1.086694100716019103e-03,-5.301511187579342321e-04,-3.584121166438552022e-05,1.486937073640489347e-04,2.268343024973894185e-04,-4.188181547159110360e-04,-7.417966192074268396e-04,3.628878940127222476e-04,-2.292436646492190583e-04,-1.135518620785195892e-03,-1.102360208865273529e-03,-1.460965736688661946e-03,-6.875888586838127927e-04,-1.018303540805919061e-03,-1.563263221725144170e-03,-4.077532658030421850e-04,-1.820658715057644995e-03,-3.495556099869864689e-04,-1.762362579915682272e-03,-1.065228067352036153e-03,-7.703575099477779579e-04,-1.682513363453513010e-03,-2.631731763184612730e-03,-1.357886518042851281e-04,-1.474612443061990019e-03,-3.876430846409234521e-03,-3.790131817956907362e-04,-2.717589324118745153e-03,-2.325684335671563633e-03,-3.090869936384058395e-03,-6.396729722247875526e-03,-5.420732693840863391e-03,-5.031489005218495875e-03,-2.524370597292393235e-03,-1.112767054144469733e-02,1.423146901130818015e-02
-4.369665458504474196e-04,-6.342935824609353523e-04,-9.421871770176025451e-04,-1.224455662314926805e-03,-6.531323582684591235e-04,-5.291050090759806730e-05,2.179725651663770667e-03,4.028033388307028333e-04,2.183129978953146590e-04,-1.216743121116229617e-05,5.558588695317401253e-04,1.485049819204418064e-04,2.821489947542436274e-04,3.492024467249602005e-04,1.187988564355923495e-04,-2.630464066473114679e-05,-2.687258829405593562e-04,-2.608635847054106751e-04,1.472900164219000075e-04,1.030078339461671256e-04,-2.763634843367820555e-05,-1.237276302432818687e-04,4.602436853781201884e-04,-1.820385639301248814e-04,5.496608753877136981e-04,-1.705216831682319868e-03,5.377343895454592560e-04,-7.331028441209238916e-04,-7.635226743341848581e-05,1.451636616017356555e-04,-4.611701780230800058e-04,-1.658235850932648816e-04,-1.533325215695175575e-05,-5.158946908831222276e-04,-8.790634125925093348e-04,-1.022717860484557983e-03,-1.476622394906571770e-03,-1.713340812482780752e-03,-2.950874902439174310e-04,-2.074661999636433305e-03,-4.894184273898585661e-04,-1.265690278613995894e-03,-2.102119463593062326e-03,-2.545605759208135642e-04,-1.441519007980341695e-03,-8.698282242921768527e-04,-2.305676412121915580e-03,-2.098146432333941169e-03,-3.670231040497411775e-03,3.744931062449562403e-04,-3.619879904285153160e-03,-7.698820336163614026e-05,-4.553477259880976333e-03,-2.459199070620776174e-04,-2.206132435822847834e-03,-5.891200565713555076e-03,-6.701162141841124874e-03,-5.443462668804564288e-03,-5.163122395516750451e-03,-9.995642824933309925e-03
-8.490881770310177877e-04,-6.425624298544665340e-04,-2.876360511647544759e-04,-1.064317094635582961e-03,-1.078982599867911452e-03,-1.132942151722337882e-03,1.207587090023750373e-04,2.070998720103501244e-03,6.104688235336025014e-04,1.371149772004358607e-04,-3.363574865125453840e-04,5.082187822646348557e-04,2.940720789863900055e-04,3.032410916366665089e-04,5.002333615824121164e-04,8.773682543601267448e-05,-3.943419354467052156e-04,1.140628845698428770e-04,-4.759078560770906409e-04,2.552224633295086475e-04,-9.985563462706023867e-05,-1.322538622145993145e-04,2.813771651702180786e-04,2.331424910342044386e-04,-1.958183979240557949e-04,4.749762180613300070e-04,-1.121434780906063050e-03,6.549944154568190097e-04,-1.315620085798521483e-03,-4.189622117841337325e-04,1.990705335049217214e-04,-5.784140480660178224e-04,4.777346321710113433e-04,-9.105269160063129454e-04,-1.880288632590711292e-04,-1.390730693575588199e-03,-5.329707474047240632e-04,-1.580746064993302684e-03,-7.420979376216668786e-04,-2.366551004008257426e-03,-1.356993340643477750e-03,-6.830331341368701134e-04,-1.258810229489968876e-03,-1.735035381780644865e-03,-1.271402416062964065e-03,-2.209599343790849112e-03,4.265558818951655754e-04,-3.933036458146419237e-03,-1.622892609426452139e-03,-4.907874609574908349e-03,8.511735666136499784e-05,-1.927812754294464448e-03,-5.631663550121551905e-03,-2.421822224319170134e-03,-3.276824677608821713e-03,-3.218461853068909067e-03,-6.398921106475223726e-03,-6.317230846619655525e-03,-6.661286173963914224e-03,-1.759839076016814913e-02
-1.107055183674610695e-03,-7.882942649945339506e-04,-5.901268802499820164e-04,-3.607411434167431428e-04,-1.019406495573870830e-03,-1.070266202830552757e-03,-1.008955716999348964e-03,1.291343336697614586e-04,2.103343831471064882e-03,2.569812737816353138e-04,2.700867056635614951e-04,3.299020901197104139e-05,4.731889093634623357e-04,7.167482965748834557e-05,6.166451390672375999e-05,7.240381830421311303e-04,-1.456328286427310424e-04,1.142041771406430349e-04,-4.708263384799004476e-04,-1.049934037580757225e-04,1.316909113774597821e-04,8.054917768559269754e-05,-2.200668984009138194e-04,-3.246718953977550275e-05,3.171321206847868427e-04,-3.931504498174007633e-04,9.729788560382776922e-04,-1.709911644292901739e-03,5.483037079140433423e-04,-2.715682003826202996e-04,-7.586148383401979459e-04,-4.563703786549054412e-04,-4.571025021382597669e-04,-2.823435274021405725e-04,3.188708431494805874e-04,-9.500559114961896123e-04,-8.518271617532028337e-04,-1.139819286947713886e-03,-1.667006523021951660e-03,-6.608673396959099510e-04,-2.481722052270515181e-03,-7.692323989625551688e-04,-2.153632571451827640e-03,-2.097935585947203075e-03,-8.578832647322866961e-04,-1.628633317042738624e-03,-2.473770734120164425e-04,-8.827954034535113971e-04,-2.947365357507171404e-03,-1.298262650479711658e-03,-2.301841628906389856e-03,-4.830438484198249470e-03,-1.034392158235958922e-03,-3.770058128616992016e-04,-5.063283959511516268e-03,-7.561801324116351644e-05,-4.693424250292929471e-03,-1.088704279998864259e-02,-5.060890801755165043e-03,-3.694253212254706206e-03
-7.091632020291450001e-04,-7.403064789618389770e-04,-1.051972259136350375e-03,-6.929181691106693110e-04,-1.631682499228370308e-04,-8.905626408611719801e-04,-1.290009744056249286e-03,-7.856204833834099085e-04,-1.452753490914211558e-04,2.194599340180188908e-03,2.263876093516110593e-05,5.182349756020301641e-04,4.770960623766050212e-05,3.666841130289186235e-04,2.775540094046037294e-04,1.813231245994649944e-04,2.515457494202402657e-04,1.087243526652155234e-04,1.732636230420578441e-05,-4.323728098418864628e-04,-2.916382371107072505e-04,2.321038112896834743e-05,3.397795102384478069e-04,-3.252663343329063568e-04,-1.807930171909407843e-04,2.944046929587152122e-04,-2.884216525662058471e-04,6.347165180782969639e-04,-1.168596155043290100e-03,3.184638472033480606e-04,-1.412046792211763772e-03,-2.558154941294688784e-05,-4.481461879161164122e-05,1.859490956239665134e-05,-5.537004406632167058e-04,-6.907508695040165967e-04,-3.721036428797858489e-04,-1.441083755875456531e-03,-1.480039880845598768e-03,-1.763697510036640577e-03,-9.989173614443115374e-04,-1.720599869332537554e-03,-1.744445529086020505e-03,-1.490757670880140176e-03,-9.833073117851754731e-04,-7.852556206186504404e-04,-3.711574441888147204e-03,-2.234178417234385206e-05,-1.785888195202995493e-03,-2.435889835082637265e-03,-4.749617815357571639e-03,-4.895484584518096328e-04,-5.695423742857690964e-03,-2.442359258904719128e-03,-4.456140121910442823e-04,-5.379794893716461322e-03,-3.080111353033922802e-03,-2.958082106448994917e-03,-9.751334307063923290e-03,-7.409904090115480109e-04
-2.241884563136611213e-04,-8.806812802788551581e-04,-1.055135330751929331e-03,-6.199150445019489634e-04,-5.296783035509835093e-04,-4.808408955768103134e-04,-9.973573874091916803e-04,-1.195689378063480909e-03,-6.905924529441070979e-04,-2.548678603454318709e-04,2.022740976488206135e-03,4.603343911611936195e-04,3.951668203517640218e-04,-1.549000629560053695e-04,5.663708555396790995e-04,3.820945244630295014e-05,2.369788734740510029e-04,3.639566957760205349e-04,1.606412157810097415e-05,-1.099703026659104203e-04,-2.974243647406079596e-04,-2.059056186081017971e-04,-1.187765294866125978e-04,4.882748898376240845e-05,-1.118114846388980002e-04,-4.724428279014673127e-05,1.146291907069288082e-04,-2.897533394024053390e-04,1.055256265115497990e-03,-2.076104712943342874e-03,6.931671326577080192e-04,-4.724464648783597751e-04,-1.367341611230286870e-03,-1.275586184670243122e-04,1.002880702013945422e-04,-5.816792994126152375e-04,2.030316365792072020e-05,-1.675449199643241904e-03,-4.637056378538748818e-04,-1.705801640006214537e-03,-2.264680207925701648e-03,-8.181289932533654038e-04,-2.273898436742789828e-03,-2.068480674751980129e-03,-7.471580254879838390e-04,-2.723655821878290858e-03,-2.608300047102479402e-05,-2.688883606349976724e-03,-1.942027543726852420e-03,-3.087113502427974061e-03,-4.800974692186335871e-04,-5.461130083156864011e-03,-2.698617524694377299e-03,-1.315407291503951828e-03,-3.507788754383898196e-03,-3.539368928750982572e-03,-5.901084108908322481e-03,-6.057322360669554519e-03,-4.693042840094845819e-03,-3.564477278286589529e-02
-3.721402671281735016e-04,-4.222934703436421436e-04,-4.795384077039244425e-04,-1.035153896750961710e-03,-9.904832623068569094e-04,-4.587562911016863183e-04,-4.861123800577173094e-04,-8.138546532510258953e-04,-1.508976849383359201e-03,-4.913902878882324280e-04,-2.665930502810874808e-04,2.180403816697972733e-03,2.380415166748587198e-04,6.314753075210708310e-04,-2.460366527159009551e-04,2.827031289986108725e-04,1.470785069339467280e-04,4.201692286581858323e-04,3.782741728288885200e-04,-1.168361778088167604e-04,-2.893666100611207550e-04,-2.485412401871585917e-04,-2.827448956341135065e-04,-2.809771831293341425e-04,2.729300213107253105e-05,-1.286261658754051115e-04,5.328224609234868394e-04,1.848902367499644409e-04,-6.153506369668642045e-04,3.563638187059788281e-04,-8.836400148754490610e-04,-1.252550392978346539e-03,3.921729921093580713e-05,-5.477243813184266797e-04,-1.405419089475130629e-04,-2.827747198869349078e-04,-5.922318795105066622e-04,-6.160781692819215349e-04,-9.426615218725901925e-04,-1.823269412628271803e-03,-8.745076828617012743e-04,-2.089365265231177878e-03,-2.337822475277164230e-03,-1.061682260677915008e-03,-2.768846012679382872e-03,-1.394475304510794456e-03,-1.615179696094686456e-03,-2.887996992109326429e-03,-1.595274444529262833e-03,-3.401407056043124957e-03,-3.137994980168664835e-03,-4.928053157405464695e-04,-2.879967068144445152e-03,-3.240213997740917697e-03,-4.133758810302552884e-03,-3.834219707316994293e-03,-3.831771720833794873e-03,-5.791551185296314568e-03,-3.956566991680735695e-03,-2.161125743681129724e-02
-9.998214915914291519e-04,-1.266844934976157737e-03,-1.323204658316619667e-03,-1.713745136368568589e-03,-1.750246267420295333e-03,-7.801624698220991283e-04,-6.847771498597133091e-04,-1.436826909487347835e-03,-8.088307242102972744e-04,-4.004313997810057466e-04,-5.047298575638102048e-04,-5.630765951290799421e-04,-4.509587972082712407e-04,-3.879349915675939188e-04,-7.509378228671624534e-04,-5.459614617582901055e-04,3.362770587504591477e-04,-8.920826859955970122e-04,1.994573344374647803e-04,-3.452462952072686856e-04,-1.790976150155235784e-05,-3.658262245829647236e-04,-8.735639071363967591e-04,-1.388168505641118665e-04,-7.313024648078918818e-05,-5.299404928833838582e-04,1.131097081033202598e-04,5.598731072834613144e-04,-3.376301244200539085e-04,-7.232691999912725829e-04,-8.032234658368173801e-05,-7.876252298220878421e-05,-1.342122378324923102e-03,9.065165901547448486e-04,-9.466953099577951093e-04,9.269313439539682590e-04,5.154001725309945284e-05,-8.554878240081585173e-04,-2.672937282071763529e-04,-6.090659980426081904e-04,1.012194943238602140e-04,-1.320353578062869241e-04,-4.959069726186714254e-04,-5.569599474383535656e-04,-3.753136840582444594e-04,-2.156653352137544079e-03,2.043428341980228226e-04,-3.938119160794109272e-03,2.102937393124301810e-03,-2.668070069919527016e-03,-2.144043732062388564e-03,-3.349303912593180692e-04,-3.478743482022659053e-03,-1.050236843661558764e-03,-2.181225692942614924e-03,-4.204564439725835649e-03,-2.469100006875051857e-03,-2.983677732998423794e-03,-5.946015760527881798e-03,-1.350911398246417740e-02
-3.030129514440267529e-05,-6.575787835605954477e-04,-1.339446323451519037e-03,-1.415989043442261383e-03,-1.210867891987578221e-03,-1.745102880387216799e-03,-1.308338791956728314e-03,-3.496287580958466713e-04,-1.397061126907460241e-03,-7.749219761775197075e-04,-6.609612386793826304e-04,-8.267877550123395921e-04,-6.529621180039727911e-04,-4.160176968403018496e-05,-8.362083123575585067e-04,-3.562458234177374116e-04,-7.270908263822595848e-05,-1.079898465065634664e-04,-7.500109102906061956e-04,-5.051554240140594025e-04,-4.380918176549307864e-05,-5.518490847870190107e-06,-6.586909653406988405e-04,-1.899443442876283777e-04,-1.826803555016467354e-04,-3.832172429260305695e-04,-7.714948364665021388e-04,5.960998712226297375e-04,-5.149471431458949597e-04,9.630065120871382121e-05,-7.467140887771598788e-04,3.698566229794746519e-04,-5.338096491843429990e-04,-1.152771311278887999e-03,9.843036256762486701e-05,-1.477548308434236454e-03,7.619045554306753997e-04,7.062736749333338232e-04,-1.519498570055008825e-03,6.472802591666742693e-06,-6.123567053580025732e-04,-5.207668134507645189e-04,-4.860878860465050024e-04,3.913556445675889830e-05,-1.955585472484617539e-03,-1.477885530539418566e-03,-5.404888267419236114e-04,-9.743541544112928636e-04,-4.161652783793769531e-03,-8.789148167128989783e-04,-1.147569483245994846e-03,-7.339906766087092842e-04,-3.305676122150509773e-03,-1.086078477467010460e-03,-2.786111510191144943e-03,-3.407045190617484075e-03,-1.596862442672421830e-03,-3.316156063782171610e-03,-5.489121828669418258e-03,7.869494760007178166e-03
-1.009196758997640310e-03,-3.405707549685968216e-05,-6.551398874207096197e-04,-1.564323401501014352e-03,-1.219328228595415158e-03,-1.796986519306233848e-03,-1.550971280449350322e-03,-9.257593183509771556e-04,-6.680666081936711357e-04,-1.617813666713078039e-03,-5.658611172831362959e-04,-6.834713667156969282e-04,-5.482555749269889256e-04,-6.617453535280766463e-04,-1.355813521015605697e-04,-7.729665804420087329e-04,-7.241109555786053162e-04,-2.525038646565507905e-04,-6.552035747373952980e-05,-5.957663037162448227e-04,-8.355393354595046476e-06,-1.826540757978342396e-04,6.225634074420991523e-05,-8.926299972509146950e-04,-3.149078338082610552e-04,-3.529584375423173775e-04,-2.509990658291771926e-04,-6.396581371138984487e-04,-7.848251696686502586e-05,3.742080430179509152e-04,-3.038705251062284404e-04,-1.057212118091139814e-03,7.814634383655287000e-04,-7.055564886396831648e-04,-7.185052875106317637e-04,1.779516064127560876e-04,-1.651609992854330931e-03,7.133357934050120995e-04,4.083226589381270697e-04,-4.756884785080908880e-04,-7.195835187322053954e-04,-8.447860000554782310e-04,7.010146522220528625e-04,-1.267353016702418454e-03,8.285322066315395579e-04,-1.728302953154219100e-03,-1.458143945165079735e-03,-1.072441272178690109e-03,-8.174086905150873203e-04,-1.593851737464817156e-03,-5.897550628975706906e-04,-3.238818274429834838e-03,-2.550289010754614501e-03,-2.058050797473204676e-04,-3.777141197923213328e-03,-4.962641538110722055e-03,1.383672096421840851e-03,-3.361006183009464503e-03,-4.432854991882504911e-04,-7.756736990777829757e-03
-2.929997185464342391e-03,-1.188623867688983361e-03,1.638220802848569329e-04,-8.997170950266657544e-04,-1.172720535556534159e-03,-1.649633166957280858e-03,-1.381168452323066047e-03,-1.882430086591297758e-03,-9.832675898267823761e-04,-7.809668514833242956e-04,-1.641251746954343034e-03,-1.797216472063712148e-04,-9.078880072148323883e-04,-4.903349684418870525e-04,-7.749394268983537861e-04,-3.116860366846938268e-05,-8.553354016595100502e-04,-5.269957276359005802e-04,-2.279574658308030624e-04,-2.310502580627786171e-04,-4.835014296892182388e-04,-5.850692559220877940e-04,1.742012702863104175e-04,-3.598159211194763444e-05,-8.703595023558673193e-04,-3.620003841425169667e-04,-6.376513998358368952e-04,7.964516317415054299e-05,-5.711243629523851629e-04,3.622526752433469552e-05,-5.748396451143062162e-04,2.499855393851836390e-04,-4.388202519531834447e-04,-2.949778911442849159e-04,-1.364819994099412351e-03,-3.529836621271876780e-04,9.613088802312903282e-04,-2.509399148073224086e-03,1.401302826169946577e-03,3.477438716175643325e-04,-8.817275736867794065e-04,-5.576119847490186143e-04,-1.233788632603347946e-04,-5.928006776544307143e-04,-2.945115673130849774e-04,-1.544529064337706601e-03,-1.115778476388782151e-03,-1.104890405001227515e-03,-1.131519532494347112e-03,-1.249469267429668485e-03,-5.702965412207228364e-04,-2.957129694998703734e-03,-4.086822357525500896e-03,8.151440373912631140e-04,-4.714516749562425342e-03,-1.906712079798654090e-03,-1.251122559012098241e-03,-3.906922037724175518e-03,-4.079793788938934976e-03,9.043565338446258803e-03
-3.276761309671534939e-03,-3.057303685358380221e-03,-1.185136572885058881e-03,2.797615805830513144e-04,-8.319883298735357988e-04,-1.379050672315718876e-03,-1.258260796199219380e-03,-1.682135147674527738e-03,-1.591086837520956903e-03,-1.202937128131270411e-03,-8.384478892324367938e-04,-1.289457467275754695e-03,-8.178944853438820540e-04,-5.836206922015844348e-04,-6.660519493020840677e-04,-3.628323020057897864e-04,-2.011622131935749997e-04,-1.092284436985072266e-03,-4.696942903731340046e-04,-4.974305195400507236e-04,-3.247246677720530160e-04,-6.292440295976590081e-04,2.112272598701106757e-04,-2.645660717633657451e-04,-9.712986742283639724e-05,-1.158887275196040373e-03,-1.814526909108735945e-04,-6.216721414031275766e-04,-2.956002287676544262e-04,-4.084263502779050792e-04,2.007565204628593205e-04,-3.804606132651910163e-04,-2.947168852697893207e-04,-4.024299574528080012e-04,2.600888964285153556e-04,-1.004926754075642593e-03,-9.830885203953307946e-04,-3.127014746637007329e-04,-2.355154168573752541e-03,1.261811068950006781e-03,2.426027125666114755e-04,-1.395712476507604549e-03,-4.847662832731796799e-04,-4.243137119684863923e-04,-6.125533962164605214e-04,-1.728936526982515929e-03,6.287666502353042976e-04,-6.477159403770122500e-04,-2.616101721445116771e-03,-2.036518719851799879e-03,-1.353761545279960057e-03,-3.169910253251860197e-03,5.979952775976056381e-04,-3.914614652332204167e-03,-2.404170742980263863e-03,-8.211079264716876274e-04,-3.474083714804104134e-03,-2.302605510827900916e-03,-2.164826221356468648e-03,9.734998765710586432e-04
-2.821861278365752918e-03,-3.204658996542240207e-03,-3.175186216390226031e-03,-1.236614629854490858e-03,1.821721716284875755e-04,-5.907506616891526011e-04,-1.481121482251332791e-03,-1.394603704881541492e-03,-1.617081677955552405e-03,-1.965113699785128818e-03,-1.112200986750303900e-03,-3.863792638003252884e-04,-1.829545392921027008e-03,-6.963249899409640646e-04,-4.012591263968494771e-04,-7.540082262097945161e-04,-5.225659442770167222e-04,-2.133415161575865030e-05,-1.091223752538969397e-03,-7.373416654963485398e-04,-1.595696765984754104e-04,-3.131187242267808473e-04,-8.888490461785702318e-04,-5.897336874021038254e-05,-3.490350879750610280e-04,5.338335112687418575e-05,-1.303784531820433934e-03,1.333348217662111914e-05,-9.429312169557020357e-04,-1.180920360619576535e-04,-2.641196897672552996e-04,-3.623805701184580684e-04,3.031844424660657628e-05,-6.396539642512214137e-04,-2.685327303922089908e-04,3.162946872299782241e-04,-1.035944302009815608e-03,-1.535557096527149232e-03,1.481021435345733321e-04,-3.046538566047316335e-03,1.675278798409708669e-03,-7.641456672588040197e-04,-7.306130720879422434e-04,9.075533578385280853e-04,-1.056383404762882431e-03,-1.041883370690919325e-03,-8.248671651739209430e-04,-1.282757273386286086e-03,-6.453304031509431334e-04,-1.650606663717454252e-03,-4.037929604935821051e-03,1.325339796383599288e-03,-2.376225762689159696e-03,-1.386580462128315537e-03,-5.434686322725715280e-03,-5.703811768412712403e-04,-2.896820092029115702e-03,-4.434074550337394234e-03,-3.024496411370429256e-03,-5.786335115278238433e-03
-1.428260035498072353e-03,-2.925968400682601826e-03,-3.264388054318783858e-03,-2.940722607374295170e-03,-1.220445672869153314e-03,-8.705236665731165546e-05,-5.779095902947097452e-04,-1.367433626145609683e-03,-1.493533005238625519e-03,-1.905926274091067395e-03,-1.480433421862972472e-03,-9.202747590978518563e-04,-9.556609499333266556e-04,-1.343296383320560523e-03,-8.593151379528828765e-04,-6.719994234913780886e-04,-7.413527263921328853e-04,-7.438104610951398483e-04,-4.281513408428453630e-04,-6.693396716356395972e-04,-9.337920963332910283e-05,-8.155324988316034083e-04,-3.354420418638154517e-04,-5.109583128267728910e-04,-5.037243354910797858e-04,-6.396964626892267852e-05,-5.410972331238366817e-04,-7.446461194532404430e-04,-1.936302437411010341e-04,-3.749788182675125995e-04,-8.726127949813904366e-04,-5.099841251410272081e-04,4.621511412726926415e-05,1.344637438029937281e-04,-6.778021612374446466e-04,-1.040121074919481180e-03,5.576620542356204449e-04,-1.359565611785993906e-03,-1.483507385162407622e-03,1.295766315259991460e-04,-2.589608454949096378e-03,1.178009927908808645e-03,-2.216635281735773386e-04,-2.099190904728588832e-03,1.122414408848036770e-03,-1.619146264483969574e-03,-1.638675126673435007e-03,1.411808529123992958e-03,-3.095609447587738608e-03,-2.177020491973283723e-03,-1.162985308734244827e-03,-2.836576200744645674e-03,1.623511519403738343e-03,-6.357946125838732400e-03,-5.866785476950277679e-04,-1.738629505579540688e-03,-3.666259883937874123e-03,-3.122196712772290668e-03,-1.060842463793740167e-03,-8.792684886590731649e-03
-5.933245403309746245e-04,-1.558376345005861325e-03,-2.673986274694304353e-03,-3.344367803521184918e-03,-2.980614027985618517e-03,-1.430788419652628731e-03,1.222159205817041096e-04,-7.863462098742159297e-04,-1.345778772335420176e-03,-1.562981205919308043e-03,-1.665411413117856001e-03,-1.709686813209468055e-03,-7.663543307338643558e-04,-7.956291135309421971e-04,-1.874149824627547971e-03,-4.803388929171631362e-04,-8.043277353404611283e-04,-5.280278381780479421e-04,-7.807289139858123372e-04,-5.741674819724399250e-04,-6.922660477330251898e-04,-7.195117036253730709e-04,-5.226935648726235752e-04,1.290812842649763782e-04,-1.296262382863583784e-03,-2.573554536435311785e-04,1.024843509690398177e-04,-6.332381303749814788e-04,-5.670301981651445014e-04,-6.929009885214581404e-04,-4.401538456027554455e-04,-5.508364684891811202e-04,-8.754091347652046993e-04,6.206704056346513346e-04,-6.178629725789322675e-04,-5.628541862910621139e-04,-1.391808434243690072e-03,1.557282959335040988e-03,-2.071355196048026755e-03,-7.753397744562187709e-04,-1.208386886041358868e-03,-2.257492220034238058e-03,9.814416034138887315e-04,-1.995728615055873472e-04,-1.162732872714731950e-03,-1.235200987943496208e-03,-2.102075509108734461e-03,7.048623931304268684e-04,-1.397718955059490745e-03,-2.581811567824201549e-03,9.119581640483536084e-04,-2.987417709186663412e-03,-2.320184458665334321e-03,-3.070126550017887850e-03,-2.974771110450134034e-03,-1.532820466647521682e-03,-4.434443778310396753e-03,-1.173305182425057620e-03,-1.873287106598128283e-03,-1.283266065135908567e-02
-5.728435832551571341e-04,-5.331123641324615704e-04,-1.543214589598765427e-03,-2.930260911609065648e-03,-3.265639904039406138e-03,-3.154611893459265213e-03,-1.039797429293528967e-03,-1.093361176053371693e-04,-7.162534471521416228e-04,-1.500724519222751971e-03,-1.681259088556517206e-03,-1.322148920486813494e-03,-2.115612886627583639e-03,-1.163105587784775711e-03,-4.461442831456775208e-04,-1.670640050289255978e-03,-6.043271332437095663e-04,-9.125050773063865311e-04,-7.124783795896064966e-04,-8.523458461370916114e-04,-5.222164915640671633e-04,-5.127229626744804567e-04,-3.249732536410572070e-04,-7.549077300052810247e-04,-5.188897310049310919e-04,-5.744924169024784831e-04,-1.025684826283680164e-03,5.121448728408401537e-04,-7.260323251016035598e-04,-1.053541965049499367e-03,-2.506687338007226656e-04,-7.951932944854782402e-04,1.386792149037594521e-04,-1.472934954801533155e-03,-6.411291853730165724e-04,8.678751816117375242e-05,-5.831395743522468488e-05,-1.502581423578484149e-03,1.458258838386471178e-03,-2.091311778703505101e-03,-2.897854982321103855e-03,-9.183229362547040350e-04,-1.597802223131878155e-03,6.613855769784861586e-04,-6.818253511062636902e-04,2.543977849425917842e-04,-1.617953787500202517e-03,-3.610901382517561265e-04,-1.655524869408183915e-03,-1.234035567432451149e-03,-2.705563421090255785e-03,-6.404137192391412764e-04,-2.528976058815049239e-03,-4.163463612208967608e-03,-1.235859011755734583e-03,-6.713983977780503022e-03,4.861416826852081618e-04,-6.311122841551154022e-03,2.831126044384231315e-03,-1.332812910882799455e-02
-5.753746800296725711e-04,-6.118481146475527504e-04,-4.160718796927050816e-04,-1.557216350376982791e-03,-3.051918620102795753e-03,-3.340774636599991819e-03,-3.160583984730316615e-03,-1.131551927424198807e-03,1.173113655981375002e-05,-8.757823169344577073e-04,-1.458563633366420902e-03,-1.334688944393192444e-03,-1.718106220684456446e-03,-2.069976128803740958e-03,-8.397340993309161802e-04,-6.620118752280130039e-04,-1.849905144354175527e-03,-1.063764434771191083e-03,-3.759100948451133415e-04,-7.615806179687625160e-04,-7.179491980544128833e-04,-1.383742856679071086e-04,-1.776301526591159878e-03,-2.966410517843452526e-04,-2.863042182350777703e-04,-1.786795701046593645e-04,-1.429680145558581911e-03,-2.984311695843598362e-04,7.129277030802502963e-05,-1.343389082871583248e-03,-3.029594787728253106e-04,-7.335111083459877309e-04,-3.437788282146011631e-04,-6.803482007969453675e-04,-7.114284978053105968e-04,-6.357900626582748457e-04,-8.351314765778949023e-04,2.940843116690925103e-04,-2.629139275929311906e-03,2.073522700377541071e-03,-1.502789924433272587e-03,-2.857278223755885770e-03,1.238264017186231592e-04,-2.128417011128586403e-03,7.321196838937590488e-04,-5.037189225399398441e-04,-2.260845359690284977e-03,-8.709825906577083618e-04,-5.671218517171942430e-04,-1.627971114811893692e-03,-4.872049114477293896e-04,-4.513203138660645819e-03,2.796215658954310720e-03,-5.246463531214659755e-03,-3.252415117571151853e-04,-2.240895033936046374e-03,-5.112751265442156551e-03,-1.279394519898882296e-03,-6.655088691142605796e-03,-5.720249181375297760e-03
-4.181947576239370551e-03,-4.186907207487280957e-03,-3.968146971474103939e-03,-4.392056493083883704e-03,-4.682941753809053732e-03,-4.414820378665100867e-03,-3.707359997788230426e-03,-3.973601018622597604e-03,-3.331944604759049574e-03,-3.197325403289341585e-03,-3.196090958128200866e-03,-2.446422833443169260e-03,-3.089996657163588973e-03,-2.295688303223893632e-03,-2.585488627383454585e-03,-2.022148473585482116e-03,-2.229653444170830601e-03,-1.473357406994624643e-03,-2.338966867224654116e-03,-1.781862310344722302e-03,-1.774213611745088792e-03,-2.017709671222841540e-03,-8.433181110891456054e-04,-1.059988192088603259e-03,-1.484544887453975075e-03,-9.669077322886469612e-04,-1.205751277624710462e-03,-1.892778832885564245e-03,-1.888435250365057402e-03,-8.223737350532471600e-04,-1.303815792022120033e-03,-1.717402637924003803e-03,-1.290400966678877060e-03,-4.800528112033678970e-04,-1.221505794199250318e-03,-2.788570677563095672e-03,-7.723210240546253373e-04,-1.660372696406722890e-03,-6.450265267545849789e-04,-2.356209879056033428e-03,1.420041582933214861e-03,-5.658323890010780177e-03,-2.154672450201213386e-03,-2.129363298717304367e-03,-3.670879850831210763e-03,-7.231521058399458749e-04,-1.497158968236892308e-03,-1.386048911365588216e-03,-6.693547494538479824e-03,-4.068074737670946545e-03,-3.463525029362304539e-03,-2.944297669855239219e-03,-6.282060381367594523e-03,-1.448727799494900536e-03,-9.398505620970429297e-03,-6.309630071288941863e-03,-1.737644819822217052e-03,-7.549059282832231918e-03,-3.658053975155299044e-03,-2.999680882890669309e-02
-3.750326788355375345e-03,-4.189643270752214758e-03,-3.962560888074150196e-03,-4.111866851513264025e-03,-4.500417208900375776e-03,-4.873524767254998856e-03,-4.164719843157678111e-03,-3.752630446225753251e-03,-3.968682261221775399e-03,-3.716630937485680946e-03,-2.970153965872978068e-03,-3.300347942360216686e-03,-2.870581042758803530e-03,-3.029608898201120726e-03,-1.957285684705906137e-03,-2.784535383406200326e-03,-2.169027180761461376e-03,-1.662256925299583892e-03,-2.215577954088734057e-03,-1.721006998354521851e-03,-2.182309821055420165e-03,-1.794573856980134687e-03,-1.628763836655873574e-03,-1.739836003161213509e-03,-9.532674593002137941e-04,-1.650296034298525056e-03,-8.459804429168726403e-04,-1.180746963940578495e-03,-1.911175308241632505e-03,-1.950029995439579548e-03,-1.329439637162932409e-03,-1.310861104698279747e-03,-1.632452683408167678e-03,-6.822926832952238207e-04,-1.048266847669549742e-03,-1.869923740325181265e-03,-6.542998907493122055e-04,-1.479143149390473770e-03,-1.389572017985459635e-03,-1.111612359101337094e-03,-2.999653293109000307e-03,2.392486012245527655e-04,-2.393823877527921640e-03,-4.450084018698402186e-03,-1.279946578275822748e-03,-5.674170226986907650e-03,1.383724666800827032e-04,-3.144243153720531654e-03,-3.939904559657188797e-03,-1.990319037463209127e-03,-4.995257032635986270e-03,-3.218499942112350905e-03,-5.670018696258121230e-03,-6.475872129140052523e-03,-1.172373702742579181e-03,-1.048732681226674686e-02,-3.467590419736460428e-03,-3.123738199919783021e-03,-9.812377351675428960e-03,-2.086877545388363814e-02
-4.201397171061823504e-03,-3.464199897032585636e-03,-4.152711729506737039e-03,-4.071109895904980250e-03,-4.183985242885745678e-03,-4.498542049811857235e-03,-4.916544566029567090e-03,-4.197055610147256387e-03,-3.773133865850901523e-03,-4.097477054574616070e-03,-3.632151161866913232e-03,-3.292806873982863630e-03,-2.981573904157464126e-03,-3.022654019104494515e-03,-2.907568909116766374e-03,-2.287996729351699735e-03,-2.378017870272647414e-03,-2.610870820605262505e-03,-1.818696128879485280e-03,-1.680733407431890753e-03,-2.119009609962030794e-03,-2.136978590644658931e-03,-1.902296104293110758e-03,-1.869026026685070146e-03,-1.350963306503071785e-03,-9.825601504105066931e-04,-2.056420557525633075e-03,-8.163280216864669207e-04,-1.520742936416654345e-03,-1.620789158737099937e-03,-1.653702558724649829e-03,-1.688594438570074213e-03,-2.014000584523348292e-03,-4.764878657733179397e-04,-7.944473022478198629e-04,-1.877559248680617330e-03,-1.249133750940622546e-03,-1.280338623766326357e-03,-1.269016366450205014e-03,-1.935152568759876965e-03,-1.210318580173234482e-03,-2.431102275692517082e-03,1.554687004822601104e-04,-6.542707358191141714e-03,-1.872293519942244775e-04,-4.958131666175782460e-04,-8.364856048618994622e-03,4.096810827898340668e-05,-2.013843847845007713e-03,-2.930708130331556496e-03,-4.815493846776320620e-03,-3.607944491708351634e-03,-4.571632216604420984e-03,-5.586267056389609791e-03,-6.575296092139052036e-03,-2.782187830224555972e-03,-3.648339908206300972e-03,-9.819197840858037707e-03,-8.236784445434538679e-03,-1.670619543015110231e-02
-4.987411903177956657e-03,-4.304443003264228108e-03,-3.249921109740473886e-03,-4.283139689043712756e-03,-4.261450992461199121e-03,-4.152317071676536221e-03,-4.636991598618762228e-03,-4.752012896830353807e-03,-4.237777877705715263e-03,-3.882216850162804704e-03,-4.203729971273259536e-03,-3.710458709062020282e-03,-3.127742849457170599e-03,-3.009159389973948499e-03,-3.240497709873259736e-03,-2.871515333738896593e-03,-2.312980699865733146e-03,-2.912364678489813997e-03,-2.559745987886015602e-03,-1.731334698681382452e-03,-1.487431391037388447e-03,-2.822188461091006302e-03,-2.408431747656675226e-03,-1.744572976616084450e-03,-1.788111942258306317e-03,-9.134408933914360887e-04,-1.690891002447955822e-03,-1.408887301837218791e-03,-1.121552162173170995e-03,-1.558330585203793976e-03,-1.480238401181999987e-03,-2.174012547860973508e-03,-1.535942802014028099e-03,-9.153205049647911845e-04,-2.413406015117499151e-03,-6.154082905725822856e-04,-1.726961095474525152e-03,-1.459067731390622201e-03,-4.665266649660461330e-04,-2.040216631735549801e-03,-1.919193077120758591e-03,-1.456030424013529017e-03,-2.395479861429896870e-03,7.161072167013406891e-04,-6.033394981824371887e-03,-2.508085137896326911e-03,-1.174315175773204363e-03,-7.658378585680822824e-03,-5.466393917866132655e-04,5.016280746176950004e-04,-5.725605306677410827e-03,-6.415967010953625878e-03,-4.043498679203834205e-03,-3.642421120905933989e-03,-6.546536225514350618e-03,-5.653313492211974392e-03,-4.405243884480038348e-03,-3.471513393435691867e-03,-1.112019221608835477e-02,-1.278642044659572367e-02
-6.031774752769144057e-03,-4.982516922157977785e-03,-4.108628762461052214e-03,-3.717590421301810930e-03,-4.561013848395090338e-03,-4.021253666797169370e-03,-4.133724861806470884e-03,-4.513020925171177047e-03,-5.059500210072221532e-03,-4.293168497251860331e-03,-4.115841232207951075e-03,-4.088418048077181038e-03,-3.388498950099913445e-03,-3.517353816827249475e-03,-3.244570928206924089e-03,-2.687971096085011412e-03,-3.144194862495603478e-03,-2.497864898502183059e-03,-2.477600654902356678e-03,-2.847922665921277449e-03,-1.341068069788344322e-03,-2.406842628624989485e-03,-2.042144165922233062e-03,-1.870205892056909895e-03,-2.145538299910051440e-03,-1.842110178557878437e-03,-1.124454193879862460e-03,-1.895936244991410597e-03,-1.952955461795952315e-03,-1.639603977787505804e-03,-5.026405116924035623e-04,-2.632620666782150773e-03,-2.366036371006709042e-03,-1.281527885891179991e-04,-2.593359326453005195e-03,-8.305999999342955284e-04,-1.722348077092439918e-03,-1.199939634712041949e-03,-8.708848402470364914e-04,-2.048969937525274738e-03,-2.177592523387336405e-03,-1.648673079418364051e-03,-1.054160035664197890e-03,-3.607112656455596037e-03,1.559936405178541808e-03,-6.971533279905618892e-03,-2.226958175524700913e-03,-2.348425461830133502e-03,-5.475262425024707107e-03,-8.924194708087784193e-05,-3.399419819531461669e-03,-3.002581181310078756e-03,-6.391569617630522837e-03,-5.283371249554016588e-03,-3.255443464634525524e-03,-8.520859426340230899e-03,-5.611522674772257031e-03,-8.720371176270322322e-03,-1.264311456434836708e-03,-2.284856149166301226e-02
-6.357203288774203841e-03,-6.197853782013599405e-03,-5.160038522566352641e-03,-4.285151514828702303e-03,-3.370779237502684583e-03,-4.515042069025683967e-03,-4.402251387475153779e-03,-3.868604492250460325e-03,-4.672919833512778967e-03,-5.174977484620350669e-03,-4.396915502072685014e-03,-4.008359586412928166e-03,-3.913483462308686711e-03,-3.937981800268416759e-03,-3.176624783845962818e-03,-3.385696468195132508e-03,-3.139640946587915222e-03,-2.890124216939428219e-03,-2.254269777259847347e-03,-2.798219576893901366e-03,-2.736083002391207289e-03,-1.705716217473132951e-03,-1.806576599366895150e-03,-1.885453034671486427e-03,-3.329920704302119765e-03,-1.558639267652634766e-03,-1.819279652322525892e-03,-1.730455810545147594e-03,-5.341931204813466600e-04,-2.371037614903310012e-03,-1.492126048758661257e-03,-1.445293983890935142e-03,-1.571442955926779725e-03,-1.417248316815746456e-03,-2.597463354500500945e-03,-1.313941510127508922e-03,-1.220155685096688258e-03,-1.838566839473148142e-03,-1.743305040572831017e-03,-1.418813701233436224e-03,-6.762667528555483219e-04,-2.797097350684344102e-03,-2.088245911431234163e-03,-9.089607034375093032e-04,-3.055028474712554853e-03,1.674944662588691421e-03,-7.945465598670500840e-03,-2.455764257639448007e-03,-3.659821612986368863e-03,-9.689631577537549667e-03,2.991523665939438414e-03,-3.964431209360111744e-03,-2.624232118705120166e-03,-5.097621995302805548e-03,-7.303650896833664696e-03,-5.611810428950224361e-03,-2.314512500397106036e-03,-5.761904419994008306e-03,-9.615763858565218314e-03,-1.166253653158677225e-02
-4.992363480237339141e-03,-6.413210177311156127e-03,-6.554066362646146504e-03,-5.064689580795333525e-03,-4.302841926896584616e-03,-3.341221395697711698e-03,-4.724190122678570934e-03,-4.280929041776656944e-03,-4.004389645312431655e-03,-4.837190381953922376e-03,-5.011112704185334034e-03,-4.608260909042104052e-03,-3.826207247286267290e-03,-4.147625597607287710e-03,-3.855126562970612354e-03,-2.968647146493529586e-03,-3.719551656834824572e-03,-2.730191603283618675e-03,-3.322244909112528552e-03,-2.493883694720574161e-03,-2.749667638256991006e-03,-2.445018101858469767e-03,-2.189710012531309417e-03,-1.965308424780103699e-03,-1.924930889967574939e-03,-2.455848545704221453e-03,-1.953852624958576489e-03,-1.916841718953046694e-03,-2.333930117526422307e-03,-1.067979103994959062e-03,-1.680108478934849063e-03,-1.765473877511169239e-03,-7.002722461075802174e-04,-2.129571883283336037e-03,-2.478867673642411000e-03,-1.364796374505347024e-03,-1.139646909121428331e-03,-2.445100036761077653e-03,-2.754304152563626616e-03,-4.252061858256763198e-04,-7.561575826074507043e-04,-2.831404912589529591e-03,-1.965227230903505463e-03,-2.146164100666071717e-03,-1.032211982807099268e-03,-3.364805066978605180e-03,1.785121745263643306e-03,-7.050905429546238529e-03,-2.711595540843082363e-03,-3.189888411225300004e-03,-9.173848958655287170e-03,8.005850009219856117e-04,-3.023661874098352263e-03,-6.613643471595364101e-03,-4.763124669056940583e-03,-5.088362430678781620e-03,-6.106705931174438370e-03,-7.313197195759933884e-03,-8.530441656702754394e-03,-7.314713286122392737e-03
-3.867273187066388920e-03,-5.260319037598324907e-03,-6.470086317805595101e-03,-6.152219452559088732e-03,-5.370258391334174417e-03,-4.135622231543885884e-03,-3.530530417908623545e-03,-4.807960770251081678e-03,-4.089755670774987244e-03,-4.250015690771426387e-03,-5.100538929945128662e-03,-4.684033730661231812e-03,-4.711553118468048140e-03,-3.908408385648158741e-03,-4.405006024818600673e-03,-3.370699600910446406e-03,-3.429861152287713016e-03,-3.371486425662525988e-03,-3.468619717267341050e-03,-2.784517924294007459e-03,-2.486288472641950010e-03,-2.996163439101975738e-03,-2.420886221246822644e-03,-1.774287342843404751e-03,-2.160248088906616473e-03,-2.358240412655857130e-03,-2.393087573654778099e-03,-2.831544188892913972e-03,-1.082146606965151943e-03,-1.770350934926793714e-03,-2.669013795813930407e-03,-7.793320424084732023e-04,-1.467062685872720694e-03,-1.582873483967127057e-03,-2.470230582530695898e-03,-1.242923835217408417e-03,-2.525099325961672418e-03,-6.095757038128051322e-04,-2.516986251158666050e-03,-1.574656655103768557e-03,-2.990625116023254600e-03,-1.720155899648916629e-04,-2.529343498025749416e-03,-2.187935238295064030e-03,-2.206277743926194929e-03,-7.366030361361539189e-04,-4.271692005309763590e-03,2.589669516183834997e-03,-9.763820862419936991e-03,-2.016778626064548126e-04,-4.489817330106059788e-03,-1.040386121145934345e-02,1.085763121404698583e-03,-3.214330603635424249e-03,-1.077782535964219622e-03,-8.357338668466827644e-03,-1.077679815105874427e-02,-2.662912394738991845e-03,-8.278707276283738675e-03,-5.142899372446103727e-03
-3.374362533986349603e-03,-3.647431013304828183e-03,-5.024552340868059311e-03,-6.795399123577247971e-03,-6.246173609816238134e-03,-5.456034834942758392e-03,-4.057688822229240690e-03,-3.951676977045188131e-03,-4.326714298120630346e-03,-4.523388008136876304e-03,-4.092076188514605015e-03,-4.957432584254468054e-03,-5.003984423259549320e-03,-4.738185437798679914e-03,-3.789903041926110001e-03,-4.456845272726897567e-03,-3.650333263021738467e-03,-3.693635857033322582e-03,-3.149897600607092299e-03,-3.133987842542288512e-03,-3.255580953211123854e-03,-2.790865149678340481e-03,-2.986131078742712813e-03,-2.367838363459438475e-03,-1.759184017808834927e-03,-2.036863266701205259e-03,-2.858704118674919824e-03,-2.062303993673325619e-03,-1.603644250329571514e-03,-3.253182266436005499e-03,-1.593881289938316312e-03,-4.298200804587238590e-04,-2.684094822653143673e-03,-1.454683517800262971e-03,-1.615489570409331865e-03,-1.889250149587393991e-03,-2.362900272313831016e-03,-1.869892107126772465e-03,-1.627661844579720478e-03,-1.474352517024277946e-03,-3.280165693438540347e-03,-5.785266564839689624e-04,-2.753256875963249351e-03,-1.104582300615378513e-03,-1.528851632381285483e-03,-2.381770307165817155e-03,-1.170787388629605233e-03,-5.028228788569683548e-03,1.644530288956975268e-03,-6.503811749178160448e-03,-2.110309099794099082e-03,-2.729177208952484820e-03,-1.082367590027064584e-02,-2.521522961550948239e-03,-1.988159112954876982e-03,-5.699963740643552296e-03,-5.131210023105069705e-03,-1.141095752451429420e-02,-3.722101367017345997e-03,-5.539789639354600337e-03
-2.996586928796235536e-03,-3.348476386065869781e-03,-3.803144734831156483e-03,-5.356250510986228924e-03,-6.412401728282738668e-03,-6.498629633867264790e-03,-5.238825505156475583e-03,-4.195250525660081629e-03,-3.762265207864270815e-03,-4.755093614750844147e-03,-4.574286547053725560e-03,-4.183402637539288850e-03,-4.944708851095055459e-03,-5.042403348872942677e-03,-4.952708224507977423e-03,-3.765755014655338545e-03,-4.495986290260553866e-03,-3.414524586991238113e-03,-3.882011916735446117e-03,-3.037279367641449769e-03,-3.729044848960457858e-03,-2.823161282963654491e-03,-3.297984507545626953e-03,-2.695224870894374816e-03,-2.812900577647793870e-03,-2.401932402345224263e-03,-1.750191841127844575e-03,-2.575786526519996487e-03,-2.493470776458751696e-03,-2.403109613725109422e-03,-2.483705299241984171e-03,-1.479885114091790931e-03,-8.856980981018862907e-04,-2.178450579794105699e-03,-4.455588801808299461e-04,-2.571566797207180434e-03,-2.485586610577769900e-03,-3.055679245041451053e-03,-1.324432354528207526e-03,-2.188004026501698743e-03,-2.221803472287520783e-03,-1.310866235538398839e-03,-2.203436579421858173e-03,-9.144923678369010602e-04,-3.012776290073295241e-03,-2.940065931999275017e-03,-1.188013322008053601e-03,-1.091945179410718685e-03,-4.033374125379194167e-03,1.895882685533060866e-03,-1.170870177030803976e-02,3.000332085898436453e-04,-5.312781599240723809e-03,-1.068656980168841003e-02,-6.439457511600490264e-04,-2.538747933150636675e-03,-4.682166852057896220e-03,-6.831494244328204825e-03,-7.078566251354379696e-03,2.789047994900403608e-03
-1.547955352623615313e-04,3.287450325403542249e-04,8.766651001781333632e-04,5.689901471275999375e-04,1.356793247408593413e-03,7.813301652514101055e-04,1.595766127219263317e-03,1.915060978013016389e-03,3.882621687637084697e-04,1.477614193472246177e-03,8.650999407614406783e-04,8.504075996081629984e-04,1.328469552892958504e-03,2.049785263030178245e-04,2.366187482948695531e-04,-1.584454164137083163e-04,1.048160660357564875e-04,1.459185959829751482e-03,5.872495632524222164e-04,1.634557942111254701e-03,9.178454744863462963e-04,9.775075607325266723e-04,-8.514928304955526439e-05,2.615730522085017717e-03,7.429308168426892360e-04,6.407787722867426975e-06,3.454607686640470340e-03,1.637265904333842130e-03,2.790440334724739180e-03,9.980337234345216559e-04,3.832962138084590725e-03,2.774187537942114038e-03,2.595827350439844881e-03,2.452067103191627601e-03,3.409593579480270451e-03,2.553326854309921710e-03,2.719558957677668462e-03,2.770903013719581802e-03,1.372827746046360615e-03,3.781679579279603916e-03,1.649514459189412550e-03,1.478381821274364887e-03,1.019852433433843198e-03,2.599899495529082311e-03,7.984107820954251464e-04,4.836311833560674625e-05,-1.279265571468625484e-04,4.362351480034539451e-03,-7.778097928554424795e-05,-2.414314393730120425e-03,7.090295690634588512e-03,-5.376012292721076870e-03,5.051695195618340680e-04,-5.912243082385942004e-03,-6.479178149028159105e-03,5.082582938435325527e-03,-2.622534028015235680e-03,-8.591977156761880161e-03,-4.338170232506075182e-04,-4.190889802169268236e-03
1.545437320158131109e-03,2.783699217144109761e-05,4.489671035914325641e-04,8.294110711003181832e-04,2.758891733730889709e-04,1.127696322251479921e-03,9.871439199221091962e-04,1.443637060775429396e-03,1.963953092306962040e-03,5.774134365903052860e-04,1.655097980132337609e-03,5.511456898525239102e-04,1.010690987634686559e-03,1.006547540883453475e-03,4.191132129760455284e-04,3.277145239153238308e-04,-5.004906408962539553e-04,2.146983451252105655e-04,1.241473444323558948e-03,3.713758968918875959e-04,1.460346966626323425e-03,1.377595808805756432e-03,3.084783948572177741e-04,1.347586050120579354e-04,3.002654469067019601e-03,-1.651349460524425229e-05,1.815480612564857141e-04,3.226536964305776189e-03,2.228189278775081356e-03,1.748971541789437522e-03,2.253700192950648488e-03,3.038583133283229154e-03,3.224529724268437609e-03,2.698378962476116142e-03,3.940109403054031789e-03,1.764719582477185722e-03,2.840790684010577067e-03,2.776357251339398209e-03,3.246752446967055700e-03,2.379176809942186444e-03,3.561064601778013775e-03,5.470094407766213588e-04,1.506410140927930260e-03,1.276635509582120997e-03,2.422984596046460441e-03,1.639653350429897587e-03,-2.728224033013849142e-05,2.102771000589111032e-03,-2.706673579820466640e-04,2.346767446493634637e-03,-2.552567074967933714e-03,7.480619982058761552e-03,-9.094752392964014845e-03,1.175767325224248445e-03,-2.517498671493072476e-03,-1.096978029502687288e-02,5.621265407431554062e-03,-4.388266538592879538e-03,1.469509250652043745e-03,4.533752325061214325e-03
-5.875335936122798829e-04,1.515418360015006235e-03,-2.273436181464188663e-04,6.076200029509603445e-04,7.645281695309882018e-04,1.398177219700371733e-04,1.335050547633362655e-03,1.197892927933179828e-03,1.027828010356710876e-03,1.906192025837953868e-03,4.913619576499071284e-04,1.475976151491252856e-03,7.870397115414917537e-04,7.977641510969323436e-04,1.226746905119943751e-03,1.130657347359929015e-04,2.097057047536928621e-06,1.867017091395471056e-04,-2.703706467581726541e-04,1.258568711941309348e-03,3.460042581086430363e-04,9.562322426450570439e-04,1.750950714443901858e-03,6.719015971269736570e-04,-5.820043164815571135e-04,3.059434051241044158e-03,1.257510576268511520e-03,-4.764266645436361115e-04,3.330785459021745696e-03,1.878360800843011840e-03,1.496380685616342408e-03,2.269437924487529082e-03,2.654078185889501961e-03,3.678137911410311097e-03,2.797615029861475963e-03,3.394308432077740301e-03,1.891351243823854869e-03,2.749783843748644738e-03,3.514316588838115821e-03,2.013840654318841111e-03,2.536739422045318059e-03,4.344769270990377769e-03,1.438925020649345484e-03,1.799530297504888703e-03,6.759783028801796345e-04,1.452966263148753202e-03,9.789842989634380075e-04,6.014514626507663558e-04,1.747193565154849535e-03,1.520859459192187152e-03,1.335986233279527584e-03,-3.289862033282793682e-04,5.498184822844457212e-03,-8.310432157649545737e-03,-1.313430539904506390e-04,-1.394584200980778822e-03,-7.691188672192652946e-03,1.705070676806934218e-03,-4.328099229989422654e-03,1.935712384127883171e-03
-1.440622653788040325e-03,-6.474937196637428399e-04,1.338440971537224571e-03,8.671009179023632916e-05,4.719161537248283442e-04,7.398846674914665109e-04,2.569825256671127577e-04,9.677737988397272289e-04,1.323649715630298603e-03,1.317443591019301814e-03,1.677136197450806217e-03,6.742474823953133623e-04,1.274575051617571776e-03,1.220766706645563327e-03,2.903406312452000339e-04,1.006777683612346567e-03,1.374111821139127794e-04,-7.626033500114640291e-05,-2.820063447501197583e-05,4.140280492563979385e-04,7.027052610386575696e-04,4.370049423316660461e-04,1.342290350550768207e-03,1.301238344156550181e-03,3.705851561593869522e-04,-1.833722340069525875e-05,3.257528236978666711e-03,5.239036881084285693e-04,7.093647772895623387e-05,2.534598595366585345e-03,2.436238340260719632e-03,1.912000977582686313e-03,1.813990381273429629e-03,3.219743314797198896e-03,3.700025752006473601e-03,3.607812869391447026e-03,2.477444959464984112e-03,1.404014088561832433e-03,4.203132672705775681e-03,2.016851736780475666e-03,2.416204416238655010e-03,2.872124967056897439e-03,3.149294920738185746e-03,1.318275993956895351e-03,3.057373436767010962e-03,7.500353337192458385e-04,2.591994128829989454e-03,1.913601844235178636e-04,-1.421515746651198808e-04,1.529117529232595874e-03,3.143814493390615890e-04,1.566833599196923747e-03,-2.476819037110165531e-03,1.156110877213412623e-02,-9.574098220796129280e-03,-8.136889202258780485e-03,3.315605251555383409e-03,-1.299118060444100393e-02,7.126870318618716039e-03,6.026762240591753729e-03
-3.267428262567084567e-03,-1.316505050199268502e-03,-6.979638324561642350e-04,1.730258585314539818e-03,-1.929482620902912523e-04,3.018743213358616637e-04,8.992708186820190693e-04,1.322945812851776569e-04,1.226466246679513679e-03,1.196397669987232879e-03,1.156257614849415249e-03,1.909627307772876308e-03,6.770042110028304000e-05,2.048595575737114944e-03,2.937893570330729490e-04,9.180560306742015621e-04,8.444346642002240359e-04,9.106544096706324859e-05,3.775550213137955223e-04,-3.473918153432013832e-04,-5.105438379434003434e-05,1.286268534961587532e-03,-1.946962256582912142e-04,1.204746563699494229e-03,9.367885609092341291e-04,1.401737813891466714e-03,-9.351070442921570903e-04,3.735658337127014013e-03,2.513038072408640272e-04,1.673333018618177197e-04,3.434754997515215760e-03,1.173443491323000873e-03,2.299781963611523782e-03,3.034489360420087895e-03,2.672915272820898351e-03,2.196690783306718374e-03,3.939199327375562422e-03,3.249653737580906424e-03,2.221553944865150773e-03,2.999984243503098138e-03,4.022026695164025896e-03,1.436205166184502651e-03,3.066007112881485343e-03,4.108339985577453765e-03,1.594790453740657903e-03,6.645496323159326424e-04,2.063231120107100920e-03,2.166554476080159459e-03,1.846475829053756618e-03,-7.644672195501415329e-04,1.712736566534148229e-03,-2.126460301643439983e-03,6.138009436553415639e-03,-3.161961554212754707e-03,6.438332093371806550e-03,-6.964257627661803347e-03,6.841893471081419032e-04,-2.023518695656792345e-03,-9.940804041997453391e-03,3.663685614063617521e-03
-4.398746970313966581e-03,-3.208616476315091608e-03,-1.392181645434193869e-03,-5.738809864288792542e-04,1.443032891502769952e-03,-1.870073845758635526e-04,6.010287822695219249e-04,4.509351113139670685e-04,4.232206743528435619e-04,1.242057670052894866e-03,1.006532557829933807e-03,1.319514807934583965e-03,1.356762096079998847e-03,4.073394479612604227e-04,1.950456009806437498e-03,4.880804561290318457e-04,7.047715181846073975e-04,9.086918578529659543e-04,3.057806711821302900e-04,-9.174140537873145228e-06,-4.114509825540954850e-04,9.028495876565680693e-06,1.398493369464504348e-03,3.039290769604015762e-04,1.272278605919379075e-03,1.177079107211463378e-03,6.474954512572354565e-04,-6.746189719543000144e-04,2.968426577369540770e-03,8.662651250882760692e-04,-3.813114218837975453e-04,4.202758877153544258e-03,1.282995982622222404e-03,2.098002856220825864e-03,2.658045553991283776e-03,3.410654380709154682e-03,2.121941334520105645e-03,3.801276626165433440e-03,2.175060369318281180e-03,3.174582054414119923e-03,2.979904266974208599e-03,3.899440461719124416e-03,2.106371111784354020e-03,3.354393074949799190e-03,2.693083969838085470e-03,1.318844956352152207e-03,2.381116142620121837e-03,2.857706540244341238e-03,1.405572646796679915e-03,9.524033898252644032e-04,-1.397989105090989819e-03,2.198707694174679809e-03,2.040025412088891654e-03,1.315013553569162373e-03,-3.403823224258905114e-03,9.382368030622353916e-03,-1.085283402174325867e-02,-2.724904131905184906e-04,-3.281673461506095200e-03,-3.715070397230800341e-03
-4.710255952389093802e-03,-4.390248443807167472e-03,-3.280747976028125599e-03,-1.381688442984649236e-03,-8.099958885422425901e-04,1.612664251463621391e-03,-1.892885958690938614e-04,3.049017591050476469e-04,8.841647409340908830e-04,9.348335207054308800e-05,1.420241940420455089e-03,1.022908625307003766e-03,1.437945539130357914e-03,1.849708815119375464e-03,8.807785666079304718e-05,1.311043343574507187e-03,9.847964927442039683e-04,8.006875569161750819e-04,8.159970458064773726e-04,6.356974456292708523e-04,-3.130388070263241521e-04,1.760435770144337328e-04,-7.118360003201811437e-04,1.691108875864267592e-03,-3.398726030831995511e-04,1.320395980605127513e-03,1.517947099961471785e-03,1.179186357341055653e-03,-4.695096712433107790e-04,2.821965509182660942e-03,-4.117049941265156325e-04,8.025107840527603105e-04,4.111725994906415167e-03,1.801669133180200909e-03,1.603111613557851823e-03,1.555991796453743510e-03,4.170304074200894238e-03,1.665517340785502070e-03,3.541492566387941573e-03,5.304329129829848249e-03,1.948582588448038912e-03,2.970875440596059194e-03,3.227992098421084925e-03,2.557264336733885632e-03,3.121604809748674842e-03,3.378468819624406462e-03,1.838868096112561499e-03,2.111897020037457428e-04,4.286664639440624508e-03,1.026473986703291253e-04,2.088647516555725177e-03,-1.680569770471400685e-03,1.669237436854207604e-03,1.029817029376826638e-03,2.397470828043539188e-03,-1.816517976576741047e-03,9.362997692662678589e-03,-1.146728502146362322e-02,-4.125816945590544266e-03,-4.075731030685393434e-03
-1.752476565445619137e-03,-4.724766878996321945e-03,-4.358755192008997859e-03,-3.368157107504758229e-03,-1.289470600063114892e-03,-6.923389039348537511e-04,1.329533738427059880e-03,-1.011548663990396573e-04,5.059531516316878499e-04,7.243440210058279660e-04,4.329876408282674243e-04,8.673068888640395350e-04,1.149726931112057251e-03,1.011950594077866720e-03,2.304359348041931828e-03,-2.273285886244942556e-04,2.109286700899658338e-03,4.402964863682388291e-04,7.412730538106720394e-04,8.238030265849197176e-04,2.445866161805211364e-04,-3.028036362781006633e-04,-4.449792347872826297e-04,-1.005713385987577253e-04,1.896101021295732835e-03,3.625715842674409693e-04,1.033464324001238596e-03,1.134735215410229798e-03,1.363423128594858395e-03,-5.500126327158312307e-04,2.589053306299071624e-03,1.299866209863929077e-04,3.561403233633912008e-04,3.993298152857876690e-03,2.412707087129633849e-03,1.491711895885085466e-03,2.093846145200977445e-03,3.191553836833272567e-03,3.896400218094484263e-03,2.757716798394332317e-03,2.994427158131955039e-03,2.088046440295025785e-03,4.458446282879558777e-03,3.214533907535692316e-03,1.253025176356245421e-03,4.069970651698463435e-03,4.239206594256060730e-03,2.150475379472801488e-03,-3.446744289794349283e-04,3.502605705100886747e-03,5.489313453414968743e-06,3.922489243801983300e-03,-1.474825695655390418e-03,3.346176307783496791e-03,-1.776752009515343252e-04,2.417521076979244326e-03,-5.334366112705538586e-03,1.288617802129643844e-02,-9.976337590939757249e-03,-1.041626263092065331e-02
-1.500326019385488183e-03,-1.633426519792048051e-03,-4.760381409565281156e-03,-4.474948989637931793e-03,-3.229449646398475232e-03,-1.349388640621176092e-03,-7.786118568974167552e-04,1.569616124222954863e-03,-2.131298564840174961e-04,4.345033517867877260e-04,5.483753715654550876e-04,2.920270400248124450e-04,1.495340908780819211e-03,8.419930282047166387e-04,1.091407540402072234e-03,1.682930600669242877e-03,4.274300646979717848e-05,1.344778581166324516e-03,9.774473746867631645e-04,4.707598810986985695e-04,1.212351403847610051e-03,9.622126203530980424e-05,9.882006366890638892e-05,-6.359306793534078841e-04,4.160446748354416674e-04,1.125519170595178781e-03,4.807211951797421405e-04,8.096494254472166949e-04,1.554616355833409163e-03,-3.569436221244145667e-04,2.859584819253129721e-04,2.897617564590361343e-03,1.006697230238336833e-03,-1.175155846055335159e-03,4.910129828502037865e-03,2.891541111340461667e-03,1.596148428472434540e-03,1.642690198006391917e-03,3.411180986225267019e-03,3.289401087211437681e-03,2.424024350764794264e-03,4.458916513698537101e-03,3.310197931185407286e-04,5.239473029329077929e-03,2.922822245635695211e-03,2.803140152303649265e-03,3.308968990407913473e-03,4.783801227839439875e-03,6.420994212070291413e-04,1.540252124173790375e-03,1.798383816866123541e-03,2.399774935637275473e-03,-4.282533544076402464e-04,9.039727668435320988e-04,1.531853360517624555e-03,3.655177102045406318e-03,1.769053829093657259e-03,-4.881689817179696127e-03,1.268495943366299873e-02,-2.648809524149511527e-02
5.377542329407177012e-04,-1.639480911543721164e-03,-1.433386024852595928e-03,-4.931907132336582796e-03,-4.417038358306062638e-03,-3.510020434938080757e-03,-1.214410722130152085e-03,-6.307030863616496386e-04,1.595607383371389727e-03,-2.213193641255675748e-04,4.260429677655596498e-04,5.520972067365171026e-04,3.364891283065508053e-04,1.017625501251438660e-03,8.970103860516310439e-04,1.302462754636703060e-03,1.463591147678098463e-03,6.534605001788010683e-04,1.393225430336479881e-03,5.199708257823811930e-04,-1.006945381929294400e-04,1.750105739648830094e-03,-2.520516162845736373e-06,-2.187376056869575012e-04,-4.314712235280712726e-04,1.644225643691876737e-04,1.834400856654488801e-03,-1.405527988451509366e-05,6.585714352466973467e-04,1.485344192478410368e-03,3.970689225949758806e-04,5.709046915068511372e-04,2.917577808826938776e-03,-3.754251210192212059e-04,9.713139306761175951e-05,4.195667450583914944e-03,2.666056253605008503e-03,1.363779971096343606e-03,2.356182000261147508e-03,1.792168707876498754e-03,5.367729033870740317e-03,2.748953844489382663e-03,4.082221207031140088e-03,1.888424348281898422e-03,3.517998867327386606e-03,3.410533505212361843e-03,2.929177089571468554e-03,2.931774435349240437e-03,4.747253015639879038e-03,-1.044329292369754582e-03,3.271524512099798811e-03,1.665337920703849339e-03,3.983009004321030541e-03,-1.312518254771000018e-03,2.783473869711782910e-03,-3.424293303986143216e-06,-1.430370115581416869e-03,4.198825793694341800e-03,-2.068429492621429860e-03,-1.830099402331934744e-02
2.580469681679220615e-03,2.807982065165890578e-04,-1.186085513298450970e-03,-1.771561491294576258e-03,-4.899172451589366845e-03,-4.476771111443089181e-03,-3.278000168183276431e-03,-1.473342199066909322e-03,-6.419081180992495172e-04,1.363446214666868845e-03,-1.815108397360013447e-04,6.212820612723689252e-04,4.886498623301146127e-04,-2.388309858540920281e-05,1.445774739185068771e-03,1.131528495051828008e-03,1.092226634551786944e-03,1.583462553371380076e-03,4.573884880253332856e-04,1.469585791817176095e-03,3.969060665262618055e-04,1.010520038014792264e-03,1.143916481492227195e-03,1.379412088338720561e-04,-4.774301480214977701e-04,1.370019533417056120e-04,-1.783880113546219956e-04,1.144156693349726930e-03,-2.587263210393219467e-04,1.916441530719216902e-03,1.305166023155203414e-03,2.261940638000620586e-05,-2.292871961592007012e-04,3.639972904705029641e-03,3.507134191249568016e-04,-2.506814697672878620e-05,4.137090738941063238e-03,9.963047723504604367e-04,4.087361621957949845e-03,1.443920259532170507e-03,3.554989332299622867e-03,1.399917692655268083e-03,4.492904343275497259e-03,4.476692830842309012e-03,2.337416215531773998e-03,3.270640777730717506e-03,3.323888525953904230e-03,3.986479143463752400e-03,3.055887482760234319e-03,4.841870844938678774e-03,1.368082029036340888e-03,1.534713772694805758e-03,3.153535067840274909e-03,2.284742148073243967e-03,1.850270061177029313e-04,5.111447844749797105e-04,3.054140847519824179e-03,-4.426552647884976835e-04,3.303653454042885899e-03,-3.081418575962991888e-02
2.863130568264484269e-03,-9.114748263673987799e-04,3.305143946161462516e-03,-1.067289614167683798e-04,8.837550554629792186e-04,8.586505870894486220e-03,8.324027350096855921e-04,-1.960118363594580068e-03,1.935102836080126532e-03,4.561377905260436197e-03,6.341121249123008591e-03,4.753954545454471860e-03,9.471854884905039906e-03,2.015755772681998396e-03,-4.307703212550968220e-04,3.968636192435029929e-03,3.506043143312586111e-03,2.304885088343930268e-03,-9.759375227964717670e-04,4.919733678781455441e-03,6.200596021732822198e-03,-1.811154537147486362e-03,4.737688581177314055e-03,-1.102053219601295889e-02,6.216750590308277140e-03,7.688985162644645759e-03,6.525919462181823012e-03,1.030959649100874308e-03,-8.568215536659573237e-03,6.545221056782365640e-03,6.799188662944783551e-03,-8.427734631400393001e-03,2.643920466861258978e-03,1.293258327113751965e-02,-1.487150793996039159e-02,1.001301216449993359e-03,1.764785313695928573e-02,-1.597683221957468813e-02,2.529253118400917079e-03,-5.123729552102126647e-03,1.164248026869825134e-02,-4.709836414370348161e-03,-3.835937159176001574e-03,-5.466936361673073799e-03,-8.558771234599152344e-03,7.455418006018522600e-03,-2.464883496113266098e-03,-6.975942173769972970e-03,5.267446080475524095e-03,-2.389305429677727848e-03,-4.110222097398431515e-03,1.106740977098369600e-03,3.573899270072862684e-03,-5.216220993745582929e-03,-1.269590086918096113e-02,-6.213034827412465023e-03,1.001406438283038158e-03,-1.013558926065256070e-03,5.436315748583987056e-03,-3.270161236867027282e-02
-8.277025427534868323e-04,-5.465510777882699039e-04,-5.758332302369419256e-05,-7.804123314528752051e-04,-1.838663769372169852e-03,-1.043770598463141961e-03,-1.021602528653305954e-03,-8.568500495167584614e-04,-4.642531926708020847e-04,1.782476930873386304e-06,6.083174169446113204e-05,-2.769380447269096458e-05,5.825802570413262348e-04,-4.854645166570252805e-04,-1.540413627735134840e-04,-6.531261117873011710e-04,-1.372156672958160795e-03,-1.268364944947851427e-03,-2.114607581864874110e-03,-1.144205108850360718e-03,-1.642340649209948333e-03,-7.557637505745090200e-04,-2.059916768168869837e-03,-1.317512169783240268e-03,-1.074046837193097124e-03,-1.095862367122788080e-03,-9.562193988224256197e-04,-1.473966419438587977e-03,-1.399733219022666984e-03,-5.625262677673090184e-04,-1.689920832261643203e-03,-1.149360619102734234e-03,-7.322011679003887202e-04,-1.030206219907298625e-03,-8.227030763363580657e-04,-1.645575391375941887e-03,-2.283819853360126786e-03,1.128237346113457399e-04,6.335667156106122291e-04,-4.740646651270908891e-04,5.261952333380069289e-04,-5.548489359134519197e-04,1.214339013452938676e-03,4.311023897960643975e-04,1.004292827945018479e-03,-9.822443552170627781e-05,1.867730525454972240e-03,8.294477256236393293e-05,-4.672763293445297058e-04,-1.037377067074252536e-03,-1.415512343005691188e-03,4.853864940081036613e-04,-2.037206007367469655e-03,-1.338282562493747210e-03,-5.961410018549765641e-05,-3.141609688306491299e-03,1.006047808764928874e-03,-8.772972946671845490e-03,2.780732107355827955e-03,-2.962765634772005288e-02
6.033333333334542142e-04,9.674675934112951037e-04,1.725532988323433183e-03,2.059923635824391797e-03,1.594384760576604207e-03,1.549710820240222464e-03,1.424462896100105397e-03,1.616242373671091187e-03,1.774045246707149854e-03,1.254102512018304486e-03,2.212761696581241628e-03,2.145130112559854967e-03,2.356249493722240105e-03,1.769055334509092798e-03,2.240834868017188650e-03,1.562729129180667146e-03,1.582922745306300028e-03,8.698602268687828437e-04,1.713361216730000100e-03,1.544570703698752365e-03,6.282034061752056952e-04,1.010676529336246125e-03,9.769741095341968450e-04,-7.775297151117665172e-05,1.020406942845622066e-03,2.825091178564081333e-04,3.500609482257960791e-05,-1.158014550009767537e-04,4.407034424022222494e-04,6.547717736472751589e-05,7.197938367430644149e-04,-1.277388770495543630e-04,4.125531021743810084e-04,4.663462776870031900e-04,-6.245213265762692345e-04,-6.090152889349861485e-04,6.339259369923065787e-04,-5.883166627898697232e-04,-1.432864866738675841e-04,2.233883310512736926e-03,7.313682603301593747e-04,6.014574432437341540e-04,1.782196347693007195e-03,6.620622747852697790e-04,2.074908731402749437e-03,1.935024482785174067e-04,2.199227964018535784e-03,-1.103686817576443819e-03,4.949067851723889470e-04,-8.042519554000618744e-05,2.702971376126254142e-04,3.257038820158483739e-04,8.737972777643432604e-04,-6.773524078178681145e-04,2.469688109162339264e-04,-1.708551239570465239e-03,-3.374925489179598278e-03,2.807494842998145578e-04,-5.315229672508905642e-03,-1.105583902671676035e-02
1.965743528910778287e-03,1.986344590594638429e-03,2.721263067857812492e-03,2.730270859560551995e-03,1.958929007887946251e-03,3.021651668946281812e-03,3.441814316915614048e-03,4.243504041318752612e-03,3.977921677958872783e-03,3.555432079153916791e-03,3.985022282241668795e-03,3.431317957612849395e-03,2.781949163153646983e-03,3.065557458168626306e-03,1.931991415370431066e-03,2.569344852510043343e-03,2.768116972084292988e-03,9.583244680851998138e-04,7.727451520404642320e-04,8.211183523207553825e-04,1.125545005442544783e-03,9.125132275132482543e-04,1.291049111875851091e-03,1.762046800810395828e-03,1.303231642706910443e-03,5.595780419096751945e-04,1.355554286048963946e-03,-3.045316711590912231e-04,7.073834846309158151e-04,-5.132862339115865568e-04,3.412267576333015569e-04,4.651271781077647230e-04,9.622881867282817624e-04,2.598789480414758976e-04,5.961622329490638087e-04,-4.976622846922976835e-04,-2.756424654818967219e-04,-1.659212307223266057e-04,-1.323908123426898419e-03,-1.892450989082352007e-05,2.452697027542908702e-03,7.875259427497170164e-04,1.230445103857483310e-03,3.707285671655642613e-04,7.639557188528948257e-04,7.028895820345333883e-05,1.504133230589275267e-03,1.750830198214358433e-03,3.272641483248893879e-04,9.153551680144035715e-05,1.658865557201329383e-03,2.708163265306901316e-04,-3.398728745200559846e-03,2.261894736842141092e-03,-2.918420769147866186e-03,-3.942310082336233511e-04,-4.184022261683154227e-03,1.088661736303397177e-04,3.855005263422107476e-04,-1.219740253076648240e-02
5.739324699917580999e-03,6.591240474174399344e-03,7.371441172673950069e-03,6.532991009961906445e-03,5.720353383361590806e-03,4.905368801563926573e-03,4.283153363228747908e-03,3.585569963882036509e-03,2.564979403195041807e-03,2.181984713870843175e-03,1.551199482776125134e-03,1.893940620782730766e-03,2.152432373886551623e-03,2.672287262872624462e-03,2.494562672593852656e-03,2.506327854966721586e-03,2.765596335278345825e-03,2.665766195213159842e-03,2.737177460998023535e-03,2.583538217025416108e-03,3.267033957378949471e-03,2.168751363049315015e-03,2.705434149386215254e-03,1.802256202548183214e-03,1.539846177774342869e-03,1.145308884001165718e-03,1.759378331991667257e-03,1.100653119176425287e-03,1.761086882542385124e-03,4.276531993992474458e-04,7.152735519228008588e-04,5.854398648382965614e-04,-9.361661692869616407e-05,1.013153327048738278e-03,5.819361268794713592e-04,1.232179753668735135e-04,-8.297813814394650858e-05,8.707197410347951002e-04,2.283228799875476611e-03,6.233226636412764199e-04,3.820972727272998071e-04,1.835239313846980099e-03,1.149672823856131773e-03,7.653155984419537884e-04,-2.087526147749669192e-04,1.639205687063315878e-03,-1.719324597296302418e-03,1.065135687835014897e-03,-1.923912317205485030e-03,-3.370500943806870563e-04,-2.804343087488827321e-03,-9.907865685372010522e-04,-1.597578900198465572e-03,-1.297606796615409248e-03,-2.215772488217975129e-03,-5.736098437983286162e-03,-3.020560889338057015e-03,-5.588154043523715572e-03,-3.288205751525802734e-03,-1.778625597202819833e-02
3.821876365543263286e-03,1.909860899273957153e-03,2.283497244659045845e-03,1.613504055487112281e-03,2.248034936852187724e-03,2.193211742854135442e-03,2.152861968163446386e-03,1.491791374817649264e-03,2.152585825672165016e-03,2.173931108310855117e-03,2.127192299395998416e-03,2.750485768973718465e-03,2.971896261367561187e-03,2.626752681191738426e-03,2.416151837551091478e-03,2.789422714547214535e-03,3.465538921338594171e-03,2.673526862376211961e-03,2.538471649374210697e-03,1.917434435218603539e-03,2.133139478215717501e-03,2.145798143156683099e-03,1.678154387263991552e-03,2.117474504890284794e-03,1.663217182039967556e-03,1.837393466464482157e-03,1.679373324558122629e-03,1.581806195733777331e-03,1.363398458504994429e-03,1.188491030322233726e-03,1.118469433511132347e-03,7.555277717899134236e-04,6.380199545642987850e-04,1.857413403273995177e-03,1.452486581008124869e-03,1.997050380827907184e-03,1.039222494273769285e-03,1.498286059142977990e-03,1.212522867035216575e-03,2.277402380621178658e-03,4.758333506149383914e-04,3.368830636903488891e-03,2.452999178981917373e-03,3.617559947952216515e-03,3.218810677954546135e-03,2.084150222788094722e-03,4.565769868605787027e-03,1.806992935614658334e-03,4.438028266115272291e-03,1.443826108208872685e-03,-1.978067423942593724e-03,3.562663201728274477e-03,-3.605743112146638559e-04,7.113146924250017761e-04,-3.166093133674227535e-03,2.423340263340348182e-03,-2.197745261057523769e-03,-3.421341129179675256e-03,-3.619572831679128064e-03,-1.008028547582007911e-02
4.149339625477151995e-03,3.424799941885803799e-03,4.092148481439874391e-03,5.155855341279604390e-03,3.634209247828144949e-03,2.396338788254076622e-03,2.869264336744485871e-03,2.253825076962826402e-03,2.400142018331080217e-03,2.349054454582325500e-03,2.417149634182923137e-03,1.837501751662714124e-03,1.933025840699927967e-03,2.199032001830905723e-03,1.738492939457874026e-03,1.899314473007966816e-03,5.143665844486820923e-04,3.938094261453851030e-04,7.014017122024652313e-04,5.584287574591298431e-04,6.182126750160331233e-04,1.823133428887789651e-03,3.763745173099227750e-04,1.308390697674411286e-03,8.205125960680684054e-04,1.112765752765795379e-03,6.839357227254468617e-04,6.953818122924335272e-04,3.151058987459314496e-04,7.684250577523636444e-04,-3.650651230101842619e-04,9.194561704704887727e-04,-2.970581802274766610e-04,5.551261218706651139e-04,6.728115808823308900e-04,-5.321388742604731860e-04,6.924658108148478439e-04,1.922503425485096965e-04,4.542862382261929300e-04,8.033183619551672499e-04,1.145001322078680007e-03,-1.668704476721919773e-03,6.228280893926865791e-04,3.048824348853947791e-03,1.379426475279019485e-03,1.562546373574750505e-03,4.700789622109895097e-04,7.499219556074156450e-04,1.636903929519842110e-04,-9.010264721770205214e-05,-7.448075201432754556e-04,-1.414599820143961966e-03,1.267512230596305875e-03,-6.975855682831034327e-04,-5.406231432504874854e-03,3.621987480437952457e-04,-2.181472095222985151e-03,-1.380713704941733885e-03,-5.988741052210062345e-03,3.909529718780160520e-03
2.669867635890150678e-03,3.306359384836726756e-03,3.840586846640648647e-03,4.633375124920412896e-03,4.799232231887524437e-03,4.558884081074794474e-03,4.830357142857100682e-03,4.203053709358774842e-03,3.954067268192511947e-03,3.881437766963813374e-03,3.014573205397344958e-03,2.754794840431465386e-03,2.336741527065989196e-03,2.656239969257954189e-03,2.213765266046153774e-03,2.156374254775539605e-03,2.566485968856628899e-03,2.588399762927865756e-03,2.229072524407314359e-03,2.063215198174755873e-03,2.283299536002794585e-03,2.231228255222734904e-03,2.008085141112904079e-03,1.816723718840613025e-03,1.853382405379291539e-03,1.523793789388444000e-03,1.460806066774589154e-03,1.197019604730534216e-03,9.312468334776693090e-04,1.992147784329534527e-04,6.048927392739187692e-04,1.774446599834552741e-03,6.570405355246398352e-04,4.065148058162516343e-04,6.877553818729714675e-04,6.471854046465969285e-05,2.892305021071704782e-04,1.137454495563958124e-03,1.780331078968663491e-04,-2.238717157422222704e-04,1.157330542120924276e-04,9.839419104452665991e-04,-1.629843083185569721e-03,5.757996408769264999e-04,8.544960919641011012e-04,2.275228703683279848e-03,9.600527044423050283e-04,-1.530930090889108097e-03,3.167415452294731646e-04,-4.714365028343251530e-05,-4.297640516510445666e-04,-1.406160984466381077e-03,3.200216750770727247e-04,-3.875740916271730712e-03,1.475234654404802013e-03,6.789411946288378573e-04,-7.106034155597707250e-03,-5.113561847988255761e-04,-3.806425935947326585e-03,-1.779886844273487114e-03
1.697485284600446995e-02,1.385770023863436978e-02,1.152279617409356603e-02,9.507944186847855708e-03,8.074552751431669090e-03,6.082283544303821593e-03,5.790296112723979788e-03,3.175737152485332178e-03,3.294707305520996974e-03,2.547788168078651740e-03,2.093601968405617037e-03,2.116739992118854378e-03,1.144428136188707515e-03,1.118491849874010029e-03,1.999101115980588071e-03,9.637556512378331417e-04,1.195883641971095439e-03,-5.561501210654603298e-04,-2.955799762386802508e-05,8.356158303539457056e-04,9.042279185116240876e-05,-1.214873270232200977e-03,-6.414765695475902786e-04,2.935669792144521327e-04,-7.341416287303241008e-04,-1.105450953561895469e-03,-1.595662825998119374e-03,-1.351041944018493025e-03,-1.544266202291902715e-03,-1.391670275183826914e-03,-4.445533496797024410e-04,-4.856338028168410721e-04,-9.345002685617919466e-04,-1.105337567018831050e-03,-2.329048043262560484e-04,-8.913322251246041765e-04,1.366458631094245304e-03,-8.128520559422640346e-04,8.649862271815094870e-04,-8.347835093213898253e-04,9.675125395416633975e-05,2.090411191809477074e-03,1.873602090652003518e-03,-2.492217610970850431e-03,1.865891579974031855e-03,1.703249005819128378e-03,-1.771139735114330707e-04,1.295818245914527470e-03,2.648894460907477602e-04,-5.249820839889588907e-05,-1.339047298743393632e-03,1.488564323825887058e-03,-3.796459686867635977e-03,-3.001466002365679210e-03,-1.436608780268763038e-03,-2.194248299585595252e-03,-3.299160583941491715e-03,-1.345636023882259115e-03,-5.232963719031306048e-03,-3.338344245441341330e-03
4.536811262021646536e-03,3.091397307432290631e-03,4.415544853232513701e-03,3.201129220711878935e-03,2.172940738086601327e-03,2.688781109827561439e-03,1.300543276028773331e-03,1.864252167885589598e-03,1.224104390830714094e-03,1.433566338736396188e-03,1.037562071238576572e-03,3.177461941009169697e-04,7.657707509881540777e-04,9.488824577026093064e-05,5.691823452080448749e-04,2.190764846249174949e-04,5.126090062397842403e-05,2.100700494546783078e-04,1.079658703071625925e-03,9.542755171016552036e-04,5.609630117802995438e-04,-3.113516598366691032e-04,5.345728019399685637e-05,6.051690767518676847e-04,-2.818905472637411327e-04,3.708791208874322913e-06,-4.308620719339664425e-04,-8.772443410569942838e-05,-4.012973322225410391e-04,-4.681257604516321741e-04,5.258389878664049321e-04,-6.435165169492761475e-04,-7.830247349816699565e-05,-3.496327865186608041e-04,-7.777496096746961416e-04,4.742181576832488286e-04,-9.602638248190927374e-04,3.136373208067617631e-04,-3.120696407707202803e-04,-3.376872372945837570e-04,4.181754694532299386e-04,1.597682380354813734e-04,-3.543406895774745073e-05,1.144619586765926577e-03,-1.203645324777989590e-03,4.492015001989958681e-04,9.802367510049463800e-04,9.608686450646209169e-05,-1.288507220594848365e-04,-8.227077288314070059e-04,-2.246427497895992290e-03,1.044799948704703483e-04,-2.691179227270869907e-04,-3.118415927207066583e-03,-8.351212999693813409e-04,-2.619629688874690852e-03,-1.642521910512843158e-03,-3.505015213889373874e-03,-3.133849476244867076e-03,-9.686705495055184607e-05
-4.119482758620695607e-03,-1.179289251274005107e-02,-2.883627215189864951e-02,-3.971641193168303635e-02,-6.864469096947656279e-02,-9.256212192446340581e-02,-1.013872999785056656e-01,-9.742930470882434080e-02,-8.737470782019698956e-02,-8.878575454386573862e-02,-8.625910552372466344e-02,-6.173888083036002672e-02,-4.192911348441440839e-02,-1.644155290343886355e-02,-1.140756303468176518e-02,-2.541053952321251520e-03,-1.692657969370434156e-03,3.948848067561310307e-03,-5.422058642943833155e-03,4.580136567609955842e-03,-1.202514294332991847e-02,1.085075119480418369e-02,6.094592229947547353e-03,8.487183373802203307e-03,1.323643106869501831e-02,5.755504575077370968e-03,1.917993976306804627e-02,1.618282240726208812e-02,1.700393400790344012e-02,2.253145075287570076e-02,1.226300327040765782e-02,3.536561810208504325e-02,3.075208085220046059e-02,3.719119721549262597e-02,3.030591039189784591e-02,4.100897345566687641e-02,3.654113007224149556e-02,3.852088973235461705e-02,3.898173582328932907e-02,4.412100429101775689e-02,2.476668414779497479e-02,4.216435233950315692e-02,4.079901907164653480e-02,3.759083378715896012e-02,3.870282136858409217e-02,3.201808594926450202e-02,3.914177184314217295e-02,3.296738962459568045e-02,2.308277231017913031e-02,2.822613451589058367e-02,3.015752577319296551e-04,1.382225546176755332e-02,1.399360308798079482e-02,3.354641061147124476e-03,-5.550719668273772439e-04,-5.538610952419731857e-03,-1.001789238822553855e-03,-2.930484641638300344e-03,-2.675077228903675539e-02,-1.471482292867743250e-02
4.316168155543885498e-03,4.711052366026973783e-03,2.563710914269599992e-03,1.809796266734116366e-03,7.472195772239687667e-05,-1.359597496236480659e-03,-5.339098499591277656e-04,-1.578110146176614189e-03,-7.020295287511980550e-04,-1.475925612067258586e-04,-4.204211631568989397e-04,1.656413919617551189e-03,9.907306504762145548e-04,5.449313028261283404e-04,7.847035922845970032e-04,2.170966895619904063e-03,5.083697064173183563e-04,1.480620023140274836e-03,1.337396919351557800e-03,1.839999999999991382e-03,2.647972280472725946e-03,2.216926601100219218e-03,1.139137147923245620e-03,2.420932049767868851e-03,8.579695043739803909e-04,2.168554188320368035e-03,1.760801122760644087e-03,3.057866038370080672e-04,3.542333304772506651e-03,1.025861355036766570e-03,1.265736224334440291e-03,1.665603476442470204e-03,1.668457814661191080e-03,1.730241710074853067e-03,1.054728325853701012e-03,9.637859507477506446e-05,7.532370715080632766e-04,5.535810259547765608e-04,1.059408077103511907e-03,8.127667773010280447e-04,1.375904658721575176e-03,1.687277731767908902e-03,6.051777434311474092e-04,8.612605757552159550e-06,3.271029879211721173e-03,2.051339237668187328e-03,-1.428413279716520684e-03,-5.595385113267877094e-04,2.924547426257851929e-03,-5.745301044212257520e-04,1.834420140320877168e-04,-7.406131588013236452e-04,-1.977168985564088741e-03,-4.567695278216682528e-04,-7.616571384424844753e-04,-2.205797908518876676e-03,-1.843438945622850834e-03,-2.686727348334242826e-03,6.065513161787444143e-04,-5.924740337506911696e-03
2.214043523444555236e-03,7.000405301950682682e-04,-1.145551220258035548e-04,1.375096679243919975e-04,-1.282489510268037180e-03,-1.528040076335908989e-03,-2.349697200896405831e-03,-2.964918084435981625e-03,-1.387942006842343397e-03,-2.161909046133701079e-03,-2.255953182941918336e-03,-1.640964200616949016e-03,-1.516954147863408412e-03,-1.071962456450534793e-03,2.013760077514576156e-04,-2.951004253307969128e-04,-1.118334894534335835e-03,2.145319748536488513e-04,-3.351670910247684363e-04,2.816528535812486177e-04,-5.937187303502672260e-05,9.276625219060070145e-04,6.547178909479985098e-04,5.006392900119317757e-04,5.921363918164585611e-04,8.886115288945444597e-04,6.353826372679287305e-05,4.870313822459908476e-04,7.331437085195802563e-04,-2.692029360967130723e-04,4.997088634892285454e-04,-1.579193940015787868e-03,1.598493582861115476e-04,-8.687098550193119231e-04,-2.297566083020638450e-04,1.590496668399287361e-04,-5.313992558509116363e-04,5.106918741755071215e-04,-4.285419073456173166e-04,5.269045134359526305e-04,-5.764615460901222413e-04,9.967260096984348425e-04,-1.384789816558603163e-04,1.321762715486598551e-03,-2.072638048236091898e-04,1.048278721040900524e-03,9.315555966355135989e-04,-1.423509508520660362e-03,-9.499865945753195292e-04,-5.827355775248481857e-05,-6.239091236002196512e-04,-1.946629891397976984e-03,-3.028586412683096241e-03,1.358246973697766749e-03,-3.227134587554250471e-03,-3.008200148135946154e-03,-6.096080749294918461e-04,-4.665867671297482637e-03,-2.144244034489791676e-03,-1.352416125395839927e-03
4.564587879079207156e-03,2.909857321923207778e-03,3.556685275540948099e-03,1.688164350896552294e-03,-5.218487921872395213e-04,-5.931635176262366454e-04,-2.486971780432993551e-03,-2.551491254643766058e-03,-2.593057443647075414e-03,-9.756108597284300675e-04,-1.197417635738663418e-03,-2.175989584947767442e-03,-8.040844987919038792e-04,-1.768738669534510900e-03,8.809629147689033123e-05,-2.971450960881069419e-04,1.073146287848457609e-03,-3.334312839067121178e-05,6.234259058363428264e-04,2.495124699775787920e-04,1.594903118805885214e-03,1.522816566104282995e-03,2.243678410419160715e-03,1.528038762568830356e-03,2.399518072289206529e-03,1.879839990059826993e-03,6.379679516952725280e-04,9.990740091195919863e-04,9.902011676397230820e-04,1.436622076993761873e-03,9.052356931640507913e-04,-4.475933113279570484e-04,1.456649863619091569e-03,1.350450614398200503e-03,-6.703368980338041128e-04,1.565213551020430216e-03,-9.502334555585687133e-04,3.804281133547647402e-04,1.248386510637834734e-03,-8.838506956854492872e-04,2.059815471965893013e-03,6.327853102575371844e-04,1.708286047949425512e-03,-2.174305995039342175e-04,1.682882540146994534e-03,7.424882494004742548e-04,1.972550476696050253e-03,1.270707918196160423e-03,-2.222286752289829789e-03,-3.808161468230151928e-04,-9.453964027461353101e-04,-7.640958815958652202e-04,-1.684302325581436745e-03,-3.673049595721688838e-03,-1.014105526182453899e-03,-8.389314595273886970e-04,-2.446822495606304666e-03,-4.598940992575177578e-03,-6.986994146093159549e-04,-7.420492459555749244e-03
