-1.070395652561257634e-04,1.596507991071121106e-04,-5.622612237603253211e-05,-3.603128947367638748e-05,-3.081254696366370830e-05,-6.541323432643563428e-05,9.845164174442587977e-05,-5.367749029530294796e-05,-1.223995010395148954e-04,4.870276368648534946e-05,-6.147296288486618393e-05,-9.911642340795845179e-05,-5.335218079105105493e-05,1.135904512365092396e-05,-1.587947782446827254e-04,2.192001015755762602e-05,-1.740524707154726290e-06,-9.985747468349684451e-05,1.390380739842091325e-04,-4.401286114050693391e-04,-1.292588482757404099e-04,6.073195506695833141e-05,-8.751853764480008408e-05,-3.622681478743646714e-04,-4.077207540151673399e-04,-3.690585478557820918e-05,-2.400416033377225839e-04,-1.272790241545878340e-04,-4.174735274101462287e-04,-4.292228033176004732e-04,-4.133087000000381663e-04,-4.124558415715830315e-04,-5.971088394753389095e-04,-5.506745647840925609e-04,-2.255969626972334269e-04,-8.151471850508975724e-04,-7.069148859782932275e-04,-1.249588657853817905e-03,-2.756554695120679802e-04,-1.446687708586239917e-03,2.652041004184257556e-05,-1.826153825000010646e-03,-1.499928934027863064e-03,-6.856506818182580990e-04,-2.254409777777792445e-03,-9.453122082696215111e-04,-7.931865439469592844e-04,-4.666911796407158253e-03,-1.190773974630156534e-03,-5.571463048247032477e-04,-1.740437023866288780e-03,-2.036981388752986174e-03,-4.070182933333326737e-03,-3.377800945512811088e-03,-2.260871289855076374e-03,-5.377092709401723979e-03,5.545305885166989341e-04,-7.999964598930479898e-03,-4.953453326388878621e-03,-4.809466200967393162e-02
-2.154155881507144668e-03,-4.202700472904064184e-03,-3.090706765303368776e-03,-8.313828249620899358e-04,-1.867955253988952578e-05,4.681381426400029952e-04,2.402582488806835343e-04,-2.197884559533212182e-04,-1.068668592598436733e-03,-2.503414628370427336e-04,-1.084184008680023686e-03,-2.861209454481053894e-04,-5.614158006439138020e-04,-3.395857963580555037e-04,-6.528323683547487214e-04,-4.225665447233114668e-04,-3.225528119298659352e-04,-1.115147249327026399e-03,-7.912780962262683498e-04,4.285668234465473477e-04,-1.551193674192358164e-03,1.687609732702523182e-04,4.983541516483163064e-04,-6.395024264545727359e-04,-1.628672308610029304e-03,-1.670113422645386984e-03,-1.910719629437561060e-03,-1.182112011868683907e-03,-1.813644047321146023e-03,-5.995178402903429899e-04,-1.696441740423998076e-03,-1.572416051419296213e-03,-5.281142476314875734e-04,-1.213656127393827064e-03,-1.201100780190495626e-03,-8.938717920493529376e-04,-1.279290579243469147e-03,-7.460701154911079328e-04,-1.783726191664259135e-03,-1.059445058769654079e-03,-2.881237197931612540e-03,5.590913806799872659e-04,-1.352938752072936623e-03,-1.232694734011378695e-03,-1.286419833632404227e-03,-1.371795996728865331e-03,-2.546030379406068536e-03,-9.353083845112051403e-04,-3.262920137463866128e-03,-1.477439366231191736e-03,-2.710585006004491340e-03,-3.716875420773011612e-03,-5.431847901469803383e-03,-4.951855660465546635e-03,-2.827524337973881616e-03,-3.318749051101632652e-03,-6.793373625676237502e-03,-1.800830883448675552e-03,-3.264273927688105849e-03,1.994877848420212318e-02
-4.322494916339779413e-04,-2.527371759657507082e-03,-4.272135776550008146e-03,-2.907996598194588413e-03,-9.016183650427682297e-04,1.462721647146010063e-04,3.204120072537101189e-04,2.512094291547653947e-04,-4.246678094253868423e-04,-8.309165280095186061e-04,-1.786569535126159968e-04,-1.188625872054814439e-03,-3.694278035283883295e-04,-5.516439997379624354e-04,-3.310083055920397775e-04,-5.174637343769485911e-04,-8.384944973608206720e-04,-2.591254126693786188e-04,-7.196506433797437508e-04,-9.493983690087732510e-04,3.092599141176355241e-04,-1.493405904446887126e-03,1.313071426803376189e-05,4.760662302265872303e-04,-8.689478004156261535e-04,-1.638872416176848177e-03,-1.388200548897497357e-03,-2.226339094925123240e-03,-1.190416447773971678e-03,-1.656294635883796568e-03,-4.172972228671769832e-04,-1.952499502545181152e-03,-1.303170575143701741e-03,-1.378779669816885016e-03,-8.965933663919030362e-04,-1.380337400164079534e-03,-9.462661320608784779e-04,-1.196434954678732244e-03,-1.241126930764413841e-03,-2.052208555448104856e-03,-2.243759261836020540e-04,-3.273102096994786724e-03,4.042143055139273784e-04,-1.966705708188920716e-03,-1.171085349229915263e-03,-1.685153540299386609e-03,-1.403519279070157598e-03,-3.430500814470370877e-03,-1.366450918594012227e-03,-3.145893840292757551e-03,-5.460932329275908345e-04,-2.698220596375021287e-03,-4.279913449651711471e-03,-5.717388977780349206e-03,-6.816559184240540172e-03,-3.825250860225797803e-03,-3.296386132748583501e-03,-7.615664520255167359e-03,-3.422369098712603388e-03,-2.341634896652650469e-02
-1.328646162725775079e-03,-7.133994622963054895e-04,-2.421125656196959717e-03,-4.169412169455090529e-03,-3.089484419211014840e-03,-6.253033946112098243e-04,-2.104616312408754916e-04,4.057430669173261941e-04,3.075673402385394007e-04,-2.541164231135165314e-04,-1.013204390514422419e-03,-2.249014769283976336e-04,-1.163009734090629001e-03,-2.482636840325420664e-04,-6.089014081963041404e-04,-2.774221684109850691e-04,-7.929465510511748451e-04,-8.002372107236121459e-04,-5.244845469855659466e-05,-1.047198767640144862e-03,-1.003175590221434474e-03,5.125442041128906289e-04,-1.453748149789204844e-03,-1.068397777969299424e-04,3.525393401817725832e-04,-5.405326786155049707e-04,-1.397401586105073701e-03,-1.607944419572060945e-03,-2.669583878180303328e-03,-9.092734380872958709e-04,-1.689254018658361374e-03,-6.415308396009097034e-04,-1.931325810627032308e-03,-1.212943738154003163e-03,-1.181251716425326748e-03,-1.580722445488769688e-03,-1.053069654116141904e-03,-8.264376571226211441e-04,-2.408377269048926975e-03,-2.810180474931594824e-04,-1.652520276171262712e-03,-6.123098484374103973e-04,-3.742972311189720919e-03,4.722238054920560525e-04,-2.409913031771412830e-03,-4.720752520536048986e-04,-1.897545887826758556e-03,-1.501159372314319956e-03,-2.880559573038410110e-03,-1.281074908397945075e-03,-3.508482196305327729e-03,-9.362945201067607781e-04,-3.692686630919507322e-03,-1.632769560584254424e-03,-9.255485757253384058e-03,-7.328801179045933700e-03,-1.539926201576993000e-03,-4.142369743743047096e-03,-3.376444190924047552e-03,-4.235185570016549404e-03
-6.917520914183100016e-04,-1.509753917376241341e-03,-7.582260133398389728e-04,-2.287897147208387081e-03,-4.117157441679574620e-03,-3.131910035846570840e-03,-6.341149332296248378e-04,-1.201620100816144906e-04,4.623625985903786150e-04,1.606889942010761242e-04,-3.095533105034327620e-04,-9.167435854786938751e-04,-2.199007464619899359e-04,-1.154421021633053298e-03,-5.868524882298116257e-04,-3.513798530481160027e-04,-2.495786939773445316e-04,-7.708678213764150753e-04,-7.127254376800268689e-04,-5.144080147079789197e-04,-6.430260961789845825e-04,-1.046440466584706679e-03,2.656005816367402951e-04,-1.401818302655966466e-03,-9.794418520984386322e-05,4.082095600377637031e-04,-5.260205806218252317e-04,-1.640794562598016241e-03,-1.532872305358045717e-03,-2.884163222723738675e-03,-9.892877656177366790e-04,-1.643252147126539895e-03,-5.230033781126367616e-04,-2.184986541160784460e-03,-1.136854975338562378e-03,-1.469741025964338421e-03,-1.122303873413240229e-03,-1.606946914116306893e-03,-9.239201971825333802e-04,-2.460207674088566495e-03,-4.738428072974868431e-05,-2.606498263136485319e-03,-8.536695937975056743e-04,-4.059844927956072179e-03,-1.664771187899437548e-04,-1.516905747678744688e-03,-5.952302410249467237e-04,-2.349446309941652031e-03,-1.354448982092470782e-03,-3.866937608129842469e-03,-1.348785318153832838e-03,-4.189191018851312967e-03,-1.723130903924290904e-03,-3.434638121384424054e-03,-2.484704988630224900e-03,-8.953254145678353829e-03,-7.463718011738909586e-03,-2.629145164946243996e-03,-2.765392507060409483e-03,-2.196154868061266779e-02
-1.808028638223384233e-03,-3.945109053508571518e-04,-1.583251800866962737e-03,-6.629639950091208069e-04,-2.282107098006419619e-03,-4.328120076523729598e-03,-3.129169137883699471e-03,-5.035388227070864732e-04,-2.994317572151855870e-04,4.600284627502441233e-04,2.771625028193526290e-04,-4.431607722243978225e-04,-9.589851880575377303e-04,-2.130609164103582933e-04,-1.046142613540658071e-03,-6.990049451797569757e-04,-3.496828404123497689e-04,-4.094887076357583739e-04,-5.831975762113820278e-04,-8.102818875698361394e-04,-4.527054458844053763e-04,-8.031027114888706232e-04,-1.040917075166925779e-03,2.807110161403958263e-04,-1.185909385871160076e-03,-5.839769923455727331e-04,5.678796850294409162e-04,-6.164250466616707103e-04,-1.669995931242139464e-03,-1.849443060788398280e-03,-2.728407621214676022e-03,-8.966630347357563893e-04,-1.369545619203697221e-03,-6.789556636946033653e-04,-2.523152409133132615e-03,-1.431820024635298673e-03,-1.254555044604937228e-03,-1.538057470800873123e-03,-1.271098468032571269e-03,-1.593388952359086176e-03,-1.101398567986800131e-03,-1.660125843780320713e-03,-2.057670351202143914e-03,-6.340335534792098304e-04,-3.825056050277589239e-03,-2.255258971950755776e-04,-2.244080681562890187e-03,-2.162158758657815568e-04,-2.229441987583686679e-03,-3.187221840044494534e-03,-3.183937145791499498e-03,-1.006485981456232715e-04,-6.611138835841744686e-03,-2.544443161657448677e-03,-3.038518817014522911e-03,-3.593557073542429786e-03,-6.722553735653120054e-03,-7.003413509025401690e-03,-4.737317999076891967e-03,-3.419678645874420220e-02
2.680049586891474541e-04,-1.921198568214047258e-03,-3.470536232129997059e-04,-1.703669283716983170e-03,-5.624275569768172073e-04,-2.469293700879771330e-03,-4.225815592419017441e-03,-3.076882879917980894e-03,-7.710289738156152683e-04,2.815767549486919221e-05,3.141876804048054201e-04,3.804888046076251623e-04,-5.852772383538093872e-04,-7.668212515180847840e-04,-3.131281841581309931e-04,-1.126447597781646487e-03,-6.612317568144575374e-04,-5.298822138431872643e-04,-2.767691714402790797e-04,-8.967641423200410416e-04,-7.411854749107031019e-04,-5.840901708468095591e-05,-1.039603062418923817e-03,-1.076332931865081567e-03,3.171611313796449507e-04,-1.381830055436730634e-03,1.813428732838400233e-05,3.637281224419063432e-04,-8.650358292268302144e-04,-2.143388656819629912e-03,-1.881655831822028665e-03,-2.108366430958675403e-03,-1.403127971282590704e-03,-1.194363508120299894e-03,-1.003628232310137171e-03,-2.462082352321898204e-03,-1.676369480820926079e-03,-9.073928901776258686e-04,-2.068468556627279381e-03,-1.956606783096330893e-03,-6.291950961458065220e-04,-2.247244313187382082e-03,-1.330775018169919749e-03,-1.832511315114939126e-03,-1.119619669374872020e-03,-3.782733697593196245e-03,3.081463092644593383e-04,-2.211525659806281869e-03,-2.140436096032880767e-03,-1.050318799510459962e-03,-4.392630883657024955e-03,-1.536896045125519692e-03,-1.672818780604415270e-03,-4.560762846460309286e-03,-2.971974718923089519e-03,-3.027519595468910509e-03,-3.276930702938272641e-03,-1.055103701698033129e-02,-5.625771961395064150e-03,-2.153834950845104346e-02
-1.835945177966776800e-03,2.519524587451763974e-04,-1.945387297963248720e-03,-3.713438037914124968e-04,-1.579129026627866224e-03,-5.322663776796397218e-04,-2.383319105053072640e-03,-4.482519663290856181e-03,-2.866947973777460908e-03,-9.032057657233688499e-04,-1.136149728993814764e-05,2.280315059629145632e-04,2.647599480076970194e-04,-4.172459463314288626e-04,-8.835982829904726141e-04,-4.283580617083970125e-04,-1.136324356739050597e-03,-2.534012119685145675e-04,-9.157103364735218144e-04,1.107992873273997649e-05,-9.879443348805568102e-04,-6.954689210054728178e-04,-4.410887966445811562e-04,-9.352968522626850783e-04,-9.509549020576206057e-04,3.242311453304330378e-04,-1.788252706432022195e-03,8.166338808396676771e-06,4.436747221910202236e-04,-1.111304853024417403e-03,-1.208970737704589439e-03,-2.689140301275871892e-03,-1.978499583133170106e-03,-1.504090916791893948e-03,-1.689518954147940658e-03,-1.077536771112981660e-03,-2.067563557889247079e-03,-1.726085334689966529e-03,-1.150857858029461639e-03,-2.989864606502704459e-03,-2.616858604520807879e-04,-1.561083698874514685e-03,-1.790268790537232488e-03,-8.392734929081565372e-04,-3.668928210882027672e-03,-6.652663197906773067e-04,-4.380727769557023199e-03,-7.924453399383061484e-05,-1.772064101973239809e-03,-1.744937580093241895e-03,-2.625017647144172774e-03,-1.543926093583722955e-03,-5.104283279828136614e-03,-1.620340841344258646e-03,-3.849165803090107748e-03,-4.957350815955055383e-03,-4.612589559731630241e-03,1.091936909394749773e-03,-1.189616083255501215e-02,-8.702980588554098604e-03
-1.179857319842759350e-03,-1.822970353754119893e-03,5.037873388365851255e-05,-1.717166890448360234e-03,-2.418781223565083386e-04,-1.636517459352515970e-03,-8.001429252748532613e-04,-2.338923712386645464e-03,-4.441829065511288671e-03,-2.957277266549295566e-03,-6.559557753065085048e-04,-2.447597053431333934e-04,3.470351516626415250e-04,3.403670464052580024e-04,-4.752344051451900175e-04,-9.863001755328500413e-04,-2.786408625455750326e-04,-1.121385169091774787e-03,-5.928984003722149966e-04,-6.921637004196012043e-04,-3.365875770151173355e-04,-7.524591716292970646e-04,-9.434768492559153247e-04,-1.651798180811373635e-04,-1.017158959195012041e-03,-1.156365202810362815e-03,6.196225175235890986e-04,-1.824311911355194771e-03,-9.910904111799414401e-05,4.570888207567364719e-04,-9.825107366372672676e-04,-1.864282735706041102e-03,-1.929255729770900990e-03,-2.647401352491540912e-03,-1.424978275619166734e-03,-1.916255218969613880e-03,-9.097248278025520845e-04,-2.749810313329796672e-03,-1.227572825710818855e-03,-2.198237647287661859e-03,-1.664273044584602037e-03,-1.014163143290661455e-03,-1.748112915338984963e-03,-2.450617473249214976e-03,-1.433416327438292266e-03,-3.274768085053289448e-03,-4.329228146895823157e-04,-4.883375915158257030e-03,-8.676894192839361766e-04,-1.269693394232764396e-03,-2.090960378336474777e-03,-1.560266552287220771e-03,-4.166821643561197629e-03,-2.023734476938439820e-03,-2.906684964133362213e-03,-3.491356011909947134e-03,-5.743844804507403957e-03,-4.405841133837452156e-03,1.727499305380056545e-04,-9.244822747204262114e-02
-2.270353095706788109e-03,-1.226790638400928864e-03,-1.894397123656967183e-03,7.753549910333927368e-05,-1.575359151468338440e-03,-4.257666271090593453e-04,-1.614673830748718794e-03,-5.586387556685421451e-04,-2.540091004647345406e-03,-4.352907310352443875e-03,-3.136526687361534168e-03,-8.936375324736769900e-04,-7.783502901253863075e-05,4.967217838722561571e-04,1.217618626745129898e-04,-3.404927051695587781e-04,-1.015789373400354922e-03,-2.921593017890086654e-04,-1.291738860354858711e-03,-4.880790321239990856e-04,-6.676510774925681433e-04,-1.244996588297870872e-04,-1.023164825607543720e-03,-1.001859686632303442e-03,-2.658168167660181452e-04,-1.143647628754622175e-03,-8.017830793268262805e-04,2.225649463109328455e-04,-1.750616331835804689e-03,-4.413324127022128266e-05,-2.428532463570919672e-04,-5.249881331565106612e-04,-2.123716059585589386e-03,-1.777079543702553451e-03,-3.372849760975461710e-03,-8.317161960798831553e-04,-2.267823908049991510e-03,-1.101067342564565101e-03,-1.878210850756570609e-03,-2.863695414972881013e-03,-7.529140622628853127e-04,-2.978573448171404053e-03,-7.377568287842247363e-04,-1.127906609011913083e-03,-3.459737884743333339e-03,-9.505443188199781202e-04,-3.475954272720742540e-03,-7.098107979252207518e-04,-5.608539914974343746e-03,-4.782254049178540035e-04,-2.902043936248922557e-03,-1.433422276866345990e-03,-5.122924340445680381e-03,-5.079209854040404046e-04,-6.220773014381236407e-03,-2.390625182759102945e-03,-5.702157906601218809e-03,-2.690430190019638644e-03,-5.549627475360127682e-03,-4.271051299644861021e-02
-1.699104092233959728e-03,-2.130358725502494617e-03,-1.305359681612250225e-03,-1.721856089780988324e-03,-6.956751154909975802e-05,-1.919462432164195306e-03,-5.425266666474722402e-04,-1.489884348925188352e-03,-5.613492935033897189e-04,-2.454782009688023792e-03,-4.128476484322616581e-03,-2.871389317719564866e-03,-9.288769410762697833e-04,-9.059891541223714429e-05,2.834140892982029542e-04,9.250399172808237511e-06,-4.365222984009164498e-04,-9.301892841370805031e-04,-5.772131971132230194e-04,-1.125733955157774127e-03,-5.682378848666765417e-04,-6.268369987409995979e-04,-4.118050302818257718e-04,-9.095492592787533630e-04,-7.148989835517453092e-04,-5.581311519020635322e-04,-8.937908348091650390e-04,-8.816085451755488901e-04,-3.952467755569003612e-04,-1.689368956893782863e-03,3.520566682499047984e-04,-2.840082125275062092e-04,-1.582178698884853041e-03,-1.378195539291327768e-03,-2.822789646382092409e-03,-2.166580949572115798e-03,-1.345455843056627505e-03,-2.088280272276979693e-03,-1.325824493274763019e-03,-2.169667325961492296e-03,-2.092620728303955235e-03,-1.899131955046066619e-03,-1.562434241889517879e-03,-1.918603641836372957e-03,-1.667854452723740739e-03,-2.433596050774610754e-03,-2.461357157293038358e-03,-2.085786537390177994e-03,-2.444436426452340806e-03,-4.211547573323947725e-03,-2.093480909282998716e-03,-2.584148548515680013e-03,-2.717745452705667801e-03,-2.367858964640988211e-03,-3.143234436851493306e-03,-7.117306429910738412e-03,6.909258085520694845e-04,-9.209325160235464630e-03,-5.008140302179175246e-03,-5.728445883141420648e-03
-1.181148145904906133e-03,-4.790951817208099150e-04,2.414134691473247764e-04,-1.792471288422675625e-03,-1.502450709619947882e-03,-3.347083645358993071e-03,-2.477678835234301512e-03,-7.736458587845091057e-04,-7.208416947263550627e-04,-1.054695378180831294e-03,-1.162555090976406325e-03,-1.976700043807453017e-04,1.656652669613036427e-05,-1.773338655918846752e-03,-3.327005617785919168e-04,-1.499628923905792395e-03,-1.345824257706519124e-03,-1.106579589014340887e-03,-7.490747145921541851e-04,-1.804664241292072355e-03,-1.943472678486861003e-03,-1.347389758855159535e-03,-3.121655848750873167e-04,-1.050675418156702453e-03,-1.235097632538658167e-04,-3.975735586702118410e-04,-1.279914662642916284e-03,-3.479949354642608117e-04,-4.676098858805460183e-04,-2.206634187933131583e-03,-1.842213671546603145e-03,-7.397351838613268164e-04,-2.493982718070871483e-03,-1.453991591639141939e-03,-3.317856353699021130e-05,-1.967839155390299405e-04,2.180938293975390792e-03,4.472995257744753501e-04,-5.279996488471055179e-04,-1.876186101968355373e-03,-1.409015590352998264e-03,-1.318330523230978229e-03,-1.013980319461361490e-03,-3.068380071211172701e-03,-1.341467355568892956e-03,-2.265373464653081415e-03,-2.682772472878789012e-03,-2.701137738426230474e-03,-2.931756451538265317e-03,-3.252920320107816846e-03,-2.169877419901641413e-03,-4.850833357362278365e-03,-2.379819761235026868e-03,-5.475091935983784040e-03,-3.786363143073023536e-03,-3.143297854528959503e-03,-8.611330431027625423e-03,2.149382166372509114e-03,-9.495815914309476552e-03,3.356935459636075508e-02
-2.013107528763205620e-03,-1.160691712025969805e-03,-5.458822994748515223e-04,2.766090479787971851e-04,-1.831803180907313122e-03,-1.442202962140977417e-03,-3.344319734338914440e-03,-2.417518012357249349e-03,-9.694676055007001502e-04,-6.326224314644037037e-04,-1.087157329716549690e-03,-1.051090019625533153e-03,-4.576137075159120117e-04,8.588708557405172331e-05,-1.661914402929139936e-03,-3.236421425035209353e-04,-1.591664321673589471e-03,-1.376096121158666913e-03,-1.174055605672357774e-03,-5.243999095868165025e-04,-1.896538448475923629e-03,-2.036485353932941753e-03,-1.379301018563749591e-03,-3.228334340362324826e-04,-8.663151616189059641e-04,-4.095648580381687932e-04,-3.339691417941466150e-04,-1.340000893915159821e-03,-2.279773952861802828e-04,-6.846663397532740244e-04,-1.883571817786319682e-03,-2.347722944076314090e-03,-6.358353406872270866e-04,-2.576331646612432281e-03,-8.696599067402721161e-04,1.035329182579677350e-04,-4.429140071303887087e-04,1.758757722988605948e-03,4.284838301571395475e-04,-5.359660393621365135e-04,-1.880324942933307665e-03,-7.668171733556605968e-04,-1.746199206447338103e-03,-6.497914084328675370e-04,-2.386164919465845122e-03,-1.685656156142198783e-03,-2.021796778683956474e-03,-3.116428317053863278e-03,-2.406084549193944835e-03,-2.175174726499402942e-03,-2.184627777710036311e-03,-3.307658659195297085e-03,-3.611758238946691062e-03,-2.411602549587017925e-03,-5.400483858417214240e-03,-2.636867499141857824e-03,-4.537437662887274653e-03,-6.538138606153986142e-03,-9.097629142708373636e-05,2.426024326219432953e-02
-1.494680632293611750e-03,-2.045828484505440945e-03,-1.116527379739384006e-03,-5.481102774924541269e-04,2.737076200941780321e-04,-1.846356172085436781e-03,-1.536751327133620369e-03,-3.360534507685687417e-03,-2.420259430809663243e-03,-9.877586309791541643e-04,-5.615514480937799403e-04,-1.145798488854937389e-03,-1.170236635546659200e-03,-2.425689754119508888e-04,-2.034569882014307038e-04,-1.543082758009992539e-03,-3.580264697213789843e-04,-1.641147906181403921e-03,-1.215509140833285822e-03,-1.311610515412959220e-03,-6.457907090914732917e-04,-1.842416095584576211e-03,-2.107041846866056049e-03,-1.471934366272927182e-03,-1.569018396001813250e-04,-1.091548786195409250e-03,-3.907938834208811094e-04,-8.165998338083543307e-05,-1.842752613522349479e-03,-2.579118347163048561e-04,-5.613992404656472550e-04,-2.006280143196190191e-03,-2.176785774646107334e-03,-9.250069006942040345e-04,-2.549695285464905446e-03,-7.221158585101868305e-04,-5.149815598189297870e-04,-9.004693233331500634e-04,2.444965730997202338e-03,-8.655133235222716543e-05,1.465774289700747695e-04,-1.916962161067299174e-03,-1.125883214983426509e-03,-2.133836211880604274e-03,-1.666539437854871152e-03,-1.892600481873167161e-03,-1.630560875087434022e-03,-2.583231142023496331e-03,-3.261426552387470829e-03,-2.892902657461807366e-03,-2.326187278577169538e-03,-2.873901750756876691e-03,-2.606505744594776741e-03,-7.061984338159766131e-03,-1.311539994153223740e-04,-6.744885607819763214e-03,-3.419943835879215611e-03,-3.845370575082884389e-03,-8.676518481812075731e-03,2.543181479943651055e-03
-2.059824776445809587e-03,-1.437832821921173265e-03,-2.124842058637160282e-03,-1.109210481565505151e-03,-5.862518182972622886e-04,2.763717470045291163e-04,-1.868152115223224502e-03,-1.496327157931199355e-03,-3.531684483717335930e-03,-2.320441968923697262e-03,-9.904391722027484479e-04,-6.132902723659205664e-04,-1.144354821821624195e-03,-1.152113843413680658e-03,-2.803744842167241267e-04,-9.557279175448170545e-05,-1.618016064754603271e-03,-3.393817538488616797e-04,-1.613167242650190509e-03,-1.493662298604327230e-03,-1.191911712244345676e-03,-5.601033654509396387e-04,-1.974270689902116963e-03,-2.146675554525568925e-03,-1.262953354962469176e-03,-4.069791069561532653e-04,-9.780105590539765834e-04,-5.161957101195943122e-04,-4.448951513034397768e-04,-1.521428425892847481e-03,-1.925389600828401253e-04,-6.119009882491055615e-04,-2.205880243602720801e-03,-2.355049525930222234e-03,-5.169116909138193189e-04,-2.719365312449543298e-03,-1.635126207332265923e-03,5.577585949973649579e-04,-1.577124833807804112e-03,2.400215295733333035e-03,4.036777749031030742e-04,-5.583835295294130177e-04,-2.056348260761904634e-03,-1.338446058353462550e-03,-1.866995840639200594e-03,-1.308037586843646119e-03,-2.596020758388935517e-03,-1.529869565233697194e-03,-2.405922701255960861e-03,-2.991676104075045861e-03,-3.264966564407541759e-03,-3.077142821722702194e-03,-2.891202877326988670e-03,-2.679337388657408725e-03,-6.655723252886314861e-03,-8.110097050026259533e-04,-7.645391558560202076e-03,-2.421530705011990491e-03,-5.774578606940116918e-03,3.404501574684301590e-02
-2.266119485123621862e-03,-2.113875223976351657e-03,-1.444984580189022762e-03,-2.046230146040083683e-03,-1.149383685936297044e-03,-5.128116217176038926e-04,2.533746541016101733e-04,-1.740119753799181102e-03,-1.639547623770469618e-03,-3.536583600165340863e-03,-2.385151646163650215e-03,-9.959140775210246262e-04,-5.315411155141492022e-04,-1.206844506114321562e-03,-1.247796098219655300e-03,-1.698902267186160910e-04,-1.390384088371533061e-04,-1.731815918530531847e-03,-4.748330314921125461e-04,-1.426925499172364579e-03,-1.643234037993988525e-03,-1.179348789076704353e-03,-8.104866359479942625e-04,-1.627874102091299898e-03,-2.424009354638018577e-03,-1.487907747886612784e-03,-3.350123478851556162e-04,-9.628265042724429897e-04,-7.561664977256222836e-04,-2.379812517302203788e-05,-1.690102146005680820e-03,-6.158076986557398233e-04,-3.212387694557233700e-04,-2.406866278562351264e-03,-2.397489519698760632e-03,-2.738231924652660795e-04,-3.517017953371483208e-03,-8.714620960785408876e-04,-4.906524830732664514e-04,-1.453068969104892322e-03,2.812562276076237180e-03,1.672417969040237745e-04,-3.750231998395592791e-04,-2.610150141906400576e-03,-1.308624271175086928e-03,-2.225383178401258225e-03,-1.011603713312120333e-03,-3.010018259658051726e-03,-2.080193288037737905e-03,-2.196798284188261272e-03,-4.055253144706822029e-03,-2.739988306327219725e-03,-3.743548958694851991e-03,-4.069947626613216150e-03,-3.093151890697910973e-03,-7.447891082164520733e-03,-7.050820065874870623e-04,-8.957159142361630425e-03,-4.796680933840151255e-03,-6.359366781908144979e-03
-3.339286433567927558e-03,-2.314752024751467584e-03,-2.089684765643024314e-03,-1.438926713000009388e-03,-2.103124012629751030e-03,-1.117567863631363338e-03,-5.724758998829997374e-04,3.295391949742359247e-04,-1.868592096585734502e-03,-1.583241728560396029e-03,-3.599165129352004024e-03,-2.444194696803873509e-03,-1.033857918099888870e-03,-6.062488331432447017e-04,-1.173880842345661080e-03,-1.172781420202941146e-03,-4.129237903808345559e-04,-9.737470909041188267e-05,-1.708370788161160756e-03,-3.389731034162997295e-04,-1.617819658545027479e-03,-1.580655368492508246e-03,-1.336545062111118296e-03,-6.343727483711059881e-04,-1.894410936069821499e-03,-2.196125644569218473e-03,-1.642879211888392550e-03,-5.568530221067141944e-04,-1.437242992915288217e-03,-4.255778834185126131e-04,-1.833303513681842445e-04,-1.715157703820369096e-03,6.821890663419872256e-05,-3.908786848146295848e-04,-2.062318133188926084e-03,-1.574347382588891370e-03,-2.337576240132595729e-03,-4.935668113433125566e-03,-1.648910410512335022e-03,-5.393131115679706059e-04,9.954035820293916526e-04,2.795770727531152883e-03,1.931723767299361192e-04,-7.587657613675959263e-04,-3.067915748419101484e-03,-1.296586815251060199e-03,-2.560489135041576006e-03,-1.783087677606168047e-03,-2.208689555204826783e-03,-3.291532838740520404e-03,-2.617263720376841827e-03,-3.057731189356746159e-03,-3.363791153883631622e-03,-2.725951405480445990e-03,-4.857858240562036925e-03,-2.129953695461637899e-03,-1.222735982673303461e-02,1.185075534654681916e-03,-9.244637039789095623e-03,8.241174140182034799e-03
-2.282107379960656487e-03,-3.349424600137267290e-03,-2.300593674953783484e-03,-1.966061023339689406e-03,-1.551509936790078630e-03,-2.060009262580011786e-03,-1.127278900916534737e-03,-5.787523970630849713e-04,3.044915885850730912e-04,-1.881397813928055527e-03,-1.581464783073060262e-03,-3.625582713125168315e-03,-2.598658670919257434e-03,-9.327995803733394459e-04,-5.481881949936900488e-04,-1.221440893482890174e-03,-1.163964917553753000e-03,-5.608483854803282889e-04,-1.709397056060394694e-04,-1.688582286377144541e-03,-3.101631897412150543e-04,-1.787663084091205886e-03,-1.579928707904942106e-03,-1.246382047501484389e-03,-7.411911468179903676e-04,-2.055510036143410723e-03,-2.376806017158881925e-03,-1.395062960409364314e-03,-6.190109262964029954e-04,-1.127813745212439146e-03,-5.201514835148579813e-04,-2.850363242534073951e-04,-1.804520321570800149e-03,-5.184948992251530928e-04,-6.471499096705446950e-04,-2.457347903677298273e-03,-2.711780565582295847e-03,-2.562811435929147614e-04,-3.815204760857332424e-03,-1.881461119909603585e-03,3.900959900144399732e-04,-1.345763097918674074e-03,2.395919460523444726e-03,-4.274528023621217707e-04,-3.172146111380087048e-04,-3.136727215304399921e-03,-1.119509274710302552e-03,-2.495175609765146012e-03,-2.398404534070338982e-03,-2.812273671778716105e-03,-2.797175710360491185e-03,-2.885936072065761748e-03,-3.656705752251234506e-03,-4.307036066362517242e-03,-3.925825739121113246e-03,-3.112125246813656192e-03,-2.462386726997626164e-03,-1.139658858203240061e-02,-1.467751009107985194e-03,2.074181785101988224e-02
-2.582714119176847487e-03,-2.243019341136200627e-03,-3.305368300257534482e-03,-2.312070260674828782e-03,-2.138368641601178736e-03,-1.458892065987898133e-03,-2.133421514664841923e-03,-1.083081232698908164e-03,-6.440415684505510982e-04,1.964347481686887556e-04,-1.877741346972256961e-03,-1.556795747963100017e-03,-3.636982374591690974e-03,-2.618896475010217256e-03,-7.630136817628264175e-04,-8.061723104469470857e-04,-1.175280709876623314e-03,-1.265637359989781486e-03,-5.548318419209743307e-04,-5.153736056351735495e-05,-1.807514824552996060e-03,-5.539876311919992007e-04,-1.617781299046239371e-03,-1.431747489893071563e-03,-1.671992714376020544e-03,-8.364960377942898826e-04,-1.939793956568833027e-03,-2.388982288841373560e-03,-1.467315787813887979e-03,-4.493091875880318633e-04,-1.262803036767594454e-03,-4.941247535573840008e-04,-2.847518309135906164e-04,-2.191278177491343734e-03,-4.656280916885214752e-05,-9.966113316273955778e-04,-2.535104635915909604e-03,-3.072760492649391668e-03,-6.839794230232616344e-05,-3.715881666377777916e-03,-1.871443718503653254e-03,-1.156482396726262021e-04,-2.058371183474067782e-03,2.821860776349608552e-03,8.670725121363400656e-07,-1.436826104136536622e-03,-2.666305277172618948e-03,-1.668149874476994136e-03,-3.227003243853089186e-03,-2.367410381874730969e-03,-3.909605471185249696e-03,-2.476662548819421033e-03,-3.470808627435491723e-03,-3.690110837565671684e-03,-4.254558069371899148e-03,-3.922813678431877338e-03,-5.518331274065166846e-03,-3.121956157612849371e-03,-1.102645201474506363e-02,-2.108330662967679639e-02
-1.248894750207780839e-03,-8.287149228130586418e-04,-9.187393550787756411e-04,-8.173840480395377266e-04,-7.302876689674287977e-04,-7.076709923575915870e-04,-1.045061845805437747e-03,-6.956064155703176131e-04,-7.708004827401347377e-04,-1.016947415051826708e-03,-6.414522939289734292e-04,-7.306918866177266117e-04,-4.603276963488096276e-04,-4.898070487680191180e-04,-1.132806301401306781e-03,-8.989651740186737619e-04,-1.605017410696727960e-03,-2.095493680509368396e-03,-2.247524423361429123e-03,-2.475248815629775730e-03,-1.989740846790074083e-03,-2.225165607548623692e-03,-2.198509816708161570e-03,-1.537443110327311622e-03,-1.416372523698865901e-03,-1.132079781431430225e-03,-1.309740053635987138e-03,-2.065568656866662457e-03,-2.317490251652625562e-03,-2.279771260529443819e-03,-1.050841922264942859e-03,-1.258956327082253520e-03,-1.254568686591818081e-03,-1.009444335226652393e-03,-1.113513646681953866e-03,-4.794102579236976373e-04,1.633634121770143359e-04,-9.526078219532508598e-04,-1.562639977663701513e-03,4.352147105820034596e-04,-1.642829613165606127e-03,-1.417193755247621572e-03,-3.121861626842121259e-03,-7.526030481391185988e-03,-4.771949404761876082e-03,-5.829495195252969685e-03,-3.657251163745875618e-03,-2.804744630071636866e-03,-1.645321600058441240e-03,-3.081954841494094488e-03,-1.285348847102879988e-03,-6.231333564292212274e-03,-3.792507701169654105e-03,-2.540278111952579566e-03,-2.789381608160354173e-03,-3.356181750781163115e-03,-6.940555641183399939e-04,-3.197297297296641610e-04,2.219804937518973179e-03,7.259884593746407377e-02
-5.107544866648798185e-04,-5.401442594123730904e-04,-7.920209793216059562e-04,-4.139488642069351549e-04,-7.238838533092221451e-04,-6.965901123293990072e-04,-8.091930583267415919e-04,-3.963346867171637961e-04,-7.385954712640045846e-04,-5.460142394783261063e-04,-8.697775429657231272e-04,-6.303278232904342780e-04,-6.394534500381729653e-04,-5.539214720735900419e-04,-7.026780565823098927e-04,7.316250672578851499e-05,-9.451257715834256255e-04,-5.815300503505553466e-04,-8.533288763668580830e-04,-1.021079980104455751e-03,-7.924622526793043088e-04,-1.262603128612606622e-03,-4.968595521953920536e-04,-1.033294154080038364e-03,-1.303704470530571684e-03,-1.095827934373166035e-03,-8.332211346481615275e-04,-6.288124576341788934e-04,-2.360471788333033075e-04,-9.306718906523972056e-04,-1.667114093959645108e-03,-7.493394943752008409e-04,-1.200916920176556485e-03,1.319498520479572476e-04,-1.073815628881526598e-03,-5.356431530315424426e-04,-5.483387516450841668e-04,-1.230012792800634766e-03,-1.676842670117794157e-04,-2.081706580683094499e-03,-3.582234222130356756e-03,-4.509487067500436404e-04,-3.594421608925133069e-04,5.501306782064861083e-04,1.095831175258765418e-03,2.711673352750395248e-03,1.439051695154145620e-04,-1.117255770742558475e-03,-7.641984395701674872e-04,-7.429392326756066155e-04,-3.370615002442570000e-03,-4.167994096611202931e-03,2.599921091328969471e-05,-4.204145663580046224e-03,-4.927785116350453208e-03,-5.563942098463219889e-03,-6.324514651476911310e-03,-1.006082770562768090e-02,-5.412885554873296708e-03,-5.089576384951085414e-02
-7.450866812859196619e-04,-7.051443377524841804e-04,-7.119169833856872718e-04,-6.720246389344971226e-04,-5.668944145823021606e-04,-8.266454002646324035e-04,-5.227245632096006117e-04,-8.014881597616044934e-04,-6.831744911165389721e-04,-5.914601342248782066e-04,-7.220782120489403853e-04,-6.664472811177979015e-04,-4.076675480473229219e-04,-8.008748646111374901e-04,-3.291639337784769514e-04,-7.015616060454115148e-04,-8.491119329360447649e-04,-1.203764330888446596e-03,-7.785698660412571602e-04,-1.073207634711402427e-03,-1.162166690842121207e-03,-7.473261253768727092e-04,-1.244829764674637877e-03,-7.770294460513508476e-04,-7.892947328147094767e-04,-1.078560687790297914e-03,-1.136005708561823408e-03,-8.128257142997319775e-04,-1.362251444585541212e-03,-5.605188606620664388e-04,-1.462992750033806962e-03,-7.310511232497184054e-04,-9.462148172112116963e-04,-8.620545847497686903e-04,-1.219354926187611382e-03,-5.577716681483905472e-04,-1.184812025508728524e-03,-1.181898965270006307e-03,-5.621050634457529097e-04,-1.382854006916317980e-03,-1.196746747497750380e-03,-9.226391920235059899e-06,-1.652547670679800195e-03,-2.453243549175379568e-03,-1.367814699871281988e-03,-3.079160201637383062e-03,1.133457485724383905e-04,-2.252604581626128834e-03,-3.329707976010338848e-03,-1.839725051862422947e-03,-1.929669993414115034e-03,-3.149475982051346597e-03,-2.121046649415959072e-03,-6.376703788482795607e-03,-1.080644835016625685e-03,-3.442851186604557138e-03,-5.336105986919286587e-03,-1.186490519587119754e-03,-8.052697616060157035e-03,1.540251985566183646e-02
-8.689404088350732294e-04,-9.240112129014744179e-04,-8.332111739052731458e-04,-9.482970094973039487e-04,-1.046993670247943486e-03,-1.141852412766541924e-03,-1.111978303106915230e-03,-1.078280526044814950e-03,-1.136875661149625797e-03,-1.398099780698553417e-03,-1.142959079144492424e-03,-1.117161411857898676e-03,-1.243767941197000551e-03,-9.842049796949939918e-04,-1.113788705551693129e-03,-9.046844324226289546e-04,-1.291869590523588972e-03,-1.430370335510904034e-03,-1.070438595501916603e-03,-1.458056648040887120e-03,-1.292118664064033882e-03,-1.687783241561902851e-03,-1.170260129716168152e-03,-1.596217618628720334e-03,-1.312973282367755961e-03,-1.270181787025033687e-03,-1.218224561470760033e-03,-1.377046954183890580e-03,-1.052759039549361298e-03,-1.505003338368518951e-03,-1.376857907253270985e-03,-9.036797651659939394e-04,-1.767776575522734921e-03,-9.110302481902906495e-04,-1.436290502300347589e-03,-1.244394129135925706e-03,-1.186269190372985817e-03,-1.363071399832757602e-03,-7.403518115669212914e-04,-1.385723068627938348e-03,-1.669458173587681955e-03,-1.553073028866832619e-03,-7.271899008082563769e-04,-2.326125231053641131e-03,-2.613978191863774742e-03,-1.540259129617108915e-03,-4.906019994796946386e-03,3.383082554285583507e-04,-3.173026994387228173e-03,-2.616310336708223966e-03,-1.847121986772269110e-03,-4.337968629219268041e-03,-3.879045781318040884e-03,-3.980892662408590417e-03,-1.371590191188715906e-03,-3.828348691132902725e-03,-3.789611554874703064e-03,-6.252101943648546815e-03,-3.711305081070710721e-03,-1.821963047357585269e-02
-4.290403000312986866e-04,-7.583759009047676049e-04,-8.431137724549635356e-04,-7.417497002370918241e-04,-6.442369329856199303e-04,-8.804224949300905713e-04,-8.597275204360665469e-04,-7.541139065129084072e-04,-8.920547623727995276e-04,-1.029590907747307375e-03,-1.004076015029023395e-03,-9.850596517903930770e-04,-1.056550720582006024e-03,-9.884326845093290188e-04,-8.547081756257810924e-04,-9.486772117378623618e-04,-9.967415609546969625e-04,-1.079363730356812205e-03,-1.005689433670637310e-03,-1.240908498177248137e-03,-1.127008975637625032e-03,-9.974066322897396069e-04,-1.440930494068557105e-03,-6.799750285818444455e-04,-9.618043705511561880e-04,-7.925576237623930230e-04,-9.013473278045814815e-04,-9.648159036073994605e-04,-1.209955908289220934e-03,-3.477793638153693699e-04,-1.100592093923042367e-03,-1.481655064334348954e-03,-5.741945347720666748e-04,-1.664303271594328197e-03,-2.596935747592598481e-04,-1.098561614258320926e-03,-1.406056067768056720e-03,-1.237548768742313286e-03,-1.137729939188537138e-03,-1.404805496382477079e-03,-7.971116665095089125e-04,-1.996871648873052400e-03,-1.516857751486778115e-03,3.342959172196751814e-04,-1.892767175572590164e-03,-2.636213375883802047e-03,-1.808440148053829313e-03,-4.488855301895478163e-03,1.015809704885476273e-03,-2.802045161826461055e-03,-3.063606326598215020e-03,-2.515290696332446885e-03,-2.979285198969481435e-03,-4.262482888389353998e-03,-3.421191718565765559e-03,-4.987698059730634112e-03,-2.451880788661352836e-03,-5.155269099501114463e-03,-3.271858447803729746e-03,-4.440436000731007998e-03
-3.007443679867574183e-04,-3.902750365496549987e-04,-7.026762905892178961e-04,-4.537179783061507906e-04,-6.658965404410675717e-04,-5.832156586665006737e-04,-5.717769463765649731e-04,-7.631888571827129784e-04,-5.968042604132619590e-04,-7.865297807118348111e-04,-7.324042751893088165e-04,-7.452070496354908221e-04,-6.360993407584676629e-04,-8.323858159391152572e-04,-6.723916263059153808e-04,-7.945250334483184695e-04,-5.372503868274550176e-04,-8.781349764883208996e-04,-9.196856659540191990e-04,-9.493900700498055173e-04,-4.509514416993151979e-04,-1.119044070012184880e-03,-8.040303377436434484e-04,-8.081844562650436362e-04,-6.403272975225581280e-04,-4.343967415566408335e-04,-1.152563026888803145e-03,-6.136286811532810914e-04,-1.023418006525127341e-03,-6.523357989573649830e-04,-4.794972140614419190e-04,-1.683995709800007812e-03,-6.698667164258274897e-04,-5.430039295862527189e-04,-1.282285764561055938e-03,-6.176040661260011637e-04,-6.495176055131044552e-04,-1.431583899509161328e-03,-1.535405518857851318e-03,-7.141088852654588941e-04,-7.161109215913461510e-04,-1.808331741483585296e-03,-1.187588462101340863e-04,-2.443250104104602218e-03,6.793091604164150799e-04,-3.679762389307554560e-03,-1.544610128789806374e-03,-2.672820074338865155e-03,-3.374635149023737755e-03,6.231837354296026598e-04,-2.915433191638488759e-03,-3.594373819459666889e-03,-1.834502444370625807e-03,-4.077626987442513166e-03,-3.765587648585985193e-03,-4.149271997794816771e-03,-2.375364945382398701e-03,-6.419722443895106538e-03,-2.032983245249073145e-03,-1.516166574674463093e-02
-1.722370456736945334e-04,-5.097126999906591337e-04,-5.320758065537821132e-04,-9.157100750726384535e-04,-8.256400073258728621e-04,-1.099541631532970553e-03,-8.790809553659542815e-04,-1.031189100349064408e-03,-1.005782491979981480e-03,-1.161207830788803241e-03,-9.135806105104692099e-04,-9.791447190356855276e-04,-1.120659248310336246e-03,-9.124955683937741426e-04,-1.187792512457929404e-03,-8.728304186788015924e-04,-9.055242084845724869e-04,-8.228613729314061690e-04,-1.123749382215104460e-03,-8.398484989310386548e-04,-1.110719731471277892e-03,-6.896954471935558837e-04,-1.107536214319584109e-03,-9.469048009534855419e-04,-8.427807530607202323e-04,-7.441279525755394161e-04,-8.802667503213576624e-04,-7.764099254882322063e-04,-8.787792976875274031e-04,-7.948969258054721211e-04,-6.669660785872761830e-04,-1.040630805390478555e-03,-7.559487219888512931e-04,-1.217819037399519438e-03,-7.037067464349443593e-04,-1.173064649144826355e-03,-6.863421453591205153e-04,-7.594817057165885758e-04,-9.429597523974447447e-04,-2.158185583894713360e-03,-1.744721426149196952e-03,3.762962163620999249e-04,-1.605133834007298676e-03,-2.027607207146600067e-03,-1.629102078435950987e-03,9.842260291226725272e-04,-3.875248840272657418e-03,-2.195911168877713072e-03,-1.613080297596015998e-03,-3.826822429906544514e-03,-9.878169765228463940e-04,-2.189796569512160885e-03,-2.409948614467771668e-03,-4.350440307524823871e-03,-3.003730438835901673e-03,-5.120192020099197452e-03,-3.399736677751006783e-03,-6.502780183134760500e-03,-1.493401499210934196e-03,-3.960954294226342459e-02
-4.217845383956174486e-04,-5.681725768588038149e-04,-7.001759064126490770e-04,-8.443019746942182326e-04,-9.241759554140414543e-04,-1.173243833603967784e-03,-1.326855484966073641e-03,-1.300258845098337546e-03,-1.345909774173237186e-03,-1.755744102692824351e-03,-1.574520288818746522e-03,-1.665251264245913966e-03,-1.807871727865842859e-03,-1.415946981823660526e-03,-1.494854025034800726e-03,-1.650772757019363214e-03,-1.478491876305837102e-03,-1.359067545115341148e-03,-1.369766535675218501e-03,-1.380462220354589228e-03,-1.301063861377959067e-03,-1.167429534643051395e-03,-1.473348077145202745e-03,-1.759836004559345822e-03,-1.207066727660609197e-03,-1.439234379294404217e-03,-7.687452854425918039e-04,-9.662084254940786401e-04,-1.067093365667703009e-03,-1.297728285629427174e-03,-9.502087575101485955e-04,-9.217787925640604386e-04,-1.148763429666104473e-03,-1.515727242711095496e-03,-7.090944948893759640e-04,-1.400551632983322754e-03,-9.181729181902860415e-04,-8.499739565229508676e-04,-1.664410023513158065e-03,-1.389668223304406586e-03,-9.977561910142131608e-04,-1.964823763813352935e-03,-5.560794372384400205e-04,-1.880704571087324969e-03,-1.993131286695154578e-03,-2.023932262373456716e-03,7.101980385157539467e-04,-2.535363549389998018e-03,-3.158876700307065508e-03,-3.308676851938718768e-03,-4.464602803385738818e-03,2.399821584938640825e-03,-3.542955242792004359e-03,-3.266442122247313444e-03,-5.075495105096469901e-03,-2.976779981114323174e-03,-4.191116446578681091e-03,-4.155061225252833570e-03,-5.534321316484923370e-03,-1.523905650577946601e-02
-5.433246416140244742e-04,-8.035766000355809742e-04,-7.169547255616268459e-04,-8.696107516606347123e-04,-1.058583444205287013e-03,-1.178423202248927949e-03,-1.538875062606098135e-03,-1.721413285612809424e-03,-1.462564113146881586e-03,-1.694646174356239255e-03,-1.900524426655539464e-03,-1.778625831313963889e-03,-1.929244076217141854e-03,-1.708306566497237071e-03,-1.811161868125286652e-03,-1.573954465990041280e-03,-1.900019161873452113e-03,-1.500476781421128045e-03,-1.674939105289966488e-03,-1.367775255433515379e-03,-1.344837252017522505e-03,-1.331274741449399836e-03,-1.679788883635364083e-03,-1.437430765650463778e-03,-1.548507173050200220e-03,-1.348487333292525516e-03,-1.188881305901952996e-03,-1.234436738888912942e-03,-1.046897360037681935e-03,-1.415852202425201163e-03,-1.279208437185040334e-03,-1.335644635184442567e-03,-9.835031219705906835e-04,-1.114574393293146434e-03,-1.285251629115923043e-03,-1.355414027679974513e-03,-7.795257896484516493e-04,-2.192207597965874135e-03,-5.041065655819589129e-04,-1.348264554794580128e-03,-2.187653368315546805e-03,-1.275064104185085704e-03,-1.777598310042303705e-03,-1.119936456364107507e-03,-1.107849214291717994e-03,-2.020338876942791816e-03,-2.476926658905722473e-03,8.721127286301523897e-04,-2.413055546852972515e-03,-6.064785142385498845e-03,-8.400449349104833086e-04,-6.087351896781683161e-03,1.411115808036894886e-03,-3.604098876344621026e-03,-3.722203782428613536e-03,-4.821805422246070762e-03,-2.799898017719362319e-03,-4.868419572245320272e-03,-3.532938498485991424e-03,-5.761363365711111816e-03
-6.122737347822302702e-03,-2.087847331956434876e-02,-2.046807339175034032e-02,-1.520793237067443078e-02,-3.900216822369287351e-02,-3.320579212181376527e-02,-3.281651568078423203e-02,-2.147896973931735787e-02,-2.086373738142547826e-02,-8.165683827907903661e-03,6.135806525624801439e-04,-9.226337043323876207e-04,-2.113833163297579743e-03,-7.516354520575290604e-03,-4.822961014063862663e-03,-1.074669649670583968e-02,-8.366432546803793252e-03,-2.933513170563491722e-03,-6.410081205150379305e-04,-9.058344323623001085e-03,3.000853878173764984e-03,3.849000798898967370e-03,2.525654865782847938e-02,4.315934444645003545e-03,-1.021753121757177502e-03,-4.517967987738288199e-03,-7.908954841626715526e-03,-4.282951951988438720e-03,4.042389558132234405e-03,-8.794983368634750470e-03,5.023101857776385596e-04,-6.560557435979231730e-03,-7.779463485277833025e-04,-3.658904589257780740e-03,3.707438174838110535e-03,-5.564938137517993696e-04,5.114974531949049476e-03,3.152135494234018648e-03,7.050091405537885908e-03,4.105101071047252172e-03,1.091780157579016856e-02,1.164433809300050027e-02,5.907275136228228377e-03,1.309384174597401189e-02,1.251714630529377793e-02,1.432511414048963892e-02,2.730991104569415601e-02,1.779501180493690479e-02,2.705691654728871118e-02,2.741816979234555987e-02,7.185432188459308332e-03,7.162287146489791471e-03,4.292143430802405901e-03,-1.319169135376020534e-02,-3.411766852789100725e-03,-4.603173625019251966e-03,1.322300196331488431e-02,-5.357349431518110272e-03,5.702868985762481804e-05,-2.214196944483849683e-02
-2.401722483167325825e-03,-1.353251082855095374e-03,-6.272671055694137082e-04,-1.229681921471334613e-03,-1.983961256471152273e-03,-1.543969946872354899e-03,-1.967711034497381540e-03,-1.046670190314603465e-03,-2.723870621006337263e-03,-6.626986997553578011e-04,-2.095732814821748592e-03,-2.177750280747710668e-03,-2.120147237719030402e-03,-1.702568716133323872e-03,-2.274960426179570283e-03,-2.156341656316296870e-03,-2.116265734366833389e-03,-1.343525026713506335e-03,-2.723197341590783121e-03,-8.208635410169484899e-04,-1.696446488525671413e-03,-1.472445515603522511e-03,-2.702716394185909581e-03,-4.179777196352806382e-03,-1.504805297916834766e-03,-1.129650527674142934e-03,-1.259430916200285529e-03,2.638983136071061989e-04,-1.038074054588995375e-03,-1.704993858875261626e-03,-1.193342760013724278e-03,-9.518873809986704406e-05,-8.450476776332109660e-04,-1.320193552021605614e-03,-7.064961265429254775e-04,-1.753441705648600810e-04,-2.011036768374772563e-03,-3.946082408838020683e-04,-1.030377776080686984e-03,-9.668121520417514211e-04,-2.823107417169715486e-03,-2.916803809014248752e-03,-1.103488600527529088e-03,-2.922733600061352011e-03,-1.558894183159796479e-03,-2.379754514817999413e-03,-3.181760269230005534e-03,-3.281603681186904750e-03,-7.615222266141828678e-03,-6.694819827647816891e-03,-7.123708551035249845e-03,-7.577043892392152681e-03,-3.599102460454375006e-03,-4.795547365078749180e-03,4.412941281516806263e-04,-6.790026672311225142e-03,-8.218065098589693793e-03,-5.852351886864302910e-03,-8.251245081762439634e-03,-1.517027508087994553e-02
-1.582218908700291264e-03,-2.436471705377108235e-03,-1.365218222938204646e-03,-7.941668192000017916e-04,-1.198719140516248160e-03,-1.928313731976614379e-03,-1.385825119995352014e-03,-2.102197203305506638e-03,-1.207770332808122578e-03,-2.638063170269073100e-03,-6.398234825276988714e-04,-2.156883208348084509e-03,-2.284928634712782205e-03,-2.232126261946781182e-03,-1.698790840516335070e-03,-2.149771627717273099e-03,-2.322612232902564362e-03,-2.040654793286291076e-03,-1.699238564345930715e-03,-2.554489005859121413e-03,-5.269946122403790841e-04,-1.894154307198746799e-03,-1.557410611700444595e-03,-2.587388342155663105e-03,-4.849477211957595180e-03,-1.112777208100688281e-03,-1.337213761066465348e-03,-1.043106473551135829e-03,2.081321314540983175e-04,-1.349666395664903852e-03,-1.444326320082923391e-03,-1.136469679722281476e-03,-5.142723486224132440e-04,-1.315976913401809868e-03,-1.236479427606706301e-03,-2.676124244285880039e-04,-7.659914670443845495e-04,-1.601061581255101536e-03,-3.594735707553836212e-04,-1.843622742640871597e-03,-2.019809452629802088e-04,-3.039436442955624398e-03,-2.597384057766339346e-03,-2.127341070334110972e-03,-3.277275188064883611e-03,-1.059979161201616681e-03,-2.510512459764821167e-03,-3.865604534944328766e-03,-3.624386948985400952e-03,-7.233972333012848172e-03,-6.818736479936643100e-03,-9.186806777280055042e-03,-7.486188489557881603e-03,-3.484870881386130902e-03,-5.027444576867531878e-03,-2.254820511172519939e-03,-6.164026246115748842e-03,-7.910446112397499091e-03,-5.068517150176994786e-03,-3.278832460410664729e-02
-3.319906678331942338e-03,-1.698807145527153790e-03,-2.312266138298249476e-03,-1.368479431473150314e-03,-6.399163384201019770e-04,-1.324443756597740423e-03,-1.821732402556220948e-03,-1.636993218112063565e-03,-1.948647302828388416e-03,-1.177823869787234141e-03,-2.645260353306304758e-03,-6.918197883014438540e-04,-2.249761891969609580e-03,-2.360720004285012628e-03,-2.153751258447713073e-03,-1.788464036721332381e-03,-2.199218022408360937e-03,-2.253666771672907954e-03,-2.348419414643753388e-03,-1.280905607140863560e-03,-2.642754463812591829e-03,-1.091229149139395695e-03,-2.029177132671393033e-03,-1.439490692720034196e-03,-2.626341166440054366e-03,-4.622609436451314939e-03,-1.279683553313666362e-03,-1.125563543560696234e-03,-1.311658099302717576e-03,-6.085240730551478043e-04,-8.277175840516951943e-04,-1.769240100395595748e-03,-1.210237470073903705e-03,1.316438054802565496e-04,-1.117962413962616695e-03,-1.575662491868788781e-03,-9.332201933491506137e-04,-2.856557238501559776e-04,-2.478608259438547668e-03,-2.422936484226388308e-04,-1.178673129018633975e-03,-1.253679281957046851e-03,-2.642431914856743086e-03,-3.449943432393162528e-03,-1.722073170749377708e-03,-2.359195520592452088e-03,-2.953196032981035384e-03,-1.323126635462431797e-03,-4.823654675403599504e-03,-3.751645193736169535e-03,-6.728755248774856944e-03,-7.732692973829283049e-03,-1.234265976270436209e-02,-6.978310252647900586e-03,-5.134638715719787652e-03,-4.218444095972710695e-03,-2.547403112839831830e-03,-7.348573219579079482e-03,-6.375530410896511173e-03,-2.698750933476357083e-02
-4.182821443410407979e-03,-3.257178286108342643e-03,-1.754867629242399737e-03,-2.326736047983692796e-03,-1.252561749634618611e-03,-8.679761713107162760e-04,-1.188033986466994043e-03,-2.012911993491111468e-03,-1.468458188737774284e-03,-2.272147398190265451e-03,-1.038589699770231262e-03,-2.581216631550881796e-03,-7.338317688286948286e-04,-2.391188831501528909e-03,-2.390202259702481433e-03,-2.141109065346047131e-03,-1.602789679836763353e-03,-2.355932845600837867e-03,-2.238798848409277471e-03,-2.659670779990004705e-03,-1.278627650006665525e-03,-2.595970068214418884e-03,-1.116502450464112095e-03,-1.660626270905277060e-03,-1.846473067880192304e-03,-2.602212028602202652e-03,-4.653794369477027258e-03,-1.647978234279666660e-03,-8.438191253497322143e-04,-1.725431739581048023e-03,1.067891062315653436e-04,-9.608739147333720566e-04,-1.736579469359810814e-03,-1.107954767306927385e-03,-7.733185127677698117e-04,-1.153624289076630267e-03,-1.081681645466120141e-03,-7.161070907240848268e-04,-1.051080483251477923e-03,-1.643898632884003208e-03,3.485797665371373239e-04,-1.758734901782759222e-03,-1.361128347098194882e-03,-3.138627046993622705e-03,-3.109173954423510508e-03,-1.159563257645811760e-03,-3.732298046127405927e-03,-3.083908889963883192e-03,-2.605598903257787778e-03,-4.189147312256181685e-03,-3.298596581653054707e-03,-9.051866737340869343e-03,-7.025651644243470148e-03,-1.087053596531885324e-02,-9.238713016484833424e-03,-4.956550315426543930e-03,-3.845379499586850953e-03,-1.348110424675262207e-03,-9.419817319918605963e-03,-2.069331024575605041e-02
-5.004166095686280943e-03,-4.289270943837035846e-03,-3.230046116079858271e-03,-1.694259775765258498e-03,-2.454538436709608178e-03,-1.315413844760040000e-03,-7.962682826545640748e-04,-1.249043541193652638e-03,-1.836044750588099054e-03,-1.736013549861317295e-03,-2.121715639192343298e-03,-1.018645486423421604e-03,-2.780673946924268596e-03,-6.944739810714280117e-04,-2.351009026977626121e-03,-2.233456045567266089e-03,-2.278916519107906154e-03,-1.751067129552980571e-03,-2.285533078088362348e-03,-2.378104306194023937e-03,-2.354668481792100438e-03,-1.495403160822606067e-03,-2.765047578920925599e-03,-8.856248047988567922e-04,-1.628804626588554018e-03,-1.651354227812679588e-03,-2.835299967232122412e-03,-4.928301970595383961e-03,-1.395272382709957610e-03,-1.499341214221627371e-03,-1.232287743283279639e-03,1.213838513978545206e-04,-1.527220624263796178e-03,-1.524560584003549837e-03,-1.161414687552170082e-03,-1.601157792480271155e-04,-1.579026955442772292e-03,-1.648519295488503440e-03,-3.437924367524659982e-04,-1.296753449672194761e-03,-8.937608905798317309e-04,-1.336172519913666644e-03,-6.567300540529659968e-04,-1.570015479566100498e-03,-3.965666352153238497e-03,-3.213914054644678546e-03,-2.438619066738618914e-03,-1.736685520439907931e-03,-3.656260990771868780e-03,-2.712418580451662290e-03,-5.084752424516139797e-03,-4.255253445403595590e-03,-8.757321580607964687e-03,-9.251326339473918414e-03,-1.140365109816837523e-02,-6.684121932480160261e-03,-8.665781335195063551e-03,-4.565078072448061630e-03,-1.807839298453775253e-03,-1.225642434623196858e-02
-4.841567371266635236e-03,-5.078729102828707931e-03,-4.180793556329475032e-03,-3.321112392129149660e-03,-1.747778404080006179e-03,-2.407240382688250607e-03,-1.295305610075847763e-03,-9.186584711191529522e-04,-1.254059867833464455e-03,-1.899176648201487960e-03,-1.672712476481836219e-03,-2.154180606317168244e-03,-1.068275536644738236e-03,-2.688922604020634564e-03,-7.285406495111986912e-04,-2.457300970803545995e-03,-2.350731089794443583e-03,-2.215019236973393094e-03,-1.793645472212166900e-03,-2.321362462846441720e-03,-2.347558429668915921e-03,-2.298791871807418907e-03,-1.660971327157998627e-03,-2.701901379925305234e-03,-9.206912420905577358e-04,-1.909064225686023285e-03,-1.809843611133353340e-03,-2.690171113864458542e-03,-4.757001150845319160e-03,-1.669425557756341752e-03,-1.243980148907000661e-03,-1.364406550602439592e-03,4.377602089466358011e-04,-1.910852958824633832e-03,-1.636296587485411421e-03,-1.145284223540436698e-03,-3.893609533082971561e-04,-1.057907916647119178e-03,-1.719855276137556566e-03,-9.572091179285280435e-04,-2.772478157132170760e-04,-1.497606953751900224e-03,-1.038827754967024423e-03,-1.535776644705724335e-03,-1.467084186340732784e-03,-3.449442532915379840e-03,-3.589067994775413124e-03,-2.100863599069898412e-03,-3.518900384491591062e-03,-3.006166771646196379e-03,-2.326508730805018198e-03,-5.680601314772317119e-03,-4.610478356837255376e-03,-8.930426974708522217e-03,-1.181318030684586420e-02,-1.251855360441003415e-02,-7.486823228249215624e-03,-8.701014706362827575e-03,-5.085416804423058268e-03,3.381266125457913982e-03
-3.368476841823693241e-03,-4.888317438646682875e-03,-5.165717112892130765e-03,-4.262104525625956888e-03,-3.263670111700113334e-03,-1.725810481641848731e-03,-2.614302634654377434e-03,-1.178975279470020118e-03,-7.871496151145647609e-04,-1.371860960800324204e-03,-2.002359288066342911e-03,-1.601382168370356004e-03,-2.256469196961139768e-03,-1.010516811866812642e-03,-2.890812934499308647e-03,-6.623716701440225544e-04,-2.500687470386328548e-03,-2.315508833441217492e-03,-2.358787124719717836e-03,-1.758936837396437572e-03,-2.542011452024563016e-03,-2.152618749693191880e-03,-2.461976739078032984e-03,-1.427058097314488645e-03,-2.993859795622462634e-03,-1.012550246352522882e-03,-1.783804406957261888e-03,-1.652124874179971073e-03,-3.023529541420521757e-03,-5.097294578418438624e-03,-2.058244754260472528e-03,-4.053605752847042683e-04,-1.482029224994883994e-03,-1.506494433529057800e-04,-1.195213241152527943e-03,-2.388127629658697883e-03,-7.870104591181830214e-04,-4.678855496120772279e-04,-1.448776263715880223e-03,-1.863855644491988189e-03,-1.033988672375879374e-03,-4.529555978647678408e-04,-1.837297105967539753e-03,-3.651066503379763665e-04,-2.001593195901007951e-03,-6.405987274289178099e-04,-4.370510624315081596e-03,-3.068792698815289363e-03,-2.984013516976692128e-03,-4.302368164462784528e-03,-1.190386316389797049e-03,-3.155429592219219804e-03,-7.003206626049778526e-03,-4.647167236369973732e-03,-1.051036633104344108e-02,-1.253009701782623574e-02,-1.234949076107910021e-02,-1.038632602959142434e-02,-7.179892010372451380e-03,-3.947809528520507261e-02
-3.595978481006973943e-03,-3.386801364228232258e-03,-4.895858535007961872e-03,-5.218975313034254597e-03,-4.191395038336941797e-03,-3.332290358038949522e-03,-1.855926102704624683e-03,-2.467896828996628093e-03,-1.265119136203556992e-03,-9.416715331855654049e-04,-1.249553861258339638e-03,-1.903415526554595163e-03,-1.645966856073475789e-03,-2.316778665451817588e-03,-1.185040967573690708e-03,-2.568383016747238616e-03,-8.428717543992225898e-04,-2.304833153670345601e-03,-2.463396826856843053e-03,-2.467418910550405343e-03,-1.932404534889757899e-03,-2.136627824760087366e-03,-2.499040327163337769e-03,-2.436741354039405512e-03,-1.705962020186268125e-03,-2.670549134867237096e-03,-8.319862945278494286e-04,-2.091807776828201806e-03,-1.689998191007891209e-03,-3.151579008570377753e-03,-5.006048004486732088e-03,-1.842534817175595693e-03,-1.285695761133834238e-03,-1.425888958756870708e-03,6.031467721834716123e-05,-1.246920834086935473e-03,-2.674313532238622743e-03,-5.591810148230638494e-04,-5.149508882676287437e-04,-1.550057716184873209e-03,-1.933290660826828856e-03,-1.295926460310788543e-04,-1.312332786085382156e-03,-1.853715557778460492e-03,-1.346539590677536401e-04,-2.031254384174099349e-03,-1.788937972972766584e-03,-3.779055925315547189e-03,-3.419442196492203118e-03,-2.619008910199937049e-03,-4.216796565053789435e-03,-2.409527609836549598e-03,-3.140708649502855880e-03,-7.380534912466304998e-03,-4.822086910673326413e-03,-1.226744610476198163e-02,-1.382428836586080401e-02,-1.567695460453108480e-02,-9.604246645305476032e-03,1.349639072985129359e-03
-3.335227690822082335e-03,-3.644806873390639759e-03,-3.335820345697590103e-03,-4.846901643575875565e-03,-5.462823475038773406e-03,-4.198394058900933867e-03,-3.391485955555938268e-03,-1.567453316305829304e-03,-2.603237065333064478e-03,-1.315977683749594996e-03,-9.501254194489353435e-04,-1.272695118126167171e-03,-1.862390592900087759e-03,-1.868480520313665037e-03,-2.027934436677074608e-03,-1.280133817424172976e-03,-2.814778884680446940e-03,-8.019703313326090755e-04,-2.455194097314701823e-03,-2.442512764425012854e-03,-2.360144124452626373e-03,-1.948126058939926618e-03,-2.357356219945643851e-03,-2.465757746101984726e-03,-2.411053941683904273e-03,-1.642566839894117180e-03,-2.901375726003817268e-03,-9.515747789812597666e-04,-2.138122609023392594e-03,-1.693314399036447999e-03,-2.956779653440097261e-03,-5.285958305736612566e-03,-1.237291630553318499e-03,-1.660981554612539013e-03,-1.486045348400867041e-03,-2.570538919885309776e-04,-1.603534692186505371e-03,-1.631649958686719410e-03,-1.428374593699163666e-03,-1.268300021038383909e-03,-6.415463551673881212e-04,-1.965790762323439429e-03,-8.919315415749854824e-04,-8.603467179683052567e-04,-2.305154449317157496e-03,-1.062931595364735408e-03,-1.018143278321242138e-03,-1.287265743429391943e-03,-4.547690505592421294e-03,-5.457080947905194879e-03,-4.693638685936601983e-04,-3.929614152336731447e-03,-4.536486680927763124e-03,-2.366630721230966652e-03,-7.385437006220365273e-03,-5.878444706676831666e-03,-1.295322247594028579e-02,-1.528965422903724378e-02,-1.698553352328432964e-02,-1.189746361345373794e-02
-2.813053611422360479e-03,-3.452456166515020103e-03,-3.556139911278145653e-03,-3.487015125764548508e-03,-4.724395941918152139e-03,-5.376415787356029173e-03,-4.292758107781867449e-03,-3.501071425309424095e-03,-1.702606117174734713e-03,-2.396280301829139137e-03,-1.551665841476626041e-03,-7.788902017776881638e-04,-1.228780203369268971e-03,-2.196857381502620270e-03,-1.630896955558060147e-03,-2.183135208844075390e-03,-1.236001801587904370e-03,-2.780211677827726553e-03,-9.079345610488969006e-04,-2.468247058620540516e-03,-2.298611179245783898e-03,-2.554349549445580209e-03,-1.914131370724572690e-03,-2.346458142248785718e-03,-2.630445571242078298e-03,-2.399645896231202263e-03,-1.911008193080744383e-03,-2.722436510511683661e-03,-1.033304849411272519e-03,-1.945826187333902406e-03,-2.007270969938703374e-03,-2.904165704038780185e-03,-5.750315139119122239e-03,-1.620967049956656717e-03,-1.424850879798499319e-03,-1.223602265489730960e-03,-2.769317407712849790e-04,-1.273181455312647576e-03,-2.442129658381425247e-03,-1.181208728340847267e-03,-5.806309446991390682e-04,-1.646039090516497692e-03,-1.560784799635693988e-03,-1.291718473877141379e-03,-1.159112459753201558e-03,-1.526431715058044645e-03,-1.405715472220407181e-03,-1.981275607958816326e-03,-8.633600837074155388e-04,-6.019112634889444043e-03,-3.242488614115162336e-03,-3.758534961307053064e-03,-2.938072021775805457e-03,-2.978348677772298808e-03,-5.004842392217973175e-03,-7.640720866493185513e-03,-7.457678824358835237e-03,-1.024836294717270183e-02,-2.006066983333430406e-02,-2.063584376397285466e-02
-3.854513909660806700e-03,-2.863857176912224488e-03,-3.307466662466466024e-03,-3.692833416393235830e-03,-3.339438981649481882e-03,-5.082748039674573302e-03,-5.373207783014745560e-03,-4.228924317861781391e-03,-3.535552858580039929e-03,-1.672462041711196556e-03,-2.533273931734033625e-03,-1.318535057518462452e-03,-8.945069223364994840e-04,-1.452860814382181094e-03,-1.966772689601502949e-03,-1.577209770017190408e-03,-2.417911162426271670e-03,-1.126633512922875762e-03,-2.952536278231873701e-03,-8.719444214659135325e-04,-2.388750532427639985e-03,-2.775479172847805046e-03,-2.060998496732159395e-03,-1.934144611194370559e-03,-2.619760358354486333e-03,-2.534509184267526478e-03,-2.506776443756904109e-03,-1.934490784076897240e-03,-2.840773013901001006e-03,-1.400726086506162401e-03,-1.558032542305308075e-03,-1.875638454140060411e-03,-3.454983818188853487e-03,-5.471751953080812580e-03,-1.583449264733815176e-03,-1.351891955869564304e-03,-1.641011042981325259e-03,4.168519565536307758e-05,-1.504365563077960256e-03,-2.484851462583156402e-03,-1.525944255680747406e-03,-6.075626537553821538e-04,-1.512311860130530943e-03,-2.050050069499876216e-03,-8.143369283521043143e-04,-1.604874540331472331e-03,-1.691678977441236518e-03,-7.619620595981684485e-04,-2.383319380113661096e-03,-6.571387309458460958e-04,-5.492026618358557613e-03,-4.599194331067103444e-03,-2.155932826995871684e-03,-5.978588759618329133e-03,-2.302652954404531618e-03,-4.867866006829742707e-03,-8.185700736604295535e-03,-8.159334975526299355e-03,-1.313883756914350186e-02,1.043941714865442988e-01
6.743504401576015488e-03,5.854024502048520151e-03,6.883560641607575602e-03,6.379151549817358748e-03,5.568617690365605492e-03,5.620878605075596557e-03,4.277128634307726836e-03,3.747882715927454162e-03,4.895064485228816514e-03,5.236558710188675761e-03,7.272447399560073855e-03,6.237561032287940524e-03,7.512926057884313294e-03,8.033351210349074303e-03,9.217016560985792292e-03,8.634287818982788743e-03,8.931562201022816977e-03,8.510057059209239633e-03,9.478704220924919974e-03,9.715712452398189702e-03,1.192482057787621827e-02,1.037658499623417795e-02,1.009928751950797156e-02,1.014938940044852848e-02,9.512557345085321039e-03,8.965700268666167497e-03,8.786634045757000383e-03,8.824531816651973518e-03,9.319753927808194921e-03,3.605253487317573551e-03,6.324758359101656166e-03,4.474347559001551691e-03,4.595675169144389921e-03,3.866414753960001945e-03,9.988995733114776430e-04,4.626781177696633399e-03,5.347862547939318152e-03,4.570220114022872579e-03,6.490340417983883441e-03,3.077119786048485538e-03,2.763707275798420356e-03,3.356979799179802149e-03,3.933712243469255840e-03,2.549606073502883735e-03,2.384141567775369900e-03,3.451648937664520116e-03,2.794967171813505027e-03,8.442377679664753122e-04,4.293907252523388937e-03,-5.616785941511932660e-03,-4.437280688790869870e-03,-9.152191180715887192e-03,-6.473984693747928364e-03,-5.480125391050062744e-03,-1.901640876864875082e-02,-1.416987105518373140e-02,-1.546036017704992965e-02,-2.445799916559506307e-02,-2.191565224837518575e-02,6.620795163982692508e-03
8.519411724056454721e-03,8.823572404974300634e-03,8.786564051373070908e-03,8.971797057139567488e-03,9.008693905300443894e-03,8.876961479536250171e-03,8.487226547762023732e-03,8.668496080201272200e-03,8.808085978244272266e-03,8.742964010765413505e-03,8.371719074475841849e-03,8.292720795951833909e-03,8.190679473111476400e-03,8.161803257945033849e-03,7.961588492852873442e-03,9.759038282146475715e-03,9.336474685309580773e-03,9.726897169782358285e-03,9.247023762564081373e-03,9.814586549670989424e-03,1.092420974588726758e-02,1.147137807327568149e-02,1.129126647886045595e-02,1.155581536924599716e-02,1.092013446070125120e-02,1.023394390243156232e-02,9.959201299205184058e-03,1.020884927885230831e-02,9.434012629660006727e-03,1.034374948320558943e-02,5.673951636392011999e-03,5.338418478618195580e-03,5.850366449907756089e-03,6.337908402751318143e-03,7.035178923547631170e-03,6.018413385123690985e-03,4.693109010472897719e-03,5.253210570305837622e-03,4.215521479799490788e-03,3.795666967810707067e-03,2.203794907679584945e-03,3.832070278827034299e-03,2.301673588166654877e-03,2.207607442264118008e-03,3.167572111659264309e-03,2.915139137938078245e-03,2.273094328784253538e-04,2.719923944348743260e-03,-3.838759272688384207e-04,2.373452673474153035e-03,-4.301728993598727922e-03,-6.102035592511576706e-03,-1.908259820675247851e-03,-5.214829954258892210e-03,-7.514051627186505745e-03,-1.297017390903226070e-02,-1.640906339561043481e-02,-1.489358290046502442e-02,-1.097472583795104303e-02,9.576718418004098038e-03
-1.145292779130865305e-03,-7.460501160457760168e-04,-7.345911338722112098e-04,-6.671373722139746412e-04,-4.693062405263525878e-04,-3.275450910314649678e-04,-6.534748533136938188e-04,-3.822632986605940678e-04,-2.921449314038690567e-04,-6.064227719171424178e-04,-4.909876805437780357e-04,-8.520118357007982340e-04,-6.787386207983478600e-04,-7.719259438548889060e-04,-6.416872064151433845e-04,-1.134171529496567910e-03,-8.293602558975695337e-04,-1.189186136841301157e-03,-1.301275699853482633e-03,-1.347093379862646708e-03,-1.283396504241202411e-03,-1.722356995391449794e-03,-1.475774810960261410e-03,-1.823544077577129042e-03,-8.362620554831952380e-04,-1.739158499133604870e-03,-1.075658047493433401e-03,-1.087262774196485647e-03,-1.245581618281976560e-03,-1.640497586941865862e-03,-1.591484377408216872e-03,-3.578730858424456401e-05,-1.592328796128278596e-03,-4.580383825341807855e-04,-7.664507934623347989e-04,8.959645254988113112e-04,-1.069085556858020850e-03,-1.997946927751632039e-03,5.998885345935563091e-06,-3.631296004623845147e-03,-2.025736768381437240e-03,-2.463381377320539561e-03,-1.468225220831320330e-03,-2.841932028864734960e-03,-1.441894139414914280e-03,-1.687639694485136392e-03,-2.381180390704986261e-03,-1.704743464376917879e-03,-3.243474390708257077e-03,-2.628832715828043759e-03,-3.678810894058569606e-03,-2.116311628769369530e-03,-2.514287888467083357e-03,-1.309832714720805900e-03,-1.542568653516912481e-03,-2.213970720750088519e-03,-9.894238257742160592e-04,-6.498279350896861081e-03,-1.553776407977145054e-04,3.999707531284023287e-02
-9.752630167979573156e-04,-9.371464801507972979e-04,-6.974072086656709366e-04,-4.035076303730669484e-04,-5.467320343376021749e-04,-3.999768646375697332e-04,-4.861939785840195343e-04,-2.912599868255596200e-04,-3.165016733239351928e-04,-3.774896417342170937e-04,-4.241400547361688731e-04,-5.185290585427737055e-04,-4.296996611781257248e-04,-6.866451173868000921e-04,-5.423187881231298756e-04,-6.828666136302885808e-04,-6.968543066773315395e-04,-6.691513776336862479e-04,-9.845876821145294489e-04,-1.123138402918155958e-03,-1.148024535885205444e-03,-9.014298365373850765e-04,-1.529889563776915765e-03,-1.728233584573407719e-03,-9.863603837507732737e-04,-1.185168522475858049e-03,-1.240960200635141033e-03,-9.035861322454467491e-04,-1.170925110420592986e-03,-9.318746914664811486e-04,-1.562106272411090601e-03,-6.188122009817807485e-04,-7.717224951615999501e-04,-9.116464971688322590e-04,-4.146845982824590724e-04,-4.381684751767471898e-04,3.593962810918071785e-05,-1.241903166664441944e-03,-1.776179199823754674e-03,-8.502599768174481281e-04,-2.605653417701039431e-03,-1.924718358391469455e-03,-2.127550848039531581e-03,-1.446687818318479488e-03,-2.709445043868431019e-03,-2.338194599467661745e-03,-2.116810399262649637e-03,-1.903725695438061730e-03,-1.999909559080585014e-03,-3.013102060088060537e-03,-2.932134811774178996e-03,-4.604128143017990546e-03,-1.203750977465015354e-03,-7.894721145243111969e-04,-1.084247987010887506e-03,-4.081555310330620308e-03,-2.287798171589359216e-03,-1.400825355003646345e-03,-6.876272858171380425e-03,9.122417902749299645e-03
-8.612256725693596569e-04,-8.619175049589032720e-04,-6.569515090071851617e-04,-5.145699372046004787e-04,-4.004882259975453356e-04,-4.459877008268559777e-04,-3.887418874532816621e-04,-1.172594249866078188e-04,-3.978885858470217695e-04,-5.822506639276806592e-05,-2.776336668545431054e-04,-2.461082006592786716e-04,-4.169220398883707272e-04,-3.749561554333712718e-04,-5.879718155420776216e-04,-2.984689454952690760e-04,-7.858929736694315969e-04,-6.486836190578346671e-04,-8.136999337126947030e-04,-9.253671950439246608e-04,-1.284136240926741623e-03,-9.746784565916622465e-04,-1.434313860081866399e-03,-1.733063453713448721e-03,-1.474804932055732857e-03,-1.194294415919860226e-03,-1.132348750751511991e-03,-1.038265410491094045e-03,-9.142099798987739136e-04,-1.259580061431887733e-03,-7.155926207313828818e-04,-1.431085663650467389e-03,-6.962354004497761130e-04,-7.908059889224005679e-04,-1.101711043297294145e-03,-3.566133462009382876e-04,5.993933601294979446e-05,1.101267497941407249e-03,-1.459035290724352814e-03,-2.039775964694057024e-03,2.821484165423401402e-04,-3.814457434234469393e-03,-9.947298836488595655e-04,-2.713521065146425135e-03,-1.741115830641399090e-03,-1.182995696595366296e-03,-2.826323819953691693e-03,-2.009301669462856474e-03,-1.139628850500060955e-03,-3.831578842613355806e-03,-1.041313893267338444e-03,-3.957489621831761228e-03,-3.497269107349809929e-03,-2.530383151484281046e-03,-7.929384941787223336e-04,6.528111406334001022e-04,-2.147297970073726043e-03,-6.129421967956382063e-03,1.279200272389013990e-03,-3.065732069484306162e-03
-1.326813220839882877e-03,-1.394165689722605796e-03,-1.096696804733788590e-03,-1.063103726007749500e-03,-9.014037842410470508e-04,-7.612256068538343591e-04,-8.232742188138942284e-04,-5.945131583113935810e-04,-7.579545777910712007e-04,-7.354443451592181840e-04,-4.123274817377236439e-04,-6.658508598806722571e-04,-7.802186840168562343e-04,-6.279085508784205093e-04,-7.614484417732454453e-04,-7.763059283546393935e-04,-8.623807120249533682e-04,-9.728363028070858643e-04,-9.672862459687243735e-04,-1.055701683812386524e-03,-1.300732395828356393e-03,-1.297585644627160867e-03,-1.581557816549957352e-03,-1.912253516393731638e-03,-1.748513251271150955e-03,-1.452271046464517767e-03,-1.621877039509077084e-03,-1.202421548864366675e-03,-1.583064986197408805e-03,-1.034553895764509998e-03,-9.795595687889869022e-04,-9.099595367704913429e-04,-1.658208175052513274e-03,-6.413438370504142812e-04,-6.669193369177366321e-04,-6.561495704104691523e-04,-9.360482783972369925e-04,-9.143234179970468408e-05,7.865142971007163010e-04,-1.110860461369323144e-03,-1.877445712684760537e-03,-3.218376935799800178e-04,-1.787741269113889402e-03,-2.487147520596928729e-03,-3.328870351262267369e-03,-8.626190950913914827e-04,-2.676471256102739855e-03,-1.627519701336912821e-03,-1.808888055737884176e-03,-2.558068097584837060e-03,-1.487097126227726347e-03,-2.997623692240554416e-03,-3.628105760986762712e-03,-3.278569067386050140e-03,-1.939709796967357958e-03,-1.945868900038295749e-03,4.094606247251107267e-04,-2.609725339064689759e-03,-6.364042676562680322e-03,2.743050078211620862e-02
-3.840733626751420982e-03,-4.160329593455003826e-03,-3.875181766724035935e-03,-3.805384192296891715e-03,-3.803778542188731258e-03,-3.529192163432001879e-03,-3.351912964864072180e-03,-2.595480613791314919e-03,-2.584656269669210419e-03,-2.268740583968524138e-03,-1.911543769191594022e-03,-1.625387833267768426e-03,-1.753733946318856768e-03,-1.643508317821184206e-03,-1.844978063873395011e-03,-1.648592464985690733e-03,-1.789090154245047632e-03,-1.209726797293291444e-03,-1.759809591652903736e-03,-1.879676094662795661e-03,-1.855378316558079855e-03,-1.999115627133619000e-03,-2.205223258559562728e-03,-2.142562588605522594e-03,-2.242511932119531717e-03,-2.430768044273948041e-03,-1.678982249788266764e-03,-1.851521903458066458e-03,-1.443478302666700288e-03,-2.039959599952070272e-03,-1.674887250021771636e-03,-1.175238246505708748e-03,-8.656750473359647868e-04,-1.804260110856553559e-03,-7.770220760244166223e-04,-6.361876255813088410e-04,-1.463452588330007176e-03,-4.123577303315108396e-04,-7.381162411536749696e-04,8.254591192416397410e-04,-2.040079555291001530e-04,-1.738112964868407167e-03,-1.858540001076924191e-04,-3.563645373658347153e-03,-3.028711410930580699e-03,-1.824720833864084063e-03,-1.526297336059320156e-03,-2.421772542992206741e-03,-5.768407667610213341e-04,-3.238020642015425072e-03,-1.820732360138614279e-03,-3.478197859651908398e-03,-2.505959576662916948e-03,-1.934021397961159430e-03,-6.641342223656857523e-03,-1.745577096531082933e-03,-4.787390032854163167e-04,1.425768686392010504e-03,-2.658482006892668933e-03,-3.407565758765211672e-03
-3.602247167265535885e-03,-3.568772227394777490e-03,-3.399106914193543612e-03,-2.700246517048003701e-03,-1.594054081447111989e-03,-1.560814387555093047e-03,-1.520236009807025314e-03,-9.940562995271226120e-04,-1.270581234886768466e-03,-1.112724051229830322e-03,-9.824742274599485535e-04,-1.273123658109406734e-03,-1.209860142003388751e-03,-1.007287026577794809e-03,-1.374345463921382337e-03,-1.283968498669777695e-03,-1.283437844110047821e-03,-1.872855840053146712e-03,-1.711282152931948089e-03,-1.488996968165816641e-03,-1.690446189175548019e-03,-1.879413426511062496e-03,-1.952800643333690335e-03,-2.259504053636304886e-03,-2.105348368213250630e-03,-1.552323662930345802e-03,-2.379097940093088167e-03,-1.962254312805435282e-03,-1.984528992985482628e-03,-1.885625382594856335e-03,-1.420134265129415364e-03,-6.137706717567163609e-04,-8.804604100056006612e-04,-1.081691591637462622e-03,-1.545978169486175681e-03,-7.427970975308333546e-04,-3.951449570625569147e-04,-1.022442717307613406e-03,-4.574340892563985485e-04,-5.977978341011649368e-04,1.462474271011936699e-03,-3.658062935221699356e-04,-2.615360270070631824e-03,-1.549920658103173289e-04,-2.935839897492405464e-03,-1.277098331697764039e-03,-3.434796357667225207e-03,-1.918496093287105474e-03,-7.777174823356015074e-04,-3.987462987942628524e-03,-1.858845282826848992e-03,-2.978677871348021835e-03,-1.733179810545063416e-03,-3.397320504674528410e-03,-4.135768275464035866e-03,-2.709994200906333094e-03,-2.252442227009858727e-03,-1.686415968125823568e-03,9.510384268813465393e-04,-3.189555885175752743e-03
-1.666075494713982171e-03,-1.757126577697271878e-03,-1.665456248574957113e-03,-1.303716598610144429e-03,-1.408130984241561358e-03,-9.182967225015839291e-04,-9.250319178548593781e-04,-6.506616721421896402e-04,-1.088443352665165002e-03,-6.222466222643987729e-04,-8.266101895204175636e-04,-9.360485359810317811e-04,-9.373030295026232254e-04,-1.363981289513833701e-03,-9.101369921582001896e-04,-1.177314082570861875e-03,-1.452872692196346700e-03,-1.235931550047875962e-03,-1.331637345367108708e-03,-1.595980614922903711e-03,-1.435852385969803909e-03,-1.813431172982268380e-03,-1.937311821702229417e-03,-1.767551821320668395e-03,-2.226031035225948737e-03,-1.559131177219293118e-03,-2.005834957020118711e-03,-1.740926861513683805e-03,-2.060083187808716375e-03,-1.503931244911856221e-03,-1.717565835786291194e-03,-9.815168221047735654e-04,-8.418965966127642557e-04,-5.322379012017097949e-04,-1.295395843806995597e-03,-1.362023245430761401e-03,-9.245282304464923825e-04,1.387807535924859357e-04,-1.840180677915464720e-03,-5.700318384895919181e-04,-2.808715411123389929e-04,1.513414846149447636e-03,5.954337626192961528e-05,-2.713844952369160943e-03,-3.961248581157117660e-04,-3.811632761995197537e-03,-1.002569991251178391e-03,-2.105526880343302522e-03,-2.758378774721079521e-03,-1.722552409439997339e-03,-2.953273856773107071e-03,-2.407085387917205083e-03,-1.770310644811951429e-03,-2.412924801156952296e-03,-4.352147555688442096e-03,-4.454916057153441439e-03,-3.831694668059953349e-03,-1.560219226745155263e-03,-9.842337274388577879e-04,-2.432522384524270827e-03
6.409676682833434763e-04,1.012144481306251993e-03,1.547404698581695366e-03,1.709838322246761810e-03,1.565387486239537681e-03,1.570009149130795418e-03,1.121047787198122458e-03,7.799743754204590531e-04,4.040923615805276105e-04,-6.757022653723450596e-05,1.261575397277987548e-04,-5.032843936931379600e-05,-1.921433294047104380e-04,-8.024579401863551117e-05,-3.802120587671459868e-04,-6.912898629901791429e-05,-4.478982033710502656e-04,-3.194598662142769207e-04,-5.332896969696599874e-04,-2.857785402680832962e-04,-6.189412774695531071e-04,-3.159180196219498371e-04,-5.573140433011876654e-04,-5.704832468577928804e-04,-4.353823043719658365e-04,-5.704440403212910401e-04,-7.370333831905811562e-04,-4.021740384947417252e-04,-5.368528461265439271e-04,-6.127601277814380539e-04,-6.214163353932589161e-04,-2.862994723827970542e-04,-8.998028772881667015e-04,-4.120672259381099743e-04,-5.348691969512477280e-04,-6.028311522616851010e-04,-1.222037085114355487e-03,-6.503818378018573010e-04,-6.391213156210240895e-04,-7.475200608481333883e-04,-7.024336100314743656e-04,-1.015175745828183172e-03,-9.305694963516047968e-04,-2.947003728080347762e-04,-1.641723381946406891e-03,2.287251434671692864e-04,-1.146525154488083151e-03,-1.580971458694193331e-03,-1.047924775278544695e-03,-1.734793783265869147e-03,-1.061360713563064013e-03,-1.227852433620356398e-03,-2.661239757814808874e-03,-1.344099247205283879e-03,-2.523238103323883000e-03,-1.710294071002950488e-03,-3.424818786765975332e-03,-2.339324132832303147e-03,-2.528459567085817369e-03,-4.239460773883749201e-03
-1.161130112000349497e-04,2.364775209902000299e-04,2.333461758909782129e-04,5.946557014612328810e-04,6.868526043704423125e-04,6.413635875274970770e-04,7.149301389087480167e-04,6.463464366414624698e-04,1.025861555952569987e-04,1.247947535659387191e-04,2.655679633667844104e-05,-1.664712617358062724e-04,-1.163216726310430403e-04,-2.646956146105213436e-04,-1.383872902472839048e-04,-1.367305106604785846e-04,-4.040876225927809008e-04,-2.900719702314560845e-04,-2.763605855218071090e-04,-4.504056855787156731e-04,-4.964351698012390820e-04,-3.598626965550784460e-04,-3.314053853406672551e-04,-7.362528496529424692e-04,-5.111799063460011321e-04,-1.934604685182920417e-04,-7.717168817009500796e-04,-5.270231330762489667e-04,-5.342512081038646712e-04,-7.259530450953591892e-04,-5.473013951003817025e-04,-4.722314049587342287e-04,-4.837051163441818112e-04,-6.996649229560759475e-04,-8.003305148846650988e-04,-5.363086797522815781e-04,-3.708324657296602710e-04,-1.034691152105946888e-03,-6.130409154751889547e-04,-7.735401422908688360e-04,-5.951992160579069489e-04,-6.376680471488296344e-04,-8.067110413497858949e-04,-8.562737940745432678e-04,-1.385597694724188898e-03,-7.835806491121523505e-04,-4.370154179343040970e-04,-9.781436392451365366e-04,-1.811519622690444496e-03,-1.162929731771759987e-03,-1.238087754867202295e-03,-1.730308338915857681e-03,-2.105853699948174052e-03,-1.034067123394661952e-03,-2.164100987516215466e-03,-2.983731291254877304e-03,-2.753901241419342855e-03,-2.873763436818754444e-03,-4.162839174956536013e-03,-1.191009340205697632e-03
-2.642209602218113665e-04,-2.872662098646980858e-05,-9.726925489844934615e-05,9.281189315445305529e-05,1.161894457879646158e-04,4.224386529075442966e-04,1.854007927143915045e-04,3.193516666278866257e-04,1.600315955766022636e-04,-1.647294564037115781e-05,3.968739411933609257e-05,-1.342862572656339346e-04,-1.927658611956086291e-04,-3.777410108429083997e-04,-3.029155163955615749e-04,-3.007987672442166889e-04,-5.172729742462847105e-04,-2.500016149233627930e-04,-2.072308431365173426e-04,-4.229581778347724867e-04,-6.244998979587777950e-04,-3.057675628793493877e-04,-4.355380027404316505e-04,-6.338038842525165351e-04,-5.846758504765969117e-04,-7.564613748754538602e-04,-5.701144394574019295e-04,-4.665734697693192223e-04,-6.763428207340275305e-04,-4.885530919542420414e-04,-3.953318845865636260e-04,-5.283968059397664086e-04,-7.267233242122440482e-04,-7.367754149412565449e-04,-6.399906715457425203e-04,-4.879926916141975250e-04,-7.056142753157471125e-04,-1.950742358077959474e-04,-1.393668606649312415e-03,-4.286621979515598847e-04,-6.538424431991704706e-04,-4.821453676367480970e-04,-1.007750394321778754e-03,-9.174353849784487244e-04,-1.264329325275584913e-03,-1.141461128826007669e-03,-1.718714570053146489e-04,3.670567190613249590e-04,-2.153679565828439581e-03,-1.160543763607545893e-03,-1.812879295593850925e-03,-1.441739198569344819e-03,-2.027261722194587806e-03,-1.500685222512014973e-03,-1.925946401414025929e-03,-2.824634154347770588e-03,-2.087633209565563450e-03,-2.941088828169230365e-03,-3.641761578529430828e-03,-4.054567367119947530e-03
-2.086773132407312265e-04,-3.723597793012104265e-04,-2.389038368920415063e-04,-4.413117097609888770e-05,-1.888269204621815568e-04,-3.477090930472650707e-05,8.406908769924655760e-05,1.480998334813660167e-04,1.632107848844287223e-04,-3.707087425767613951e-04,-1.262110892345029130e-04,-2.442445854528004574e-04,-2.418016626638405599e-04,-4.929691390340041474e-04,-4.812620106860802092e-04,-2.537078958528491399e-04,-5.957753408969631041e-04,-4.183977119528694741e-04,-3.566086543443443453e-04,-5.103010468269800161e-04,-4.695055118848235893e-04,-3.325494912342133176e-04,-7.587152098817443379e-04,-2.525630647710869051e-04,-7.226616220127040236e-04,-6.691859572369040924e-04,-7.559610348266713672e-04,-5.069787460546252471e-04,-7.671374895630300728e-04,-7.236567861700767771e-04,-9.044794654395378478e-04,-3.785296404094543694e-04,-6.909989562878897634e-04,-4.803327316443647575e-04,-8.135640199919341254e-04,-5.136032285972996813e-04,-7.408828448107717931e-04,-6.286998412477309058e-04,-4.756238719589251447e-04,-1.344741189131037429e-03,-1.116422501882281338e-03,-3.106167170768100354e-04,-9.231911826131591501e-04,-9.073985155835961229e-04,-1.026171537130951463e-03,-6.564910371952846534e-04,-5.373222036171770638e-04,-1.510422745070858072e-03,1.078641801548204521e-03,-3.193345739962178114e-03,-8.486239572968543726e-04,-2.115466021128334633e-03,-1.643426324351901805e-03,-1.424564392037241771e-03,-2.693689332501527159e-03,-1.640052104817626933e-03,-2.898211959050771887e-03,-1.980610498433719047e-03,-3.525309930511424765e-03,-4.181039136891930193e-03
-6.682456675187964596e-04,-4.689427677586617917e-04,-5.050115812035697350e-04,-4.647874693180988493e-04,-4.357062437450972452e-04,-5.468044690454914843e-04,-4.341296280540760891e-04,-4.800116845179997599e-04,-4.184899373065974334e-04,-6.319220261992247950e-04,-6.418908217635291812e-04,-7.452204609953297972e-04,-8.427722851860197520e-04,-7.831093297265229267e-04,-1.005634327403114210e-03,-8.838505621092796307e-04,-7.729594341263356120e-04,-8.654840465132671110e-04,-7.956068398535385200e-04,-9.151421091592441175e-04,-7.017811670490438228e-04,-9.993419133789639870e-04,-6.448113066795569835e-04,-8.887312717146229413e-04,-6.336877295414234399e-04,-8.840622524298048356e-04,-9.732503106340188812e-04,-6.718782692612129291e-04,-9.741980223718488523e-04,-8.477289578188261640e-04,-1.001367830219602453e-03,-7.933849915515648731e-04,-9.472774023254137109e-04,-9.153664547838256471e-04,-9.607679466939919284e-04,-1.037554213988048629e-03,-5.458367697656234859e-04,-9.610158354549642838e-04,-7.816471139090529858e-04,-1.291891875479089270e-03,-1.132905249800241496e-03,-6.899192997576432873e-04,-9.008110388772204045e-04,-1.524248326959839160e-03,-3.874708495147172541e-04,-1.463792694798408912e-03,-5.812532998113475145e-04,-1.531639775246133135e-03,-1.139988549140313499e-03,4.191966979035733547e-04,-1.095612408058836435e-03,-2.899685767097900761e-03,-1.668582354706703947e-03,-2.541979481902842050e-03,-1.232442652197300549e-03,-1.780838402248643331e-03,-2.626342838730422180e-03,-2.676254238761720337e-03,-3.397312115831251263e-03,-1.905010600495720590e-03
-6.633385592670359727e-04,-6.787840853042697090e-04,-3.312018810833182187e-04,-5.225646428094276414e-04,-4.755193868898620921e-04,-4.575589997703537431e-04,-5.774960192304950599e-04,-4.618548841721134947e-04,-4.637140813938401261e-04,-6.496484440605722332e-04,-8.622946652408581625e-04,-5.191259706591410100e-04,-5.441770871093259011e-04,-8.702480916030466609e-04,-8.448679390784001250e-04,-7.272085757725922769e-04,-7.395974677650308518e-04,-8.479743425769567479e-04,-7.434210376521113240e-04,-7.628747749528323480e-04,-7.983451926350994959e-04,-6.326828662686375228e-04,-8.114818765423857314e-04,-9.493030264975636659e-04,-6.821385922730796407e-04,-5.697900359545161973e-04,-7.524767384170863438e-04,-5.173249352575663750e-04,-1.037611772895972182e-03,-7.334786292720005827e-04,-4.878827683616549838e-04,-6.909063878289564784e-04,-8.779927720219768026e-04,-8.168067117436926278e-04,-9.967029627754235392e-04,-6.015968386974351011e-04,-8.685794593228554324e-04,-4.850134545792005752e-04,-1.223872663112768018e-03,-1.014327040033734554e-03,-5.690944773899492097e-04,-1.417121294403363369e-03,-7.171528743024761007e-04,-6.904271090405776417e-04,-1.064868166566963412e-03,-1.345281805928035283e-03,-7.334258125934207256e-04,-8.802845027366269087e-04,3.283427296945117045e-04,-2.292761401531631226e-03,-9.878959087386487026e-04,-9.929301437787943670e-04,-1.730652035911800935e-03,-2.934364624666063737e-03,-1.056618862652501352e-03,-2.687137601013786081e-03,-2.223095102538768728e-03,-2.873010357746222029e-03,-2.458751725419399802e-03,-4.515314891112344811e-03
