1.954963439734014319e-02,1.607436012849047108e-02,2.010697296612998577e-02,1.408542072088246437e-02,1.309192834437403891e-02,1.026564802008761088e-02,8.955044882761392308e-03,9.613959765756371553e-03,1.034053683028893569e-02,4.477991490735784216e-03,1.071765149166079012e-02,4.531547658494785961e-03,1.598999364024534034e-02,5.754916741323431138e-03,9.336059937258767844e-03,1.143174191854825529e-02,9.200924962702342405e-03,9.119370654722231198e-03,1.153347625545960917e-02,2.700110180099664272e-03,1.147908690361302241e-02,4.275071912241908828e-03,1.020365600544396317e-02,5.363506468574375137e-04,5.687449520760539529e-03,7.943774576751496189e-03,3.694613433586041440e-03,5.434147946027173548e-03,4.432509014146462922e-03,-2.605166823198742151e-03,6.906910449166194302e-03,-5.201962414971265545e-04,6.662262399437271845e-03,2.001214073991643887e-04,1.592981660699449619e-03,1.620601467593473866e-03,1.732579230251038438e-03,3.590976040830959337e-03,7.557873334344498810e-03,-4.732450694415135661e-03,3.378250314011969381e-03,-9.823287069608396729e-04,5.348537571103199884e-03,-1.961511871457160324e-03,-8.223759061550881119e-04,5.181221320157197371e-04,-2.177411530601346904e-03,-4.724511950375019707e-04,7.933556327404845017e-04,-1.248610424864071916e-03,1.670668400646637547e-03,-4.464020057510989861e-03,6.934624219616610018e-05,-6.685513616738128365e-04,-2.219403392847730042e-03,-1.559744708029328153e-03,-6.503799525181559911e-03,-7.704334842799693064e-03,-3.075349003513412876e-03,-5.818805394220492172e-02
1.439207066955017558e-02,1.929330962756210452e-02,1.592781620904396012e-02,1.985499328575651701e-02,1.397928374421457572e-02,1.298884222470272562e-02,1.014437550524022874e-02,8.808081748026856325e-03,9.432590884088586439e-03,1.013799367466772586e-02,4.379195489752752898e-03,1.059144392760978833e-02,4.569775960081864583e-03,1.587431424213013240e-02,5.869484800963067905e-03,9.380948832176569038e-03,1.145815476478715018e-02,9.207007969356003144e-03,9.080016804076903800e-03,1.142563435801064418e-02,2.532434145053159228e-03,1.124447009072256955e-02,4.136277080537018730e-03,9.909989238955087612e-03,5.197251862710970324e-04,5.767896242767195890e-03,8.024008812756670134e-03,3.694245471673391831e-03,5.432372658801909275e-03,4.346462133451379876e-03,-2.750394873457311443e-03,6.804178870435297760e-03,-6.094697948889627728e-04,6.720203243331238085e-03,2.276496456412110015e-04,1.773567665530282342e-03,1.843790059013775736e-03,1.904410094794163448e-03,3.808033412148260997e-03,7.787657814609001694e-03,-5.173864116418364772e-03,3.279672660874294928e-03,-1.249002447212909424e-03,5.307619607816101669e-03,-2.109541707475679102e-03,-8.018978010336844618e-04,6.006379876047315044e-04,-2.369017558107894706e-03,-5.921077472664668323e-04,7.167161585444688406e-04,-1.437583629990365304e-03,1.723816824030321602e-03,-4.742718321691013171e-03,3.350074807124322216e-04,-5.399602230148454422e-04,-2.436763794448872783e-03,-1.560794436834857897e-03,-7.179591222174096753e-03,-8.489948587474357988e-03,5.448620081253637004e-02
1.484033327742636556e-02,1.446130260814736286e-02,1.815102695685447479e-02,1.619463640208525929e-02,1.932662514393378161e-02,1.404189191586996746e-02,1.255141493846741348e-02,1.031386284858763075e-02,9.119565018676632773e-03,9.099832896212909847e-03,1.049964424986735666e-02,4.125510108189046898e-03,1.092803774120074123e-02,4.013201234552054956e-03,1.567823339939048224e-02,5.951271078303434214e-03,9.089658370181202124e-03,1.098992112075710369e-02,9.446527478605807465e-03,8.790111148068239719e-03,1.065586719049338611e-02,2.958759104008396555e-03,1.182489468325600285e-02,4.091310440126528884e-03,1.068890866432239788e-02,7.209305716472394704e-04,4.864746198086090587e-03,7.377934551790051206e-03,3.237240417403122218e-03,5.986606032406143092e-03,4.063807362766555520e-03,-1.655320425671751158e-03,6.429397281214220203e-03,-5.673957855566475611e-04,5.865543060410620055e-03,1.772156022472860370e-03,1.378160444589864725e-03,1.741466513388558552e-03,7.057740306358768062e-04,3.085371588931702398e-03,6.446505854237214762e-03,-3.519459544659377884e-03,3.996450629754466806e-03,-2.853060241470640936e-03,7.526759523233439268e-03,-2.395941580779819592e-03,-3.592068480300257809e-03,2.123111084933496442e-03,-2.102514395468144982e-03,-4.452769854710818915e-04,-2.231900910350414666e-04,-2.273627415636412727e-03,3.030903551806921926e-03,-1.288178944987430213e-02,6.986501572992739190e-03,-1.422519105114701142e-03,-2.042632142434989105e-03,-1.086991594441780173e-02,-3.246035197340326785e-03,8.705269273897420874e-05
1.174383431552373722e-02,1.439487697198144067e-02,1.436789429589339223e-02,1.854494281090506361e-02,1.532451828510591509e-02,1.947350262730437875e-02,1.340459017318315453e-02,1.268380486076768274e-02,1.022163575924992830e-02,8.402095348844488068e-03,1.005104882029353615e-02,9.275720320265324129e-03,4.470288744777454332e-03,1.051791911802762644e-02,4.715014032630302984e-03,1.589353553058541965e-02,5.484250982561971431e-03,9.420143138678479036e-03,1.100133942453525825e-02,8.508929861153903540e-03,9.385854216789862869e-03,1.038067591323664669e-02,2.938256556264950536e-03,1.194946298525984864e-02,3.484210949583187427e-03,1.078645649841915299e-02,-3.666174928237796323e-04,5.816358854078311318e-03,8.582871706663445371e-03,2.608250543463758696e-03,6.211742532537517687e-03,2.847091610234489187e-03,-2.085658335603008708e-03,6.433589783226550431e-03,1.018341163636498747e-03,5.202619465985057305e-03,8.939549313226344360e-04,1.468016119596477842e-03,2.654749993252389709e-03,1.095736788823108545e-03,3.307188619747710584e-03,6.990770843760616381e-03,-3.513727183707814929e-03,3.036959467917004721e-03,-1.611359813568605422e-03,6.800350020744845222e-03,-3.983718461599496281e-03,-1.628765139378314346e-03,3.260150968078993992e-03,-4.539571204023873374e-03,6.057586948134951197e-04,-2.890922748347420686e-03,1.359112158247698793e-03,2.859102880991446979e-04,-4.555753907598875455e-03,2.469866080016279442e-03,-8.272532568059159041e-05,-1.151751409801314747e-02,-4.276139864884002072e-03,-6.581513386963326606e-02
9.570054471341581798e-03,1.080442261271053785e-02,1.428835249832298947e-02,1.375040109427190863e-02,1.844200527321282826e-02,1.524156871925359986e-02,1.913784801005363051e-02,1.356003122600118148e-02,1.280868031998019969e-02,9.791986110768294629e-03,8.314979262176530606e-03,9.716940616543941200e-03,9.608340964405132079e-03,4.816775942072026861e-03,1.030813338198281401e-02,4.320547799459301813e-03,1.526030727180260199e-02,5.930378166939347800e-03,9.364071274686830426e-03,1.033066144985029730e-02,9.999261934211639211e-03,7.398191468393830808e-03,1.229216395571886000e-02,1.869442323328243541e-03,1.105351648889375989e-02,5.251468134985886639e-03,9.721311572174892376e-03,4.649929152789794616e-04,5.839549220528497675e-03,7.314797985087081837e-03,4.407442245765938980e-03,4.207999893074743959e-03,5.362057568304595158e-03,-2.857208054114262954e-03,6.041474981195521336e-03,-1.057653650242084114e-03,8.849609812020365479e-03,-1.384387347782146341e-03,2.973024764338921475e-03,4.398472555180518045e-04,2.092342253463232681e-03,4.094363022249056065e-03,5.881100655219917601e-03,-3.442296003724572371e-03,1.361074101091669418e-03,-1.028494239644207496e-03,7.973691136653799152e-03,-2.643199550573715247e-03,-2.716682063476734497e-03,-1.281511300847051850e-03,-2.837647820015158640e-03,3.395954804927411256e-03,-1.869787671029143851e-03,2.615223391245387503e-03,-2.099220219447732721e-03,-8.244766015038512696e-03,9.348804931442624908e-03,-1.165044168415992933e-02,5.750278500671630183e-03,-1.419809001965681265e-02
9.385832099255060970e-03,9.029009588426889846e-03,1.114490210842059709e-02,1.411665711818330636e-02,1.368854165652912472e-02,1.854108659815619647e-02,1.502838484847390105e-02,1.871332589960681553e-02,1.324254364999866845e-02,1.284697216017425397e-02,9.902311439423380074e-03,8.200107962675796600e-03,9.139453678447288440e-03,1.023635938718804768e-02,4.379118447752230678e-03,1.000596935936170356e-02,4.678432932469988106e-03,1.534559395132849106e-02,5.377631732308714441e-03,8.359776839705318485e-03,1.213088127134212893e-02,7.923855950282521557e-03,9.381404975217702905e-03,1.095245298979125384e-02,2.469415583028135731e-03,1.144497163440205689e-02,4.345840423177345715e-03,1.016863029333738358e-02,-1.549941458664090262e-04,5.769225769342036479e-03,8.005172039764679032e-03,2.934383307684418785e-03,5.601640432772673345e-03,3.700999403161998966e-03,-1.684153134579370733e-03,6.051027330668673487e-03,-7.694992747794590464e-04,5.814626122878141512e-03,8.824366731590536786e-04,1.509278231741591593e-03,2.576829056495114241e-03,7.512453938679230798e-04,3.705506794701302065e-03,7.333930654095036604e-03,-5.105580517494100710e-03,2.792593175460188377e-03,-1.241126187178011103e-03,5.577378454038332128e-03,-2.490383377231376004e-03,-3.726697565520529446e-03,2.495981482205300410e-03,-5.874188441188411131e-03,7.590124724627338561e-04,3.339690520713393170e-03,-5.412764227206364430e-03,3.179642217711934303e-03,-3.343290314199181927e-03,4.012937645678245520e-03,-1.177111103971199835e-02,3.633468825159190483e-03
8.549709459085345215e-03,9.738000063412027493e-03,8.497384221677273947e-03,1.034492457286382942e-02,1.476850426884946353e-02,1.366689100717539615e-02,1.797216086574719360e-02,1.497761313492849966e-02,1.864577682924673657e-02,1.278535042291323309e-02,1.236835706548016639e-02,1.021633196794246093e-02,7.927956055734142887e-03,9.084362993180206819e-03,1.002094822166167687e-02,4.520771560076074745e-03,1.019824032478610504e-02,4.663999579096597334e-03,1.516062592302662958e-02,5.299087003346423901e-03,9.533463454945084042e-03,1.095529015530789275e-02,8.279472723275593457e-03,9.010405675247733573e-03,1.030720903818167951e-02,3.394371939372675760e-03,1.072484717633431263e-02,4.732588281738592771e-03,9.729035909592863296e-03,7.535026911667903286e-04,5.688536004224681482e-03,6.326042070114189231e-03,3.524254619452431292e-03,6.727007543831420994e-03,3.270801451571034735e-03,-3.268626233253625352e-03,7.527477079575232988e-03,-8.075224010372092712e-04,4.813036256025978767e-03,5.993282149712363333e-04,2.479124616018191837e-03,5.048755378657766369e-05,3.015872685379031911e-03,3.165010073801394468e-03,6.530553865583926289e-03,-4.845196645970892627e-03,5.420011286000324738e-03,-5.028009109159503436e-03,6.377052388698152899e-03,-1.630748507966093457e-03,-1.641996347635102296e-03,-3.430728403427353232e-04,-3.541921435163936961e-03,3.569593499210201742e-04,-1.358284508314767415e-03,-1.159878289502376319e-03,6.319173264962529325e-03,-1.287870112934656752e-02,9.517997119376573126e-03,8.251758051580631789e-03
1.040366864783469694e-02,8.432233958721221251e-03,9.280640846173835584e-03,8.607765880137115827e-03,1.013329468148242360e-02,1.495823732943349881e-02,1.328357742050998574e-02,1.782825068514675912e-02,1.471779824470207873e-02,1.743191484285309609e-02,1.325398480867146477e-02,1.230279247123371514e-02,9.834025567816614619e-03,8.061643400995950268e-03,9.582314462618386069e-03,1.011368496079832584e-02,4.549353670207075505e-03,9.614074649728880304e-03,4.257731833060270782e-03,1.540642296894317691e-02,5.589505362857852960e-03,8.907983031115852476e-03,1.046891200285182504e-02,8.838861133126235670e-03,9.068435170584157601e-03,1.130456825004896165e-02,1.808939984123727899e-03,1.124448640898879567e-02,4.671137816699821171e-03,9.489518265991578327e-03,7.518094814682583669e-04,3.290395402097673512e-03,9.420474012143924616e-03,3.236211524995253989e-03,5.019606759355221305e-03,4.202765162134417670e-03,-3.609185726236006225e-03,8.347698218474851675e-03,-2.222880223246133380e-03,7.297021554475505330e-03,-8.691249150827639128e-05,5.084357072342751650e-04,3.207674963285801154e-03,2.473783517632069167e-04,5.730162777627797674e-03,6.944041713679789500e-03,-6.186052892538053925e-03,2.153533732581869309e-03,-2.675638529000750037e-03,6.364072324644078245e-03,-3.492526212881006363e-03,-1.776229219221306518e-03,2.435778145998553079e-03,-7.699641686941720645e-03,4.537286685694382968e-03,-4.347089543391619189e-03,9.352688226347002183e-04,-2.803908026973182289e-03,-3.400923515132201359e-03,6.943673934538552306e-02
1.076025089498401643e-02,1.005899777422169898e-02,8.370467691096183244e-03,9.050598525239430051e-03,9.061006292863394915e-03,1.044783655548804126e-02,1.409041506145898917e-02,1.329143212645404748e-02,1.785965460525516801e-02,1.422746076162215156e-02,1.737756983561920821e-02,1.294045395105540390e-02,1.274494783885742229e-02,9.268657082460846769e-03,8.930573620617859865e-03,9.068464680924049823e-03,9.478009749735793327e-03,4.204965739042544788e-03,9.797456270865563879e-03,3.985317263310986236e-03,1.573483072745779365e-02,5.350361587609838050e-03,8.776815358607952672e-03,1.116876869514040090e-02,8.494203912466039008e-03,9.502325666700109016e-03,1.034340831414362442e-02,1.316299929402222008e-03,1.140222922321182039e-02,4.834447520849347556e-03,9.929318369524261362e-03,-1.063275887754955729e-03,5.701890810582679360e-03,8.935416557802796853e-03,3.198610344716969114e-03,4.301234168230128746e-03,5.271185252783292842e-03,-4.545118872500699195e-03,7.832167127990567052e-03,-1.047104403155524463e-03,6.842934788206043138e-03,-1.171763409974368184e-03,2.706189785421669013e-03,1.249830624007389982e-03,1.715336357983791946e-03,3.117921050348548308e-03,7.593194314427635996e-03,-5.501702949173425429e-03,4.048171061886880751e-03,-2.189383789525713511e-03,8.003492092104876748e-03,-7.472433390949620446e-03,-2.918700750678540363e-03,9.075935270152243710e-04,-4.783552291581699700e-03,7.958729858426705044e-04,9.406354945338612312e-04,2.911907858199782977e-04,6.453236395492517423e-03,-7.034587737066676227e-02
1.134361989745683030e-02,1.073128589141890063e-02,9.987014537153357172e-03,8.009541008560151082e-03,9.587080367544138781e-03,8.186865872931011964e-03,1.124671926911231280e-02,1.375191791635353711e-02,1.331734523763074274e-02,1.678718437002837613e-02,1.432011977911731501e-02,1.792248501997014201e-02,1.276016467358498038e-02,1.183231520529963270e-02,9.579692032318501069e-03,8.116242602427025873e-03,9.516191273531265579e-03,9.904955436525562235e-03,4.112013882111365155e-03,9.968478728926600738e-03,3.878528617274399574e-03,1.525910490252877817e-02,5.691119423412906858e-03,8.251981609238817628e-03,1.141686461852822222e-02,8.493768288036364356e-03,8.184297023095402426e-03,1.168967995741949581e-02,1.414865094877784191e-03,1.202945529806498208e-02,3.313364129433313959e-03,1.058844843383272526e-02,-4.408157598409073708e-04,5.841859163280933506e-03,6.318040168279318025e-03,4.561302029418187222e-03,5.698151190060785076e-03,2.449623363869691921e-03,-1.396478067778163983e-03,5.912082671074083383e-03,-1.084691185649107889e-03,6.987510130931235200e-03,-3.034127241588155909e-03,3.411227481683484081e-03,1.541955293232369394e-03,-1.037957197508157558e-03,5.809202103982594526e-03,9.576641824745081577e-03,-8.413186817380303648e-03,5.348214671093074780e-03,-1.636680252981097608e-03,6.266397810841712289e-03,-5.632458450618196312e-03,-7.336030923937530979e-03,2.688817669781858478e-03,-2.330981856732497644e-03,-3.601089932036631819e-04,-3.096765716976729310e-03,1.226490324408935264e-03,6.029780051012826464e-02
-6.005847273417584675e-02,1.507455836662279381e-03,1.935510015758143756e-02,2.390526524822695134e-02,3.822835368655665145e-03,6.868438251436689325e-03,-5.530751511972443156e-03,-2.331785078206463982e-02,-7.465962210463380697e-03,-1.222018755152090054e-02,-2.504129921083974447e-02,4.849319119670006915e-03,-1.441132602071916458e-02,1.661377690098912036e-02,-6.109316042256082366e-03,-2.587910742244490733e-02,7.429767501053073479e-03,-1.279279516876244242e-02,-1.897572061290681011e-02,-2.348825673124688498e-02,-1.406642095130229003e-02,-6.767097359512518409e-03,-1.400757742209130657e-02,1.042033145590557514e-02,-2.882706022754282470e-03,-5.056992884566086782e-03,7.679306502816176175e-03,1.667640786626476204e-02,-3.345593471798705658e-05,1.252180112923445207e-03,-1.479544948311519760e-02,2.228929030827235536e-02,-1.044321970989761650e-02,-4.115403037766832313e-03,-9.451674584379983826e-03,-9.400123871733863726e-03,-9.754133542197044107e-03,-5.011976691592167667e-03,4.142488307188887768e-03,3.404510244094744657e-04,-1.663287655922569136e-02,4.509808760177266319e-03,-3.431938708361659957e-02,-1.799506156141138192e-03,-6.483636286741236744e-03,-6.555910421545675833e-03,-6.209871384174129628e-03,-1.892054968896784983e-02,-1.619504326404936495e-02,2.368194032338788880e-03,-1.055026922923322195e-02,-1.825909146599084777e-03,-3.980796194251751130e-02,-7.727760679225299453e-03,-1.336180207763808768e-02,-1.979552662394400836e-02,7.351722038385739236e-04,-9.483225750174358037e-03,-4.380929459459476094e-02,-1.444040458472303909e-03
1.742555730324819082e-03,1.139654121189313460e-02,3.079682847896442199e-02,1.018558961580812681e-02,1.406087817099907142e-02,4.888922260249240316e-04,1.247949823999998549e-02,6.664264071930099502e-03,7.474829257037421404e-03,2.993210110900162806e-03,7.027543312002385544e-03,9.199486926492410344e-03,8.340786749481839644e-04,8.913726689086107690e-04,3.188866286809627533e-03,7.305041140340109507e-04,2.121693943832395502e-03,1.251677251557491719e-03,-2.117677075822459361e-04,-6.145655234555876542e-04,2.637440084131294389e-03,-5.124657926375428968e-03,3.931871143067562115e-03,-2.067901312036476980e-03,9.283910209992549427e-04,-3.486868662481907178e-03,-1.883044266114533571e-03,-3.273394384449254766e-03,-3.565012117404214170e-03,-4.516574866058847663e-03,-4.123639834552890460e-03,-2.396350721937567235e-03,-5.844601412715722108e-04,-5.849472314587224851e-03,2.493897882938984206e-03,-3.871140136718853597e-03,-1.954561933534850610e-03,-1.894804547267600310e-03,-1.103182791693784392e-03,8.792300126594508602e-03,1.800797601199433367e-03,-3.034813941568459406e-03,-1.485653046140895115e-03,-1.743644999999923936e-03,-4.092258595841137374e-03,-1.438344298245690335e-03,-9.046611148123502588e-03,-3.909551642312885864e-03,-2.474850259550180186e-03,-2.376465837506063546e-03,1.965382993675333749e-03,-4.983927134081793386e-03,-4.702677484787037496e-03,4.987619804077320779e-03,-8.968467695826098495e-04,-1.400545508449468944e-03,4.061559343434387008e-03,1.313147622427253587e-02,2.599370018975412106e-03,9.049492385786794824e-02
6.302830229772400476e-03,4.278147786987382753e-03,5.424158803345432815e-03,1.444169690501598789e-02,3.069926445036456203e-03,3.009793975828110348e-03,-1.005532496669647854e-03,-1.043476162902914461e-03,1.508429894996966229e-03,2.508605780346858001e-03,1.676435296474392336e-03,3.502336769759399008e-03,7.106286614483264472e-03,4.841330824834064791e-04,-2.185794037662263517e-03,2.607506139882508674e-03,-4.108589743590674442e-04,8.862035437856248315e-04,3.677655586558393596e-03,-1.790393744763258755e-04,-1.234553343542633790e-03,1.720673670168436191e-03,-4.820519668617042480e-03,6.412425565700641088e-03,-2.181648522550509381e-03,-1.964947699509836214e-03,-8.052044790651874872e-04,-2.037969773739820196e-03,-8.000000000009404753e-05,-1.537587333272912721e-03,-5.519707568807311580e-03,-1.172864061995352886e-03,-5.343693693693757005e-03,-1.536358045780730156e-03,-3.260163331371394684e-03,4.865211287379615475e-04,-5.041955112219488784e-03,-2.455685670261957033e-03,4.131900223078606026e-04,1.594099667774112345e-03,-2.049860293383814775e-03,-5.221668723010435866e-03,-7.306635573457715901e-03,-1.117422289613398878e-03,-5.480020757654309460e-03,1.644921465968535819e-03,-6.018681318681333610e-03,-3.022201834862425253e-03,-1.183242855278579444e-03,-1.103312368972835314e-03,1.148200645051734945e-03,6.003331482519423386e-05,-5.363747173224830619e-03,1.860549132954635932e-05,-4.355819273663044840e-03,-2.369162011173204466e-03,-4.822625243981706888e-03,-5.451034482758564462e-03,-1.046546825396829292e-02,1.334711301020502939e-03
3.797936179481582047e-02,2.777475456863573097e-02,2.311206336570605091e-02,1.918140280561119945e-02,1.447740336444654566e-02,6.115214050493924906e-03,3.045416275136257969e-03,7.899916963226571304e-03,6.866856109532297687e-04,6.836622145626880011e-03,6.026557358120330360e-03,8.373540856031116281e-03,6.285673146896817928e-03,8.632412880458805587e-03,5.556225761772773906e-03,2.516816498662941080e-03,-3.061568164754774248e-04,2.761837951595859895e-03,1.386443686884883397e-03,2.932252416560207978e-03,2.789880751490200154e-04,5.141972490154189451e-04,1.570852977320955253e-03,-2.737412464985732150e-04,6.658652437985983566e-03,-2.936279394644930856e-03,-5.003057832928022985e-04,1.518069371727756144e-03,-1.069401535881431883e-03,-1.854763167196843117e-03,-3.301195832564892720e-03,-7.570103213242453111e-03,-1.683077596585202517e-03,-5.055129658666030791e-03,1.953245837187891649e-03,-2.608802880288108375e-03,-4.204332951617526827e-03,-1.622493638676755388e-03,-5.439319371727919464e-04,2.595725931276415908e-03,-5.950190877055609728e-03,1.926796532381543949e-03,-3.109295954125522714e-03,-5.046792577138402638e-03,7.455550591909918293e-05,-2.897549177684512634e-03,-3.379369018473173635e-03,-1.837256542000263249e-03,-8.100865997060174503e-03,8.425273672687329284e-04,1.871705198056278826e-03,-2.487334052887168936e-03,9.872136953953797572e-04,-5.002469135803218336e-04,8.472219093934019868e-03,-1.587469879517969945e-03,-3.400833902939156411e-03,-1.498946603705051880e-02,-8.625867704280261450e-03,4.284988061310945895e-02
1.865096349103486512e-02,1.830760379278933980e-02,1.023378223042445238e-02,6.225342465753519114e-03,4.270189693329233191e-03,9.522495419567655536e-03,4.315337412688359867e-03,2.332533885542230605e-03,-3.220333661140670559e-03,1.649902887478918011e-03,8.275146012270025858e-03,5.016768778123940724e-03,6.014343667049931686e-04,8.502707214021273550e-04,3.383831082739997918e-03,3.630099403577969133e-04,-1.184407305841685262e-03,4.208257869771612233e-04,2.061412909655946368e-03,-1.585383219954674804e-03,1.740496085148028832e-03,-8.792278911565608746e-04,-7.800530076050117610e-05,-6.477331832255519726e-04,-9.893507871925962156e-04,3.614179939487397950e-03,-2.202072660896121047e-03,1.973930885529139208e-03,-2.783928718753077639e-04,-2.173763287181717640e-03,-2.238098137535707213e-03,-1.389195961106858999e-03,-2.137178726769583311e-03,5.760051031728374458e-04,-4.278178580201484615e-03,-1.754708171206274640e-03,-3.620367985280585621e-03,-3.909518779342742965e-03,-7.868933943754015739e-03,1.895061067066659919e-03,-2.408630908125373223e-03,-5.566011700625407566e-03,1.264341004184167975e-03,-1.234418400876213665e-03,-7.665573284704914336e-03,2.097685131866906024e-03,-4.559510966875609216e-03,2.673674580196924808e-03,7.449519410810260308e-04,1.032073031570947784e-02,1.025977243266540774e-03,-1.953251170046806963e-03,7.955198161959717212e-06,3.307461052631544343e-03,-6.717558931377720817e-03,4.831131658846233440e-03,-7.273032786885357676e-03,-9.050722200993463820e-03,-1.601602212208119713e-02,2.764524967846544376e-02
-9.017664083748174950e-03,-8.595615271178164152e-03,-2.020513759491551070e-03,-4.963516746411506669e-03,-2.115089432620121811e-04,1.797900797633434191e-03,6.009792765046729872e-03,-2.172268274303346678e-04,1.189709543568482275e-03,-4.485609480811339196e-05,-6.488141697223693063e-03,2.577313874007080164e-03,-2.311874564459936044e-03,2.420318323763467503e-04,1.710386508850950680e-03,3.018484415776281123e-03,1.495016478577884190e-03,-2.063811560934954333e-03,1.671190514861078382e-03,5.835399587141619840e-04,4.547217868338584838e-04,1.877693680388900542e-03,-2.581087254454338164e-04,1.712549065149227218e-03,1.399753415339155321e-03,-1.943542138514687059e-03,5.432750287686826047e-04,5.881821426447432673e-04,7.992506207207882929e-04,1.244137931034373272e-03,-2.244168554599005119e-03,-4.845026445376748175e-03,1.263284602240411772e-03,-1.209230460519034143e-04,-3.110925696245137452e-04,-1.863243581715565687e-04,1.364782138997487435e-05,-6.590659133709980168e-03,-3.937351570718899290e-04,2.558725280599034001e-04,-2.491311042674861434e-03,-3.078540305011137168e-04,-2.870573301425422778e-03,4.664796573875792940e-03,-2.910223787345325198e-03,-3.958492402659075440e-03,-1.110929288103609249e-04,-1.025898273448421589e-03,1.965110222868169179e-03,-5.695586687713749541e-03,-1.456719553680775429e-02,-3.165208747515159990e-04,-2.313254418139345896e-03,-2.968952361311648965e-03,1.132296380090490329e-02,-1.262038263849236605e-02,5.093743574236468674e-03,-1.546777393310260276e-02,1.410238196512124571e-03,3.500281044563731403e-02
1.261435002296735705e-02,7.957174024116019095e-03,9.330135714673417485e-03,9.596964161354163900e-03,3.722618351840980416e-03,-4.607968423869485131e-03,-4.635924904539715191e-04,1.436488777272060388e-03,-2.532015047241481433e-03,-3.829433603649240112e-03,-4.124085118496883737e-03,-2.091077004149977017e-03,9.995143951563069395e-04,-3.243577767398228497e-04,-3.879667632260925311e-03,-2.054571172217284532e-03,1.609720656580600900e-03,-3.772968750000003316e-03,-2.217467395877127830e-03,-4.587622736198503385e-04,3.681737167298948488e-04,-2.456710864832785217e-03,1.306943962310899232e-03,-1.769094154909320749e-03,-7.776673309108213207e-04,9.793178826896190448e-04,-5.006662234042542556e-03,3.327061960238778329e-03,-1.522538392050483804e-03,2.371903169415572575e-03,1.630842966838234875e-03,-2.175962687252957269e-03,-3.099671705462271522e-03,-1.070462132175576580e-03,-4.280756259581096563e-04,1.032759016770088447e-04,-3.210629870959525855e-03,-2.310053855569229458e-03,-9.912716763005745193e-04,-4.628788576692572385e-04,-8.411771837972002730e-03,-1.663283919882326337e-03,1.137404580152015087e-04,-4.381598793363507272e-03,-2.339962226419477524e-04,-5.201520688435468196e-04,-1.110052356020938338e-02,2.014076480879803486e-03,2.677546432062494555e-03,-4.508480610298244273e-04,-3.398273602008100754e-03,-3.833963741841840689e-03,-4.784720210664946544e-03,1.082768066318257972e-03,-4.115832772920944085e-03,1.054585987261150853e-02,-7.180894308943103037e-03,-7.089672897196240033e-03,-2.268400687876179038e-03,3.725019941627514403e-02
2.456587726440069910e-02,1.132338778193591085e-02,7.508201892744351472e-03,8.760563289090254196e-03,4.603040432131825198e-03,4.039175296054472487e-03,-1.952479027747935046e-03,-1.901495496455719858e-03,-1.017363908904478885e-03,-6.588535392231840288e-03,-1.542567765801383791e-03,-2.362344812772996638e-03,-7.537169723859889810e-04,3.678910058146656406e-03,5.674073206442582394e-04,3.328313160716596885e-04,1.363678404751864299e-03,2.220133988387652108e-03,-1.219905646020519628e-04,-9.900678253498046335e-04,-3.429934065934503559e-04,2.515011944577100287e-03,-1.146238843745795832e-03,1.501492947197659604e-03,4.012972314120549409e-04,5.111859201505274472e-05,8.520956009699825247e-04,-3.611198823240945391e-03,1.250073800737924300e-03,-1.005172519083934613e-03,-1.294609507640090505e-03,1.135786550457175241e-03,2.677226984713511264e-05,-1.661502824858760103e-03,-3.025009846396194829e-03,-3.754580112805532260e-03,-5.264329268292544748e-04,-1.239990848476835942e-03,-7.841091091090998579e-04,1.478367480740834256e-03,-5.996269577598536092e-03,1.015836526181705706e-04,3.734797210923760432e-03,-1.179276216903585306e-03,-2.745152398027869180e-03,3.765672346304302798e-03,-5.299741411156281938e-03,-1.140146424369205659e-03,2.316697199685724927e-04,4.590598224623670780e-03,2.265860034857150769e-03,-2.927297458005047662e-03,1.603572535647799059e-03,-9.963443895554229945e-04,2.363844065166737386e-03,3.763876811594174011e-03,3.649484864577745048e-03,-1.225583333333335988e-02,6.041385919646175863e-03,5.859468314908602288e-02
2.220237576285965381e-02,1.322545857243541748e-02,4.128703909485785355e-03,1.764705942309595897e-03,1.914522870875358471e-03,3.433298037328292359e-03,-4.213461640987847053e-04,-3.266175993072830634e-03,-5.901913062190689181e-03,-3.880562308425204048e-04,-7.561652459016475307e-03,-1.623951131918088429e-03,-1.165976399481883762e-03,-4.700616433776792606e-03,4.883832484155319629e-04,-1.853603470664697862e-03,-1.398920907734222101e-03,-6.030387861951743604e-04,9.915399192140859734e-04,-6.867899657691722490e-04,-2.568056937978164742e-03,1.624730409776189229e-04,-1.420776277724308942e-03,-9.973100989033045500e-04,-6.726711206351983208e-05,8.088117130307819792e-04,-8.126632087278198944e-05,1.189333644533007442e-04,-1.569010128627341006e-03,2.598797820680793743e-04,-1.291981658198064400e-03,-7.047708578143355856e-04,-1.442863837542376990e-03,-1.005867525822039688e-03,-4.030968858131536540e-03,-2.659509449135131977e-04,-3.176679140382758330e-03,6.904516592787126976e-04,-4.544052024671510308e-03,4.770196880593146997e-03,-6.757595278246225461e-03,-6.046934878407072243e-03,-3.479529204060561719e-03,1.851009009008961143e-03,-1.188532628289811193e-03,8.219839142090308321e-04,-1.699992810927414624e-03,-5.476434347324323458e-04,-4.922515085024689249e-03,3.753090211132548669e-03,-1.506927260367108652e-03,6.771921112372327779e-03,-6.302321996185584162e-03,-4.027634048257450541e-03,5.043831739961625316e-03,-2.248735244518555601e-04,3.929337206231848199e-03,-7.618159364892710013e-03,-1.342600546661460890e-03,-6.052232873714168127e-02
6.605335618394801885e-03,-2.023229641371111082e-02,-1.905846628606690588e-02,-1.207840154166396997e-04,4.448543986920616851e-04,3.829263271939552650e-04,-7.714378918918924494e-03,-4.333828642161232682e-03,-5.368659568659630253e-03,-4.701715029560074414e-03,-1.220847679982783873e-02,-7.258912414042749048e-03,-9.444246797997636611e-03,-1.495137683284457515e-02,-9.999023379094770445e-03,-1.284512355848440451e-02,-2.012687890508681968e-03,-5.298815816857542667e-03,-8.867785679387544043e-03,-7.325753881948407487e-03,-4.474571842500229407e-03,3.523635088476260503e-04,-3.503249552172015956e-03,-2.766429920204657635e-03,-1.253152159106480810e-03,-3.515887086473386703e-03,4.016722803285813648e-04,1.928763091368769110e-03,-2.606953693299356254e-03,1.607065661325823283e-03,-1.338988952929989415e-03,4.258596051394471921e-03,-3.206944223107654080e-03,-1.678147066631382762e-03,1.073602778045722791e-03,3.742801875732777121e-03,-8.569003690035839399e-04,-1.135745470420439408e-04,1.478367221949982444e-03,-1.859713301171618061e-03,-9.436679054950910042e-03,-7.236082115518888960e-04,-2.364832632464280038e-03,-7.702970085470109245e-03,1.613125702159609728e-03,-5.942586012761197183e-03,-4.519863314620313141e-03,-6.312314487632550951e-03,-2.697166057653280127e-03,-6.505735037768673942e-03,-7.330234260615023194e-03,-3.681514007838514006e-03,-7.859694563225326155e-03,-7.772645739910210259e-03,-5.775836376917514031e-03,-1.181103172935493544e-02,-5.028047474982561861e-03,-1.407692398350024812e-02,-7.824421678783867462e-03,2.809051674799368029e-02
-6.390159730979391890e-03,9.819285207771814156e-03,-2.646592489568004754e-04,-5.812597800145220990e-03,-5.083007518796992842e-03,-3.139818985909651611e-03,-1.996536890824843289e-03,-1.465058145853664201e-03,-5.858598196828168798e-03,-3.711589895988058000e-03,1.706837067652883840e-03,-6.779646253328277042e-03,-2.599234228759052245e-03,-7.242367191099981748e-03,-7.420394834496124407e-03,-8.712006347454113661e-03,-5.822578491171710204e-03,-3.247991822991812706e-03,-3.227979165570662393e-03,-2.888551289083894462e-03,-7.046988260624367263e-03,2.003862464183383488e-03,1.930922124470538541e-03,-1.508654248995019379e-03,-1.462280258700362611e-03,1.730910215016831380e-03,-1.718700071211217350e-03,1.461520530751398025e-04,1.073628383321287771e-03,2.083846429852849371e-03,1.143128459629648560e-03,-1.114651077822315572e-03,2.493966282165037233e-03,-3.684187028167896626e-03,-1.366161124628260254e-03,2.455165601965524341e-03,9.721002386634282604e-04,-4.242220820189311972e-03,2.931795386158350582e-03,1.517750782717594300e-03,2.298810535259115332e-03,-9.958200330214597371e-03,-3.335316387236380610e-03,9.307645313317644423e-04,-2.152993348115307595e-03,-2.321754545454578732e-03,-2.192798483065357389e-03,-4.961970784213205234e-03,-3.206907395069914010e-03,-8.331274397244514685e-03,-9.511138652207611413e-03,-9.594276729559689243e-03,-9.888942772493438532e-03,-8.248850612785688791e-03,-1.024108148704466238e-02,-1.196655829821390883e-02,-9.141502336448491597e-03,-8.479364296834468115e-03,-1.670364729458925085e-02,-7.750778037571560974e-02
-3.034027054156186384e-03,8.544986771872912015e-03,-9.441119670797581964e-03,2.014548711314658336e-03,-5.703429736938470627e-03,2.972856556113768166e-04,-2.285834670531541359e-03,-2.906206140350900326e-03,-2.560843175852964716e-03,-3.394515387142699701e-03,-2.456664449617582211e-03,1.396950799978175818e-03,-6.042127039947271620e-03,-3.669808870374911131e-03,-4.203033625731017464e-03,-3.529559814343535568e-03,-8.181263555586586536e-03,-5.446475026014620247e-03,-1.502090638839968751e-03,-2.920403019991556388e-03,-3.850208344907948051e-03,-5.369347746998617485e-03,1.642181837281822369e-04,-4.664119710589735915e-04,-2.398795940599756076e-03,1.620783020041580797e-04,-8.296884756820712900e-05,-2.081380148459663695e-03,2.048867924528241079e-03,7.257841140530414681e-04,-3.683428363458934375e-04,1.651864242893041250e-03,-9.885666522196170404e-04,4.524256469678726187e-04,-5.819980119283658677e-04,1.606396288811375809e-03,2.005737047800418629e-03,-1.341060329067593091e-03,5.120189716503179738e-04,2.515622937763104493e-03,4.170598027916585029e-03,-1.579053876478215277e-03,-4.458847807394666039e-03,5.489112227806107079e-04,-1.658649918669805479e-03,-4.438466600855072689e-04,2.285018929150351374e-04,-2.978213845099467790e-03,1.085896779409754875e-03,-2.030892480674676565e-03,-6.195266990291176806e-03,-3.143910097504534155e-03,-6.334698020639384884e-03,-4.174848637739702294e-03,-1.203858891288751712e-03,-6.249503575076515056e-03,-1.051014134275606027e-02,-4.841458333333293132e-03,-9.525783343040257131e-03,3.277534649983871590e-02
-4.873864403463425317e-03,1.115864695849914934e-02,-5.998183520599316941e-03,-3.401612406087420673e-03,3.921221791430505241e-03,4.702841093170300607e-03,-3.960630556129895313e-03,1.915446985447246222e-04,-3.089247074409448048e-03,-2.468986464179652451e-03,-2.592159047041278554e-03,4.527278870119140833e-03,1.065320698910058109e-03,-2.073495183257666272e-03,-3.033793486992457551e-03,-8.879956887840991311e-03,-5.272013036228511383e-03,-6.909093940684033104e-03,-3.370760018424699689e-03,-2.319165189757516489e-04,-2.006496350365018656e-03,-3.116604441945529901e-03,-6.639609807540231175e-03,3.970191798241442648e-04,-1.672761293179768696e-03,-1.994008943608776858e-03,-3.519242758881809072e-03,5.436338126972920220e-04,-1.362800958275018530e-03,-1.431756715412426414e-04,1.768435293382587380e-03,-2.000492398596912945e-04,-3.634309294557402188e-04,-3.607031250000102126e-04,4.792655057718584952e-03,-2.023916898910611481e-03,1.106912356187516808e-03,1.030275650842183517e-03,-7.617243523316650101e-04,-2.080103924820276163e-03,2.098495575221266587e-03,3.496115051221433071e-03,1.299142341257932161e-03,-6.729234663490069046e-03,-3.228856812933053339e-03,-6.599962420142461419e-04,-3.726350515463900098e-03,2.992860373092182981e-03,-1.917251041816410602e-03,-5.057387528473758671e-03,-3.112992831541271793e-03,-4.907630729502946397e-03,-5.180659691434676660e-03,-4.459213606437512252e-03,-6.993633884748108945e-03,-8.545032563647242743e-03,-7.122557406573779698e-03,-9.116158745712895153e-03,-5.916690940868015933e-03,-1.281437964541817277e-02
-1.823769143796702505e-04,1.512864418245085489e-02,2.143724177234098717e-04,-3.646153846153911329e-03,3.767767027677479657e-03,1.206497587870442902e-02,5.223147414512136454e-03,2.663609958507176349e-04,-2.094643883576388903e-03,-2.521358230521374144e-03,3.948394229174185524e-04,-1.680592797783095674e-04,1.589514066495755884e-04,3.972549342105187627e-03,-1.866030189940433683e-03,5.997071935782717460e-03,-1.057740074652115808e-03,6.634626797880419091e-03,5.094641740119460957e-03,3.399905579399150560e-03,5.178555575991714878e-03,1.983631061669703221e-03,2.390260180995464664e-03,-2.249464428457316999e-03,2.384361520392940751e-03,4.282959087113894468e-03,-3.289125586854826401e-04,1.559143330994441305e-03,2.139885766993068674e-03,-1.489039433770930848e-04,6.933289906321626721e-04,3.549366976538195339e-03,1.643915079612914918e-03,2.816584619478126363e-04,-5.319293739968711742e-05,1.275000995024845596e-03,6.387872780555257967e-04,7.685472940727050561e-04,-4.009082367679134393e-04,1.427055702919007089e-05,8.628810282075404913e-04,3.086670645816017543e-03,2.807632680621142355e-03,2.787311460115017158e-04,-4.956494813438632081e-03,-2.558661887694056985e-04,3.269432416617929025e-03,2.173038516405063209e-03,-1.024680348442360070e-03,1.025401239232227998e-03,-1.978468957203074335e-03,1.991649402389954594e-04,1.280316749870872520e-03,2.181364414842966275e-03,-7.268417934038967697e-05,5.488947885940061427e-04,4.277616580310990811e-03,-5.875741839762515899e-03,5.328664850136732162e-04,5.276226746605439805e-02
-2.564631468897141976e-03,2.851254130369480777e-02,6.127839060544890658e-03,3.813888757171889077e-03,-3.532593049167873003e-03,6.156245497766931266e-03,6.091345568750643549e-03,5.754898309492901404e-03,-1.930670560016624869e-03,-1.428284048531982403e-03,-7.157720033529141280e-04,1.233564537591469532e-03,3.817888709766286944e-04,-2.304411353076041627e-03,2.075038486914425849e-03,-5.283106282368804640e-03,3.678952251360679323e-03,1.372513623978155939e-03,6.499583585705744071e-03,6.154833570412478715e-03,4.991940179989445489e-03,3.687228819294851873e-03,1.014040398540828284e-03,7.640157345647941326e-04,-3.664988657232286489e-03,4.565916702447387308e-03,4.298396485140125456e-03,-2.693257224402454200e-03,6.696046691602574458e-04,1.293192680301445251e-03,-1.377731006160202651e-03,2.463244433262131751e-03,4.791030174899102954e-03,9.651767019858754513e-04,2.656247037312432042e-04,-1.509790095113196619e-03,4.412755756634483342e-03,-9.592725988700731609e-04,2.474856279840280393e-03,-8.989756201882978439e-04,2.131201044386438637e-03,-1.335730863908008966e-03,1.730552282768822465e-03,2.214979079497937479e-03,5.210414984660284099e-04,-8.541241681545195044e-03,4.136774595267764948e-03,-3.458532653061299755e-03,2.812066704140867793e-03,3.359405925236529089e-03,-1.007819548872258050e-03,5.323620025674116523e-04,-1.199905966831950679e-03,1.488720607294920098e-03,3.902340862422957937e-03,-6.434439869989234430e-03,9.744144241119519906e-03,-2.851237458194124091e-03,2.822142660423818420e-04,7.873478872378219303e-04
-1.283574053877189168e-02,1.976692363038327557e-02,1.855322367773075756e-02,1.337126284735445925e-02,9.387402695316193063e-03,5.305532236717677534e-03,5.735895054339956549e-03,1.013621624256604188e-02,4.475963036029506105e-03,4.259944803165891317e-03,1.716726450323464081e-03,2.789841172193850694e-03,3.724285476626121305e-03,7.726712748760827809e-04,8.815209701869330733e-04,4.328336726272300448e-03,-2.863284122406084846e-04,5.068462918290313722e-03,-1.520570683860379517e-03,6.846739804796882038e-03,2.619063951411221541e-03,6.189479830148677565e-03,3.737737735266924693e-03,4.024988240441932166e-03,1.914080895008665566e-03,7.642147680243214797e-04,1.700927137988786711e-03,3.834268018018061053e-03,-2.111690420350068823e-03,1.713383340943149327e-03,-7.605515936544327308e-04,-4.819807906457798750e-04,2.639243718913386171e-03,2.221569570871193694e-03,1.603458215114781770e-03,1.191234142305552975e-03,-7.105383119931133439e-04,2.182884364036569939e-03,-1.914844315713182558e-03,-6.065866826635387581e-04,7.530943479217241422e-04,5.447137745974498218e-04,-9.334810509746496341e-04,5.820637329287008718e-04,3.435116044399541980e-03,-2.860072268907542462e-03,-5.539166666666649717e-03,-4.429147690305061951e-04,1.114255091103839293e-03,-1.678083547812246655e-03,2.059231910334661728e-03,2.525851662404092479e-03,-2.888586639189423457e-03,-4.851495655389070211e-03,4.620495009980087574e-03,-9.734775819763060584e-04,-2.715639923591164212e-03,3.148722800378572946e-03,-6.205277777777756625e-03,-8.431579274933763066e-03
1.128720333692758565e-02,3.914695474115297696e-02,1.987950724491330257e-02,1.299897670792317557e-02,1.267160591504203418e-02,4.842884534047604307e-03,2.287159805265350041e-03,3.449057749306908352e-03,5.373966187329885964e-03,5.912957673600254503e-03,3.162893422148107224e-03,1.320926551287945785e-04,2.566254122645158803e-03,5.156046820521324563e-03,5.099266555370011132e-03,2.612036204182517987e-03,1.467464431454769186e-03,1.196121407923737400e-03,5.905738373170288727e-03,4.895745707784638799e-04,8.864461863129363683e-03,3.370255840619242136e-03,3.194550292708836330e-03,5.411115916955043341e-03,3.170132974339263769e-03,1.718996250360570145e-03,8.709940172347876422e-04,1.655621182373419016e-03,2.926004420014768469e-03,-6.375599975702583855e-05,-6.959977548864046447e-04,1.766481277127986875e-03,-1.148374717832988980e-03,2.014972564714972558e-03,4.400658327847357769e-03,6.260351153039891677e-04,2.973160585475196401e-03,-1.415706284153023459e-03,1.965726190476180940e-03,-1.987710531185851173e-04,2.997126225490181345e-03,-6.066862170088211216e-04,4.608102775866079921e-03,2.848883343730320436e-04,1.886615444719388175e-03,7.354721808985406270e-03,-1.842931937172844663e-03,-3.774691535150586762e-03,2.955686274509800211e-03,1.415772941440361903e-03,1.001050437682322316e-03,5.769581444018089846e-03,9.786609738372401349e-04,1.137311728963336750e-03,7.059077746925862713e-03,-2.526576576576629752e-03,5.714001459498913547e-03,1.507697160883367509e-03,5.088130671506286944e-03,-7.043735397414362239e-04
3.255216141454679579e-02,4.794313298678790081e-02,2.580759702640346084e-02,1.241031618381613702e-02,1.233234309421578009e-02,1.120792680080291009e-02,7.198827653905417318e-03,2.841233588363089452e-03,4.919654975219184788e-03,6.694799980650965356e-03,4.342533843133154423e-03,1.238269200728979403e-03,3.093008387403145543e-03,3.505494947239051143e-03,4.206879907110550043e-03,3.379142332721508674e-03,2.113627561360103668e-03,2.409708448371083740e-03,-2.465612192476636464e-03,2.832366808984632545e-03,1.452850522238285490e-03,9.859813841765542944e-03,3.740199942462608430e-03,4.944993994394806906e-03,6.962718398616020085e-03,4.878559616338772748e-03,5.285197501590462033e-03,5.712528360357024305e-04,2.712025469316075004e-03,5.006150031351505603e-03,9.114198895028123451e-04,8.138832809680116064e-04,3.092431427934392001e-03,-2.330410370264289054e-03,2.656156309220442883e-03,2.462451569806284671e-03,1.726248331108075091e-03,5.107854898599855113e-04,-1.925959052477164849e-03,3.196397941680972042e-03,9.692636986300603172e-04,3.560923623445776467e-03,-2.580308262834630269e-03,4.813255484784026948e-03,-2.366432167290509481e-03,3.416668912545570234e-03,3.566016988417026589e-03,4.344953458661093729e-04,-6.267838605796540938e-03,3.776626506024114913e-03,5.270496336563443296e-03,1.679483899426528976e-03,8.655346772702085870e-03,2.777114080960689773e-03,-1.850758387929436494e-03,6.967441760138002455e-03,4.090426076833459171e-03,4.817377136752098651e-03,-3.292903225806144960e-04,-1.571881519426605867e-02
2.256507727200808208e-02,3.092642548709840719e-02,1.951458947480455564e-02,9.178156006716547272e-03,1.015198731291502322e-02,1.155295772629568243e-02,9.333385271749213008e-03,3.445581612631888006e-03,-5.249291569919459612e-04,3.951610108990454180e-03,6.667383443421197146e-03,2.927858988938366724e-03,1.706419746650750160e-03,-9.159495949594948601e-04,2.124322782686561498e-03,4.375939243302958206e-03,4.036187854521248140e-03,3.738249563798056330e-03,4.939235268152755362e-03,-1.003851141971733897e-03,3.976737421870135333e-03,1.888960849646057361e-03,6.921809588116139243e-03,4.200846896154381005e-03,4.204684612294112313e-03,9.049563016911522581e-03,5.476578889134808489e-03,2.220963575002937035e-03,5.846872556685756873e-04,1.088387811634417999e-03,3.374816284284914286e-03,-2.825111829025955140e-04,4.557754770605040081e-04,-1.421196103602636457e-04,5.886208151382448656e-04,4.599582144988979653e-03,6.359406745225534667e-03,2.110066748399370973e-04,3.136181672610796958e-03,-3.237321287732131993e-03,5.632880959344842113e-03,2.625210018516723528e-03,-4.710013952989182450e-04,1.929495226730433294e-03,-2.522216796863041566e-05,9.489597315435782969e-04,1.056028587443954246e-03,1.255218949044577606e-02,-2.607846917350660747e-03,-1.443677746250508070e-02,5.991134558093349702e-03,9.259320848938821721e-03,-9.537579318449580313e-04,8.865795902285224933e-03,3.289665841584161945e-03,-3.063366336633635556e-03,4.490360934182555629e-03,2.013443301555444334e-02,-1.533696224758555708e-03,3.012580307497276719e-02
1.395764158873599552e-02,9.847188563648660506e-03,-8.337553910867309681e-03,5.243165452706129159e-02,2.904624498687926812e-02,3.994693320610688547e-02,3.324056350419040545e-02,-1.369204696562453805e-02,-2.867091426367044879e-02,8.494130496723488423e-04,-2.187206199658293937e-02,-7.533742655088143669e-02,-1.095995697344946500e-02,-1.783594440598527606e-02,-5.481354147982060027e-02,1.264014093885241184e-02,-7.429537326776872869e-03,-1.530957986052058385e-02,2.028445300376856969e-02,-2.851839644160590603e-02,-7.056669264551237997e-02,-9.956919366993227660e-02,-8.690771122751077271e-02,4.952812805403853519e-02,8.164623724744955735e-02,7.413123608157135003e-02,1.214517193405269119e-01,-4.499731449588406651e-02,5.364544968535948227e-02,2.535327350803786087e-02,-2.207556675062982698e-02,-6.105970060621062484e-02,-6.277373702190368332e-02,-8.928768700344769105e-02,6.269954083471489248e-02,9.861676119303396104e-02,3.532891250252151710e-03,2.129090613351406619e-02,-4.222544237485449659e-02,4.365111650139120308e-02,1.518194957617909416e-02,-2.696843929972256304e-01,-4.882234182590235172e-02,-6.572010416666658472e-02,2.327354325009054967e-02,-4.970968995342651964e-02,-3.556037498251391166e-04,-9.393155114454936061e-02,-1.400909887597637238e-01,2.030906016515921300e-02,2.323682453578134605e-02,2.231994861253853990e-02,2.135937418852246542e-02,1.881425568743822635e-02,3.111233725976441170e-02,8.990870337477840576e-03,3.070002737850784785e-02,2.125088146659965746e-02,2.814150780829288365e-02,-2.702456018288420733e-02
9.561336206896569462e-03,4.081510323865386765e-03,-1.600033824157055806e-02,5.193420700830470721e-02,2.226458085612359819e-02,3.717141218089678456e-02,2.915749663151040796e-02,-2.613544041944713264e-02,-3.136975557398644782e-02,5.562192914901726952e-03,-3.448307434431073515e-02,-7.307770323599051265e-02,-1.422121592292619092e-02,-1.916644395509963308e-02,-5.662126045670364677e-02,7.831275490250980825e-03,-9.562641679329245831e-03,-1.699267914194425855e-02,2.384616117706071792e-02,-2.928775561668967367e-02,-8.106537482143963413e-02,-1.045131472430645830e-01,-1.058779009235935598e-01,5.681966854419413099e-02,7.666138900040142534e-02,6.740996358156471635e-02,1.297546012202495103e-01,-6.012078076495053214e-02,5.628364215111399116e-02,2.063258656815187414e-02,-2.587624362573770487e-02,-6.632272051536174107e-02,-6.263064882943143730e-02,-1.010333786626596148e-01,5.757453417940579243e-02,9.147391904507864990e-02,7.510701079622046639e-03,1.462261167220226497e-02,-4.855527101850509036e-02,4.594991582251393980e-02,1.376111682852595823e-02,-2.818147295874414704e-01,-6.718610733983869376e-02,-7.266487573964501567e-02,2.484924412296568921e-02,-6.101848242811495904e-02,-1.263250562746208797e-02,-8.791065345901905026e-02,-1.194666901945821841e-01,1.560445406510993782e-01,4.005712510356222375e-03,3.640176639434726698e-03,9.983076086956543110e-03,9.079467439293666467e-03,-6.934374331550720132e-03,7.479375139977622287e-03,7.880067616517825654e-03,7.762706410576252110e-03,3.374891966759001067e-03,-1.079203642235875699e-01
3.673492299032898173e-02,2.201364325104370606e-02,-2.277755617675517735e-02,1.055530408087652916e-02,-4.310887065177113064e-02,-7.803391886822784451e-02,-8.028471429311512253e-02,-1.170031159495780598e-01,-5.124785714285703259e-02,-7.346761932968168263e-03,-1.799742176736870980e-02,-1.217769739478955469e-02,5.337262607564541295e-02,4.587753791529292774e-02,-1.923615135135077221e-03,4.537836026461329608e-02,1.326330894579320387e-02,-3.333952974205995484e-02,-4.376930082425470325e-03,-3.452885719255515545e-02,-1.767691005290997555e-02,7.717209750173488481e-02,1.351491348003847903e-01,1.682989985895628204e-01,8.567248554913274583e-03,-1.613460192805078464e-01,-1.890018214771183591e-01,-2.626934368646147711e-01,-9.164262776555830159e-02,-2.271771289537701313e-02,-8.793948811477889094e-02,-4.777052551409123604e-03,8.493130830882780757e-02,1.045949826251295761e-01,1.430933534743202562e-01,2.628512805796684101e-02,-1.962277361099812323e-01,-1.253843647700701169e-01,-2.678733956075292355e-02,2.399127017748876878e-02,-8.387252633140411182e-03,-6.979957032185937771e-02,2.087329901922322928e-01,2.688035092262867631e-01,1.158506641986062624e-01,3.441266320116051491e-02,1.198224052718280426e-02,4.809465174825176131e-02,6.612964465408802117e-02,1.795035974801060807e-01,-5.608228256741348838e-02,-6.090670720299359159e-02,-5.432172465581984466e-02,-5.949503546099287749e-02,-5.084653725735752833e-02,-5.291893203883490937e-02,-4.495127583567244678e-02,-5.475255254424785112e-02,-5.638681951793065444e-02,-6.963541008467086235e-02
-1.036713064838033077e-02,-2.015585807803095542e-02,-2.646534628243906589e-02,-1.469061860744952375e-02,-1.672533635676498598e-02,-3.432415742063044811e-02,-4.386015709156207421e-02,-8.110476214574897924e-02,-5.749266364440509813e-02,-6.508327325550110343e-02,-3.694092105263149101e-02,-5.728788582183190481e-02,-3.519151243417959624e-02,-4.057268578605811166e-02,-4.130645521198609421e-02,-3.301880965749571378e-02,-3.908267974597429140e-02,-3.129770412566892923e-02,-3.836672211350301842e-02,-2.915213517389740605e-02,-2.788507193161989667e-02,-2.889756097560965131e-02,-2.664446309730789803e-02,-2.502906238326492450e-02,-1.761857981143280516e-02,-3.351912353607853362e-02,-2.306898053527979206e-02,-1.373232740545166086e-02,-1.333807131514364551e-02,-2.606796180441180426e-03,-5.359338666666601213e-03,-1.460126829574719121e-02,-3.628463100070910175e-04,-2.483076027273271522e-02,-4.066151731033577042e-03,-5.515958437352398713e-03,-2.969150549034455661e-02,4.179367539787884334e-03,-1.143357079252005880e-02,3.307470020473776608e-03,-8.767788000912431906e-03,-6.768402037980490900e-03,-1.409545567832587486e-03,-6.242430197330645081e-03,-3.464869609249699063e-03,-1.987668013390279584e-02,-3.360970904325030068e-02,1.476059116100612335e-02,-1.928745879532518109e-02,-1.807326230339938861e-02,-1.058102066042736558e-02,-1.499738629347602270e-02,-1.825234517766499004e-02,-1.422126515986775128e-02,-1.715572930800536577e-02,-8.205959352394045017e-03,-4.945241425241529883e-03,3.021356218345293233e-04,-1.233459944324152499e-02,-1.414019357990789483e-02
5.821424984656808519e-04,-1.172687970510353714e-02,-4.811608934417591250e-03,-1.564321817018578037e-03,-4.587029888606986017e-03,-2.653525393558446577e-02,-3.297615625533859701e-02,-7.803640162789284018e-02,-4.242002945508088763e-02,-4.928738841626841699e-02,-8.322672164272851975e-03,-3.835621847837752257e-02,-8.136260283424364900e-03,-2.504038781758599966e-02,-2.388538374291118357e-02,-1.066819711148369980e-02,-2.633109872888741987e-02,-1.608213010871464496e-02,-2.979973825743988114e-02,-1.504284622611966500e-02,-1.606498645320207988e-02,-2.084888716388260885e-02,-2.195836487509455690e-02,-1.936629441624374004e-02,-3.594409858976047641e-03,-2.309007322247315711e-02,-7.789784072440185912e-03,-5.670728476821292399e-03,-1.359545323395047398e-02,-1.200076555023840480e-03,-4.870641642387697062e-03,-1.637799581048606304e-02,5.624388935028484457e-03,-2.261725357411587325e-02,3.217226849281281265e-03,3.808073936204930672e-04,-2.866722424242424197e-02,1.898898839265118765e-02,-1.337808954706853383e-02,4.314253469319602485e-04,-1.185348418379125746e-02,-5.237251466624437933e-03,-2.061977278220847234e-04,-4.679743165593015092e-03,-7.253712140823242657e-03,-8.997865701001427768e-03,-1.476726294968480450e-02,3.217806935332705176e-02,-1.362562452457024946e-02,-2.166120376378973672e-02,3.747475202885427320e-03,-1.884955542725172406e-02,5.438179611650570920e-03,5.469840396257651810e-03,-7.129289386150718631e-03,-5.161314623338186802e-03,-4.581767619047501239e-03,-2.705316622691294332e-02,-2.236091748964638692e-02,-3.089921181275894282e-02
-6.890666824029354452e-03,-7.430720329422446820e-03,-1.141060082217773379e-02,1.779733347441855374e-03,1.310665954035341967e-03,-1.347113617236154678e-02,-1.511956023378544477e-02,-6.879175697162422110e-02,-2.391151378728192597e-02,-3.219722664381055588e-02,7.623009488328722112e-03,-2.553155285102536726e-02,9.959552988177907979e-04,-1.594390241251903914e-02,-1.315179004554678684e-02,-6.310907944514563932e-03,-1.736531862881264543e-02,-1.447375601926176314e-02,-1.425419725864131987e-02,-1.284358379373839489e-02,-1.321682868731091816e-02,-1.807032827481105594e-02,-1.644131609268972838e-02,-1.574309994794375819e-02,-6.426264189232033797e-03,-1.955419776735589296e-02,-2.051562085915790631e-02,-1.583755355853324817e-02,-1.396622953629892035e-02,8.758665905569652799e-03,8.968615291536688981e-04,-6.151959317768780286e-03,1.643613599601847011e-02,-2.730731921208853080e-02,9.571071680225407691e-03,1.407611351488973145e-03,-3.131431687636766076e-02,1.204867788461535562e-02,-1.320398758164665308e-02,6.357618108471493716e-03,-6.988824355150039837e-03,2.128441204742152065e-03,4.591096060130480695e-03,-6.087687723480325608e-03,-4.445567124297494267e-03,-8.325884834036215501e-03,-2.559337076476286485e-02,1.346986188201885343e-02,-2.333424365482236057e-02,-1.664206265457545547e-02,-1.097817225048232544e-02,-6.477959501557501408e-03,-8.985374449339170871e-03,-1.471215743440225550e-02,-2.109479249923150793e-02,-1.465842426296164354e-02,-3.252869492236673543e-02,3.269794721407556001e-03,6.863941176470498076e-03,-5.501100596077069388e-02
-3.010117101587198377e-03,-4.928537615224585881e-03,-1.011389171573951438e-02,5.125440673506953537e-03,1.247826916958344164e-03,-1.151000977092612489e-02,-1.456507974618428958e-02,-7.150982352222752525e-02,-1.924700870763639687e-02,-3.054478993775933474e-02,2.024599046066530295e-02,-2.116471861730764500e-02,1.392064386317901255e-02,-8.062844775628696253e-03,-2.942751769935898851e-03,1.014979019434702166e-03,-9.834194484760560781e-03,-6.870551940767727741e-04,-5.665942781264985198e-03,-4.127637156352312146e-03,7.545911715402642923e-04,-1.108645912860338305e-02,-1.306014528633789133e-02,-9.234857105401108809e-03,-6.845079743233506214e-04,-9.987421285454075107e-03,-1.141338693262773651e-02,-5.957693317770642281e-03,-1.018010171173413733e-02,2.160161516853983509e-03,5.237801234979955027e-03,-6.600229597813300590e-03,1.788654686398876564e-02,-2.822102415966382463e-02,6.528525764673451595e-03,4.537747836349244161e-03,-3.318915432975056562e-02,1.695574043261223809e-02,-1.543952286282302029e-02,5.866751809634826974e-03,-6.503541608030683797e-03,-5.059282437144496831e-03,4.424610524565645957e-03,-7.761612875163153950e-03,-1.187167247698334106e-03,-1.141357661369436609e-02,-2.683918237745574337e-02,2.904963814811140424e-02,-2.068821398834307101e-02,-2.117998588899336690e-02,-5.015767598160634708e-03,-4.388698849707824839e-03,-4.943280067283541135e-03,-8.545721153846263032e-03,-9.581183932346859066e-04,-7.517841216216200259e-03,-8.916955865710984516e-03,-8.305471253534377554e-03,1.703803079794629499e-03,-2.643111418096811757e-02
-2.064237846909973591e-03,-1.775646384427063398e-03,-9.841931694976489495e-03,5.837732664233449484e-03,3.205305542396980935e-03,-1.290364371160672603e-02,-1.432417232808616721e-02,-7.928182544104002416e-02,-1.672641615255183317e-02,-2.931938216436754535e-02,2.809651887509501816e-02,-2.192231527398956492e-02,1.747095997166132203e-02,-3.763490613901505563e-03,-3.008057152332568613e-03,4.581831326625877138e-03,-8.579657142857155874e-03,2.334487977131362909e-03,-1.170435077409976267e-03,-3.624268017330750918e-03,5.799418053699469111e-03,-9.266106580694039377e-03,-8.707686637180056186e-03,-4.299637408361397031e-03,3.922587486743541580e-04,-1.028969046328906227e-02,-7.983258038798875592e-03,-1.182692042951579521e-03,-4.567848496100943533e-03,3.743975358310404431e-03,6.763482436638532103e-03,-7.928818843683127504e-03,2.410589673913042172e-02,-3.350236343366785191e-02,9.077836397548657774e-03,6.910290119130985814e-03,-3.465210588480512749e-02,1.870882461161079216e-02,-1.351694665317335411e-02,7.996829592554963867e-03,-7.715688669438683367e-03,-5.584288641686085096e-03,6.072333711262295659e-03,-9.051668700959051780e-03,-9.567814316860650137e-04,-1.215260783200912929e-02,-3.409132107556601260e-02,3.308456732713303122e-02,-1.652501483679517588e-02,-2.115813245823385327e-02,-4.519017707985279082e-03,-6.981699619771931757e-03,-3.269107866991057768e-03,-8.137416704701038589e-03,2.133846153846165848e-03,-1.104537192474673232e-02,-1.574509077436124548e-03,-1.267975434138083474e-02,1.843415919873455126e-03,-1.006582135136062373e-01
-2.263319067998057453e-03,-2.376613466634502382e-03,-1.181947301471933040e-02,8.038707976268844382e-03,4.702992771358631939e-03,-1.216675090831384996e-02,-1.367508819984652665e-02,-7.959725179425840291e-02,-1.592017034700311806e-02,-3.190794218235789431e-02,3.181518537168757238e-02,-2.503687736217910520e-02,2.157621878426113984e-02,-3.884619506966826771e-03,-2.058682104546184690e-03,5.539867374005282875e-03,-8.098767275969724275e-03,2.440974759682983022e-03,-1.949350098898076011e-03,-2.533955818719603459e-04,6.855760683760601763e-03,-8.008390436283001693e-03,-9.816313622031995478e-03,-2.965211554108995382e-03,1.963148320895501640e-03,-9.705488069414267699e-03,-6.942332135949143279e-03,-1.267565745111307084e-03,-2.295825405707926491e-03,7.496754996631566775e-03,3.960991342726232455e-03,-1.179281858933299218e-02,2.822473934051027492e-02,-3.912789473684214619e-02,1.363229681185449023e-02,7.323266959162954941e-03,-4.019865841842439752e-02,2.258782802592151570e-02,-1.497872334375878120e-02,9.613681261978495110e-03,-8.416086991869891482e-03,-6.406940211019991269e-03,1.266503786369060913e-02,-1.030326059050055629e-02,-2.725666122892613039e-04,-1.282692278140609710e-02,-3.286049319553871473e-02,4.026588524941121516e-02,-2.109757207890754910e-02,-1.922779259259254150e-02,-3.134747186558987236e-03,-2.891779555555452474e-03,-8.267103109656292331e-03,-3.070332749562136154e-03,-4.243628252788090964e-03,-2.158219839142153616e-03,-3.447421701993067401e-03,-1.000824619184853721e-02,-9.361292938931342622e-03,3.615156574977222096e-03
5.970330345081763333e-04,-4.269638281389825582e-04,-1.210408215661100406e-02,1.052234243444802840e-02,6.573379120879120803e-03,-1.276292192018510518e-02,-1.459671107727446120e-02,-8.527614508142933314e-02,-1.414440723375758914e-02,-3.087605275184435519e-02,3.693139871482943593e-02,-2.246839395309780524e-02,2.772219225141556859e-02,-1.796911665542793831e-03,2.006762701733438327e-03,8.691969782707193240e-03,-6.905186345831082310e-03,3.888486202659021101e-03,4.846512022631324092e-04,2.279024653487857731e-03,7.790526735379586093e-03,-5.264868543148839078e-03,-6.426402202477732827e-03,-6.294591783664445716e-05,7.243526050877416994e-03,-6.519981015662014434e-03,-5.478653421633558791e-03,5.390300230946686684e-04,-2.387604323436986001e-04,7.720293785310699750e-03,8.171272589792083485e-03,-1.082895600558659958e-02,3.323086105851597721e-02,-4.462903811416183558e-02,1.757936507936518067e-02,1.109052727272724463e-02,-4.031237046632116933e-02,2.855289232829815935e-02,-1.342285579505035631e-02,1.058192435878867535e-02,-6.604890829694318871e-03,-5.991445752519690415e-03,1.143660260556227451e-02,-1.048960667709972726e-02,6.523445516108366659e-04,-1.056910496183197622e-02,-3.923260048021704610e-02,4.315347848466134090e-02,-2.124119577691067906e-02,-1.835184814254111479e-02,-1.459226298583428698e-03,-5.689108204518479421e-03,1.177811550151941110e-03,-3.184365794680300062e-03,-5.165814560113814180e-03,-1.865485175202203499e-03,6.821709950394639742e-04,-8.590000000006920008e-05,-7.003144025442963050e-03,3.560150236138403309e-03
-1.615989393846427118e-04,-1.308968322445382007e-03,-1.359882677165343869e-02,8.021684306569265913e-03,4.885063625450277759e-03,-1.625050529648108463e-02,-2.389700083145272075e-02,-9.112372284064530759e-02,-1.442681147092776499e-02,-2.506076778439359290e-02,4.142648504273501592e-02,-2.195259133661773068e-02,2.864132879904274578e-02,-2.071154929577488299e-03,1.242849230769206776e-03,1.004544859590670268e-02,-5.896388189516963557e-03,6.654984066640620179e-03,2.209454218425551428e-04,3.178589685334573273e-03,8.931150442477938517e-03,-4.994182520465729330e-03,-6.400304285086930514e-03,5.173673250457702698e-04,7.914331857254482822e-03,-7.151134191940233635e-03,-3.727981000894909584e-03,2.606579881656728021e-03,7.815390060880905753e-04,1.033235095922439145e-02,8.487216759298829225e-03,-7.450701224236687924e-03,3.089687041986386926e-02,-4.910091207412404374e-02,2.107475652723827392e-02,1.223740901502510560e-02,-4.573666288308739919e-02,3.015345735546644604e-02,-1.570953241315140372e-02,1.009192467071185970e-02,-5.719646430452098550e-03,-2.551108204518458007e-03,5.714939412431395936e-03,-5.936155034269603899e-03,7.923076923077033680e-04,-1.171305486419221831e-02,-3.884958471760806969e-02,4.736649387370401448e-02,-1.994857048312381059e-02,1.351413657490163622e-02,1.117436086528962895e-03,3.191949653223782272e-03,4.028662715705075975e-02,-6.208595379268102080e-03,-2.265124909398410352e-02,-1.796367738589204482e-02,-3.177263980757666362e-02,-1.686229119272010524e-02,-6.563882163034696904e-02,2.789727811935613366e-02
-1.414973952574031385e-02,-1.570810408688550278e-02,-8.697626970773291583e-03,-7.544207951070309136e-03,-6.222923832923926007e-03,-5.415026314197630454e-03,-5.787324652991099501e-03,-7.915424593410564508e-03,-3.359461257266137865e-03,-4.189598063844167906e-03,-5.099466034755087245e-03,-5.017768485078966285e-03,-3.814230893260302149e-03,-6.222160804020149087e-03,-6.062691784812613595e-03,-8.204804636380654340e-03,-6.285057471264361879e-03,-8.208152230666516946e-03,-8.338668405829941302e-03,-1.050843834048637536e-02,-8.960794273839688129e-03,-1.014176321255486068e-02,-9.257014977973541600e-03,-1.110926897964403283e-02,-8.264993254962531982e-03,-9.736262364734796920e-03,-1.327546776367126598e-02,-1.265624726554241686e-02,-7.663250657380494581e-03,-1.033438453713118356e-02,-8.358290213723286455e-03,-8.003559582085180771e-03,-9.287204138479993390e-03,-1.286285052143685582e-02,-6.610287898342020844e-03,-8.788224956062943086e-04,-4.782152050798024225e-03,-8.546287992028629233e-04,-1.074299280362043738e-02,-4.747017150184354613e-03,-5.774622829927782836e-03,-1.037415250919913705e-02,-6.586193660227811393e-03,-1.036425424968014097e-02,-1.188050274223038938e-02,-1.084493880818947903e-02,-6.607423620611050687e-03,-6.253879518072306791e-03,-9.014192577733230044e-03,-3.691887981330200727e-03,-7.971929846777203038e-03,-1.086254030672434076e-02,-1.209369267008448753e-02,-2.004580810965157431e-02,-1.279965931863721179e-02,-1.325083267248214521e-02,-7.212657939669892167e-03,-1.775600000000003911e-02,-9.092247393024202942e-03,-2.922189393560024884e-02
-1.991758593513190401e-02,-1.418986445124617232e-02,-1.502110600255422528e-02,-1.480166402636077724e-02,-1.204430379746834062e-02,-1.090246513944218183e-02,-2.233935151890875312e-02,-2.081880450512806416e-02,-1.847617017360892247e-02,-1.350615590906317082e-02,-1.389571517606738582e-02,-1.502419718128575332e-02,-1.086332968800257995e-02,-8.823654613221758314e-03,-7.705769230769219172e-03,-1.234760000000003320e-02,-7.647815954020160262e-03,-1.194209452004408797e-02,-1.229829109811559143e-02,-9.745502137986845545e-03,-1.022637141858845355e-02,-1.351375906598270560e-02,-8.337832882830017306e-03,-1.123869151039477189e-02,-1.193665358964300996e-02,-9.996680440771395920e-03,-1.406981628903864780e-02,-1.166940637276304114e-02,-7.369486920804162698e-03,-9.389894044574388643e-03,-9.298707660239749831e-03,-9.254516338454884736e-03,-1.186366769508610461e-02,-6.872870211549380985e-03,-1.601887162412141477e-02,-1.576471843870784094e-03,-5.285136086791036338e-03,-3.885611523506615414e-03,-5.095307692307768713e-03,-3.606462285978687728e-03,-6.067184289028924697e-03,-5.680261918070766795e-03,-8.043742861804597730e-03,-7.174668965517255054e-03,-1.133314752522818561e-02,-5.450229738353616106e-03,-9.949097255657240665e-03,-6.050605478135631481e-03,-7.067309255603200849e-03,-9.778877226086929181e-04,-1.175860268523119465e-02,-1.031613556098889828e-02,-1.476593948819463625e-02,-8.999432143395082184e-03,-2.617310708263066374e-02,-1.027121412803519603e-02,-6.284590592334533474e-03,-1.887161147902868125e-02,-1.766935786706721329e-02,-5.504966239666805872e-02
-1.233443314996419266e-02,-7.677844073190227825e-03,-8.557894204638731225e-03,-8.099231812019918458e-03,-7.654163783160344153e-03,-9.359874419188779840e-03,-8.006646944042319219e-03,-7.801591478696730773e-03,-9.502626918912031664e-03,-7.849913124418159832e-03,-8.879651980747787360e-03,-1.038544367845175426e-02,-7.549934206240651625e-03,-1.254930037923369240e-02,-8.206686994564517043e-03,-9.315312255030034488e-03,-8.909624100239954894e-03,-9.239496472097544905e-03,-6.903282599242063257e-03,-9.160398269958456782e-03,-8.502128033767049342e-03,-6.958045841209917204e-03,-9.417269071484222001e-03,-6.494593852581385593e-03,-8.856939323647823256e-03,-8.316734340677669340e-03,-6.728890521675190417e-03,-5.601897865853603005e-03,-8.571127953633508531e-03,-8.895128224077989212e-03,-5.791786808097514408e-03,-5.435049097967637431e-03,-6.181518510308195435e-03,-3.178997308727463111e-03,-3.317282999916390963e-03,-9.842658264107698174e-03,-8.854873345148757749e-04,-1.824994133750495410e-03,-2.706194111232246811e-03,-1.206022187004782489e-03,-2.486866028708214094e-03,-4.457932692307647361e-03,-3.408491207697353278e-03,-6.516142832793542401e-03,-2.045221151247610634e-03,-2.083463619963947175e-03,-5.172829219256160418e-03,-4.388378926038480343e-03,2.008630536869817718e-04,-6.089358658115540807e-03,3.134034126292198439e-03,-5.505316589557162320e-03,-3.747937336814612889e-03,-3.458984160828524126e-03,-1.869734657333546601e-03,-1.157988023952099231e-02,-6.133265470131297331e-03,-2.148984025559173752e-03,-7.279085872573949590e-05,2.013741493254011736e-02
-1.098495514147699789e-02,-8.542785330191628168e-03,-8.222607538528206236e-03,-9.988626422816180087e-03,-6.985606198723763247e-03,-8.135069930069833630e-03,-5.454746835443120834e-03,-7.894726463104252343e-03,-6.548574318771014507e-03,-5.545320434531006079e-03,-5.309852987175401641e-03,-6.288221004111138601e-03,-6.786151880947837930e-03,-8.418643553915137676e-03,-4.691483947524534293e-03,-7.855318663625375161e-03,-4.590656548993778639e-03,-9.036488951956196669e-03,-7.433270566846254465e-03,-5.341217533488395487e-03,-7.161744398441425088e-03,-7.719008805330752031e-03,-6.754511683642995014e-03,-8.577355654670880056e-03,-7.251446769790839512e-03,-5.724979227382676755e-03,-7.640740163878883585e-03,-6.036136379087702307e-03,-9.352222300784885159e-03,-5.174012275517212746e-03,-5.501375094339617036e-03,-5.521067968571148794e-03,-3.489308895633845293e-03,-5.968011647254591566e-03,-5.434694602272722476e-03,-4.576250644219214021e-03,-5.593180746561886643e-03,-5.811203812787850941e-03,-2.080635686984560768e-03,-1.842524654832364880e-03,1.973948058999149425e-03,-6.798263458198969787e-03,-2.117683067888555433e-03,-4.382048713076574717e-03,-2.676289391921885235e-03,-3.358408255583872435e-03,-8.773489791622846035e-03,-1.995961019138312986e-03,-5.281483062149887678e-03,9.380614973267066884e-05,-7.984353741496605025e-03,-2.964440021231374775e-03,-7.151086956521736024e-03,-1.122626168224178126e-03,-3.653848171831423994e-03,-1.278312577612199588e-02,4.345075376884084380e-04,-1.153181362429968153e-02,-8.665941512125581447e-03,-5.101076178812494200e-02
-1.445101265822773193e-02,-1.059145086166747053e-02,-1.320701355246216638e-02,-1.391573610761883024e-02,-1.301610887358719583e-02,-1.317895349606403206e-02,-1.105409526308885788e-02,-1.066564181398916254e-02,-1.154430118617851518e-02,-8.598142555505838835e-03,-6.568807947019800544e-03,-8.528234586656533237e-03,-1.066697316071990240e-02,-9.458074932056453193e-03,-6.801939442443736931e-03,-7.545102762578430669e-03,-6.170154534363490699e-03,-1.083118463395014476e-02,-9.513358925143971384e-03,-6.324199040294480392e-03,-7.867848214285733457e-03,-8.076291718170572689e-03,-7.514898760954906616e-03,-9.173897954213331915e-03,-7.197652433339607816e-03,-5.014942776273624038e-03,-1.089950832120476637e-02,-7.222003729796978334e-03,-7.376042791857139076e-03,-6.278537572254439848e-03,-8.141958762886552028e-03,-8.101862585980364531e-03,-2.529782794861758395e-03,-6.370142686329236144e-03,-4.092425135764174438e-03,-7.865328787140688990e-03,-3.197982201075035349e-03,-7.893296825879803080e-03,-2.628666959964808588e-03,-1.241134810519816051e-03,-1.198841368584732800e-03,4.134552051354517749e-04,-4.807588341501296651e-03,-2.183029045643035317e-03,-5.716544748487364588e-03,-6.482727780883206815e-03,-6.456024513195601777e-03,-8.377668930201561184e-03,-1.159522285856579536e-02,-1.016000000000000583e-02,2.874650077760530949e-03,-5.915949367088656555e-03,-6.803589232303094807e-03,-5.642656249999974949e-03,6.672690763051329589e-04,-1.685277459749554355e-02,-8.509947491248651477e-03,-1.214461538461536136e-02,-8.182373604727536873e-03,1.198113936649798303e-02
-1.234223098716741122e-02,-1.214849144634532092e-02,-1.486686404547603660e-02,-1.285581828372150091e-02,-1.543455684870182788e-02,-9.486093359631825317e-03,-1.162234004024146304e-02,-8.790920074349428334e-03,-1.038789019404238491e-02,-9.277279550943217518e-03,-5.646562540338181252e-03,-7.049180177223441160e-03,-4.879555385205086408e-03,-3.175120726903030849e-03,-4.419153494448102570e-03,-2.764694494857902751e-03,-2.506858564799249300e-03,-4.261659137576962082e-03,-1.138620363488882783e-03,-1.886537342386016870e-03,-3.393006045306524218e-03,-5.773886090662629089e-03,-4.307259425998900999e-03,-2.834344021539570400e-03,-6.192199888675761245e-03,-3.893442809322290605e-03,-3.209501371229106503e-03,-2.019074347296210062e-03,-3.850573408947749292e-03,-3.915264384045105510e-03,-4.121204979008671714e-03,-4.702788819383896084e-03,-1.678006940610537274e-03,-3.496434262948220142e-03,-1.829146958082776173e-04,-2.482622533418230894e-03,-8.849321455333458491e-04,-1.277825142546776477e-03,-1.896897054231321943e-03,-2.509108619322737536e-03,-3.526562499999970259e-03,2.969939686369045366e-03,-1.492448329148221217e-03,-1.138819736724362621e-03,2.339001246046184569e-03,-3.127207215715945444e-03,-3.565664233577096756e-04,-9.653924418605048120e-04,-6.572898754991664434e-03,-6.242318840579151379e-04,7.510813672111612323e-04,-7.539891435464462187e-03,-4.664094240837701917e-03,2.809348958333332102e-03,-7.496315002492107138e-03,-3.062875912408769257e-03,1.523170254403181153e-03,-1.165432518597274165e-03,-3.371512709237399399e-03,-1.299078605967686484e-02
-1.184812004909070737e-02,-9.510483227510246884e-03,-1.186371004052242696e-02,-1.034225181452833563e-02,-9.531948853615496153e-03,-1.136404508940139051e-02,-1.120604384620504761e-02,-8.076839680173487565e-03,-7.886768157735991533e-03,-9.723520673108478063e-03,-6.469671871911368381e-03,-7.721911351915951814e-03,-5.849138730621383092e-03,-2.127893213251773070e-03,-6.233147041819223078e-03,-3.990843770599892919e-03,-4.081415388790931437e-03,-2.935752885268200565e-03,-2.918041842159691066e-03,-6.907914669223417375e-03,-3.644403026905902038e-03,-6.676972409152119939e-03,-1.403736780258532744e-03,-3.349889970911847873e-03,-1.478035083369569650e-03,-1.076747326955521111e-03,-1.796906576166987842e-03,-1.497988120813846351e-03,-7.941069219249085286e-04,-2.788174807197905340e-03,-6.801823140970618235e-04,-1.929013281308601235e-03,4.096570921412994847e-04,-3.556700699413118988e-04,1.808011386742682360e-03,-8.476422492908608627e-04,-2.926262543851947530e-04,1.461783058381020423e-03,4.965647058823432353e-03,1.833626620941006388e-03,1.455434199790200467e-03,-2.585622649856160189e-04,3.441854662646883813e-03,-2.050076474139777422e-03,5.312312122619666614e-03,2.544489836588298241e-03,1.737027796876564013e-03,-1.151165157219904414e-03,-3.007916074745867717e-03,2.372277227722730864e-04,5.189355781271750949e-03,3.328111484863037657e-03,-1.036489310400308568e-03,-1.176805286911699428e-03,4.385508684863543248e-03,-8.653796445880567552e-04,-2.063332674441589569e-03,-4.350075414781428076e-03,1.958088062162550308e-04,5.194333910175551183e-02
-7.566534508076349849e-03,-3.964630232297232035e-03,-7.161933692264017479e-03,-5.775935622804142730e-03,-2.067916616459845782e-03,-4.266146242554842705e-03,-3.757406659282014425e-03,-4.327787099805346753e-03,-5.301721591686050540e-03,-8.268827930174106654e-04,-2.722096806189229327e-03,-8.122175898351884559e-04,-2.860233383735412156e-03,-5.550252861324682027e-04,-6.076341305753554497e-04,1.081523379554964748e-03,-2.630225763612297016e-03,-7.139252591375943777e-05,4.549737147539202034e-05,-7.269561891515977699e-04,-2.434319706716491210e-03,-2.327178182845817539e-03,1.384625822646619992e-04,-2.554551218545736586e-03,-3.197775927230725717e-03,5.017870341371539989e-04,-1.617237183955359510e-03,-4.435024953009614017e-04,-2.607421504549597372e-03,-3.101833565598203710e-03,-2.552487309644546750e-04,4.641371762131182529e-04,-2.911837109614227436e-03,-3.534330773676846570e-03,-1.245923703033774118e-03,-3.920874312385499820e-03,-2.735235329289670324e-04,-1.234581449857612319e-03,-3.390041420639829713e-03,-9.702705286301153411e-04,-2.241451006414535343e-03,-4.199637524084735667e-03,-2.091607698513385256e-03,2.939281839877386140e-04,1.132670924510459842e-03,-2.538803948132454559e-03,-2.837084244506945206e-03,7.285215247096304405e-04,-5.879371716521951570e-03,-1.986048572743905061e-03,-4.556854521625141458e-03,-2.129492475656609343e-03,-7.138220237072717168e-03,-2.339133967156474016e-03,-2.144825429911351687e-03,-5.973704569989272614e-03,-4.435183737294841159e-03,-5.544956540634524318e-03,-8.451550239234431258e-03,-7.066844493067866995e-02
-2.574371317398563633e-02,-2.713586206896551750e-02,-2.832538394869123927e-02,-2.819979859894913843e-02,-2.690088173547943232e-02,-2.646040791023489616e-02,-3.071119067879825651e-02,-2.348911060585802055e-02,-2.291902037725464941e-02,-2.455016875263676956e-02,-1.789575240715262153e-02,-1.836371833839919865e-02,-1.646082011474861440e-02,-1.650717034256219545e-02,-1.698147468569489657e-02,-1.295904279797520202e-02,-1.669957236842109505e-02,-1.403184402924446440e-02,-1.696004458066313614e-02,-1.376118310251236466e-02,-1.245587818696886756e-02,-1.081992821451191293e-02,-1.031327206146344030e-02,-1.028942129948962232e-02,-9.661344317417585800e-03,-9.720173867573072765e-03,-1.291113853452144355e-02,-8.948177530848155231e-03,-1.345364994026283442e-02,-8.777728285077937218e-03,-1.252206662134601814e-02,-9.566852305636069226e-03,-5.717460140068591871e-03,-4.862510958046289446e-03,-6.785750760906368410e-03,-8.276004394489942448e-03,-4.364108838880903334e-03,-3.823678443061321198e-03,-4.987488151658663917e-03,-9.278703368344981377e-04,-5.990198577356219654e-03,-1.574587345254410036e-03,-2.030497568275415471e-03,-5.591015671731101259e-04,-1.259055900621019628e-03,-2.568730245231652665e-03,-6.591308741788919935e-04,-4.489686547670831106e-03,-5.228025931928656500e-03,-6.753697640285457162e-04,-7.001831466146953530e-03,-2.449819794843958987e-04,-5.667282421201211111e-03,-8.083041628122072594e-03,3.884932394888000132e-03,-1.033393315709968223e-02,7.033973354232458475e-04,-4.638968896463514791e-03,-1.125631249999995732e-02,-1.118590568060025270e-02
-4.677445783132527790e-02,-5.063872288170279817e-02,-5.453352405721702961e-02,-5.190159688412856326e-02,-4.956722910786588721e-02,-4.910730182085708967e-02,-4.605089118564746620e-02,-3.876727848964009460e-02,-4.061307933849701152e-02,-3.865122371348597707e-02,-3.231442802009758947e-02,-3.384735304595652694e-02,-2.961528989046257124e-02,-2.802652443268838570e-02,-2.467579477277422398e-02,-2.471423181722910353e-02,-2.010651933701653946e-02,-1.956560964114994680e-02,-2.445955276906998030e-02,-1.890962931280292317e-02,-1.638673298280515778e-02,-1.573001950726100190e-02,-1.975235693151470434e-02,-1.238302248919487605e-02,-1.930780643332858856e-02,-1.595815968640395405e-02,-1.589784695722023383e-02,-1.462667214083946017e-02,-9.751588785046800406e-03,-1.329429912262804561e-02,-7.464189776144358399e-03,-1.150047986647185355e-02,-9.064822512135854715e-03,-8.849571395828646422e-03,-7.232520637973822303e-03,-1.204236070126715914e-02,-5.419510033880681026e-03,-3.256515856979680986e-03,-8.863052612514766074e-03,-6.194030648610160047e-03,-4.691346351490230902e-03,-4.644111768305167129e-03,-8.090472553699316893e-03,-1.861161165048590095e-03,-2.976109868257408031e-03,-7.899341486359299017e-04,-3.106823582662762424e-04,-5.323180178268338732e-03,-3.214422792022853317e-03,-3.375386451466226567e-03,-3.863719156037639674e-03,-2.109386913961836755e-03,-3.660630245913705418e-03,-4.094054008721838105e-03,-1.758111860372764271e-03,-1.311283253205139041e-02,-1.660073861304664391e-04,-4.137005577005590032e-03,-3.674726251754850594e-03,-8.005113182423353665e-03
-4.451952628538417139e-02,-4.398955927995034515e-02,-5.011880105807071939e-02,-4.962240586553992583e-02,-5.035447296000016004e-02,-5.107101840490790856e-02,-4.125417972497597008e-02,-4.948138816778244881e-02,-4.160342678241069764e-02,-3.576262254724490303e-02,-3.797626212867590001e-02,-3.542938099916859845e-02,-3.274285977723684349e-02,-3.301022268816423272e-02,-2.757177541947512800e-02,-2.619848289081356738e-02,-2.564838317757009087e-02,-2.182092743607468716e-02,-2.607043659332268157e-02,-1.961877140410953416e-02,-1.908992694330801168e-02,-1.888508950662210265e-02,-2.003957120639857092e-02,-2.141655735272295774e-02,-1.230620287253135839e-02,-1.345325128502139478e-02,-1.659879018612516258e-02,-1.352440783615315757e-02,-9.896432689729180165e-03,-1.282060299473898775e-02,-1.137608977035482923e-02,-9.871582832148763365e-03,-1.271241450851336857e-02,-7.043202731010880444e-03,-1.159726096164403163e-02,-7.309046992017080059e-03,-6.433206875055657616e-03,-5.843854733648611369e-03,-5.462411865476483365e-03,-4.820374650512624336e-03,6.136234799313184177e-05,-5.584186046511529534e-03,-6.034507310871003137e-03,8.023241438990953147e-04,-1.938925409176331903e-03,-1.216603919546183467e-03,-3.893218334154725530e-03,6.050573082820631302e-05,4.434972919199533245e-04,-5.917716960748934350e-03,-6.604554716530178617e-04,-1.030912988650729356e-03,-4.601664385436570782e-03,-1.026297577854677753e-03,-2.809258459323340021e-03,-9.140189982728938109e-03,9.032151462994937943e-03,-9.158421524663666602e-03,-1.347537072243339476e-02,3.452303312629397946e-03
-1.876780876494026779e-02,-1.671223289551074243e-02,-1.799342737854249877e-02,-1.987740468563534493e-02,-2.114712652439027646e-02,-2.417448959495831565e-02,-2.302423420443269059e-02,-1.683044456032853700e-02,-2.209947663028275638e-02,-1.564088914633254834e-02,-1.731546495309852288e-02,-1.892438801189651187e-02,-1.978604838086416365e-02,-1.892138872135100056e-02,-1.307399617871838303e-02,-1.436838808585196546e-02,-1.667812490943337833e-02,-1.501330110598403031e-02,-1.658175218494511646e-02,-1.427479852961969359e-02,-1.184069651019371144e-02,-1.028105974025977400e-02,-1.159126968867848009e-02,-6.892870425914807489e-03,-7.916034288292362817e-03,-8.668976521540881774e-03,-7.891952205882261581e-03,-7.808385431603101501e-03,-7.863943848404594816e-03,-5.173344235486445307e-03,-5.252575539568259642e-03,-6.164640883977904641e-03,-4.033371810027063659e-03,-6.128403618853048816e-03,-5.184879284413829170e-03,-4.649837946249546147e-03,-8.048026326892245702e-03,-4.714031595288064105e-03,-6.851437482799697075e-03,-8.936232686980222391e-04,-1.073626373626439083e-03,-3.809246917066798441e-03,-7.361384661295579173e-04,6.787160170324652800e-04,-4.157453145057755928e-03,-3.956066536203520223e-03,-3.511581501954964737e-03,6.245750224618156973e-03,-7.217675139491603817e-03,1.295280314414609581e-03,-4.480271190716433177e-03,-1.117708782156786630e-03,2.844456261631903948e-04,-6.171590909090994559e-03,-5.770565275908408169e-03,2.405384615384229246e-04,-1.333876404494480777e-03,-1.097015333805145126e-02,-3.735082127972549036e-03,2.529444299504347588e-03
-1.397758536244051060e-02,-9.033129904097599722e-03,-1.022857652656630756e-02,-1.169984623270113946e-02,-1.187250270442255333e-02,-1.237062717321316119e-02,-1.044993223942074917e-02,-8.104255745590606061e-03,-1.019209619952494809e-02,-8.507493810568029016e-03,-8.204010092883707098e-03,-9.009659192825132321e-03,-7.106665127020816465e-03,-1.011074262461843752e-02,-1.063587124397890986e-02,-1.094810883339545141e-02,-5.289796068615200582e-03,-2.151340281320539196e-03,-8.187263017356491424e-03,-5.833993446359896952e-03,-8.108890798424726182e-03,-6.437597941933122410e-03,-3.267756904423318488e-03,-4.704105663756350322e-03,-5.699746566507275444e-03,-3.461726733576557611e-03,-3.406204777632741536e-03,-3.386104698786190394e-03,-2.632540947963481637e-03,-6.016788835635007065e-04,-2.728331262940017921e-03,-2.720776509880390784e-03,4.935507038205956656e-05,1.124384913640494885e-04,-1.311856846473090973e-03,-2.201033843674403585e-03,-2.236157683814545688e-03,-8.237985164740454320e-04,-1.052036346691586147e-03,6.108369961657206769e-04,-2.110841776346828423e-03,-2.277297297296261732e-04,2.407845512696337245e-03,1.166541022226849373e-03,-1.559265453723627680e-03,-4.740996677740068961e-04,-4.082742707879845334e-03,-8.885033726812483976e-04,-3.845217741935548321e-03,-2.997694111516403716e-03,4.710366016240606635e-03,-4.003264440911452615e-03,-9.460886448848088420e-04,-1.200718670076729444e-02,6.215401730531436297e-03,-3.146215827338054785e-03,1.051503914297542046e-03,-1.053621786714176167e-02,-4.651726711271248621e-03,-4.216213434452886766e-03
-2.122903443718336669e-02,-1.411281534090911421e-02,-1.579980573921331219e-02,-1.508975825946826284e-02,-1.818863410812222164e-02,-2.584997712717296628e-02,-2.107039257014885550e-02,-1.466751974616886320e-02,-1.743074870677914154e-02,-1.390410132689980961e-02,-1.637836168372491102e-02,-1.291671294921291173e-02,-1.010490611750450816e-02,-9.363989092325632896e-03,-1.051728637229989993e-02,-1.078188566552901358e-02,-7.591728246116769170e-03,-9.681144497465002385e-03,-9.248575330331335401e-03,-5.042009884678757409e-03,-6.832395848349501546e-03,-5.661888567293710608e-03,-6.950145056906947491e-03,-7.796794988610412404e-03,-6.189554665053676949e-03,-6.081415833973764784e-03,-7.362839068045093360e-03,-7.181943035505224289e-03,-3.103150550610934717e-03,-4.403542294407280545e-03,-4.373604177097549853e-03,-3.280409336230510203e-03,-4.756694777124171984e-03,-2.316583692240307708e-03,-3.678921850308877924e-03,-2.839821604051651766e-03,9.426006395015246869e-04,-1.304838225483633506e-03,1.366735824175750865e-03,-3.107621136970585996e-03,-1.191197392388130194e-03,-1.760988496783018591e-03,-1.416869054847227742e-03,4.182295081967107517e-03,-3.729972434266305009e-03,4.386504502398445491e-04,-4.746478873239533790e-03,-1.208874924288283036e-03,-3.846794552643158834e-03,3.140047625717882866e-03,-4.959245798606281078e-03,-2.019803370786363392e-04,-1.912664804469219005e-03,-3.091317322722751844e-03,1.081080344984025610e-03,-7.554964433416007895e-03,-1.745468599033807170e-03,1.102994011976016035e-03,-1.021915254237287969e-02,2.074328943681702075e-03
-1.543191489361706373e-02,-1.503680573177093409e-02,-1.388788927335639009e-02,-1.486444298184838760e-02,-1.721278096800649832e-02,-1.630236756397467762e-02,-1.035885378106821998e-02,-7.461120127710447157e-03,-8.959989763886981248e-03,-8.897173135149991433e-03,-8.835628007862824859e-03,-6.848792727272798656e-03,-8.043160975609746355e-03,-5.317024591415899816e-03,-6.789797844725856298e-03,-6.480077108433643894e-03,-6.592566232951823854e-03,-4.850762325015224585e-03,-5.571546982141549649e-03,-5.766411136821642490e-03,-1.685987780040783604e-03,-1.279115661076083354e-03,-3.313649959874551479e-03,-3.138459459459481005e-03,-2.067848663552032500e-03,-4.643760475392468587e-04,-4.064456006833869553e-03,-3.342817649355751125e-03,-1.449452583490799026e-03,-1.947939338515577859e-03,1.422914285714242796e-03,1.608132551917085715e-05,-1.037311538188834823e-03,2.207176817006717851e-03,-4.707375287228793238e-04,2.260049569908194507e-03,-8.052604887043996731e-04,-5.652148877576555546e-04,1.449659967777491018e-03,-5.855097828038315294e-04,-4.852484623647343085e-05,-2.204216867469920710e-03,1.595039023414028664e-03,1.020756285061346974e-03,2.526072234762968480e-03,-1.045173779146547346e-03,-1.795492341356702331e-03,5.012650948822002607e-05,-4.196163690946483338e-03,-2.401892099600439097e-03,4.561350954478663356e-04,-6.695951692218631707e-03,6.407680945347099012e-03,-8.581753449043102305e-03,2.131545303784098018e-03,-2.596632157877723241e-03,-5.469656454754821297e-03,-6.176529116045251580e-03,-4.161176470588358149e-03,-5.642591341725484468e-03
