2.243387402302396156e-03,2.569163446653332551e-03,2.945641997414057307e-03,2.499792325193446203e-03,2.049075663877747075e-03,3.070993862754457012e-03,2.362564393576166173e-03,1.974151058069504878e-03,2.741055085395981573e-03,3.129839588903172900e-03,4.029303375280238013e-03,4.852412158216115948e-03,4.623745957501220090e-03,3.429663621901819868e-03,2.041455075852027963e-03,2.598993256953091146e-03,2.119967275882918018e-03,1.821218836203829803e-03,1.317796279648662068e-03,1.337442396988204781e-03,1.330578017350913687e-03,2.070039925591999339e-04,6.886316211088113967e-04,7.373257391185651178e-04,5.821431722020210071e-04,4.089665458353519342e-04,3.476737588652264663e-04,2.837770094500789407e-05,-6.591829171799007316e-04,-2.612071140262951958e-04,-3.036138603139041498e-04,-8.760087888908888723e-04,-3.512944965279112767e-04,-4.907996978851523247e-04,-7.239974114819201388e-04,-6.958724524846243622e-04,2.386267333151089961e-04,-8.098748836843261585e-04,-9.108282511087737766e-04,-2.573437729183973544e-04,-7.307159983182677336e-04,-8.003534068420362557e-04,-1.121349601563869681e-03,-1.548274078254217000e-03,-1.084847179056955355e-03,-1.838672339859002557e-04,-1.824817003014199412e-03,-1.708412769849432548e-03,-1.538408919152012104e-03,-1.201425239442147856e-03,-5.086637527163341381e-03,-1.053025192587943174e-03,-1.348104889128697893e-03,-3.384804036588767977e-03,-1.398021947873787866e-03,-3.328481987079704753e-03,-1.963807659300526639e-03,-3.131525705292584338e-03,-5.761679564054750409e-03,-4.818124462533592174e-03
1.056733567604644730e-03,-5.237884464825619344e-04,3.892347408958599293e-04,5.648600504994120888e-04,4.145677848876831305e-05,-4.962567365065448117e-04,1.250815385567559607e-03,3.216262827823040699e-04,-2.661981296677905988e-04,1.597588235294176116e-03,2.476995047098777634e-03,2.176669191197446764e-03,4.226419546232975007e-03,3.008936884157690020e-03,1.632784097112989063e-03,3.996160192613859878e-04,2.463155494163562793e-03,2.363833185212718506e-03,1.431498576690367133e-03,1.095768346356682920e-03,8.154934591956192799e-04,8.368172072577114351e-04,-2.153001506132958172e-04,5.309833646407400827e-04,2.046752770667457954e-04,9.004405996633119721e-05,2.146250530897116082e-04,-3.499804824341158833e-04,-5.232988153477950613e-05,-1.120231865560563072e-03,-1.364514219480029847e-04,-6.136478304743705212e-04,-1.044370742911266255e-04,-9.629964573616544427e-04,-6.771879672216003310e-04,-1.547888583290612727e-03,-1.813019922177558786e-04,1.793492407808552761e-04,-3.901083776556921591e-04,-3.461978471365740164e-04,-1.113330607139439033e-03,-4.971853735053789329e-05,-1.463467610894283490e-03,-1.035136198528607268e-03,-1.093117524515417648e-03,-1.227877912155380356e-03,1.031342458176711421e-04,-1.314013453410903384e-03,-1.080741344133578485e-03,-3.912833619459825558e-03,-1.011764705882321628e-03,-4.635533858879455245e-03,-1.333115706016995685e-03,7.551391447690432377e-05,-3.770174737323021049e-03,-9.133363440562074047e-04,-2.974441539426882913e-03,-4.195761911190422594e-04,-3.713450808122629229e-03,1.038226672748087699e-02
6.637044384208895314e-04,4.799327179583310504e-04,-2.561436256318591078e-04,2.437664000684664975e-04,4.990613623903205221e-04,-6.845984461086641090e-05,-3.527937785386423084e-04,7.566463333406071032e-04,1.398997246308754014e-04,-1.189542350612596955e-04,9.005206254599713899e-04,1.337018590374604819e-03,1.594598950113786714e-03,2.260065382698225010e-03,1.616947895962632950e-03,1.404690013253890278e-03,-1.939612113387637721e-04,1.561909994211428893e-03,1.367329983516763284e-03,6.805705050027692276e-04,5.852178634450547852e-04,4.138849170952521670e-04,6.995122777139916757e-04,-5.178240809059887848e-04,-1.548049333834596649e-04,1.317806368713009919e-04,1.874628330104246586e-05,1.538672490310748913e-04,-2.805041354864430247e-04,-9.971580084487576944e-04,-3.027741089538618408e-04,-4.158200134123517683e-05,-7.967711709042156303e-04,-5.490299079908006344e-04,-4.973183455210257019e-04,-1.083333675024730032e-03,-1.039278350515469764e-03,-4.580137811764527960e-04,-1.141408318979475536e-05,-6.260854808884422059e-04,-7.925185112567246495e-04,-1.234155711968081513e-03,-2.537008585902139949e-04,-1.809185185185116203e-03,-3.871390547991901366e-04,-2.097091756445956367e-03,-3.990256276830113705e-04,-1.324755770727161722e-03,-1.914421238008505400e-03,-1.379167073395067087e-03,-2.623612547162612520e-03,-2.462149000065097949e-03,-3.937945142101729676e-03,-1.229222871410688266e-03,-2.431125369566523777e-03,-3.303474639567227557e-03,-1.802942929177122049e-03,-4.403895322648459718e-03,-2.209223260190103580e-03,1.648690256474466195e-02
-2.629930985274274218e-04,4.551314656741500147e-04,6.188179685792166360e-04,-2.172431368511860300e-04,3.368804194454827548e-04,2.990482183009571184e-04,-5.973742028011947049e-05,-2.093907152539610387e-04,8.828414676885010855e-04,-9.317010349351562788e-06,-1.252133237699063612e-04,9.080791147764871469e-04,1.536604536983596052e-03,1.671379896240509505e-03,2.715668304889794042e-03,1.641313157814477128e-03,9.960481728860464366e-04,5.409909180641627461e-05,1.671968249937488913e-03,1.293601644242718760e-03,9.291517328491280840e-04,6.259926975420911652e-04,2.764140966550690396e-04,6.236112772489162516e-04,-2.668989039930045356e-04,2.984555765097389357e-05,-2.337444835910553061e-04,1.052792813273697450e-04,-1.363420347381127804e-05,-5.385087981824712234e-04,-4.208963212280990014e-04,-5.211191142246486292e-04,-4.100567587209848078e-04,-5.879601962000723580e-04,-4.809130972345955057e-04,-1.231008141875503115e-03,-3.108176054931190385e-04,-1.591351774360122645e-03,-3.280982174411972382e-04,-5.701167453626021864e-06,-8.348966592695449994e-04,-4.982854707229448935e-04,-9.131018018819302530e-04,-7.575890630786240570e-04,-1.679939085900587726e-03,-1.600081590552808854e-03,-1.066591596638562754e-03,-2.219341193482827958e-03,-3.297587439270782336e-04,-2.092907829146707210e-03,-2.132364231336630282e-03,-2.315455057046652242e-03,-2.787955772974598772e-03,-5.068813029395704758e-03,-1.587583202819107262e-03,-3.509127906976752722e-03,-1.498342225179199018e-03,-2.656725577948187977e-03,-4.450799201623167889e-03,-5.271551221936140660e-03
3.226383816207852376e-03,2.317007179745622734e-03,1.183651883860288969e-03,1.982645227021000416e-03,2.436584519004471663e-03,1.886089241174686857e-03,2.003111769059918307e-03,1.453659973324293933e-03,1.403548496464487698e-03,1.319752762259332685e-03,1.824655263084303805e-03,1.704202494688108549e-03,8.855658587488147299e-04,1.526309349763331578e-03,1.498054708631597160e-03,2.568310926111950880e-04,1.581412657578118398e-03,1.573630117525606775e-03,2.566088284039823135e-03,5.918939078413715422e-04,3.036042864784383182e-04,7.700581320499448774e-04,7.127670327125881734e-04,6.796783161239513095e-04,1.005799288128875607e-05,6.335571358851040374e-04,-2.485190338697245674e-04,2.420754022310603239e-04,-2.512518548495844815e-04,3.309075044822603907e-05,-2.758562745798903422e-04,4.038477517147311363e-04,2.575218897636357383e-04,-6.452392531352646281e-04,-1.279780169452190996e-04,-3.547759083312145966e-04,8.021369356161424553e-04,2.282523149218284653e-04,2.828586778324866267e-04,-4.117942815877137530e-04,-2.694462568535214791e-04,-1.287979432668782620e-05,-3.795673164622713117e-05,-4.132654621492079083e-04,-3.966567711850654647e-04,-6.218272298584881811e-04,-1.027356813083577132e-03,-1.402714535901946735e-03,-6.447984794290062896e-04,-1.841085693421377293e-03,-8.875675675675381284e-04,-2.644590573619444527e-03,-1.183870552355203304e-03,-2.132805621311217089e-03,-2.411586219093077299e-03,-1.786366469563664596e-03,-2.618669842758165455e-03,-4.598636660869638224e-03,-4.460387354303131657e-03,1.266125546376387946e-02
7.137205796060446493e-03,6.092459155739794047e-03,4.815316458797236354e-03,2.417859058389377168e-03,3.994222557516603593e-03,5.105663455055541727e-03,3.900986939540887315e-03,3.633860609456543000e-03,3.208209553478169173e-03,2.943671693346013984e-03,2.787092692186002654e-03,3.330560540276898511e-03,3.512463495869180309e-03,1.868104106419923860e-03,3.350486576743517703e-03,2.940940692950999059e-03,7.645751090796187952e-04,3.009756605930191588e-03,3.761786004724424447e-03,4.719669421919135167e-03,1.597482499629125944e-03,8.158677974288546788e-04,1.680838004549281995e-03,1.265105626482149670e-03,1.337125306635354467e-03,9.818561651618099278e-04,1.690831881271402269e-03,-2.374568611338461540e-04,3.527828827703825615e-04,3.975705774472715619e-04,5.067581449147326141e-04,2.150046751875746634e-04,8.068341734550265806e-04,7.314001836142434900e-04,-2.884745648637343897e-04,1.415363861548786571e-04,6.637442870393612127e-04,8.590128938302409771e-04,7.901545801256892919e-04,1.442543034976331417e-03,1.624710012509067046e-03,2.971823401051799690e-04,-1.961703336602858703e-05,4.810188228076610296e-04,1.294286522225034878e-03,-8.537923947915124158e-05,-5.403216297199710120e-04,-1.212479114601546789e-04,-1.571698170824745036e-03,9.219687411730635761e-04,-1.577071859746631078e-03,-1.691056022714794048e-03,-1.237315427869604880e-03,3.863617465778679911e-04,-5.532749193725307714e-04,-7.932635822152507262e-04,-1.011848336913443629e-03,-4.563411448437092004e-03,-3.426796140756236710e-03,-6.738711609671111866e-03
9.370152516369733078e-03,9.599160162397370535e-03,8.393252064086930558e-03,7.212133314249046835e-03,3.454128720627553609e-03,5.534604984692565594e-03,7.065445894617026351e-03,5.605664791757210795e-03,5.050975728766161216e-03,4.384237702999074782e-03,4.209372122201367368e-03,3.921345479203462193e-03,4.995303422882827263e-03,4.829919327244132192e-03,2.778591954022942203e-03,4.696798819649317461e-03,4.090441429226124477e-03,1.233386092842489717e-03,4.207349908998764265e-03,5.341473562107350477e-03,6.574747030241859941e-03,2.217861453387380381e-03,1.190596554557224939e-03,2.738956648473634455e-03,1.892729148163042928e-03,2.145251036665712062e-03,1.339803829295145446e-03,2.257971105949357037e-03,2.419363586868556848e-04,2.794823070190170940e-04,1.024130007423471392e-03,7.181262244369168886e-04,5.763569547898128955e-05,1.692551512632430684e-03,1.103017568194017634e-03,3.789672998545706630e-04,-2.581397367511472553e-05,1.223547244348136952e-03,1.747189660789969737e-03,1.564510295632322301e-03,1.376416774096463676e-03,2.626743901935125070e-03,1.134759958284958922e-03,1.538303306816459154e-03,2.849098976903506218e-04,1.305844281526900115e-03,3.432544075090346856e-04,7.898710376201791483e-04,-1.119980711578251421e-03,1.397577596379331335e-04,6.686140845071404269e-04,1.086844346653327846e-04,-1.301544980126534152e-03,-2.780051941621063948e-05,4.557486120165225993e-04,-7.679320041867091721e-04,5.932951384288428012e-04,-1.367492226322899324e-03,-2.189747859181633092e-03,-3.730669180689562530e-03
1.168558911291250717e-02,1.202266673720816387e-02,1.237512134464782872e-02,1.126224324135338337e-02,9.090972697587214671e-03,4.708244730269482356e-03,7.481607067793802184e-03,9.149440105565108741e-03,7.505894948932754357e-03,6.455931896849233589e-03,6.054998318676133896e-03,5.553329367488152833e-03,4.971120787358304302e-03,6.765059559812900379e-03,6.456873522422365910e-03,3.544224841341791273e-03,6.238959421593265157e-03,5.768488583061492751e-03,1.236020628704654093e-03,5.955593623167236908e-03,6.623130012338115415e-03,8.967261951039966206e-03,2.739000214828654980e-03,2.065590115817532608e-03,3.435784893005510137e-03,2.798388821816616672e-03,2.654154727985710924e-03,1.657113448773687254e-03,3.267425478644030677e-03,2.657915141965423635e-04,9.618945664278062734e-04,9.617352590837678064e-04,1.418903313215948191e-03,1.510286545620817468e-04,1.840432567273647896e-03,2.159379361360231134e-03,2.397985073473619271e-04,8.113926105722135294e-04,1.314250420153357732e-03,2.744779972871521333e-03,2.181922414726106089e-03,2.265314590987293434e-03,3.357877220679852427e-03,1.727201188282366301e-03,2.703389537802536064e-03,6.757188570970117016e-04,1.866405658742246098e-03,8.266745482903956228e-04,9.293800904976992280e-04,-7.130664171535358283e-04,2.077382831332838953e-03,3.971644280571901518e-04,-8.725787865312458879e-04,2.132218997086971109e-03,4.367691297135275087e-04,3.700096259290807082e-03,-1.812270284459009022e-03,6.051271087502280155e-03,-7.646862713241646230e-04,6.117002296885873380e-03
6.233471207831888829e-03,7.074313785134044193e-03,7.096576796902149577e-03,7.630515686868935901e-03,6.948810350387943195e-03,5.618300653594756125e-03,2.876780946985851937e-03,4.534702126730452351e-03,5.636163027825572165e-03,4.452117152185508346e-03,4.142717298523252746e-03,3.670457603126288729e-03,3.300951566796096054e-03,3.115049848033748636e-03,4.028169074832825547e-03,3.885437905290443569e-03,2.345489209208858651e-03,3.754433985354654803e-03,3.416778863778180582e-03,6.190475475341094798e-04,3.680710524391124505e-03,3.937626212656631514e-03,5.487951446056324283e-03,1.877806415298887604e-03,9.834557796374004783e-04,2.133431604245961295e-03,1.550550175663974618e-03,1.517433726377833639e-03,8.785855365024414091e-04,1.765419913184549522e-03,5.217026633982275194e-05,6.000872956393581712e-04,5.034634842891956607e-04,4.967387010325463982e-04,-9.792581509077321873e-05,9.291571631450591022e-04,9.983789242395272115e-04,3.217975709774115330e-04,-4.726080334110452103e-04,8.691698690910838613e-04,1.279040562945159623e-03,1.201980269707615461e-03,1.375156902055117659e-03,1.743940927955832214e-03,4.806355249298430643e-04,9.465248393399004452e-04,1.125598693207721917e-03,5.346043434660155500e-04,-1.017915673830008163e-03,6.319131503482683463e-04,-9.944478765755028048e-04,-1.398188838751588227e-04,3.018680899732917875e-04,-3.090156039980230217e-03,1.194685305315761623e-03,-3.148056848043556157e-03,1.838417090754833512e-03,-2.063833586395339131e-03,2.084931595668672040e-04,4.735293049604173861e-03
5.741478015691276783e-03,5.263768005759159041e-03,6.110342156782131925e-03,6.498833815808810997e-03,6.745564081597161220e-03,6.174293169985454501e-03,5.069354359357810744e-03,2.467393199966238463e-03,4.078088888888853694e-03,4.807100583779231467e-03,4.213316108983168780e-03,3.608622588273951385e-03,3.175927612474773853e-03,3.058783872198980389e-03,2.644660688340412513e-03,3.694105229470198964e-03,3.273437705847191594e-03,2.066121500734291894e-03,3.572371508741550589e-03,2.761193734134218154e-03,6.548802332399990831e-04,3.076197551647725462e-03,3.680694581059152162e-03,4.849721964830081694e-03,1.497040361246196414e-03,9.000182573745451123e-04,1.918855844138455009e-03,1.116287135637745271e-03,1.559553313632821301e-03,5.035298796858899513e-04,1.614572996060763483e-03,-1.404748346448687598e-04,4.857927233331675869e-04,-3.645920544813086332e-05,8.768247086045531874e-04,-6.484512508254349416e-04,8.966005572857492327e-04,8.567741062060571120e-04,-1.281894000968287302e-04,-6.056495145139873112e-05,3.327751320580280849e-04,1.583111106829645717e-03,5.801324223282733946e-04,1.146212010924737212e-03,1.261843081421642337e-03,3.674257185725751402e-04,9.288571612317856815e-05,9.838602024139849085e-04,8.023226750294117689e-04,-1.119690090341707430e-03,-1.150841601378132508e-03,-6.185130098545580388e-04,-7.585839116152493910e-04,-1.160001887448506739e-03,-1.429952753852947039e-03,-1.400545050324463131e-03,-7.249128296826892791e-04,2.069008914524538619e-04,-1.037910056466789105e-03,1.888548587328763365e-02
6.323834579581837784e-03,5.898800759013347883e-03,5.468756816872308475e-03,6.744313439918749910e-03,6.920342986540214437e-03,7.407994979876154386e-03,6.506812338123989584e-03,5.328758640079226012e-03,2.732979577104651357e-03,4.302235107973731258e-03,5.266866124651318169e-03,4.297658802995614653e-03,3.863028992817188392e-03,3.428281776777114889e-03,3.285343776670685695e-03,2.889850422738486375e-03,3.870003749646635464e-03,3.786051796376967322e-03,2.005019511412846345e-03,3.549858025241828079e-03,3.365703736523408072e-03,5.733865545764211917e-04,3.595170909135224097e-03,3.565805928670747523e-03,5.235381935998029840e-03,1.552030286270314344e-03,1.029740454042686821e-03,1.748659261903537116e-03,1.544008444909534920e-03,1.420833882134671985e-03,6.913046696388769081e-04,1.815957001719177739e-03,-1.485559717317499464e-04,3.232659516683057807e-04,7.856055517601711734e-04,2.024418175235806602e-04,-3.853427895981243498e-04,7.732977533084071280e-04,1.054533349162826983e-03,-2.637382592872969432e-04,-1.538392208169955095e-04,5.180330857434000021e-04,1.721720209198639249e-03,5.214752072471617915e-04,1.569608094262392060e-03,1.504954849333018816e-03,-7.478308154227628415e-04,1.877960737179466908e-03,6.582902406219040081e-05,7.775144574491660949e-04,-1.507210599834962229e-03,-1.232117861143325343e-05,-1.413290275249815767e-03,-9.952004940222360010e-04,-3.777357401647255452e-04,-1.432158849870496893e-03,-2.261786076934247714e-04,-4.064218681861908600e-03,1.237570284049584537e-03,7.377720104262273232e-03
6.692500213053755725e-03,7.995450274158925896e-03,7.434765448728729818e-03,7.174011992005317404e-03,8.702965013876073908e-03,8.830993148361646408e-03,9.309892037662565942e-03,8.518162769501713347e-03,6.840702115691971348e-03,3.435679857292509194e-03,5.563851419826965593e-03,6.667099004391346777e-03,5.693848175689463463e-03,4.942247055508259754e-03,4.510326077135717350e-03,4.114555123475274051e-03,3.554697958668292645e-03,5.132298302381559443e-03,4.828313272519442652e-03,2.543142497117219323e-03,4.602096924858927254e-03,4.463659469292901444e-03,8.025483635182525423e-04,4.349483293250224793e-03,4.917162545601961275e-03,7.028282984926489604e-03,1.986107338460019970e-03,1.411965811965841837e-03,2.121575829383928833e-03,2.377414728893277769e-03,1.920807748726310188e-03,1.072263499959926055e-03,2.503977391770470344e-03,-2.461576152057997637e-04,7.253733456471132216e-04,6.694980104070724809e-04,2.055183233631359299e-04,3.602231035816199625e-04,1.177876547306126211e-03,1.060394955129285869e-03,6.571624993216469170e-05,3.734369187000603015e-04,7.751632094421645035e-04,2.246889533853070435e-03,1.152447850985780344e-03,2.659877451142034048e-03,2.150082963849516467e-03,4.521631807710226633e-04,1.676950942232848570e-03,7.673333749372103821e-05,1.967652022137127057e-03,-8.539392844238615084e-05,2.416155041053651001e-04,-8.163671415437045173e-04,-1.519765142150884124e-03,8.704624736641943623e-04,-1.234269094263598090e-03,1.085966288408707564e-03,-1.732529263069781901e-03,9.375785162398050931e-03
4.519818373071520651e-02,3.745353329762550476e-02,3.091759558126607604e-02,3.734108288010389021e-02,3.712526820243336467e-02,3.396152540560935795e-02,3.124584510596151860e-02,2.870280763651348807e-02,2.742383415308250957e-02,2.661039318749773563e-02,2.492024104622566488e-02,2.529208867631331514e-02,2.213141410998406555e-02,2.037193416024921447e-02,2.078596060036411869e-02,2.067303159071351773e-02,2.000535842379041682e-02,1.916442767177418960e-02,1.801888430950708553e-02,1.731632687249367100e-02,1.480992233300715624e-02,1.599804378940192923e-02,1.902170536233785056e-02,1.990213320540500444e-02,2.013894093808809779e-02,2.008625556443337928e-02,1.909354137858906841e-02,1.530506770425300866e-02,1.565834204528385870e-02,1.576015887256920420e-02,1.430718417365930452e-02,1.475158909083440321e-02,1.441980650208618195e-02,1.406784181183447398e-02,1.396278929888903307e-02,1.355006635408750187e-02,1.274028328239019958e-02,1.187835433256069669e-02,1.256167052832886898e-02,1.195672010136489098e-02,1.008112635527460416e-02,1.195132684016575117e-02,1.102713335911012331e-02,1.061919182055208813e-02,1.115028480587297588e-02,1.116614305107853193e-02,1.098940155093307801e-02,1.213996995885055670e-02,1.137608477570278311e-02,1.066834186505247195e-02,9.129172636743100588e-03,8.485214094558341663e-03,5.933179077547883276e-03,5.421978798586554564e-03,5.779237205764365184e-03,5.752058445653895728e-03,4.982274439619164934e-03,2.242740566635276038e-03,1.143584053794321435e-03,8.181080511906682270e-03
5.772396061232106142e-03,8.902224417625484790e-03,1.314433870352846832e-02,8.831395043263514863e-03,4.707401958880396906e-03,4.231928184459744606e-03,3.236136833051872844e-03,1.574890676380112740e-03,1.077214652550268680e-04,2.121032580542586785e-03,4.194372862508425823e-03,6.150941117350476606e-03,5.446097654207795145e-03,6.109374767508455976e-03,5.291729111780009952e-03,4.791346685820865522e-03,4.559678179241914882e-03,4.134635054676509200e-03,3.640110866424254611e-03,2.138572159006600897e-03,1.392435693794378529e-03,1.015490387930920646e-03,-1.483581288146503929e-03,-7.534962065450932951e-04,6.061554075041918890e-04,3.509135580107578326e-04,-2.219491271183641600e-04,-3.429131270954227564e-04,3.747835746022591934e-03,-4.478752790706346469e-05,-8.514424480209054199e-04,1.893954166741344304e-04,-1.929343433120841035e-04,3.980939242075784944e-04,1.041036013673576742e-04,-6.240543542001707926e-04,-7.539632097229611836e-04,-1.429377900886031694e-03,6.665906131740793276e-04,-1.234083791922288348e-03,-2.122491935294921594e-03,-1.649279517944949973e-03,-4.867759904611725086e-03,-3.800222846347366557e-03,-1.610668519313869030e-03,-3.628769361409401543e-03,-1.465010516774503278e-03,7.014562182963068535e-03,4.265705775818862990e-03,-1.055555742083020372e-03,1.799888111182379631e-04,-3.737653550367296944e-03,-2.234917194303514144e-03,-3.995723358523261062e-03,-1.995741390086624555e-03,-3.988102177188383203e-03,-4.169732775439017464e-03,-4.482719289713989370e-03,-1.096937895432675359e-03,4.045108636904049849e-03
2.769078793102377947e-03,4.756671220000347443e-03,7.396310813626471442e-03,1.060114161784006873e-02,7.247314673807870103e-03,3.770484025698395830e-03,3.538836745984266612e-03,2.688720497439635402e-03,1.227331186181384887e-03,1.889379118724071431e-04,1.728590254719937751e-03,3.331226981093289140e-03,5.154569315769024114e-03,4.443277542081762975e-03,4.676036508862125782e-03,4.441787400469209002e-03,3.823133060188538008e-03,3.832179711392929601e-03,3.282581968549430022e-03,3.110698840517345243e-03,1.563497526343181343e-03,1.080341730213714218e-03,8.566468340805552441e-04,-1.135760831162224531e-03,-6.223484586076386254e-04,1.941399106036534002e-04,5.949014767837822160e-05,-2.191573983042613543e-05,-1.631639799427095480e-04,2.654264985402027266e-03,8.855757987933640524e-06,-7.662010958641151401e-04,-2.754894445100447304e-04,-2.859759980405742830e-04,2.445772945998072765e-04,2.157471038680841026e-04,-1.022348921010742245e-03,-5.177307765386373120e-04,-8.055311452735273211e-04,-3.733768716152028352e-04,-4.982435553212365793e-04,-2.462253005142420962e-03,-2.201166992840959246e-03,-4.080614583333344939e-03,-2.438661058435002884e-03,-2.197433751889305096e-03,-3.398769987150089371e-03,-1.695782611587831439e-03,5.293338628483430959e-03,2.889474890697074205e-03,-4.493686615624808067e-04,-8.764559614941712243e-04,-3.366994391289979474e-03,-1.523148643717347431e-03,-4.621851936980359357e-03,-1.488465708306132727e-03,-5.339666716784404257e-03,-1.642648943210818285e-03,-6.148429106952778625e-03,1.711391063217329199e-03
2.043892069302911344e-03,1.357737359777594138e-03,2.049022180315243809e-03,3.111980743800504563e-03,4.554161202795577353e-03,2.870514167144514600e-03,1.686412487404055464e-03,1.332415974718744942e-03,1.125010463106072443e-03,5.074078865561791390e-04,6.732074577670707168e-05,5.468345613999036183e-04,1.495980117294129974e-03,1.957804594553626872e-03,1.866651010759989892e-03,1.942706793507115474e-03,1.885693020314310481e-03,1.423063974063577212e-03,1.379236160562527730e-03,1.539664626086766682e-03,1.145960313988555546e-03,5.724711586131437388e-04,4.061795880639868309e-04,-7.204806460907058790e-05,-6.027158449574425338e-04,-2.784329049383417703e-04,5.260420335164228076e-05,-4.581806377321973262e-04,1.155558792680753824e-04,-7.224998040496451515e-04,1.138482598164066795e-03,-4.506961550595122638e-04,-6.462493234710068148e-04,-3.482528524629089229e-04,-4.692687337126225122e-04,-3.224283683428383102e-04,-5.036413544364036054e-04,-9.967791803496077983e-04,-6.693769691810902639e-04,-1.164197201917111998e-03,-2.133302057076536212e-04,-1.663434313616941104e-03,-1.249713163081026500e-03,-1.356478603584191029e-03,-2.794949183862018623e-03,-3.080571339785087050e-03,-4.121833339673694322e-04,-2.382793437350691924e-03,-2.666936253719086498e-03,2.663055526064226578e-03,4.723770583446276528e-05,-2.335577020930252462e-03,-1.233753749787777848e-03,-4.873359460176132293e-03,-1.590653043867042843e-03,-4.729437392329399401e-03,-3.005816108339379265e-03,-4.811710646293230163e-03,-5.247626506213395013e-03,1.400234181918825040e-03
3.908889062456078964e-03,2.921805648798739535e-03,1.606329342627018427e-03,2.591477621464017850e-03,3.847552165565892770e-03,5.720991573638611362e-03,3.731306251567301051e-03,2.071641494204556119e-03,1.932809542845335699e-03,1.410567356968333306e-03,5.340648727162783686e-04,1.419246878266215651e-04,9.089285768515541902e-04,1.703833544126062867e-03,2.658511070852308082e-03,2.329655644638560334e-03,2.568847484601081890e-03,2.163868258981716496e-03,2.195388565926074606e-03,1.752181698711849887e-03,1.732897709514637750e-03,1.560507578041535901e-03,7.801555995067983038e-04,6.658130503278473751e-04,1.155873589299925830e-04,-9.367753363933587407e-04,-2.957024761612182654e-04,-2.112583486117741076e-04,8.992720183592531422e-05,-4.519244829746174173e-04,-1.837675007251016721e-04,1.400852485702706743e-03,-2.986949469479135391e-04,-1.222190951243540052e-03,5.162895294820085337e-05,-7.384063262091663865e-04,-3.715067561856777857e-04,-6.463033899429541289e-05,-9.055654667461049759e-04,-1.349269949989115964e-03,-6.126205762232251944e-04,-6.886194016171498164e-04,-6.322950674722793403e-04,-2.105202333258218358e-03,-2.255370132648665954e-03,-3.157242901750031191e-03,-2.833675227718481134e-03,-1.309878063975372306e-03,-2.352279422967824048e-03,-2.529151313561944087e-03,3.527187601724381463e-03,5.182720510988513473e-04,-2.388299664661759636e-03,-1.563718733355403279e-03,-5.113125534543475938e-03,-1.890083889059101597e-03,-4.630185858934605936e-03,-3.925085303186149829e-03,-3.115358087347380994e-03,3.142788748104679425e-03
1.008209893140384929e-03,2.238230823038521358e-03,1.505231775553661109e-03,7.653224516989280734e-04,1.544037294557385051e-03,2.007834149521868419e-03,3.070479463932769462e-03,1.926001343200557919e-03,1.086579700593709409e-03,9.148401468429119511e-04,7.834238153876019444e-04,3.042073343534956514e-04,-2.107574015093525887e-05,4.125762216916048540e-04,9.337731606247302515e-04,1.333769550156886684e-03,1.168133138871614964e-03,1.380797452214238075e-03,1.082245458094792476e-03,7.655725074852401998e-04,1.027651959693026739e-03,7.883802837929242569e-04,6.337082618783147943e-04,4.844546747418657269e-04,-5.090395740302915378e-05,-1.155152112270647641e-04,-5.962062025995741111e-04,-2.662343975442539850e-04,-2.855728943287198478e-05,-5.432442826473445670e-04,-1.627940372438993236e-05,-3.311123298175038714e-04,5.443803186983628547e-04,-7.712424729025555478e-04,-6.008478467468999747e-04,-3.825564543955331780e-04,-7.900186385795876162e-04,-5.639463943888222298e-04,-9.655040574516849609e-04,-1.077927848101249827e-03,-4.529321110246362276e-04,-1.037855766841983213e-03,-1.137447947401213884e-03,-1.230007025882966102e-03,-2.053456750550036129e-03,-1.322544975866603171e-03,-2.320628886831508763e-03,-3.120646686682400969e-03,-1.689482570547729901e-03,-1.714441961427192558e-03,-1.829678867644840903e-03,7.896038592318915241e-04,-1.382850267379748038e-03,-2.340403395396637755e-03,-2.466174957118308451e-03,-4.380576553711158262e-03,-4.910689256537968152e-03,-3.038464343323406432e-03,-4.906180252949323382e-03,3.068256969738209546e-03
2.338080817003177977e-03,7.300719747513357422e-03,7.280970232901805804e-03,1.209019452788918057e-02,1.030098969111075888e-02,7.472625072169933325e-03,6.003204549058298659e-03,5.264638150960151801e-03,2.451901344917125931e-03,5.778709602694725653e-03,6.287539404943962018e-03,7.367332706467520642e-03,7.075749804995242441e-03,6.211702787862727684e-03,5.145828834184544218e-03,4.213093106470608591e-03,4.533070787782204208e-03,3.426112942815288335e-03,3.388844058573126181e-03,3.665955454203860108e-03,2.630863619416938960e-03,2.247600824256683078e-03,2.557233546657581950e-03,3.052351781570120386e-04,1.003497357249955209e-03,1.696159889820492714e-03,1.738176375443652643e-03,2.513121353953686778e-03,2.289255809650807792e-03,2.290303026950501336e-03,1.331305410997627066e-03,8.205067540616614542e-04,1.598225764853857759e-03,-7.218371299152735471e-04,1.265827232796593168e-03,1.470751313257967919e-03,1.430960653546020471e-03,5.430532588315328596e-04,-1.498117777897736062e-04,4.075348055228166129e-04,-1.331829081394868687e-04,-1.959678364476765734e-04,3.301484211450000559e-04,-1.473824956336101336e-03,6.655360543610208852e-04,7.352765733568875604e-04,1.226174094980936758e-03,8.761167731905665024e-04,-3.261156913701670937e-04,4.051117019954969339e-04,-8.734674105908599813e-04,-1.481298633952670340e-03,-4.210233176573550777e-03,-4.687102161568847992e-03,-3.909848807627807135e-03,-5.528985666647107458e-03,-2.707762463672260152e-03,-2.041547260177385605e-03,-5.596580591733725692e-03,-1.576531970525302424e-03
8.566415420984601964e-04,9.186217170195694337e-03,1.008531591763200778e-02,1.737784500169570201e-02,1.591988502919618187e-02,1.278266712691280421e-02,1.331496259533627817e-02,1.220650550148124486e-02,9.169276566262095016e-03,9.117480783203936456e-03,1.122405603676297423e-02,1.119033632272850055e-02,1.136830803267523289e-02,1.143014226746524691e-02,9.023598416943176895e-03,8.297487003823336704e-03,6.904653041469146005e-03,7.887716852800399220e-03,5.813839883698448951e-03,5.823527454830767884e-03,5.930570785884962601e-03,5.274783699395752153e-03,4.153593210355757681e-03,3.902082982705749100e-03,1.794173676718075925e-03,2.448343917958912836e-03,2.303817348829617639e-03,2.765218023696335101e-03,2.949073951447855804e-03,2.847951220944937301e-03,3.434865305531927936e-03,2.122953357725586906e-03,9.634829537445490375e-04,1.218749640311242487e-03,-1.236848114651699403e-03,1.635458572335607734e-03,1.381369145079276630e-03,1.302192920815066317e-03,-9.687031994551723610e-05,-7.718457210231199602e-04,-5.126833159139391029e-04,2.426925404311401603e-04,-6.384997677853761298e-04,3.591821858863864609e-04,-8.459340443835050181e-04,-4.298458960388438599e-04,1.329055978457909524e-03,2.946930984580640274e-04,6.299774711812655432e-04,3.465625938156745496e-04,-5.190653040059066891e-04,2.682358327252842042e-04,-3.059123004130177067e-03,-4.536489409687283550e-03,-6.231129396946017036e-03,-4.130928575448910602e-03,-3.819813703618264809e-03,-2.410457731958693273e-03,-3.713536700125453626e-03,-6.620626101097636454e-03
6.650994178042540263e-03,1.430241833084519229e-02,1.319433422297684906e-02,1.783037502163462018e-02,1.421064362663327502e-02,1.011569963144401223e-02,1.089229176679357494e-02,1.043315684952896352e-02,1.119230340082958894e-02,1.004132990918071844e-02,8.887245146898269804e-03,9.677323687597062449e-03,9.368681108034517327e-03,9.715934474141499355e-03,7.652149585205637004e-03,6.247000204666941330e-03,5.850504708063974935e-03,5.367518204127551609e-03,5.917939308194290933e-03,3.935003499596888450e-03,3.617336410494918081e-03,3.851624348233554079e-03,3.205235271659976921e-03,2.562432896561028448e-03,2.654128363245571599e-03,6.903570466640135319e-04,9.724518590494621436e-04,1.613584399517639396e-03,2.076553291158880505e-03,2.185997675573001908e-03,2.525811053098236947e-03,2.396298149663203970e-03,1.568955359873479456e-03,7.595644947934121417e-05,-5.387308430435485589e-04,-1.828051415965085752e-03,8.580251606951401358e-04,8.259719379432020527e-04,6.027067801914782075e-04,-8.196705008016719326e-04,-1.487943681695738955e-03,-1.801824278629422967e-03,1.311441092911949614e-03,-2.294248757673070802e-04,6.715612905510797131e-04,-7.507408531538212562e-05,-2.105260107578657319e-04,1.027823421573568563e-03,2.480691856542334168e-03,-2.362901423781775962e-05,1.953903729433364078e-04,3.323199002908225515e-04,-8.614158688285949300e-04,-1.807368882519071879e-03,-6.149523164985898696e-03,-7.301526339940218359e-03,-3.487321776655488009e-03,-4.216757554877477096e-03,-3.973163520582259634e-03,-7.801994126646376142e-03
8.694912953847867831e-03,1.556766626925629518e-02,9.810939994421809945e-03,1.136806253988507237e-02,8.788514193032647900e-03,5.451409961294251608e-03,5.306647087764968310e-03,6.355750103484783531e-03,7.664521462930122715e-03,7.453280931732982062e-03,7.566904725674168490e-03,4.225874644540051663e-03,4.868568487882442980e-03,3.949704461983297166e-03,3.339417157785737507e-03,2.770134336875437319e-03,1.891963547432631973e-03,2.424203719014483144e-03,1.922548787750616526e-03,2.801271165630064494e-03,1.371392012212032524e-03,8.234016882472962578e-04,1.495449015932022886e-03,5.309987926647830687e-04,5.267468161404916969e-04,5.440043329882454344e-04,-1.221860140863569467e-03,1.190190606266207959e-05,1.793829823875118178e-04,-6.875133158756147837e-05,1.507605020254103919e-03,3.316838672473635384e-04,1.235879680702430677e-03,7.131791014015696328e-04,-9.794277882355601015e-04,1.451804895159385751e-03,-1.041712882033804912e-03,1.689694126520210589e-03,1.363583883821259260e-03,9.851831312608254950e-04,-1.598245553227406034e-03,-1.737329466243795872e-03,-6.738287373963963993e-05,6.354007140272463407e-04,-2.514690578988175093e-04,1.931204542135259378e-03,-1.240578298555665643e-03,1.209461416947397831e-03,1.961944741260608529e-04,5.238517359753661366e-04,1.341873830848301337e-03,2.917484796536691993e-04,-5.478516930171833769e-04,-5.043617553948033950e-04,-1.226694195460449870e-03,-7.974529433526644437e-03,-6.575500946796203686e-03,-2.890181618051652305e-03,-6.105373998288407544e-03,-2.199533506546001368e-03
8.624375908298884119e-03,1.417115007893228994e-02,9.249858472865784415e-03,9.865179807151883487e-03,8.883992084069687253e-03,4.625555124161456234e-03,4.021416507028618623e-03,5.587256793507054849e-03,6.651237731750667820e-03,8.304295045776285272e-03,8.512035405493084683e-03,6.389403430702581335e-03,2.280468534579318217e-03,2.531088264114973296e-03,5.505217644499508199e-04,4.950014131062943027e-04,-3.359785250750062993e-06,2.005826427221645914e-04,4.998598481536789756e-04,-2.264930159490631707e-04,4.807831173385480384e-04,-1.040469736756725319e-03,-1.306943135705544105e-03,-7.938695400396999146e-04,-9.955230869896850975e-04,-9.290560268268109991e-04,-8.533839149765941497e-04,-2.134993610847131951e-03,-1.498885945910067652e-03,-8.032905459185974524e-04,2.029207318392861143e-05,1.007899266497628904e-03,9.584524269989749335e-05,4.985387057101971106e-05,-5.562298964566649668e-04,-6.878069130746359812e-04,1.714953719654434966e-05,-1.159649751205268789e-03,8.871838146834810966e-04,8.453319331918462270e-04,-6.245342857381852228e-04,-1.740231466546285398e-03,-7.469702300123048965e-04,-8.506725894780338935e-04,4.674708895508126170e-04,1.357921626100876871e-03,7.550072234549979168e-04,1.835266408044969127e-05,-2.861530501907591918e-04,1.698701464238480934e-03,8.608831547255840202e-04,1.903236830759622760e-04,4.575836133671956976e-04,-1.017373402856141694e-03,-4.946605707952219169e-04,-2.326098745684021443e-03,-7.904977522997614497e-03,-6.864563503767124979e-03,-4.957898219584500402e-03,-1.151320088763089708e-02
1.418657634223480582e-02,2.064514648010504216e-02,1.418797368595921260e-02,8.931814126033455967e-03,1.085141485141621377e-02,6.928594943831170930e-03,4.045802253722589198e-03,4.968521838112061571e-03,7.198171252222066753e-03,7.995305956643126988e-03,1.028839661632351479e-02,8.970057674253973864e-03,5.846652030956141222e-03,2.055187349159990837e-03,1.345379145723912167e-03,-8.754379314460825501e-04,-6.618210723826809493e-04,-1.690529116608948540e-04,2.742498560428177504e-04,-1.034189781286276182e-04,-1.010354656405266089e-04,-5.915190562251331098e-05,-1.685996544073041113e-03,-1.984159064397441469e-03,-6.525523022502473279e-04,-9.042638786432478796e-04,-1.627276960344700447e-03,-3.191665569897500173e-04,-2.608463824876753375e-03,-1.485733700929232990e-03,-1.361256377651602514e-04,-3.826606287329014749e-05,8.110535971135806417e-04,-1.633652512712424252e-04,-3.148521559862655305e-04,-8.112844667901361736e-04,-1.525085357057015924e-03,1.800258181484933962e-04,-1.685907764501743322e-03,5.723951566073979050e-04,-9.489599292639095069e-04,-3.032984973521715135e-04,-1.226331013735772711e-03,-8.252133122273407582e-04,-1.967633151309282694e-04,1.638425490821257546e-03,9.108086886397958335e-04,1.746060959075133509e-04,5.701812637467705254e-04,1.024455753310905479e-04,1.965313893482460597e-04,1.995785155150486129e-03,-3.999428076605834599e-04,3.135146105683172938e-04,-1.110772070545149254e-03,-6.495301737815479051e-04,-3.420734085098690175e-03,-6.887969885283761091e-03,-9.363687145852808008e-03,-1.151695734818422578e-02
1.370235456007428375e-02,1.743418435993415033e-02,4.608410208838218704e-03,6.170753932621948594e-04,3.466639709069146372e-03,2.033066216859562465e-03,2.008879902556857250e-03,1.430041432342844636e-03,1.091875353040845003e-03,3.703666137421654774e-03,4.814927022959812966e-03,4.158743209400894529e-03,1.419581608934796305e-03,-2.383113833726109489e-03,-6.023608845386969370e-03,-5.380690249009454154e-03,-6.225736269584272384e-03,-5.040685795369939659e-03,-4.317018441470785867e-03,-4.454007576099166046e-03,-3.907135762900877836e-03,-4.463809039290309727e-03,-3.245929985047074987e-03,-4.266901427405628278e-03,-4.214836952089874404e-03,-2.573138641493880573e-03,-3.016973119729269952e-03,-2.585329785276143082e-03,-2.128656861230369176e-03,-3.745197807535433944e-03,-2.041702523317181963e-03,-1.285857126756852252e-03,-8.875220746715256539e-04,-3.938579309069644221e-04,-1.530595638577941222e-03,-9.670404256318742122e-04,-1.619309862658347516e-03,-2.357471835294910369e-03,-1.713319626168217794e-03,-2.614005513189380722e-03,-1.639614954446467132e-03,-1.003987120257587547e-03,-4.273612869429449534e-04,-1.073188221968614155e-03,-7.403007810776482487e-04,1.035973493229806102e-03,1.478524301831759613e-03,1.124104991184014975e-03,7.973778702027622175e-04,-4.840539450547793558e-04,5.754417300666076542e-05,5.445777798600028290e-04,1.197565297150290095e-03,-1.094405463941878522e-03,4.602226356735541449e-04,5.104236966995670446e-04,-3.718781338035277283e-03,-2.573023177422396023e-03,-8.205030505129152357e-03,-1.170227736641988453e-02
-6.423839899068646824e-05,3.175167469660132406e-03,-5.664842951364060242e-03,3.603565948701772069e-03,-7.064704823614388271e-04,2.285802105772188723e-03,-3.826853616204095197e-04,-3.598135004451307080e-03,1.129253377685594372e-03,1.128595869551707494e-02,1.696213662551034290e-04,-2.841371321721456421e-03,-1.057440740427796969e-02,-6.250299595372987849e-03,-1.928783997964679531e-02,-3.397693655554332847e-03,-5.316340891046033960e-03,-1.946574328509557787e-04,-9.889074733879368168e-03,-2.121754316556822857e-03,-4.014647041362871989e-03,-3.661597431143049589e-03,-7.482960140125075044e-03,1.351776734880030372e-03,-1.001576784722441570e-02,1.273137969543782421e-03,-3.142632098227465462e-03,-2.664167653927670531e-03,-6.823486211124493890e-03,-6.037024160707799708e-03,-3.515014753778010394e-03,-5.035888092885415805e-04,-6.280830861796828611e-03,3.361084811429182820e-03,-9.072985070398604038e-03,1.984862078311913809e-03,-3.798446601941674050e-03,-4.135739231106497042e-03,-8.030008848252391876e-03,-1.786958282705568323e-03,1.106003836946124318e-03,8.184341832155092155e-04,-4.954728729049960416e-03,2.819535764363319350e-03,-7.858317208669148013e-03,5.560099572291767565e-03,6.417254305225283256e-04,9.796760421400283475e-06,-1.332490807093951327e-03,-2.037086220824032255e-03,-1.903831066118246221e-03,-2.137391926369188594e-03,-7.437219835514582988e-03,1.644995263974570292e-03,-6.135243669061997071e-03,1.092712649898851555e-04,-2.743433178367538604e-03,-2.248979175445198642e-03,-5.023867016622796458e-03,-1.222961106858275714e-02
-2.819490397476756820e-03,-1.707638369374279465e-03,-1.505278699402593596e-04,2.277706659744315604e-03,2.599482992599558284e-03,3.152871389934668121e-03,2.033699295753097717e-03,1.317782293368173702e-03,1.131915257752184011e-03,2.672305867323463303e-04,-7.217008017416842508e-04,-1.214668919183608045e-03,-2.088394610307587381e-03,-3.090604194287928461e-03,-2.762800014352606928e-03,-1.438252988975679452e-03,-1.028365725430145910e-03,-7.267082061311590528e-05,-2.814930647386576414e-04,-1.607764659110020873e-04,-8.995097745499330312e-04,-5.978939809772487084e-04,-9.237990743596715196e-04,-8.434425044401203369e-04,-9.028526803559449709e-04,-1.120479365609193491e-03,-1.104112772021643204e-03,-1.417940638837369852e-03,-1.419985639136410157e-03,-1.232160659424804848e-03,-3.451095417322142824e-04,-2.023872504506206904e-04,-8.970526634102784971e-04,-5.558524402281110350e-04,-6.695463743840621932e-04,-4.976467997932115025e-04,2.893157872468151044e-05,-3.314475138122463982e-04,5.722950534340538482e-04,8.981826091520758682e-04,-6.467382589476263627e-05,-8.441079559497001233e-04,-1.913313775669353437e-03,-2.023256181379618976e-03,-1.051677486045127534e-03,-2.334491656358946097e-03,-1.494418845323535741e-03,-2.237245005561457663e-03,-1.815393704231718511e-03,-3.001549824524091421e-03,-1.133718133074655384e-03,-2.193131034318583205e-03,-2.198906048906073673e-03,-2.271665704751766029e-03,-1.346936038563959935e-03,-1.974262757889868984e-03,-3.115222894275545499e-03,-3.309467028197300795e-03,-7.801059036100072529e-03,-2.405511872426175507e-03
-2.948535134599714579e-03,-2.130018853311309648e-03,-7.328776878623609803e-04,1.862030207901409391e-03,2.403068496830670312e-03,3.134771380166767596e-03,2.144796797892989122e-03,1.596579438143700021e-03,1.266438168178451789e-03,1.454964052994432082e-04,-1.027049575871002507e-03,-1.939498139604057484e-03,-2.520840556900787524e-03,-2.905867295241343871e-03,-2.705840523887948369e-03,-1.841096766291958455e-03,-1.272506725944952226e-03,-6.005992954008236486e-04,-4.885878469761549721e-04,-5.672004643295589779e-04,-7.522532909323006393e-04,-1.292285214547835882e-03,-1.029140543284750740e-03,-9.260505244863526629e-04,-9.726470605843710567e-04,-9.931016186246392850e-04,-1.581645058184945156e-03,-1.171344892553549677e-03,-1.572709454112192120e-03,-1.430396707601053934e-03,-1.155768198346159969e-03,-3.854650088401324393e-04,-3.540672337620426650e-05,-8.647737958276782754e-04,-5.893039727947469971e-04,-6.332069498902494469e-04,-6.365337604971309802e-04,-2.608591567456080337e-04,2.856596416761021293e-04,7.690721284799076872e-04,1.411379344580769178e-04,-8.489727255245800054e-04,-1.430386693923407738e-03,-1.665467538397852028e-03,-1.772278016586328409e-03,-1.618085599761485928e-03,-2.099903246322069265e-03,-1.939971759225547852e-03,-2.112978863969718849e-03,-2.073376826134391837e-03,-2.112111832362767103e-03,-2.447220779829769721e-03,-1.981694362390810059e-03,-1.840653947306869487e-03,-1.750222292993560682e-03,-1.324883647337572658e-03,-2.438759512461152485e-03,-3.935827372675319673e-03,-5.323648841459740697e-03,-7.567717716958568749e-03
-3.638902985705869206e-03,-2.930828108190050140e-03,-1.687268834375353112e-03,6.454793663045913866e-04,1.372550355450231473e-03,2.133282357596903277e-03,1.820098562628339562e-03,1.190930257827107737e-03,1.046241349984682566e-03,-1.070119501054177713e-04,-1.399115882933242398e-03,-2.531987963840980418e-03,-3.570292539028227519e-03,-3.528710834684752311e-03,-2.839275399761914155e-03,-2.113167451820169816e-03,-2.016462213476743776e-03,-1.174989316202165778e-03,-1.178058481005326988e-03,-1.301705471478491671e-03,-1.517068230516988850e-03,-1.258800022914898517e-03,-1.413900653178236377e-03,-1.023103790788518251e-03,-1.656622165845572257e-03,-8.956393950537274102e-04,-1.727944954404129216e-03,-1.484794809987108203e-03,-1.642466451725429610e-03,-1.756007924314767271e-03,-1.457549812021182757e-03,-8.889627888934425190e-04,-5.350148641226217623e-04,-3.301539175028420613e-04,-7.722065715055626001e-04,-7.758830285361252837e-04,-8.208175480856715186e-04,-5.014655348002476903e-04,-5.638401362584814493e-05,-1.806641806973399342e-04,-2.695085819738413601e-04,-7.190268937966527146e-06,-8.099273747628575734e-04,-9.811699116600268184e-04,-2.365728258007915481e-03,-1.466115096002793862e-03,-2.817470399014375664e-03,-1.748119152149431961e-03,-1.241121050484379242e-03,-3.318317435953743039e-03,-1.205668986418097395e-03,-2.213180328636253115e-03,-2.209849116599150749e-03,-2.432497197309350326e-03,-1.925823069348036329e-03,-1.753891478989785162e-03,-3.226210295911411449e-03,-3.949610293256300420e-03,-3.652633585683164475e-03,-1.305509013800485070e-02
-3.828036683528834166e-03,-2.522856900124106731e-03,-9.963109619899371792e-04,1.202071878439969072e-03,1.705717667378131531e-03,2.759000986895750619e-03,2.680953949573729352e-03,2.319602545186285041e-03,2.269757980355667591e-03,1.130505503106519084e-03,-1.911476635023979262e-04,-1.379980342489295873e-03,-2.321720558744240319e-03,-2.865585928929304058e-03,-1.912548084118551560e-03,-7.524820125025923415e-04,-7.505468326659139140e-04,-4.233470305558762132e-04,-3.847504905156173285e-04,-9.212612887121698815e-04,-7.699731172323035855e-04,-8.925604349509026932e-04,-5.449191993785499569e-04,-8.258089619922683207e-04,-8.562753060226950151e-04,-7.337802087262321107e-04,-1.108404077073373841e-03,-1.291261068646836624e-03,-1.093451948535435368e-03,-1.387948077726404916e-03,-1.288772443520054111e-03,-1.124677581248185792e-03,-7.508512694141581626e-04,-4.951354812576440692e-05,1.767916845118697481e-04,-7.550160145445358869e-04,-3.724477447365012891e-04,-3.365358968660727844e-04,-6.702760269215977951e-04,2.825441046628221617e-04,4.431563137140093569e-04,-3.411233980604190790e-04,-2.212893505416836269e-04,-7.802236010301934156e-04,-1.398957581227527197e-03,-1.972097412948276181e-03,-2.034492995130054906e-03,-2.343684341019256195e-03,-2.565504269895592555e-03,-2.495921690066875073e-03,-1.501210054134348914e-03,-1.067195885509900598e-03,-3.278479688039956982e-03,-1.786860556516252927e-03,-2.208082819032342048e-03,-2.991502731822160213e-03,-2.101338912133789410e-03,-2.042667138822947676e-03,-3.995774494174102361e-03,-9.511944838038537478e-03
-3.851995600470620694e-03,-2.339522014790579047e-03,-4.608549944059140194e-04,1.857052207423109816e-03,2.211396050120884027e-03,3.161064613591761056e-03,3.175448460160806147e-03,2.959725797516223490e-03,3.255862167374780694e-03,2.192195198639565381e-03,8.143654008198132664e-04,-3.365282597509883515e-04,-1.547818019389126873e-03,-1.991618657596969186e-03,-1.730716485438918862e-03,-1.731635564372133586e-04,1.594593433625096819e-04,5.173449060051355918e-04,2.260523656876086633e-04,-5.367489834236947779e-04,-3.879234322144451482e-04,-6.545943232637366216e-04,-5.172708151709614526e-04,-9.200069363711627774e-05,-7.558770574145072443e-04,-4.708720210509570936e-04,-8.344328604797266119e-04,-3.746351931330134952e-04,-1.332505604456730650e-03,-1.109323064622567447e-03,-9.958730742640829314e-04,-8.899238492476111827e-04,-7.246417549826397091e-04,-8.874336085768091444e-04,4.963807805186392372e-04,-4.487278281565174450e-05,-2.645736401949895663e-04,-7.167870522268883753e-04,-1.684760305018495315e-04,-1.242743230353859397e-04,-1.771206346694255060e-04,-5.972951514283448725e-04,-2.426781204905594479e-04,6.039076531569689300e-04,-1.537627955711852283e-03,-1.274001902243274533e-03,-2.667448411108722800e-03,-2.303988529842909434e-03,-2.256687303252938662e-03,-2.213088055378347949e-03,-1.617023549910708317e-03,-2.945298067071558650e-03,-1.864245566809545097e-03,-3.108971364644435610e-03,-1.754428445980837480e-03,-1.676631668709761868e-03,-4.034973922228906815e-03,-1.830636772336359432e-03,-3.559001351404975002e-03,-1.690606760227554919e-02
-2.730020829557732939e-03,-1.780567419585174808e-03,7.814918494823149377e-05,3.025508044000435777e-03,3.658961904897379321e-03,4.342389152580963807e-03,4.216397411324797340e-03,4.248031310527430361e-03,4.554854772166078147e-03,3.755983558938657575e-03,2.563608263841249402e-03,1.077715443521652921e-03,5.460341931325853201e-05,-7.331069964308835210e-04,-5.227721279728827402e-04,5.272166561454120397e-04,1.249782750559775852e-03,1.899764356711105065e-03,1.386735989818592158e-03,6.276207573346957811e-04,3.086078691904047314e-04,1.925120568023278586e-04,3.174938595831818325e-04,2.126968379074781136e-04,2.732622597153722284e-04,2.035626702555976464e-04,-4.742731986020396438e-04,-1.496162152863737013e-04,-6.184278579988958420e-04,-7.470518357866170935e-04,-6.444592859763698675e-04,-2.534993291643625082e-04,-6.432307312205714578e-04,-4.047809772492683622e-04,-4.040381174916919769e-05,1.319230254530609004e-04,3.970884002926295319e-04,6.515170005049877107e-05,-1.253007897950611212e-04,-2.150409908766256247e-04,-3.456098581227344687e-04,-3.508807548998850358e-04,-4.268260649492334872e-04,-3.575882936431715110e-04,-6.287294674278849898e-04,-1.038549574837571579e-03,-1.655062773513114567e-03,-2.083402398183109572e-03,-2.335104349116880543e-03,-1.919239075896123038e-03,-3.140509837094402571e-03,-2.431127009849604580e-03,-8.366982228565507905e-04,-2.332017553072654112e-03,-3.070201962518521750e-03,-2.591299279213398529e-03,-3.377457773181674443e-03,-2.482844702467349590e-03,-3.622606124275271500e-03,-2.413304648977837585e-02
-4.506063255121643685e-03,-1.786254121826501501e-03,-1.220497387346855620e-03,-4.079863370512808673e-04,2.280505721677253059e-03,4.770401707522888002e-03,4.168811783140622361e-03,3.243906873168143652e-03,2.702016912334015853e-03,3.448470629303203219e-03,1.341700660116092137e-03,1.978664564616989651e-03,2.229664457934504190e-04,-4.545435406992544823e-04,-1.243313628630322290e-03,-5.972740145506741025e-04,-1.421333600089651900e-03,-1.026766109968657798e-03,-2.352868535426772510e-03,-1.571398933372318996e-03,-2.804291825687011373e-03,-1.271991948662973791e-03,-2.558546225715187077e-03,-2.280747398670819517e-03,-2.813511805710121761e-03,-6.995405087225553065e-04,-2.753504742576119019e-03,-3.917595461095044369e-03,-2.889714318800926020e-03,-1.320103519668697385e-03,-2.558860373127321616e-03,-1.116044671279589921e-03,-1.246521784168499883e-03,-1.307874400841798441e-03,-1.290631873898402194e-03,9.092160322651850614e-05,-1.101787706083705732e-03,-9.673506208652903450e-04,-7.454125760533982176e-04,-7.872656811508401504e-04,-1.280641769038353512e-03,-1.819088025935619438e-04,-1.866764016629591860e-05,-1.477968560404589130e-03,5.310727460064408123e-04,2.373071948054993106e-04,-1.349464766821182379e-03,-2.035063184914656220e-03,-2.682356458138262460e-03,-1.379741784399186096e-03,-6.373178358805371875e-04,-7.482915548872419442e-04,-1.296128258590051405e-03,-3.458277931230640720e-04,-8.461136804622475379e-04,-4.720887466776488663e-04,-2.230351277372245172e-03,-3.974529900863450760e-03,-3.238932399655640969e-03,-1.777696176245430540e-02
-4.665990795085061225e-03,-4.456053686903918044e-03,-5.672424144854526073e-04,-6.117119852815846442e-04,2.179819285438362557e-03,3.786860355299893639e-03,3.079128726098492950e-03,2.999784679792515379e-03,2.467689697400226884e-03,2.619644207526392304e-03,2.774098365920864371e-03,-4.218074312668440091e-05,1.577016515822633183e-03,-1.156035152881871577e-03,-5.783160164672790891e-04,-4.520984854044441314e-04,-7.714270057758947216e-04,-7.895589666245254228e-04,-9.878029894029233867e-04,-2.306014470126035651e-03,-1.417230848446062981e-03,-3.678936360854185780e-03,-4.038723775914923597e-04,-2.294099546734041685e-03,-1.757599418265685205e-03,-1.754983033856498658e-03,-2.571582346538929705e-03,-3.500924894336928175e-03,-2.647225129888219983e-03,-1.947877932930900486e-03,-1.499436417228247435e-03,-2.338629905682354689e-03,-3.201121134985479089e-04,-1.104356466773734596e-03,-1.205011294549384205e-03,-3.181277150156527228e-04,-4.469828599463376742e-04,-1.150606449078203425e-03,-6.260501633888291163e-04,-9.562614167864827387e-04,-1.370067670251828634e-03,-8.803073286906692866e-04,2.038425869345310379e-04,-5.665573138950534809e-05,-6.782333710549580093e-04,1.130236923622936120e-03,-3.401022901977344883e-03,-2.818592610455730642e-03,-2.317099663309912620e-03,-1.749863757400375863e-03,-1.780971990769982395e-04,-9.531059438569644722e-04,-4.489331908771844394e-04,-1.436475300400590028e-03,-2.429971404540484886e-04,-2.576873151959048567e-03,-1.831956091645933283e-03,-2.391390059849072061e-03,-3.268893805309854104e-03,-1.982865152298258701e-02
-5.105608965451262533e-03,-4.661591744029096665e-03,-3.218252289192087383e-03,3.599360867854532720e-04,2.255984914758516705e-03,3.944692588346557748e-03,2.524385636739760394e-03,1.935722078816876600e-03,2.502778090834741412e-03,2.541526620946000029e-03,1.975587926256171158e-03,1.344243472154951378e-03,-4.361380340658610032e-04,9.423207525854553166e-05,-1.129035627325721339e-03,6.408158266386924571e-05,-5.579122866483709814e-04,-3.017843157882073605e-04,-8.581519066128828884e-04,-1.277874983738818077e-03,-2.170412422586363074e-03,-1.978873392793547171e-03,-2.788919710141732258e-03,-5.968285449424780634e-04,-1.377389316730510222e-03,-1.297919428421044109e-03,-3.549072949693437510e-03,-2.957257099705837798e-03,-2.553709041594918842e-03,-1.978280686283570133e-03,-2.108189190695948945e-03,-9.676453214770581318e-04,-1.393344884367593399e-03,-5.287228588994566814e-04,-1.027360871165450490e-03,3.965022254330949949e-05,-9.620890306638102060e-04,-4.236077802397535553e-04,-7.029890447805850571e-04,-1.116458575661110654e-03,-1.303531754821173365e-03,-1.339756657759573043e-03,-3.906918030247176076e-04,7.337012503256636411e-04,1.273705715867753290e-03,1.700413178754547796e-04,-3.691796547052030638e-03,-4.465861691051621965e-03,-2.284199654984498708e-03,-1.914236329552295324e-03,-3.692571032719113729e-04,-2.211056686111997492e-04,-6.299049651372516179e-04,-1.011397337448962687e-03,-1.217226441366616937e-03,-1.502601574194044418e-03,-1.205970184872964162e-03,-2.630403636081930091e-03,-4.880056683986808835e-03,-1.976461512091988448e-02
-5.377285733597702427e-03,-5.124278355953271538e-03,-3.260853518206199061e-03,-2.307653127559594619e-03,3.314851142581286790e-03,4.290899877200183947e-03,2.661675829528016221e-03,1.730258020805323102e-03,1.713725866722094412e-03,2.615244899352990159e-03,1.939580885287873601e-03,8.196995581946284453e-04,1.181602481249439734e-03,-1.777521308987160516e-03,1.123880928185059147e-04,-6.194961970211631435e-04,1.280074298475487459e-04,-4.798085025063200405e-05,-2.440355585766684570e-04,-8.483496227708098346e-04,-9.147702287917002916e-04,-2.827662607915808288e-03,-1.125933205939437564e-03,-2.631761068522582830e-03,6.527916476559852705e-04,-5.188406755435884211e-04,-2.655306781847048981e-03,-4.138458504132791309e-03,-1.826525433871850406e-03,-1.602761207789643637e-03,-1.819199550323801363e-03,-1.544242667152428711e-03,1.204563950326066965e-04,-1.515195292237561404e-03,-2.800303867051154262e-04,2.132882832981976263e-04,-6.850947069380929413e-04,-1.152803568449843391e-03,7.581807465204184072e-04,-5.970838214400165820e-04,-2.144613577899510872e-03,-1.008712625241442755e-03,-4.237970845837374834e-04,2.958580762331314328e-04,1.354455899112178658e-03,1.021384872255309828e-03,-3.631886103405485532e-03,-4.234006048941473498e-03,-4.540572872788607543e-03,-1.511310776765291278e-03,-4.188532021868655126e-05,-8.805630367283105026e-04,1.877263042708447332e-06,-5.457380053345333099e-04,-2.774898833691038440e-04,-2.783286602016973432e-03,-1.331913892853210744e-03,-2.301773360114008939e-03,-2.943270898629352789e-03,-2.577130536481349321e-02
-5.020733660153045390e-03,-5.283021196283343469e-03,-3.527413230303888449e-03,-2.062734312861678500e-03,8.515737933593155260e-04,5.806270636083905694e-03,3.335425821545877269e-03,2.402504658344533587e-03,1.784143103411695627e-03,2.242025614853193887e-03,2.520888010447274331e-03,1.248702856956077903e-03,6.090902239703209790e-04,2.975499405566095186e-04,-1.429267620084476295e-03,9.969004124403290680e-04,-5.471915272108386109e-04,7.048178254224965727e-04,2.622936275183753945e-05,-1.761249253654804188e-04,-6.201626156161414542e-04,-1.412851090817593153e-03,-1.844093808642286586e-03,-1.090639769022176036e-03,-1.435049758530272754e-03,1.745768308159714949e-03,-2.168831607838335191e-03,-2.950843138450236821e-03,-2.946950855686052227e-03,-5.820205829262124417e-04,-1.620637982697485961e-03,-1.831411089853550618e-03,-2.841461130086142799e-04,1.782024083773413282e-04,-1.317521589678761649e-03,8.123919064892664438e-04,-1.561359524425797829e-04,-2.048124302985132551e-04,-2.429009755030637390e-04,-3.703995935973231936e-04,-1.457364061819868290e-03,-1.170294790613533083e-03,-4.165754987725174031e-04,1.605559963882129007e-04,7.690877804852482664e-04,1.284570604723263504e-03,-1.529429981988557861e-03,-4.879503855179361665e-03,-3.700669870083657647e-03,-4.154829027056879814e-03,1.655489830632572061e-03,-5.806970371344532004e-04,-2.722399892423070142e-04,2.161994575651335175e-03,-2.655938732118077149e-03,-1.124216053328571307e-03,-3.315000306903785610e-03,-1.816776187485588450e-03,-3.213779224291524097e-03,-1.374366160133728108e-02
-5.603403942477542914e-03,-5.056511811691006587e-03,-3.748750307839649517e-03,-2.293257919913242304e-03,1.195448785739469579e-03,3.058581785271320946e-03,4.777874066419325431e-03,2.829473777483351021e-03,2.339640688595187850e-03,2.179526684795739851e-03,1.972899046595746539e-03,1.620257361852705733e-03,1.343185263920200359e-03,-2.327882623324773500e-04,3.390164693310177696e-04,-5.379818520749906274e-04,9.451949360220629221e-04,1.662715941835290199e-04,7.024538842812984860e-04,1.147601208323164619e-04,-6.156928567899088637e-05,-1.018747820828149559e-03,-5.160844331646399948e-04,-1.754135841490585095e-03,2.808474189515551729e-04,-2.841110981162945802e-04,3.486638890890965539e-05,-2.616731627779192958e-03,-1.887640932690268225e-03,-1.590161199906894949e-03,-9.787513799844075810e-04,-6.997049201577879582e-04,-3.674766918288603027e-04,-4.833233324548640605e-04,7.224733294619827126e-04,-5.990910110363938183e-05,2.231788889795024620e-04,-2.670983124193457747e-04,-8.678817956228933675e-05,1.808695091688413727e-05,-3.229257222404799898e-04,-1.364718669934827889e-03,-5.011584744351232695e-04,-3.568597550213838533e-04,1.031745138423282963e-03,8.054043230173839069e-04,-5.205948410139351256e-04,-2.445436523828494954e-03,-3.054654488189000906e-03,-3.527471251658579731e-03,-9.316160606863738061e-04,2.980986672307736748e-04,3.748327605546586047e-04,2.217042111379141493e-04,-2.609114207912668578e-04,-1.239469425180342527e-03,-1.342430517670353124e-03,-3.979915806470211460e-03,-1.750678285067075067e-03,-1.872560806703735953e-02
-5.703643929824499942e-03,-5.305971319404265661e-03,-3.127393384671407154e-03,-2.323508082791906747e-03,1.169400487555334774e-03,3.968301542496981832e-03,2.513253407092150369e-03,4.773039215686286293e-03,3.259222031085304023e-03,3.069875313492416609e-03,2.222080459824062049e-03,1.296416928897312689e-03,1.939183000691832581e-03,3.791203224945343753e-04,1.982807111267368750e-04,1.417653031828970938e-03,-6.050796858772976771e-04,1.810579060722887317e-03,1.457711008435021117e-04,8.711163863809171827e-04,2.504617057782562045e-04,-1.641736687390428083e-04,-2.309308468634193288e-04,-4.017421452402949599e-04,-4.447645225022930048e-04,1.254039876734767880e-03,-1.895247495054678535e-03,-4.124089462868773745e-04,-1.298797254026494907e-03,-9.314168737818584063e-04,-1.754176694918259307e-03,-2.588934413677128343e-04,5.235411274161833788e-04,-4.007619200385533387e-04,-6.218362519998824013e-05,1.543035003820477898e-03,-6.018661643739200203e-04,7.913908269245662538e-04,1.713744433384250697e-04,3.411572436995375989e-06,-7.623146701057311510e-04,1.208856865703042361e-04,-6.904105063716372464e-04,1.443816081232348052e-04,6.153294244777558590e-04,7.091895595991723825e-04,-7.202292468412163770e-04,-1.153237558882638401e-03,-1.735443151236458178e-03,-3.553782914818329284e-03,-1.510691739807344062e-03,5.962816037235710732e-04,1.890853620982449988e-03,-5.028595292709336440e-04,-9.439368541390148705e-04,2.097769099802293850e-04,-2.426904255565884988e-03,-2.668095957416126082e-03,-2.340123329542244997e-03,-1.590739477342771602e-02
-4.493811227015155271e-03,-5.191219831565516488e-03,-3.286857064733823136e-03,-1.454656694022229578e-03,1.247361411960818973e-03,4.043308391185161318e-03,3.499410350175707982e-03,2.608468694213785053e-03,5.335813372078091442e-03,4.088953786995629461e-03,3.284968575765792338e-03,1.545080870796943341e-03,1.874112353512503385e-03,8.431839563199098253e-04,8.864201215312586491e-04,1.129157567483732956e-03,1.428180860019155314e-03,1.292203205079629834e-04,2.015942693562830599e-03,1.522324938519730169e-04,8.378485528742403996e-04,5.910024191410249923e-05,2.606179472763650302e-04,-2.935164978641293987e-05,9.384822300531668691e-04,4.678434896302819025e-05,-3.648922444130797433e-04,-2.700830014575730798e-03,7.987408904825305271e-04,-1.413339242646397822e-04,-9.711330284763768561e-04,-1.241932370847197631e-03,7.993795521614907021e-04,3.969572287443558418e-04,4.741632708135657391e-04,7.725430149034189864e-04,1.076140924078013063e-03,-7.039945792854954360e-04,1.274683614590785795e-03,-5.944429279918567643e-05,-6.123835643904683695e-04,-4.556141905721803969e-04,6.652006275357102592e-04,-5.114710289710753177e-04,1.039357255536429124e-03,6.663077451766738274e-04,-7.541996747614404008e-04,-1.544725114648069515e-03,-9.897597784873741686e-04,-8.302301937464758377e-04,-1.631524514058034503e-03,-1.525397988277671292e-04,-6.182952594744943421e-04,2.330546604606653985e-03,-1.875846212130551159e-04,-1.095400969257286257e-03,-1.328433343122905697e-03,-2.350474191362449290e-03,-4.211215884737484587e-03,-1.005550059380085764e-02
-1.083705353284409277e-02,-9.752260428743097023e-03,-6.821755189284143574e-03,-3.601354315155897660e-03,-1.813434455506161488e-03,3.166021159763535934e-03,4.466339443625537940e-03,4.463653983493719342e-03,5.321205001258762050e-03,5.581780546623748597e-03,4.834245954497743900e-03,3.575725505099969313e-03,2.347169122912442455e-03,2.182259717122902488e-03,1.940103323988682333e-03,2.241539333580082685e-03,8.556202404476764964e-04,5.213457183787787623e-04,1.445336835621266599e-03,6.958197876705766310e-04,9.493608163907211702e-05,2.400440435163842836e-04,9.509625647843928851e-05,-1.502589111587002851e-04,-2.028907267091094779e-04,4.236532969474330777e-04,5.455864793761483185e-05,1.717539858609820093e-04,1.388721798731754918e-05,-2.270857885552255101e-04,4.378309113282980911e-04,8.886546846084550019e-04,-3.248709424010651149e-04,3.025532378203251750e-04,6.159664006602906614e-04,9.454445133207283001e-04,2.418437443393790277e-04,3.583398053679669767e-04,7.227969525912241323e-05,-1.138458119739092707e-04,1.750599682617247918e-04,-3.224213205548333099e-04,-8.237379378093200597e-04,-6.535810557270335316e-04,-2.648339878615010596e-04,6.069349900063542936e-04,-6.810321434408474510e-04,-1.306577117844016185e-03,-1.725334692432092538e-04,-8.716280503468565094e-04,-5.011186343695827380e-04,-1.558092140352749025e-03,-1.838148977212897143e-03,-2.333423838012031563e-03,-1.446471189152227907e-03,-3.164248229100559851e-03,-3.676299083675643297e-03,-4.343276678420825675e-03,-3.077042312303022737e-03,-1.987744548166532621e-02
-1.007798428189753993e-02,-9.835950135085820556e-03,-7.224294700787953737e-03,-4.914017579044712911e-03,-1.097218489220240772e-03,2.594186297286999333e-03,5.402502949496436335e-03,5.622412756958049436e-03,6.368427383382023466e-03,5.893031498165006606e-03,4.973854242422826380e-03,4.198908311970241634e-03,2.901469769723433699e-03,2.945738579722052743e-03,3.010856302085738491e-03,2.326960593790238212e-03,1.598445051776948818e-03,1.506346857167230411e-03,1.212218435246121629e-03,1.075053164283632781e-03,3.083952323757870604e-04,4.575019916092449342e-04,-1.922782792700396476e-04,-1.919316201595062162e-04,-7.747568752825080194e-05,-1.972056637500452356e-04,2.552841175289715173e-04,5.212963516746480386e-04,-8.510644740132082510e-04,1.001866343062148912e-03,-6.914807101068697764e-05,3.595238774552059267e-04,-2.702946114936549986e-04,-1.094458173795538321e-04,6.422554139416874553e-04,4.716505902906161364e-04,3.026325732159566330e-04,-2.451813142862946035e-04,-3.096905023286485102e-04,-5.125627599428174175e-05,-3.644875082727945482e-04,-2.974133325528343979e-04,-1.091001721604700552e-03,-5.465261114555182952e-04,-3.127261214711247583e-04,-8.262697296450320021e-05,-1.263867025858400822e-03,-8.324859136149879123e-04,-7.676303842369390810e-04,2.964495937563370190e-04,-2.113105633771585230e-03,4.091726446675598050e-04,-1.422673568818504618e-03,-2.261624633873180780e-03,-7.617835929687249378e-04,-3.549842795115107971e-03,-3.323806412089154796e-03,-3.671748590833045101e-03,-3.642331091346581295e-03,-1.582068952923517888e-02
-8.019287928833353923e-03,-8.920918604004011640e-03,-6.324814139615492561e-03,-3.831075053041499336e-03,-8.661590990775218206e-04,4.165626340911085350e-03,5.021301565558982175e-03,5.763611149544376963e-03,6.374225808440227813e-03,6.365729658934100518e-03,5.081019776802280473e-03,4.232525345898972662e-03,3.474305275318778641e-03,2.712087993928879483e-03,3.055230902635416423e-03,3.306204210461883251e-03,1.117653107914914337e-03,1.639478974368578429e-03,1.555934112373586918e-03,6.479059445545623302e-04,3.738873493890949602e-04,1.273737700063074559e-04,-3.660212747162116501e-04,-5.264779422524179303e-04,-3.917099224777673095e-04,-1.268396532260962508e-05,-7.762653827598787462e-04,7.044006415181664881e-04,-5.053456540647748149e-04,-3.436925850610638745e-04,1.080189918173540299e-03,1.029660236713173237e-04,-6.051143895134496187e-04,-4.925319303466710579e-04,5.547653248169473516e-04,3.772396978578538315e-04,-6.951027580546754146e-04,5.162310624505435678e-04,-8.209255107212611990e-04,-6.987874681068388574e-04,-1.501862679408285024e-04,-8.930627872974120736e-04,-1.275302838317404720e-03,-1.173636315482829567e-03,-4.802495803636867714e-04,-6.946158425969897830e-04,-1.306915154749172534e-03,-4.911971666334394348e-04,-5.010136434999753335e-04,-7.942487820602832892e-04,-2.086746878752900687e-04,-1.711722513904597636e-03,-5.461206312172164987e-04,-2.757712729101940118e-03,-1.872592325056486465e-03,-2.934450304928420527e-03,-2.552132419403411231e-03,-2.360988500577735141e-03,-4.484919590703149994e-03,-1.429865399682994295e-02
-8.170776637934216990e-03,-8.165884960379024560e-03,-7.507789226366206117e-03,-5.679061505945685526e-03,-3.303429091119073312e-03,7.473503994782671215e-04,3.107706614693700898e-03,2.522285554334468063e-03,4.002373169015174294e-03,3.824238923109572925e-03,3.217840297260699586e-03,2.153199498466234606e-03,7.322106683141535411e-04,1.417552321046966447e-03,1.010987965453851063e-03,1.609975772955369016e-03,3.022147549755620243e-04,1.028770824910509615e-04,1.195577987083024877e-03,5.393257400369958800e-04,-5.570492844825773596e-04,2.214023265142311177e-04,-8.932050871824566722e-04,-3.171089312078591684e-04,-7.992653511748427442e-04,-6.223763281108314789e-04,-4.283866950489974702e-04,-4.898752318595524669e-04,-5.283930106531560859e-05,2.756986581527773425e-04,-4.958971420945687086e-05,1.249631730701579501e-03,-9.527143219228586092e-04,-6.732164921475707704e-04,3.075727253190621497e-06,4.251610304510954389e-04,-5.311397369974192812e-04,-3.538469310795497769e-04,-3.643352959404576601e-04,-7.630843591601011019e-04,-6.077506169978576451e-04,-4.210084364898722463e-04,-1.890433976552611519e-03,-1.634783547479765628e-03,-6.098240626653855974e-04,-2.682894620616551652e-04,-9.087659184533347255e-04,-1.775110995037811144e-03,-9.384659958254047566e-04,-6.807698787061680634e-04,8.687756536395918226e-05,-8.190404151584049599e-05,-2.508982123729493977e-03,-3.260370425054488633e-04,-1.921639178025026087e-03,-2.722277603721629923e-03,-4.882803918936945431e-03,-1.757611810482933440e-03,-3.072877595854990682e-03,-1.097368618745094525e-02
-8.645221873161560225e-03,-8.510969075276039048e-03,-7.170863699933451886e-03,-6.900125486679725174e-03,-4.795614657351396533e-03,-1.208311959007578101e-03,2.382207113121806040e-04,1.520711107700032597e-03,1.679300406402975615e-03,2.687287068314539364e-03,2.063707051534779176e-03,7.253252609583426885e-04,3.983621522557133322e-04,-5.466447989570492752e-04,5.602938777020000658e-04,2.934963963453487089e-04,-3.298422791566727711e-04,-9.043653063443955894e-05,1.197942153735034811e-04,5.391938225792564316e-04,-9.722161488671836121e-05,-4.987648307906154040e-04,-3.505094283318465416e-04,-1.040584640949842677e-03,-7.161688476439806049e-04,-6.614178447940899071e-04,-8.277424292444900134e-04,-2.600288159266884075e-05,-1.082873714754606451e-03,7.574079695535141689e-04,7.203695056171228236e-04,1.507211210205429343e-04,8.028773646111639784e-04,-8.131726497010541592e-04,4.296467718816660323e-05,1.830512385965609855e-04,-1.357776050048344909e-04,-4.093182553432664827e-04,-1.555433289695939709e-03,3.171831267065106422e-04,-1.208381865012635647e-03,-9.653541723138337480e-04,-1.531061268707651843e-03,-1.863672437042130812e-03,-4.893883295274784355e-04,-1.566868017338623065e-03,-1.072371180618346583e-03,-8.423734086982152380e-04,-1.895468804129431858e-03,1.340405524133483927e-04,-1.011686437614740591e-03,-7.534467479261896866e-04,-2.366189318856913516e-04,-2.791254768885744527e-03,6.176209729119910277e-04,-3.442240878505388284e-03,-2.483797639630148588e-03,-4.278121087970945813e-03,-2.135532578770296327e-03,-1.403908016742528957e-02
-8.425606206121264569e-03,-8.479057550071559396e-03,-6.931062412406921967e-03,-6.046365341179446400e-03,-4.873883639696808406e-03,-1.343187068301114140e-03,1.219607653643474687e-05,2.719219481240881930e-04,2.047437022949471358e-03,1.638094834319857220e-03,2.005291455696229640e-03,4.848997658997741106e-04,-5.690333459367944401e-04,-3.657362196861130743e-04,-1.124225939572269777e-03,8.309028582080244627e-06,-1.391525514648449518e-03,-3.717878609949325187e-04,-6.611728182941908622e-05,-7.306337669749710106e-04,1.926605634567428609e-05,-2.460561845385984088e-04,-1.353445867287532802e-03,-3.817336330230306266e-04,-1.214463444389397287e-03,-7.422407634973421939e-04,-9.503379794844753984e-04,-7.201792869380861835e-04,-8.920260187208005993e-04,-7.176630375403013828e-04,1.239960375553922833e-03,7.781485954196515082e-04,-8.188406065812883858e-04,1.023096554371482128e-03,-2.637675447904767661e-04,-3.159139119548032000e-04,-8.976713342004914503e-04,-2.098452866218142353e-04,-1.386008947715165881e-03,-1.522039590524765359e-03,-2.266570042722688267e-04,-1.327254601799765770e-03,-2.494772282263176075e-03,-1.440639175870969983e-03,-2.424751180773866092e-03,-8.283199736900872124e-04,-1.808938133615918412e-03,-1.512673463452894954e-03,-1.534300902353539922e-03,-1.343684609552751310e-03,-8.930357176509644222e-06,-6.446039421481922476e-04,-1.572534585824105153e-03,-1.085729847604574106e-03,-2.925515897925471016e-03,1.293496214358623615e-03,-5.525964656505415531e-03,-2.048979022094555603e-03,-4.389145232765450690e-03,-1.401536843137038239e-02
-7.291245412556669400e-03,-7.722912532391848668e-03,-6.471534549791457293e-03,-5.445517138958778057e-03,-4.175877092974436024e-03,-1.625997161208580025e-03,-5.624834931487317046e-05,-4.046718974623116083e-04,1.047397698717045635e-03,2.169170730460673064e-03,8.563960191479480294e-04,1.071314512152551565e-03,-6.177452910655418421e-04,-1.012210745212750382e-03,-2.159063116071664777e-04,-1.435279059880980191e-03,-1.347128093314351642e-03,-1.269127110226043673e-03,-1.114676626323901154e-04,-5.714811240244039052e-04,-1.369642417829632780e-03,-6.686012768437972535e-06,-5.532035379501732807e-04,-1.152986555418445986e-03,-5.278437835901317538e-04,-1.326505866357925462e-03,-7.511539766940979494e-04,-9.117695660570477971e-04,-1.289726932476025802e-03,-3.461651700099219425e-04,-2.906713147861941229e-04,1.218698092471917974e-03,-1.975639517936884795e-04,-4.957249216301913390e-04,1.558273718004903790e-03,-3.247011495132101828e-04,-4.205434782608593572e-04,-1.035873665126462242e-03,-7.772801439133327330e-04,-1.272578546493067500e-03,-1.523578291352996024e-03,-6.020080377295982136e-04,-2.520231064394629333e-03,-1.581866852283198791e-03,-1.545604171406784501e-03,-2.549905038560234746e-03,-1.334716294800348960e-03,-2.336319499215476578e-03,-1.689582903642329603e-03,-6.872282649696971309e-04,-2.521891883178250648e-03,-3.763163874869696686e-04,-1.402625589171428017e-03,6.524164151198423459e-05,-1.251300324435930707e-03,-4.546031910484925158e-03,7.045862715008540181e-04,-3.279073746381870342e-03,-3.785352648231462072e-03,-2.037834933805715912e-02
-8.524501934275617240e-03,-7.193976596556727124e-03,-6.254468857354706333e-03,-5.146328910142207620e-03,-3.426834861102033124e-03,-6.695332785883032932e-04,-2.202032989572727344e-04,1.257946400934634038e-04,1.057690514631012737e-03,1.273975687764505394e-03,1.858429251165212960e-03,5.961845915125379893e-05,3.129272805087733892e-04,-4.617342891902924211e-04,-5.638002907813971596e-04,-2.844336040453008174e-04,-2.576955513843365558e-03,-1.258894807545204737e-03,-1.106680544734130710e-03,-3.647399350933318600e-04,-1.092014672726634907e-03,-1.082238659936025872e-03,-4.212198085148490586e-04,-5.849986477611188174e-04,-1.229039984263203406e-03,-4.188685356461073592e-04,-1.578144918592870030e-03,-5.301311681649387717e-04,-1.586705855398161478e-03,-5.573901288784536461e-04,1.233442584890519439e-04,-3.236036458332591575e-04,2.055348148147878270e-04,2.416136717986381275e-04,2.307829400641223442e-04,1.673741337824910481e-03,-7.122423015870171618e-04,-7.312773790952244082e-04,-1.014467599498797192e-03,-1.654713552639336567e-04,-1.194486856184975160e-03,-2.416889563018510042e-03,-1.240220648324635291e-03,-1.841861560754073576e-03,-2.114728713798980173e-03,-9.758833296563333530e-04,-3.663692770496018627e-03,-8.431321916697429204e-04,-3.142270470987405719e-03,-1.175297741913893879e-03,-1.519277328546969445e-03,-1.899358616285087278e-03,-1.318134019210582446e-03,-2.368543465745538788e-04,-1.800294638623451890e-03,-6.868038690180157954e-04,-4.078107074899659477e-03,-6.195571809038405637e-05,-4.674031113502933980e-03,-1.930978188348823205e-02
-7.887390417562950562e-03,-7.909108198130402473e-03,-1.814397864970101765e-03,-3.738103432981477493e-03,-2.507115007696427995e-03,1.036294645147186212e-03,1.316564460270738509e-03,9.069088011527641361e-04,2.108181715756910109e-03,2.300512493773683182e-03,1.536888166531237077e-03,1.087157065873796489e-03,-4.194139239891213713e-04,1.099488683001963635e-04,-4.938608860553650838e-04,-8.962975284046258281e-04,-1.527778843903585936e-03,-2.808162534006540274e-03,-8.290927466522512264e-04,-1.446913403130257667e-03,-1.160883989863606370e-03,-1.121287123970164537e-03,-1.499790004554174506e-03,-4.198944632590291483e-04,-9.352333456232834064e-04,-1.088143635536146028e-03,-7.042765442339737414e-04,-1.162025583884289349e-03,-1.090284405019698293e-03,-9.908490849503855114e-04,-4.711015050314489266e-04,-5.113665681568892754e-05,-6.282593364058032146e-04,5.145786941306688695e-04,9.107389269704413990e-04,4.936685552407052511e-04,7.156138471798953894e-04,-4.406060452299281091e-04,-1.215762808778855309e-03,-8.304923591628684491e-04,-5.110377829719312068e-04,-1.390579290176775264e-03,-2.984369840824859562e-03,-9.920325678496426380e-04,-2.031469510821719716e-03,-1.673078035517996899e-03,-2.059612602876421256e-03,-2.956230989031272908e-03,-2.270136889268255676e-03,-2.109523694443781860e-03,-1.923595329880113409e-03,-9.232022229901047086e-04,-2.156232883147981942e-03,-8.469682787311237117e-04,-1.865754928792585877e-03,-1.901699169437164353e-03,-1.894606806762675830e-03,-3.876970464803249691e-03,4.395733907208940758e-04,-2.140001107146864007e-02
-9.719194452799454625e-03,-7.922008975226020946e-03,-5.376349078264367094e-03,-3.447500460395235434e-03,-2.835030598353702191e-03,-1.163601620503912143e-03,9.354064233855419663e-04,1.347627899405925067e-03,4.966174315611339429e-03,5.306112556696057289e-03,6.846571052802391012e-03,6.033294553146485023e-03,5.254932027873738393e-03,3.391648876988066948e-03,2.589252403546740949e-03,2.782091848550078718e-03,2.565119777606504614e-03,2.836445178140945510e-03,3.503500289533031335e-03,1.520611378246401486e-03,1.930406542313988600e-03,1.677057475699378570e-03,1.362436387455209915e-03,1.435696322336350731e-03,1.316820024214264721e-03,1.333563449307473454e-03,2.255842149622636853e-03,1.581678881197264670e-03,2.379118218224722092e-03,1.969830241126412779e-03,2.844444086164648559e-03,3.072184492981332345e-03,2.699526227916704876e-03,2.878515282692035472e-03,1.467146373186603700e-03,2.117819045599351937e-03,3.042122520934298704e-03,1.329193718643131980e-03,1.869818047343094810e-03,9.255763396424016628e-04,1.035170657390757469e-03,1.607583063623268214e-03,6.565874646900683601e-04,1.062965076304288325e-03,2.515559705667421418e-04,1.770322279871964968e-03,1.586913424063305430e-03,7.873882073125237869e-04,2.006537922442023451e-03,3.705126353157939842e-04,-7.344959049192844648e-05,8.661135462325036255e-04,8.072033728166379566e-04,-6.434686617729707455e-04,-1.197854555007026164e-03,-1.011768294424429627e-03,-1.431360147043025336e-03,-2.255225669525107255e-03,-2.336849850063848523e-03,-4.844446979102638717e-02
-1.061170340066879339e-02,-7.181530213554090415e-03,-5.021581167966858959e-03,-2.860483763657897371e-03,-1.540157162174625623e-03,-6.532388550454563091e-04,9.986249032625338189e-04,2.546248931656319020e-03,3.783905056333483619e-03,6.109415320435067354e-03,5.914482827433401729e-03,6.543225710014903378e-03,5.590197849011467775e-03,4.942882975093806919e-03,3.174796193460694641e-03,2.477538530816670182e-03,2.802075751294614420e-03,2.853637353269732925e-03,2.987665565040779816e-03,3.096921665878835453e-03,1.443909297328441763e-03,1.947967156887477503e-03,1.450333018422270267e-03,1.328060432810130448e-03,1.443792772145678291e-03,1.354845055622537313e-03,1.321372321323990764e-03,2.076688786429425199e-03,1.932774124669432497e-03,2.261534410889551056e-03,2.025945055668932054e-03,2.796345302624013516e-03,3.037484394209380868e-03,2.979488406127646025e-03,1.856232880796606635e-03,1.889285066779526666e-03,1.835419217268156400e-03,3.490547844494660493e-03,6.964851951298544914e-04,1.554925488701180188e-03,1.022897171466663176e-03,9.191376640030065421e-04,9.801619794007055114e-04,5.515118226428294794e-04,1.507194583928335918e-03,-3.055783443545386250e-04,1.868735251144880557e-03,1.547868755258140303e-03,3.179190105427765617e-04,9.567019601089961182e-04,1.005156507043227605e-03,1.987163896775167487e-05,6.541680963912134810e-04,-3.175255424438355972e-04,-3.897362082134118002e-04,-1.164182800926607305e-03,-1.557621195851039081e-03,-1.366541429603197614e-03,-3.110367211407023130e-03,-1.978146757610361323e-02
-7.586451564928424485e-03,-7.705638753476339378e-03,-3.785850085438386293e-03,-1.629947426316053936e-03,-6.704769972771337505e-06,1.590024861038742904e-03,2.153829016916061767e-03,3.414076416828698123e-03,5.359847909009702628e-03,5.231974454915016594e-03,7.324885299537407628e-03,6.029659283530918075e-03,6.180885897927109948e-03,5.413993578989573056e-03,4.061114651878315433e-03,3.311613731299423505e-03,2.528997115106352243e-03,2.872821673217874038e-03,3.240388514390065127e-03,2.746272271253489411e-03,2.797925638445863169e-03,1.562128165726235770e-03,1.739928893484414671e-03,1.314023441234351891e-03,1.229940281386121114e-03,1.513673456017193292e-03,1.216111702178869275e-03,1.166713509966825057e-03,2.312898901114788120e-03,1.768537908598564589e-03,2.243736140662640904e-03,2.185032001984672356e-03,2.553937294040055806e-03,3.178641666686568210e-03,2.379987153878897980e-03,2.671423917605416157e-03,1.046339202338643533e-03,2.439678857233964614e-03,3.085891190572707249e-03,1.228575702301211577e-04,1.384618316017476513e-03,9.761174530743807259e-04,9.032110299839766826e-04,3.512613901648892309e-04,8.675362025918704947e-04,2.964507037656966210e-04,3.132886188136633967e-04,1.456566671810254412e-03,5.952012250797803980e-04,6.803401175976975116e-04,2.440048093912156751e-04,2.067866400059745766e-04,8.404382142444172298e-04,-5.119102389701876829e-04,-5.342248951492388313e-04,-1.346038255478814024e-03,-2.004306890304616891e-03,-9.966857132020369003e-04,-1.445366426452919430e-03,-2.601706311913167674e-02
-6.875188789682498171e-03,-5.003560857498432282e-03,-4.219123381886705389e-03,-1.084658610008292856e-03,4.283187530853050685e-04,2.825095680669424594e-03,3.600421896150314462e-03,4.112136728705329328e-03,5.741072430523678181e-03,6.245571965083162799e-03,5.835736140963992437e-03,6.751249757509097948e-03,5.144851729741178707e-03,5.366014129033491904e-03,4.338831944283507748e-03,3.617175139946762329e-03,2.871662581183137726e-03,2.451114716022816890e-03,3.307346542435266479e-03,2.545226394589262565e-03,2.459977945500832052e-03,3.159544653721633491e-03,1.098947318941892719e-03,1.851868235067529898e-03,1.138015300818733672e-03,1.310085745556259854e-03,1.055856569049825906e-03,1.268894777653546821e-03,1.385387817079340028e-03,2.220989858168498539e-03,1.498882620083554591e-03,2.612699999530648364e-03,1.770536418023745031e-03,2.978389087212505136e-03,2.426430340482725601e-03,2.582550895048702985e-03,1.743739333440735536e-03,1.723134979219036883e-03,1.693257373873123745e-03,2.582227978108512893e-03,5.390614067140223455e-04,1.036166441559306303e-03,7.007602754614975036e-04,6.555243961944250532e-05,7.368769708475507050e-04,3.689320544789236891e-04,5.614005131270316269e-04,-7.144724258845465545e-04,8.169922217772936871e-04,7.562456059494121821e-04,-3.163557950069523082e-05,4.831960261261666867e-04,1.659798874999444029e-04,-4.278978995424893785e-04,-1.395412268729673505e-04,-9.529720366245182607e-04,-1.542636527690950839e-03,-2.312306525325674104e-03,-8.181953353354143527e-04,-2.164610319577685293e-02
-4.754114908380419752e-03,-5.122759391592466953e-03,-2.539902278989177812e-03,-1.870129906128469889e-03,6.274708916205221868e-04,2.698215237725953407e-03,4.457313468005034973e-03,5.606118175865231444e-03,6.776166443318953729e-03,7.002946972563821489e-03,7.079142753626443442e-03,5.875179201834008179e-03,5.968347429241275051e-03,4.364400381261905777e-03,4.502986468098010495e-03,4.183864055130938689e-03,3.173137630817593827e-03,3.013651851919833726e-03,2.600548014486113967e-03,2.444301600316057133e-03,2.379903600940843581e-03,2.653710163255125227e-03,2.655142690028267690e-03,9.778822263200430149e-04,1.680514130384956444e-03,1.144133676265359119e-03,1.398574166551623706e-03,1.246964815651642727e-03,1.179553945355017210e-03,1.404464419623454056e-03,2.067681236158272224e-03,1.920842296856154537e-03,2.363906195491271862e-03,2.111867520470306521e-03,2.469599332736172222e-03,2.435933078920988603e-03,2.115600887539918762e-03,2.541270530699347302e-03,1.123556342872964343e-03,1.592057309867115278e-03,2.779216773319476749e-03,-6.063857101563270569e-04,1.387149486271836880e-03,4.911487462465176043e-05,2.892649794262475301e-04,3.959628992236518944e-04,2.504855089094502776e-04,7.053901789113613870e-04,-1.711286296644660239e-03,1.002580147549000456e-03,-1.535055683498098844e-04,-3.661064423262603033e-04,8.801041990101204915e-04,-1.240630623953039788e-03,-3.595049469124439283e-04,-1.716638446845621417e-03,-1.128001314128609630e-03,-8.764043652013850903e-04,-3.667384024762793040e-03,-2.026275348718691721e-02
-4.120761239476980475e-03,-3.293475861413063845e-03,-2.534479510669679792e-03,-6.048714819178211766e-04,-2.223356538490564593e-04,2.643576187247950130e-03,3.908514463963503119e-03,6.402602237452218771e-03,7.665473568134589626e-03,6.670729876823188950e-03,6.776640124917104879e-03,6.041002977582540269e-03,4.226515409279713552e-03,4.622759013968997556e-03,2.773894313936009406e-03,3.521039517016768487e-03,3.036476824655037592e-03,2.853294338863061018e-03,2.667286688089958759e-03,1.564401763451674912e-03,1.846381102268766826e-03,2.273515866581108779e-03,1.880256750888418139e-03,2.412586691108245703e-03,8.280281301124264425e-04,1.502609234650689090e-03,9.750406075231465245e-04,9.635822216172057518e-04,1.355852775592432131e-03,1.057826199165849386e-03,1.167646095408926251e-03,2.679439264580634784e-03,1.388336064602827859e-03,2.614675573061165260e-03,1.836538033466437927e-03,2.590628506062277788e-03,2.037764667529613251e-03,2.398578978846362206e-03,2.184890354010612587e-03,9.919635540371067768e-04,1.656386706087722939e-03,2.053420007181436680e-03,-7.810596995645964545e-05,5.048091787239576689e-04,2.191468763093603678e-04,-1.810039787853374223e-04,3.334302492301269988e-04,3.997983697805187423e-04,-4.153430296022362820e-04,-1.284721064176415871e-03,1.449439405373128421e-05,7.377480643712090854e-04,-1.098367541612195897e-03,-5.752606715510036805e-04,8.377278169489640414e-05,-1.097096342766951203e-03,-2.557337858610928254e-03,-2.714770344498889623e-04,-2.606501835064691224e-03,-2.573885595033312962e-02
-2.288841102030114618e-03,-2.355661615294210760e-03,-7.179733771198782994e-04,-5.606820484272451340e-04,1.040172606488248960e-03,1.753007808646712528e-03,3.843823941406051756e-03,3.951102512022288890e-03,8.075612818821603645e-03,7.765832958970809302e-03,6.504255000062383711e-03,5.465798933771712741e-03,4.456369654149880920e-03,2.844599185896115080e-03,3.213304275402528633e-03,1.765186866734596389e-03,2.367226911934370084e-03,2.833433379985157707e-03,2.334651713543740674e-03,1.793727778643672494e-03,1.266383540463881813e-03,1.970784158280122680e-03,1.804772713874379158e-03,1.639895313650058771e-03,2.322665117526170019e-03,6.646391542708034519e-04,1.132033274943511705e-03,7.692229719930746392e-04,1.271576030346364267e-03,1.063933189098180887e-03,1.160723070149608785e-03,1.441394182547627760e-03,2.181985749260072823e-03,1.843802720480992646e-03,2.273832194583434805e-03,1.860784890874870061e-03,2.114097447985372868e-03,2.352446944778406775e-03,2.197054255145777703e-03,2.027280629238447165e-03,1.030483451814438300e-03,1.113432943242429396e-03,1.863073164330292675e-03,-6.601727049398150660e-04,1.579048631679744858e-04,2.874561424832725292e-04,-1.496217432160687217e-04,-6.652632068763503638e-05,-9.834745149760934762e-04,1.207814545598792064e-04,-2.087567791447310708e-03,-8.651339416600187042e-05,5.059094305783775562e-04,-1.296372781825468360e-03,2.951769511975128662e-04,-6.131188839423311766e-04,-1.612925489580664283e-03,-1.999315534244446631e-03,-2.177904137794711443e-03,-2.519014165921979603e-02
-1.700524684398090763e-02,-1.567974389041653857e-02,-1.067614305109393542e-02,-5.519808743169397729e-03,-3.978969797456938760e-03,-1.056291593233710203e-03,2.932099641098276973e-03,4.500233316112662273e-03,8.184869819545848718e-03,7.004154074235272726e-03,1.054481759165164581e-02,9.600911409691555154e-03,7.810875446478351795e-03,7.649899540057518606e-03,7.027425609687058122e-03,3.662613809195168664e-03,7.686749264281344737e-03,4.722504847804648298e-03,3.591715065778979584e-03,2.532420068380775938e-03,6.172715931318328506e-03,4.128238306319766647e-03,2.957808144114536415e-03,1.595348970589229335e-03,2.349210045758086136e-03,2.665929687738962175e-03,3.173129298747629726e-03,3.164658990600567601e-03,2.754789900505991932e-03,3.288499295139779219e-03,8.571160689335798706e-04,4.303066483359008557e-03,3.467106193828837276e-03,9.741049528678048927e-04,8.080087469451956161e-04,2.286757623015883180e-03,4.023032648442267933e-03,1.200661498945783346e-03,8.262760731196350499e-04,1.404791822618145112e-03,7.875971178161952913e-04,-1.971274115769913911e-03,-7.596093912320526793e-04,1.228776980664883934e-03,-1.252331839160876177e-03,-4.224703676306131549e-03,5.155137396197447854e-04,-2.745898555336360753e-03,-1.701848990607828351e-03,2.204956812362405638e-04,-2.341936806810350545e-04,-1.462018677805628506e-03,-1.530984206879958684e-03,-1.470037601887048658e-03,-2.812370944061902672e-03,-1.212599918010678944e-03,-4.070052861283568989e-03,-5.383682337229844621e-03,-2.622734580021263487e-03,-2.644142657148140438e-02
-1.895828376202779789e-02,-1.284806249330319554e-02,-1.136651935413560480e-02,-6.033013018885174071e-03,-5.797121177492362519e-03,-2.345664707443767105e-03,-1.108244368136979434e-03,3.570164004457559992e-03,3.898344313000044054e-03,5.980098050098054709e-03,6.450246161503583701e-03,6.840207361815436177e-03,5.777494084421003380e-03,5.001267657501758980e-03,4.164013819010625207e-03,5.837262349704936196e-03,6.935592256406234758e-03,1.607144430140691749e-03,4.043722647907400068e-03,5.821049457459344725e-03,3.698166911348991191e-03,3.825265806807289816e-03,2.179705062200258062e-03,1.116528778253015296e-03,2.555811199342771303e-03,-5.294452398164760550e-04,2.591336114009340236e-03,2.832386213044000515e-03,1.270818177833747079e-04,2.318485489868576162e-03,9.696579877678791716e-04,2.889489233378832178e-03,8.655280141346603047e-04,3.002125826416950408e-04,7.432618936049876926e-04,1.900122143232130982e-03,2.579140468677967261e-03,1.317459701937162900e-03,1.935581576264832314e-03,-7.457094326636788629e-05,2.521237638471440605e-03,-1.969003116358034738e-03,-2.309138189635085976e-05,1.047798125546353654e-03,-3.025949780792296269e-03,-8.770796432314000111e-04,2.940070385114587712e-03,1.136645444291244349e-03,5.062314860858875906e-05,-1.637878934923797615e-03,-1.466565565507835841e-03,-1.008794114658774152e-03,1.013003017807331731e-03,-5.883388613463102178e-03,-2.035343591427210379e-03,-5.974708510060010302e-03,-1.101367757006879939e-03,-6.330738747353997949e-03,-3.761976832828151703e-03,-2.775374897136760957e-02
-1.725606466403679234e-02,-1.606095834155678997e-02,-1.072862580546928533e-02,-7.895029919340991811e-03,-3.076292496055578560e-03,-2.480205315055904625e-03,-1.185317252228584774e-03,4.840405331248610887e-03,4.950671479686381132e-03,4.681724719674575964e-03,3.152577441911971149e-03,5.600811133158028685e-03,6.078720339909664781e-03,6.409164376919331864e-03,4.355338698395308863e-03,5.961399411029175144e-03,6.373089022487584028e-03,4.362576396532048470e-03,3.282843373270100291e-03,3.413683915246865097e-03,1.660983983672696456e-03,-1.401113274056960557e-03,3.582991761598269039e-03,2.317491449250491491e-03,2.372815285750213329e-03,1.241859194084488820e-03,9.045684342786681651e-04,-1.589722335337931045e-03,1.993317232875324151e-03,2.403233900195446513e-04,-7.000588872938947552e-04,7.067752140208235058e-04,3.586608201237089736e-03,2.180850229684800062e-03,1.764874166834893166e-03,3.401665803833951122e-03,1.812744651970501922e-03,1.338060268716790863e-03,-1.024419418740375644e-03,5.109964416314485315e-04,-1.005061990039242230e-03,-2.864264331770724221e-03,-1.922143942277904647e-03,2.036960916810932009e-04,-2.019382498632280552e-03,-2.975059009926600290e-03,-3.007116382845152064e-03,-5.269548126634305781e-05,-2.471607206024696666e-03,4.861043178620112412e-05,-2.247070769980703646e-03,-3.005888833181478200e-03,-2.179645902573340739e-03,-1.100267386017280248e-03,-3.720782009049995297e-03,-9.035027264996756688e-04,-1.948725790282006395e-03,-3.441999045513747775e-04,-2.012113444015432330e-03,-4.576530046042986792e-03
-2.133480127269584206e-02,-1.651877238426599503e-02,-1.174460008454051956e-02,-1.061385415497534054e-02,-6.438057552997069645e-03,-1.676694021483106801e-03,8.445418641390654022e-04,1.854408527049413542e-03,5.239899648194741924e-03,5.673156246301898527e-03,7.059766124962977771e-03,4.581807654924133395e-03,3.762393044897846886e-03,6.736816971046302900e-03,8.094967682633211897e-03,3.446358509993822841e-03,5.572205105545468412e-03,5.451717432413388104e-03,3.613115608638957886e-03,3.445192939806603332e-03,1.970987815054285781e-03,-1.411865164638192397e-03,2.968068728585241539e-03,1.673635363871170314e-03,1.202035658364775626e-03,1.707078634963913591e-03,1.329823493609216811e-03,1.109286111936814111e-03,3.013638480473508434e-04,1.256950181709851544e-03,3.633733134828359083e-03,1.751503895722024938e-03,4.161500261564814998e-04,-1.424700331030418453e-03,3.765857062397234140e-04,1.056767706548849281e-03,-2.041278296936930008e-04,7.096027114980863186e-05,-8.261130033913511748e-04,-1.372918348610122638e-03,-1.029001837201132296e-03,-1.863458269970405317e-03,-1.326724578022307147e-03,-1.265371189436798873e-03,-4.492327260864081157e-03,-3.324284820699863370e-03,-2.705401748234483126e-03,-4.613649001234494326e-03,-4.029064683344593971e-04,-3.573310721909944265e-03,1.251259785581805778e-03,-1.511622112279810025e-03,-2.029871990560791744e-03,-2.030285828737149814e-03,-1.367515740487346707e-03,-4.379564853249870784e-03,-1.388016157289198539e-03,-1.865203565807780793e-03,-6.618806703381749194e-03,-4.250547753898619233e-03
-2.057107086961151160e-02,-1.868911388787530825e-02,-1.345054115745046922e-02,-1.207120659724464883e-02,-5.582335412863287730e-03,-2.512679317609303308e-03,2.955565371024061576e-04,3.605422230127154366e-03,3.539880969507897598e-03,8.197549183515217067e-03,8.913536568822929412e-03,7.852022079877880520e-03,5.528679314357426260e-03,8.184822960486618643e-03,3.797737088717161470e-03,4.605845881697274991e-03,8.164722450371001902e-03,5.015972166326123499e-03,1.850956501361449274e-03,3.497051384318053228e-03,2.794216840949078576e-03,1.394446234987312518e-03,2.363188168550225867e-03,7.225364588341368858e-04,1.171347875753274686e-03,-1.982775223688664707e-05,1.156436021718765510e-03,9.913766388558442871e-04,-1.326809719363831281e-03,2.070732671381262692e-03,1.655636440560460118e-03,2.227750774286509604e-03,1.226775161781520245e-04,2.470260744864366965e-03,1.696608238100438511e-03,3.257915559093129982e-03,3.435275732563150227e-04,7.829546112757062529e-04,-9.299143572672377133e-04,-1.994146768958918702e-03,-1.485635671851584473e-03,-1.889127774106099961e-03,-2.280492118027572807e-03,7.605180993186896237e-04,3.068297763485071275e-04,-6.536778680597794084e-04,-3.316231890814605888e-03,-1.966061596891270635e-03,-1.749731813179281319e-03,-2.242138133218011132e-03,-9.182833580207899792e-04,-9.027402949418779615e-04,-1.730792773071023524e-03,-3.880660835013152125e-03,-2.013103750402871379e-03,-4.356001418942954083e-03,-1.137698623140374291e-03,-4.775993791179568120e-03,-1.741644274204944866e-03,-5.361599410198524332e-03
-2.010407407500999083e-02,-1.339095968727848154e-02,-1.349765121773853493e-02,-6.951010362356214133e-03,-3.229446784896406516e-03,2.296160841476175087e-04,3.911704868422095742e-03,3.217748245547605128e-03,5.400968382445808444e-03,7.162323207496035064e-03,6.360799664999873190e-03,5.930871695840863982e-03,7.495889695134021896e-03,8.000224340415749633e-03,4.825614251266747631e-03,4.544252035155978316e-03,7.298091304295393177e-03,3.381932456715155532e-03,2.610938568106712428e-03,1.636845722957393223e-03,5.106929305179818551e-03,9.572065613918105849e-04,1.063203825071362338e-03,1.683836070959209615e-03,1.310212891780054584e-03,6.411346308942881102e-04,1.510752922649605777e-03,3.691659104092925598e-03,3.721501885072284448e-03,7.186800281695764504e-04,1.355381594881039514e-03,-8.712390119074141801e-04,1.853322147816394887e-03,2.982641398422250338e-03,3.104510045981695009e-03,2.025529816670552669e-03,8.097663901263115306e-04,9.978436103963625719e-04,-5.501401549535625286e-04,8.993794290289734358e-04,1.826918637306508639e-03,-2.281454376635522283e-03,9.590337390861072885e-04,-1.336009934861454940e-03,-2.093083928596114855e-03,3.565051795425419829e-04,-1.235006382718507574e-03,1.693205888495267738e-03,-3.341293066216175726e-03,1.634070030687234058e-04,5.446872419487336966e-04,-3.590342144488283156e-03,1.030660033915359536e-03,-1.767543250911205333e-03,-1.570589444212763201e-03,-5.035322483424160790e-04,-8.022062804405077213e-03,-5.241343216710241636e-03,-5.610105590309643828e-03,-4.860016436675957535e-03
-9.503868921884574272e-03,-1.264228706418617232e-02,-1.459094104639517206e-02,-9.040087377778253594e-03,-7.093892404480374621e-03,-4.142608317733826109e-03,-7.139405010713648862e-04,2.415243739659471769e-03,5.709258261933872203e-03,5.146194544964652166e-03,6.067414431878634558e-03,7.623591712111062700e-03,5.514957835558705578e-03,6.720427158179185199e-03,6.944699548328794186e-03,6.368433218793695567e-03,6.421381094588456302e-03,2.775557217435596549e-03,3.689002091078075890e-03,4.599566793238169839e-03,3.651215345828991068e-03,2.238042314948771472e-03,4.183968981269331998e-03,2.306601431735084452e-03,-9.222731275042794167e-04,1.757824786187276909e-04,4.822150818860862129e-04,2.049640608103730274e-03,2.455007517174704907e-03,9.053798891196502933e-04,3.340980565434152963e-03,2.474582096341779950e-03,3.139734566319950715e-04,3.682301139943990227e-03,2.088219958477735214e-03,2.526622621657433499e-03,2.411682367918539880e-03,2.498277628442368160e-03,6.774919714564506647e-04,3.021862726274329031e-03,9.242186823310946002e-04,-6.302356893002308662e-04,-7.411862383610670103e-04,-2.753082961091881872e-03,1.540099878106734096e-03,-4.505429964851512411e-04,-5.086129762325483335e-04,9.195684201538642305e-04,-1.141739477623054727e-03,2.624929424538605897e-03,6.512736361660206429e-04,-3.417899362481690781e-03,-2.347995859290241845e-04,2.312150286349051904e-03,-1.550388361175913596e-03,1.336246881263069327e-04,-3.514458135247846594e-03,-1.080230107515043258e-03,-4.080707725169128129e-03,-2.353917347457773566e-03
-1.090494221929724089e-02,-1.327867497629048668e-02,-1.278296817660395414e-02,-7.759205654661724925e-03,-4.933592014126162578e-03,-3.073788139711816376e-03,2.307939248040652479e-04,3.332316698913356974e-03,4.691949508781411912e-03,5.742972541105484906e-03,5.071775979578497032e-03,7.667728291975859679e-03,6.085612353671282157e-03,6.788331197234205409e-03,6.374954969032951488e-03,7.930092505965876531e-03,4.320994263056924210e-03,4.940419868346682467e-03,2.886873335942155040e-03,2.155533482945559687e-03,1.058808789385771353e-04,-7.251113234676394639e-04,3.137251943363540251e-03,2.689292858745248333e-03,3.033300418664711573e-04,4.063458186023734438e-03,1.719119348701773691e-03,2.062112562390049086e-03,1.247801135212378608e-03,1.789986223012392979e-03,4.407594022545534778e-05,3.205393767935118231e-03,2.608040820930847010e-03,2.650426949732284567e-03,3.789737977201748393e-03,2.287922008267209359e-03,2.654150456410141971e-03,1.200722084609057161e-03,-3.362928197437895840e-04,2.518022394514578526e-03,1.073033467236764833e-03,3.004313488399268286e-03,3.272205978115244325e-04,1.713739623787166166e-03,5.112071829428932153e-04,3.119725855643960474e-03,2.096154269218718745e-03,4.654947579737664875e-04,4.748208001262373308e-04,3.157789702629880749e-03,2.568200533031517662e-04,2.966734186122556120e-03,-1.335753624330199155e-03,9.672275572108251433e-05,-2.245751633986515399e-04,-2.222128608828922037e-03,-2.558564868515193075e-03,-2.749752574202509597e-03,-8.338099697366719567e-04,-2.727306672640993340e-03
-1.217136715846998257e-02,-1.628010749232007906e-02,-1.621070018200654328e-02,-1.180485982290642791e-02,-7.295117255417550226e-03,-4.288059723564643412e-03,-2.446361427651774431e-03,-4.614667901034130368e-04,6.124010272371986988e-03,7.595829430106911147e-03,4.968818938147925510e-03,5.575078170035100388e-03,5.209356580865961289e-03,3.149919385777945769e-03,4.215170532514068286e-03,2.730346310329998059e-03,5.666628398236559991e-03,3.575675087199482825e-03,3.546203470537126999e-03,-4.467450156842467813e-04,2.155884683619095198e-03,-1.385675402194583251e-03,1.265032043621244556e-03,9.218039680764024174e-06,5.133809238097017174e-04,3.968113285151851676e-04,1.048755306999471591e-03,8.838605404932061652e-04,5.922558931847405521e-04,6.644022798996884142e-04,-6.333145584592419055e-04,1.273740247952273987e-04,-2.789690738955335233e-04,-5.840400214375108092e-04,-1.190456538724501533e-03,-8.119007008295922243e-04,-1.222131821852526570e-03,-3.384656470880807971e-04,1.195962466778747232e-03,-3.859148824040228485e-04,2.685128712662718502e-04,-2.083846941333912712e-04,-4.229403354324827468e-04,-7.149815460934348535e-04,3.275038106031205598e-03,9.502726571139925036e-04,8.644383555679760293e-04,-1.566952406612287605e-03,-1.994152638227537997e-03,2.390588112734241995e-03,9.454581151289929682e-04,3.358174784803941138e-04,-1.678717312906118260e-03,-1.217658271894317488e-04,1.041642398108852266e-03,-1.894527079922213829e-04,-3.784506699863148752e-03,-1.310999873794932219e-03,-5.515731008848394519e-03,-4.617156328909340600e-03
