6.310797833552550052e-04,-3.746766878181358260e-03,2.953496180160314084e-03,-5.306172003763423009e-04,4.149221432628423349e-03,-1.296840450472071813e-03,-3.851105919546814194e-03,-6.297614410669500132e-03,-7.367234211666968090e-03,-4.607311167895237211e-04,-8.592293336855910332e-03,-9.472184110425699646e-03,-1.077295263751761219e-02,-1.613071161500420625e-02,-1.027804838037830668e-02,-5.613288802045842199e-03,-7.454342544283516780e-03,-1.096949324446596340e-02,5.128525092161741877e-03,-1.453741032133721613e-02,1.185455437359889813e-02,2.839484340965117877e-04,-1.711779320806565581e-04,2.155040431758660068e-03,4.732171765957825238e-03,-2.580141524666133661e-03,-3.772793923216467854e-05,-4.522040189724831939e-03,1.286544800429912164e-03,-6.241578452266142302e-03,9.647347161799043475e-03,-4.738934439347775376e-03,2.207953944005506733e-05,2.040781837641363148e-03,-1.010328996953861747e-02,1.015679039970213571e-03,-3.589541536903743599e-03,-1.040586236867835010e-02,-9.055252790239295187e-05,-2.129505509328446025e-02,1.511714377122098593e-02,5.996733863535945626e-03,1.461006017057444629e-02,9.389056094772446626e-03,8.936512794180553540e-03,3.673440919680852779e-03,9.867229254726222684e-03,-8.322158132639968092e-03,5.447900880946334422e-03,-5.018103597412683359e-02,1.123634590338361446e-02,-3.004642145769412676e-03,7.026084819969821140e-04,-5.613880423626389088e-03,-2.630671631120770973e-02,-2.017821928938183865e-02,-3.246694907740229393e-03,-1.075581163990260540e-02,2.219944681425684019e-02,-3.728654316682111225e-01
-7.682504418685230305e-03,-1.015936374081378817e-02,-1.025869911225403899e-02,-8.118839392268350705e-03,-1.095112409235134317e-02,-8.539857704189218746e-03,-8.231988817938009836e-03,-7.953955597222164484e-03,-7.244934933518876533e-03,-3.837156979185497429e-03,-9.388735750826169082e-03,-9.258320876883099773e-04,-4.068814694644288729e-03,-7.409439514072392596e-03,-2.972206173117000142e-03,-5.691241462078729975e-03,-7.204209733062706504e-03,-4.535679290602465628e-03,-3.190140554490723465e-03,-6.433250952670239303e-03,-5.938087656152029291e-03,8.610841450076362402e-04,-6.041985975691551575e-03,-2.988881330559376402e-03,-3.241977408621155628e-03,-7.391342892806931214e-03,-5.498007836884853151e-03,-2.345765424861639015e-03,-3.912396031822208339e-03,-1.209289953103603529e-03,-1.082107904078453454e-02,1.854388039113214403e-03,-1.062931722320118897e-03,6.395512824584936688e-03,1.744145175393803761e-03,5.547671135713955377e-03,-4.510112753952666182e-04,8.218046670205068210e-03,1.385389847602093872e-03,-3.534257636333235520e-03,-8.103160990524792273e-03,1.121760849693303368e-04,3.070018554348976324e-03,-5.805343110101767248e-03,-9.580820910921597142e-03,-1.200817059048740754e-02,-1.190714623229688525e-02,-7.886930267938581374e-03,9.514325964560869074e-05,-1.203179170573897248e-02,-3.658483046322468131e-03,1.157493207147971756e-02,6.067047582473878049e-03,2.456056951855998833e-03,4.820062093970708017e-04,-1.437104578631646966e-03,1.793683307115440627e-03,-5.075435931119726997e-03,1.254513501848168386e-02,2.128033558092164990e-01
-2.887147609008005114e-03,-8.170401232550066756e-03,-9.946627328925138414e-03,-1.037861871759994219e-02,-8.337155763240372552e-03,-1.107500896199871583e-02,-8.733159170341141253e-03,-8.193032111579720556e-03,-7.943600456760192483e-03,-7.671223975705696377e-03,-3.221490307652269142e-03,-1.022727620844196550e-02,-4.962172463205083385e-04,-4.359660882776803491e-03,-7.455150841483949159e-03,-2.893893024940959700e-03,-5.738313735529984236e-03,-7.542206730713427350e-03,-4.191232429850678953e-03,-3.806415695251029116e-03,-5.283235485904157896e-03,-7.390141908190519561e-03,1.762952529101229548e-03,-6.564900595350093258e-03,-3.354518700125104502e-03,-2.707037715789087969e-03,-7.459464406902634702e-03,-6.332104920199959491e-03,-1.167334900713934333e-03,-5.379679833138283247e-03,7.876326901217762643e-04,-1.294930290556919709e-02,3.318274529564776542e-03,-2.034933869400377699e-03,6.933932115850809270e-03,1.304983221774848497e-03,6.592856373722123797e-03,-1.922361501427463605e-03,9.716970793113567997e-03,-1.340604585663687266e-03,1.704594303885042161e-03,-1.399003899179845044e-02,3.273211471397220566e-03,2.213296785042632477e-03,-6.493739346078415166e-03,-6.709140219687929896e-03,-1.441963563205037047e-02,-1.266397199496710826e-02,-4.475869880981674272e-03,-9.569827111476591347e-03,5.477398538474060989e-03,-2.098899576251685162e-02,2.421218010510184024e-02,9.123163805642173305e-04,4.713318966449650538e-03,4.299926800934851349e-03,-2.698234181794888047e-03,-5.464679858095051676e-03,1.486256922195197325e-02,-3.568490110084256151e-02
-1.089717658375480291e-02,-3.092086042640280162e-03,-8.028700585938273321e-03,-1.020277468647986900e-02,-1.056860667329789609e-02,-8.377458616573447633e-03,-1.126413400526713425e-02,-8.749834863446907460e-03,-8.081149353766052187e-03,-8.302266267255839841e-03,-7.432218595838424591e-03,-3.717172656600120119e-03,-1.001962460826625462e-02,-5.089847881831636783e-04,-4.382148681411348994e-03,-7.588726637189675654e-03,-2.795146498110491311e-03,-6.235334167299799377e-03,-7.062177781032467211e-03,-4.778336849284286342e-03,-3.122531444670926821e-03,-6.195351573019307334e-03,-6.773987333918153088e-03,1.427080371427643692e-03,-6.734464768114643840e-03,-3.085861413397593140e-03,-2.832300764516970399e-03,-8.053815330013393975e-03,-5.329973732534290173e-03,-2.504076740801617577e-03,-3.754185877630213022e-03,-1.118547568897004275e-03,-1.187293641195441216e-02,2.563882902133982934e-03,-1.676447504409609313e-03,6.816818627022650477e-03,1.940347509131254986e-03,5.347356231032882219e-03,-6.881132023905399452e-04,7.521119015782089766e-03,2.487161112040845671e-03,-2.366643928404177626e-03,-1.244409207967478448e-02,2.311642416911918220e-03,1.296547272207092261e-03,-4.539651471372984498e-03,-8.496464682210986066e-03,-1.506963095069741194e-02,-1.124569247132957417e-02,-1.226535629129199903e-02,2.295130193843793274e-03,-7.318565077083181818e-03,-1.419685784699626155e-02,2.134729176355645505e-02,2.683979009371426777e-03,4.832992235613146545e-03,2.002907514551993846e-03,-6.898010019897608293e-03,7.627160092364156270e-03,6.532483970199862156e-02
-8.706473542754651282e-03,-1.121826954376737955e-02,-2.968199302358495370e-03,-8.179206624100637119e-03,-1.027353338356174275e-02,-1.073069693814472474e-02,-8.377534426898753175e-03,-1.142870307745387330e-02,-8.813093059746469199e-03,-8.312779735356278649e-03,-8.168728193972666154e-03,-7.833424204822060644e-03,-3.404977666272715822e-03,-1.027139622334202231e-02,-4.803956524138213151e-04,-4.504861765838674356e-03,-7.696245345591587461e-03,-2.965867623812965329e-03,-5.845292754564431967e-03,-7.830912305905110907e-03,-3.843666433229737164e-03,-4.057065787965680008e-03,-5.759179846007637764e-03,-6.913691016430389621e-03,1.249994598702434132e-03,-6.672522847884988090e-03,-2.844333490906621013e-03,-3.433337395041316346e-03,-7.353227914195194746e-03,-6.524149833170173399e-03,-1.126791531687227699e-03,-5.308452474569547684e-03,5.380330316513748602e-06,-1.290510303762517665e-02,3.260301040203146972e-03,-2.197592495770529179e-03,7.195844948400449172e-03,1.089310817621919839e-03,6.580674479766967372e-03,-2.789361209542820345e-03,1.128871672936698767e-02,-1.212851529616424100e-03,-4.543587118105243982e-04,-1.354078366176519020e-02,1.765644006506248472e-03,3.259418952690932691e-03,-6.455174752271973168e-03,-8.749584986485153468e-03,-1.341153635173019526e-02,-1.779518152252370505e-02,-2.544574749231627662e-03,-8.768553297407036609e-03,-4.358545324478583778e-04,-1.786604467381924105e-02,2.370263657945262045e-02,2.772738584793044136e-03,7.312543634415430253e-03,-4.523926470141698304e-03,5.745509415241117739e-03,2.946330953473656408e-02
-1.000886799425391820e-02,-8.835703628875386101e-03,-1.130496141924803091e-02,-2.942006025386721419e-03,-8.279959386834409921e-03,-1.041990739404250257e-02,-1.088229642171559090e-02,-8.423986624393567726e-03,-1.147381419467849439e-02,-9.004464205168717303e-03,-8.235890670778678313e-03,-8.577114819275576466e-03,-7.680197163325562862e-03,-3.502718401937274413e-03,-1.040417817507029337e-02,-6.038950967528498902e-04,-4.373910650325232852e-03,-7.823464933544632682e-03,-2.737568340331382986e-03,-6.424010768369423606e-03,-7.061383152485954488e-03,-4.765106720957805464e-03,-3.456877848819353907e-03,-6.073142716802186307e-03,-7.114545281817860611e-03,1.460278057303166736e-03,-6.700078619833945391e-03,-3.248634554389724476e-03,-2.752511508114799822e-03,-8.388145740464945932e-03,-5.348164196328403057e-03,-2.769377987482509774e-03,-4.019225849590719359e-03,-5.421789205597413218e-04,-1.301327191770944129e-02,2.784974665188384799e-03,-1.546104580911266324e-03,6.082468776287808070e-03,2.649285161518208451e-03,4.148261913652237509e-03,4.930452465289171873e-04,7.805884063835213070e-03,2.826357268664614363e-04,-1.420531896572410982e-03,-1.366987363621855259e-02,3.159571577279729569e-03,1.822901604521736307e-03,-7.124906233256054523e-03,-5.904721019999996379e-03,-2.112689308416906483e-02,-9.390923461540226849e-03,-1.219554627501534365e-02,-2.107417115231705572e-03,-6.312897692560322932e-03,-1.638548078137845934e-02,2.599709935966388816e-02,1.680158222641975124e-03,4.118489814555626995e-05,1.131668105440472930e-02,-3.484872276990747669e-02
-7.587551415731142758e-03,-1.017690102875378443e-02,-8.926179603624330439e-03,-1.144045040960430665e-02,-3.020906357558105371e-03,-8.258297911311390446e-03,-1.066435878327947478e-02,-1.091732666817329944e-02,-8.443343541810614458e-03,-1.180222899093559541e-02,-8.836274126690971814e-03,-8.623120587323559322e-03,-8.529656130411535780e-03,-7.734902102871127512e-03,-3.614799715249630927e-03,-1.059692811106562570e-02,-4.081574907812184831e-04,-4.583527319006960171e-03,-7.800155744716424401e-03,-3.046609971287616778e-03,-5.783606861559634563e-03,-7.903453057842397059e-03,-4.375407425169460830e-03,-3.677599350253244522e-03,-6.131870127432912515e-03,-7.190565056482197716e-03,1.601609850944755347e-03,-7.138017154717232922e-03,-2.957278514738423143e-03,-3.479983082437759171e-03,-7.359483742792472492e-03,-6.679944974018818017e-03,-1.889929900505760716e-03,-4.822347209702562872e-03,-2.951008435943570929e-04,-1.319568233732568499e-02,2.933836279523390975e-03,-2.471657596866490194e-03,7.286244704011490478e-03,3.434626565074722993e-04,7.630453436895525549e-03,-2.739209498388542070e-03,8.800434575472422527e-03,2.113984624911067296e-04,-2.473473899812734210e-03,-1.285212217737111660e-02,1.749389333779579562e-03,2.156450891424973194e-03,-5.414870227206039152e-03,-1.389460312846383175e-02,-1.219736485727537442e-02,-2.034251736144610662e-02,-6.890907661464546266e-03,-5.418084180726018446e-03,-5.584379855611641859e-03,-1.818108205288945789e-02,2.705478045984173810e-02,-5.616152771107201652e-03,1.560778019945783211e-02,1.523943586907785565e-02
-5.069488737024852205e-03,-7.853587520512211873e-03,-1.020843199858439618e-02,-8.899637329539980546e-03,-1.157416080526548104e-02,-3.057951524496325870e-03,-8.434731701274025828e-03,-1.062287489811876429e-02,-1.112264189164358617e-02,-8.647300651791901827e-03,-1.169457885361977791e-02,-9.268458157215778842e-03,-8.494548195612688576e-03,-8.662093580220912165e-03,-7.858211685374925579e-03,-3.687395275812433218e-03,-1.057050998159713047e-02,-6.192681692468755958e-04,-4.395869465938308934e-03,-8.207270155445764784e-03,-2.420535689576553979e-03,-6.644304428309102777e-03,-7.485749906595523355e-03,-4.577129638167635149e-03,-3.817305253166610943e-03,-6.176603203367439336e-03,-7.030451942855665999e-03,1.065419291907424622e-03,-6.704009091611977042e-03,-3.539496186041468304e-03,-2.404958651551358014e-03,-8.787362089379791713e-03,-5.861401921669066178e-03,-2.265881440855523933e-03,-4.560032355374428990e-03,-8.919599309627280256e-04,-1.308556002703793221e-02,2.138236807458212228e-03,-1.432460105626620281e-03,5.647007269182608390e-03,3.246546376657779946e-03,4.668645478946026849e-03,-1.893498587059239081e-03,8.935242016791125272e-03,-1.078539334005635102e-03,-4.371525103965452370e-04,-1.469387039792914400e-02,6.515337656974682506e-04,4.974514301946045616e-03,-1.248389769274247524e-02,-4.447048338675320747e-03,-2.284629923361302870e-02,-1.431041143150887408e-02,-1.158926560947570045e-02,-4.600753632706317854e-03,-4.238668843803151606e-03,-1.974199834242268067e-02,2.486582186296470987e-02,7.046978602766127558e-03,3.517870626774006332e-02
-2.373827433310210424e-03,-5.189035157626266034e-03,-7.778732439055217537e-03,-1.036771559789699711e-02,-9.020827677892364130e-03,-1.183766809935139948e-02,-2.983059982598373905e-03,-8.489937332275473980e-03,-1.066735835252933043e-02,-1.138742206074487388e-02,-8.565877655490437489e-03,-1.207310088127150523e-02,-9.272563107786905429e-03,-8.644056441596223786e-03,-8.644400208303421387e-03,-7.993402052786346620e-03,-3.565912985287407726e-03,-1.096755428386054707e-02,-2.859973109443787178e-04,-4.834781923089443226e-03,-7.752823110971296221e-03,-3.204602330481024029e-03,-5.930308834163733334e-03,-7.915236468158290753e-03,-4.661903504014766782e-03,-3.655830479533000651e-03,-6.138137985407523048e-03,-7.463426363290519630e-03,1.768414882073270815e-03,-7.513860190007116621e-03,-2.652091108936012638e-03,-3.669133420906162124e-03,-8.047570781488240857e-03,-6.563837834518475474e-03,-1.620816864429552645e-03,-5.011673027186247520e-03,-3.583017974044400557e-04,-1.434999176919493115e-02,3.516689681249530238e-03,-3.160056470868829234e-03,8.316903101806466525e-03,1.002571948457070864e-04,6.412433413698690257e-03,-2.104117383537803046e-03,8.587812822128098461e-03,9.338538167696618921e-04,-2.557805430187444062e-03,-1.464596012539354924e-02,4.102392368274219124e-03,-9.063903707036924341e-04,-3.777037185618739579e-03,-1.490015452734789157e-02,-1.787791608446158420e-02,-1.806673241499484259e-02,-1.047490184760468436e-02,-4.157128256851187406e-03,-5.121137451640542237e-03,-2.628407301537975457e-02,4.165314045270575305e-02,-1.267748814002715198e-02
-6.638554594199200763e-03,-2.469845106804014877e-03,-5.144994288926665535e-03,-7.942681126326657515e-03,-1.041078077128695413e-02,-9.167829427138309700e-03,-1.181281260554000075e-02,-3.089732525983218767e-03,-8.490035189132730253e-03,-1.105048147428247009e-02,-1.121145555207284789e-02,-8.927016241202460206e-03,-1.219798989422469712e-02,-9.349318305260574322e-03,-8.785355864714291391e-03,-8.717540354952486858e-03,-7.979575290333740592e-03,-3.713151494208777239e-03,-1.084502571871294105e-02,-7.475199877194838765e-04,-4.276003937678649579e-03,-8.358818823378367721e-03,-2.745245115350812993e-03,-6.350430568127595973e-03,-8.001546891651141816e-03,-4.399760412504507071e-03,-3.836260433030294105e-03,-6.447743457714883927e-03,-7.139093088723928379e-03,9.184727404136188008e-04,-6.529373205974042284e-03,-3.832455363094359503e-03,-2.810908978813854604e-03,-8.532839617819394998e-03,-6.218457376826558823e-03,-2.370378729660875799e-03,-4.547203251366723105e-03,-1.154780999608863131e-03,-1.351080147416273622e-02,1.629517690981634572e-03,-7.036468766404407318e-04,5.715680939258976911e-03,1.622213286317956060e-03,6.324030276507064223e-03,-2.827872075207754025e-03,9.851049953230913217e-03,-4.070857394089791499e-04,-2.415217732077863059e-03,-1.398416124114621253e-02,-1.769348050755295597e-03,7.399259272150880869e-03,-1.356526330373340923e-02,-7.744969948528418989e-03,-2.278685078821814786e-02,-1.825238697537973770e-02,-1.139640778943387493e-02,-4.881216196393416140e-03,-1.048439954477633530e-02,-1.942114140210713866e-02,7.550936299915274319e-02
-4.846995983369189673e-04,-6.796352110350837271e-03,-2.381962286548773480e-03,-5.199268802476780284e-03,-7.973422003548670881e-03,-1.062972989214553549e-02,-9.244383976399274047e-03,-1.196335781703204704e-02,-3.072282807300640798e-03,-8.649688704671377668e-03,-1.092652108987622085e-02,-1.158867145731017241e-02,-8.913668222624253692e-03,-1.237008814154844441e-02,-9.570016698551581796e-03,-8.741966494538729732e-03,-8.888361404956846706e-03,-8.144345945945921303e-03,-3.498918212566101173e-03,-1.128701194060618626e-02,-3.890000933721442949e-04,-4.732938272400611518e-03,-8.183587598920006451e-03,-2.914758980231997934e-03,-6.562229356234189868e-03,-7.776148687744801301e-03,-4.841554620467510353e-03,-3.694520918008254665e-03,-6.418155766680451804e-03,-7.657448252472055274e-03,1.816308309293796722e-03,-7.633772913564084231e-03,-3.147203170390543148e-03,-3.231991037412811161e-03,-8.449923042091699726e-03,-6.520055713054818611e-03,-2.139195286750840072e-03,-5.415799989285405118e-03,-3.517854528820864540e-04,-1.459217777863791241e-02,3.311501908904016835e-03,-3.382384570655878019e-03,7.307442861463530649e-03,1.041850679919867351e-03,5.857778992615737118e-03,-1.759790538011018340e-03,8.708042073402184544e-03,-3.751204419271976899e-04,-1.075591474492699129e-03,-1.818797786508243725e-02,5.094242230375240280e-03,-4.461694610328223822e-04,-9.978693119402699818e-03,-1.188183230248239172e-02,-2.337503061595540277e-02,-1.868623157789356740e-02,-1.176950975005885795e-02,-8.551061076567410824e-03,-2.125778373005550535e-03,-3.848400735758919500e-02
-5.858248864972294238e-03,-4.971806552500965606e-03,-5.534202254322508584e-03,-4.425382420111307127e-03,-4.165312769198562491e-03,-3.215189327189095937e-03,-2.807271985375607137e-03,-3.163151345877628952e-03,-3.931228794896614830e-03,-6.292046723321834860e-04,-4.823336992002987683e-03,3.163991820891649473e-03,-2.120308366727183453e-04,-2.676833599385506929e-03,-2.457984859511204152e-04,-9.881501771774462480e-04,-1.636753700257221906e-03,-5.063884736815344031e-05,-1.225349529755464031e-03,2.624497853969823074e-04,-4.601939247300284620e-03,2.358028127329082468e-03,-2.368440201885753642e-03,2.040158305037620792e-04,-1.217793674177343726e-03,-1.043844733899841441e-03,-1.973682501138535224e-04,8.681419021225742416e-04,-2.597450272080730621e-03,1.110038853759465075e-03,-3.270771749563056597e-03,3.928695409835155673e-03,1.446433859686444435e-03,2.624382133732152712e-03,2.118682286839162435e-03,2.842991273778691132e-03,3.680396516727173044e-03,4.331790379522699151e-03,1.102973573125484570e-05,-1.881943545192377209e-03,-3.383221550269058242e-03,-4.393369468306769282e-04,1.828910431967889136e-04,-4.659378954672027673e-03,-4.398300313857368866e-03,-7.869078140227817042e-03,-7.393257730061334604e-03,-4.656894543905033823e-03,-2.584286835036013735e-03,-2.681443942125641324e-03,-8.214506960935614175e-04,-1.416025453590676964e-04,-2.236623503679880873e-03,-2.829814968466252013e-03,-4.695978248142592478e-04,-2.711983446666769385e-03,2.787114609275683549e-03,-3.053669846764766552e-03,5.522407449452622699e-03,1.744468831683926580e-01
-7.710712916715465465e-03,-6.017242219725813836e-03,-4.860452239918081410e-03,-5.665811511341748222e-03,-4.444143233730170860e-03,-4.184241776860634851e-03,-3.199922295206607866e-03,-2.879836505150177531e-03,-2.959012725580828507e-03,-4.134655937180865999e-03,-5.798466502285700612e-04,-4.992184435888944068e-03,3.275975145596321005e-03,-2.402750387933146156e-04,-2.754957928687457817e-03,-1.677630379624925512e-04,-9.759758596259086698e-04,-1.815867312393248945e-03,5.955433390220421156e-05,-1.394995751419430803e-03,5.009316923730845706e-04,-4.952776650766847408e-03,2.710192166461021773e-03,-2.423473074503061046e-03,-1.330001577640011162e-04,-1.078379377274382711e-03,-1.032479497047850353e-03,-3.448951446907003496e-04,1.184040614183831533e-03,-3.003000734639816455e-03,1.538336619561680996e-03,-3.842845767195954450e-03,4.396115835350039060e-03,1.009584982785283061e-03,3.052643250617151881e-03,1.458783753527759892e-03,3.425008653773741960e-03,2.880871386594110149e-03,5.269433562275626683e-03,-8.999454743855799486e-04,-4.937198037899061557e-04,-5.080854759196654427e-03,-1.685006014635155515e-04,-1.969788663847817848e-04,-5.312812553151146505e-03,-3.244324464652068377e-03,-9.137695020926343489e-03,-8.309470287949963577e-03,-2.130184407673302045e-03,-7.233147090649975908e-03,1.564114844306036022e-03,-6.748152374811060977e-03,2.769455265382089661e-03,-3.364296029353987683e-03,-2.767535745274498152e-03,-5.643727118695708285e-04,-3.168705871699334636e-03,-4.144417911083764054e-03,9.105000164701355231e-03,-8.558666939552098812e-03
-9.362955422510765152e-03,-7.808258984007873660e-03,-5.915460813783072168e-03,-4.993633256299322837e-03,-5.613267880866344185e-03,-4.530657720296421033e-03,-4.189939792014854038e-03,-3.237452809568501250e-03,-2.718498014728933966e-03,-3.199807745672402989e-03,-3.998099410147558028e-03,-7.424905518855931617e-04,-4.854563082791317312e-03,3.186324830448769140e-03,-2.456440087114687156e-04,-2.714222572813532793e-03,-2.170404871086553547e-04,-1.142936923273544635e-03,-1.518563824443854883e-03,-2.728517648019267660e-04,-1.011462660221527921e-03,5.010387582560880547e-05,-4.572281463644945441e-03,2.385882175151708001e-03,-2.433177571810597913e-03,-3.436983357618920325e-05,-1.035373873948857099e-03,-1.345072289092218805e-03,4.854232349779011004e-05,7.108806658080051889e-04,-2.290905031025748141e-03,9.023128898663805098e-04,-3.662042746001782818e-03,4.285802352549213795e-03,1.301042247229680605e-03,2.517510015374086699e-03,1.880293032843053042e-03,2.867313427908818862e-03,3.629152235409624592e-03,3.647954888736085286e-03,1.117393256315109707e-03,-2.572896228298342334e-03,-4.266036770274229777e-03,-7.192941611007387485e-04,4.454995760697404378e-04,-5.060770514347715486e-03,-4.673410016006253852e-03,-9.073778738767090263e-03,-6.599321637352223956e-03,-6.563938231243900828e-03,-3.206945330674242870e-03,-5.285920422828353435e-03,-1.636242982417170392e-03,3.918248668225006947e-04,-1.894029066634000599e-03,-4.075094978145094027e-03,4.217566946805119182e-04,-6.584624575195477045e-03,-1.421812026579601692e-04,6.618978631167196647e-02
-7.787389915642391365e-03,-9.488866197809997863e-03,-7.812431943893406901e-03,-6.002231645660509665e-03,-5.030810578967366380e-03,-5.676026703116266413e-03,-4.508224137740523760e-03,-4.129141082055219625e-03,-3.277758842488055855e-03,-2.818296268232577291e-03,-3.107753402997313896e-03,-4.221151351785539310e-03,-5.227406313815322883e-04,-4.980174211776323447e-03,3.235776674484071129e-03,-2.581482492147475077e-04,-2.750726332461806561e-03,-2.472730706867291503e-04,-1.054357279897168501e-03,-1.774361724933363246e-03,2.284775338879037093e-04,-1.570869786127957780e-03,3.215476606900056242e-04,-4.819168154033325567e-03,2.585101354441339365e-03,-2.534483633062773779e-03,-9.881562001368047763e-07,-1.022871941756170727e-03,-1.229151291146724509e-03,-3.421646772067979620e-04,1.193317421122816902e-03,-3.075960424468055301e-03,1.464069112476226817e-03,-3.720956844897252511e-03,4.448949678156618320e-03,9.121872563642288495e-04,2.709666507454736115e-03,1.758391319327459431e-03,2.962895681706511231e-03,3.315944384317469698e-03,5.153164158941243855e-03,-1.139186497845818971e-03,-1.672598097808969224e-03,-3.979469605488590057e-03,-1.030091610908362865e-03,5.899664099808853233e-04,-5.338467865893599396e-03,-4.976677682410603383e-03,-8.488007450746527446e-03,-9.478530435489117625e-03,-2.704757854098544835e-03,-7.744975336210207541e-03,-6.982177310581545509e-04,-5.132138911888824498e-03,3.143405322715774834e-03,-2.685670437004232091e-03,-3.821422302785715437e-03,-4.762914202816400863e-03,1.662390991490258953e-03,2.555278455306630656e-02
-8.376604436742700333e-03,-7.949217702933030968e-03,-9.488845499126185787e-03,-7.933127825271096140e-03,-6.017340313755217482e-03,-5.061127621217988842e-03,-5.630246795310120921e-03,-4.582744438166880957e-03,-4.203640704795276635e-03,-3.264888452773465934e-03,-2.760456396981517211e-03,-3.243366241653881064e-03,-4.078879376498271460e-03,-7.209137841092136487e-04,-4.952232183894231428e-03,3.237502634612662508e-03,-3.181332227665956548e-04,-2.752042453193443393e-03,-2.656638419799331702e-04,-1.077667593049839306e-03,-1.553185050004372717e-03,-1.773075681475861352e-04,-1.192132271722848693e-03,1.500066104594769409e-04,-4.773523941660623611e-03,2.472452494616227299e-03,-2.391972366863868299e-03,-3.046154111773622828e-04,-8.556373485451732128e-04,-1.300502887199087671e-03,9.918849146907844649e-05,4.975004897982892790e-04,-2.474999850180114973e-03,9.597724731386332109e-04,-3.564464243882501261e-03,4.229760975464819973e-03,1.112835656102693395e-03,2.436107386142554853e-03,2.158381169790116443e-03,2.662535290079130583e-03,4.077387485088073034e-03,3.805659010972220826e-03,1.385923970221732658e-04,-3.052086751407590524e-03,-3.750657806754735188e-03,-9.122634177203175002e-04,-2.551512267111897083e-04,-5.705217364816932146e-03,-3.893080513255118245e-03,-1.067175315913980807e-02,-6.728502291151075392e-03,-8.225941281744392208e-03,-4.132198023915375010e-03,-2.325285353622037320e-03,-4.275174408146654136e-03,2.206231586646050218e-03,-2.398953815941844148e-03,-8.269033517810537789e-03,3.089084403396686468e-03,-1.308077431385333209e-02
-6.009631279439872804e-03,-8.546001249025452287e-03,-7.969986146788732295e-03,-9.585251465308676500e-03,-7.957382577133027823e-03,-6.102987961051140400e-03,-4.999370896906036796e-03,-5.812872088986357523e-03,-4.531174842705638570e-03,-4.268821927820307463e-03,-3.179394778013462132e-03,-2.871183970241308545e-03,-3.245864265479032201e-03,-4.120975966880769704e-03,-6.694899874289541404e-04,-4.961502487225468751e-03,3.242271386362198006e-03,-3.578623413196238470e-04,-2.746667466680802021e-03,-2.414061987250402746e-04,-1.018107986517780093e-03,-1.799113694181966004e-03,2.754619175394567570e-05,-1.431479261350919029e-03,4.379995350989185224e-04,-5.017856139262736118e-03,2.436151873012463651e-03,-2.598964821348140591e-03,1.883974371150212409e-04,-1.263704448519163042e-03,-1.168183304501352890e-03,-2.256927474386908759e-04,9.253893050192154917e-04,-2.897042933151421865e-03,1.420701523334455974e-03,-3.842479006958409750e-03,4.269859640397544870e-03,6.711284022407539452e-04,3.091830136832784959e-03,1.360214293011427185e-03,3.562514757559847017e-03,2.898224040251974522e-03,4.582880465972797787e-03,-4.666589845868396877e-04,-2.454893542032162736e-03,-3.656384221267478234e-03,-1.838013319067405846e-03,2.865931579852423050e-05,-4.808189846339469900e-03,-6.224415327476987003e-03,-8.637697336627541550e-03,-1.149134091952937024e-02,-4.106828293782896315e-03,-7.038585383835585692e-03,-2.093807933692245528e-03,-2.974928415492602510e-03,1.371234089991861874e-03,-6.723638545765756036e-03,-1.524874209402525115e-03,2.299406046585749513e-02
-7.710626415110396516e-03,-6.075554250497303826e-03,-8.537167222046976311e-03,-8.093912390052948255e-03,-9.666875141809454924e-03,-8.064220995064713335e-03,-6.089008709621391950e-03,-5.061560001232012426e-03,-5.865677640622973636e-03,-4.522621415386764154e-03,-4.207402544782048309e-03,-3.372708348835753121e-03,-2.868975515915747794e-03,-3.188772316857419950e-03,-4.141812705811247046e-03,-6.653198090348174830e-04,-5.036377205832158477e-03,3.085255927864808713e-03,-1.290959388722076498e-04,-2.954534468605624770e-03,-1.559306141554305924e-05,-1.260937730364252536e-03,-1.679435268222213926e-03,1.276622409680049443e-05,-1.323616614845969175e-03,2.272256610209826683e-04,-4.963142101748346975e-03,2.434814599415449556e-03,-2.512626903535155123e-03,-1.598306837077193389e-04,-8.003047985917938765e-04,-1.675869166965376173e-03,8.910766711175738177e-05,6.436899015194451649e-04,-2.558942374146187370e-03,1.016969549467386467e-03,-3.734234737872064568e-03,3.993636102653025030e-03,1.146616570975034005e-03,2.295986096200090722e-03,2.217596949828748269e-03,2.548312354877275629e-03,3.326010516900855789e-03,4.608845455252962367e-03,-6.152625141682722953e-04,-2.070502869638876642e-03,-4.531122177435446818e-03,-1.423978176503630077e-03,6.850145266048566833e-04,-8.230049854805038950e-03,-2.946305400875175260e-03,-1.298042124406852994e-02,-9.018030455284254537e-03,-6.401540849057613114e-03,-5.616000516711117801e-03,-4.130432254419832278e-03,-1.723005041880196035e-03,-2.177471965583003145e-03,-2.296093495213256022e-05,6.433294679524369231e-02
-6.398376326691861821e-03,-7.842965699770266391e-03,-6.027413702506593390e-03,-8.674190173753830793e-03,-8.078694832837535894e-03,-9.789535294287315254e-03,-8.144585000044619882e-03,-6.245547116679658721e-03,-5.101888785989181462e-03,-5.733621417498294993e-03,-4.662580183616074105e-03,-4.283281721174386596e-03,-3.283777321124192652e-03,-2.896536742188898783e-03,-3.235996798149913447e-03,-4.110373045482278165e-03,-7.091498712310158889e-04,-5.108071049985135441e-03,3.274286066575506342e-03,-3.144694500875402639e-04,-2.808363435172467858e-03,-2.891815167197425230e-04,-1.050831886044575718e-03,-1.742221010615131564e-03,-9.434853570848840518e-05,-1.323375411887791567e-03,2.252717962752081562e-04,-4.997143743272186751e-03,2.508217032807428734e-03,-2.670641086756751163e-03,1.913660286825795290e-04,-1.407322050107785456e-03,-1.272583056369024773e-03,-3.092765710544917641e-04,1.176660692661849264e-03,-3.035672378201345351e-03,1.327434483363254536e-03,-4.236962231004978534e-03,4.487784396701721690e-03,5.253881812697570224e-04,3.318199603597438933e-03,9.646488247861445715e-04,3.535662489576076473e-03,3.106321672261717643e-03,4.520269882705383116e-03,-7.329064029904130322e-04,-2.909917243183361181e-03,-4.621113550495244485e-03,-1.133859380222450395e-03,-1.060147841241919006e-03,-5.743327975991137195e-03,-6.951637414602926737e-03,-1.099644527051249661e-02,-1.109439806460423006e-02,-5.564940527612502290e-03,-6.050376171423974513e-03,-4.695328056832793161e-03,-5.176260213805042483e-03,4.169571419937778516e-03,-3.325629422384206169e-02
-6.225493225816480444e-03,-6.432062183962680701e-03,-7.916976725188415442e-03,-6.098958796194709799e-03,-8.722324885974533371e-03,-8.166121703829968409e-03,-9.930241291605503007e-03,-8.153668174092111587e-03,-6.248071312907777820e-03,-5.159105030358483723e-03,-5.831582778115789768e-03,-4.631050068715152762e-03,-4.323491906251963716e-03,-3.283791300280538596e-03,-2.855126245390152574e-03,-3.283708914154399947e-03,-4.269188678905588147e-03,-5.939558367035142677e-04,-5.161675541761899348e-03,3.120499158427001655e-03,-1.767461317922338964e-04,-2.969850265895139247e-03,-1.484821505556118337e-04,-1.121284948427762060e-03,-1.744598072005713440e-03,-2.457725014605919678e-04,-1.189487054014697152e-03,-4.297967292493902746e-05,-4.741094594672486985e-03,2.169571814075366926e-03,-2.396689865063503493e-03,-1.225107235169312536e-04,-1.183737964881581561e-03,-1.385635670722483708e-03,9.458799072449713160e-05,4.893860683525815903e-04,-2.627382866557884198e-03,8.050389159956729745e-04,-3.957836513041626710e-03,3.924471722551201719e-03,1.648053875322544500e-03,1.729807533267637386e-03,1.697715750587629841e-03,3.286128662194633902e-03,2.570243974525629298e-03,4.751859202578322811e-03,-7.584966575203428568e-04,-3.802973236630157166e-03,-3.711684311447150872e-03,-4.096536958990461275e-03,1.485950590622077492e-03,-1.002387232385010783e-02,-4.383549752451277974e-03,-1.299679639279942983e-02,-1.114788411245309224e-02,-6.693073641283044800e-03,-6.526629121762818515e-03,-8.258451528054103902e-03,8.118989339872457502e-04,1.269052580401126284e-01
-2.166680831326559930e-03,-6.248292957324055007e-03,-6.489362341359694239e-03,-7.930614226587589730e-03,-6.210713037111334489e-03,-8.812872918320798984e-03,-8.222993021027491869e-03,-1.000838748510602012e-02,-8.259065861968303487e-03,-6.262286194269024199e-03,-5.134431188710267095e-03,-5.900790269359197648e-03,-4.680804601724456934e-03,-4.356132004885339935e-03,-3.365593512061189514e-03,-2.856341362189560550e-03,-3.233203087207561083e-03,-4.361980414066379819e-03,-6.458976994718526035e-04,-5.154415933064575989e-03,3.269383984655343644e-03,-4.776316000000199995e-04,-2.685163616860287636e-03,-1.109758461091122446e-04,-1.305384393099421865e-03,-1.732756162056964862e-03,-5.315596479792002421e-05,-1.446672703417942792e-03,3.438971183579831001e-04,-5.142643404653488362e-03,2.437377477559384518e-03,-2.925142212069845125e-03,3.696278984215010163e-04,-1.440864592338252049e-03,-1.261273661165462044e-03,-4.012342329562552392e-04,1.088789094319348718e-03,-3.157184254470755611e-03,1.331790928072819997e-03,-4.267203073295054716e-03,4.513729627786827042e-03,4.708754574937430238e-04,2.790666121327800477e-03,1.140222065019902420e-03,3.080378941980642729e-03,3.310605344052570172e-03,4.494351366634714504e-03,-1.114273517196720390e-03,-2.941859695030663024e-03,-4.743814451484778226e-03,-2.565803914553972231e-03,-7.557503075269821980e-04,-7.682610499946941791e-03,-6.767843801164749942e-03,-1.361630000678975758e-02,-1.196224808288258966e-02,-6.659732833105372687e-03,-8.349345715975372076e-03,-2.509682841542559655e-03,-6.688102097441135652e-02
-4.492924914073272505e-03,-2.494391013830346473e-03,-3.113153509303262338e-03,2.532861574705902192e-03,6.653730338336777492e-05,-1.881603796426245838e-03,-8.321079049783554988e-05,9.633193314181880563e-04,1.730510005383195616e-03,4.349821657075128925e-03,-7.688458072426346615e-03,1.020400006065065764e-02,9.312113077888339559e-04,2.214424960063320069e-03,-7.992185243845028111e-04,5.931147842691276680e-04,1.377905352217925847e-03,6.606214513308474945e-04,1.058640040319750998e-04,3.157543749500330357e-03,-2.653373156031883697e-03,2.837906242679234196e-03,-1.873958636974290375e-04,1.037182803878075208e-03,9.509162637235411613e-04,-6.787108783317561886e-04,2.169362200886766189e-03,8.242597790919832393e-04,-1.572702882316766781e-03,2.462224400023688056e-03,-4.143049270045295364e-03,5.033985771982605814e-03,-3.585072667667889854e-04,1.004558283688390284e-03,3.153370501278685185e-03,1.365650083008105318e-03,9.512945376058156485e-04,1.863139226096657657e-03,1.438444221374805083e-03,2.235880080304263225e-03,-2.205627085375323499e-03,2.921960461535568800e-03,2.009967683669555520e-03,2.024196339763950777e-04,-3.973211823044948098e-04,-3.573521577154160911e-03,-2.566593096410491395e-03,-2.409616936218968077e-03,-2.047191852966623836e-03,-4.328682099317368603e-04,-4.798042390006198102e-03,2.810373131612301477e-03,-2.410475329230324891e-03,-3.531454571871070307e-03,-2.609395527187704979e-03,-4.221486898118988890e-03,-2.522693591827930310e-03,-5.050074948444796541e-03,1.608677515887744830e-03,9.745243433603827110e-02
-4.649098663108191566e-03,-4.548077350532579721e-03,-2.457486701916692350e-03,-3.102607498353743103e-03,2.476886408155167408e-03,3.835111791814955836e-06,-1.808185440470418083e-03,-1.100751217451790751e-04,1.017862251162171810e-03,1.681985171062732329e-03,4.319378199792839844e-03,-7.700558046225421636e-03,1.015812970961276623e-02,8.714673521043988158e-04,2.239244517254725206e-03,-9.022405069856553970e-04,7.238210538963537775e-04,1.303125359272629038e-03,7.183094080200744160e-04,8.835018791417438024e-05,3.229681545856984918e-03,-2.789930848676074656e-03,3.010059426345324321e-03,-2.995312259973423839e-04,1.040829883823136265e-03,1.027489928516950963e-03,-8.955090039416384188e-04,2.241204464666731420e-03,1.041120422212274453e-03,-1.734978527518584888e-03,2.632407198229002026e-03,-4.559068316956293998e-03,5.397612997891997749e-03,-7.128469751882901984e-04,1.532730421006760430e-03,2.715735501136261332e-03,1.469471892123180639e-03,7.585277245368157945e-04,2.055011420707400158e-03,1.245749596838399221e-03,2.744917154976332912e-03,-2.706013095170726936e-03,3.422717070406355259e-03,1.614042615570646100e-03,2.616989219552749149e-04,-6.283076289434210663e-05,-4.082736080749141752e-03,-2.651232488938827687e-03,-2.073140005993219601e-03,-2.838339156977669198e-03,1.218143898469820118e-03,-7.189872854484559428e-03,5.582387548964086281e-03,-4.063687052370036114e-03,-2.482075510479279327e-03,-4.191498664756018559e-03,-2.365843723408745953e-03,-4.798561495021328414e-03,-1.370578652320044886e-03,1.574836261206979254e-02
-8.244454093120200805e-03,-4.704445027931282962e-03,-4.575512228364188999e-03,-2.486612572920498827e-03,-3.103216790109851464e-03,2.486699589361283935e-03,-8.706133092869156322e-06,-1.780918757138271174e-03,-9.395332272563207952e-05,9.528132428029450129e-04,1.670281793577036572e-03,4.207706924776569851e-03,-7.702323805328203932e-03,1.013752773101201862e-02,8.319285437280991196e-04,2.157989512045510073e-03,-8.016950844174911732e-04,6.788026880970662478e-04,1.413722841987260798e-03,5.292542720464007587e-04,1.736582811703439079e-04,3.182605985828674579e-03,-2.739293416421329994e-03,2.987799182885816484e-03,-3.721437745091312182e-04,1.056514279959323670e-03,9.378699602418316076e-04,-6.088654596027127594e-04,1.964661606646355037e-03,1.003326578088203740e-03,-1.557984858137263394e-03,2.380311582102279545e-03,-4.328654017730131955e-03,4.955105609470880461e-03,-2.469652883955196282e-04,1.042949874958065898e-03,3.025440949163474714e-03,1.223514366100293942e-03,9.375514396233896762e-04,1.830033559187967639e-03,1.795440386260828153e-03,1.808086971909141256e-03,-2.525404231077406966e-03,3.281626710915267354e-03,1.721037680440388410e-03,4.356626929241686364e-04,-8.175450306556326886e-04,-4.366520035541298674e-03,-1.888160769799907251e-03,-3.568704170527718482e-03,-1.431533559295973274e-03,-2.070360325629861872e-03,-5.234946842081757493e-03,4.055103624483639285e-03,-3.110942724255541178e-03,-5.312158394536371439e-03,-2.012773920533426648e-03,-6.229363204535086698e-03,-1.902162105971437131e-03,1.523904187860873442e-02
-3.829230688148259278e-04,-7.946464265581643137e-04,2.697391038150851773e-03,2.971175421085443802e-03,9.151323987557000422e-04,3.602100491815278505e-04,6.023129927919006719e-03,3.553605159155516936e-03,1.585828607205849033e-03,1.884694200157183488e-03,3.014583531845904055e-03,3.656704355637397773e-03,6.252085020022058771e-03,-5.808429502196792334e-03,1.192511197606033711e-02,2.813285748854364807e-03,4.216452217577233881e-03,1.207613013432053822e-03,2.620771765456674646e-03,1.815070955092977370e-03,1.231628947610449764e-03,5.288594752637285588e-04,3.690074409143407307e-03,-2.222611395920901303e-03,2.854972159067843858e-03,-2.676950734017378986e-04,1.042934678143091079e-03,8.831901893597899527e-04,-6.994147645546217431e-04,1.518101075069848123e-03,7.751668812439653717e-04,-2.408729945810927052e-03,2.089762448663386608e-03,-4.882865671343862568e-03,2.729513011545678727e-03,-3.370524075694386699e-03,-1.090562554588153177e-03,2.412256376996790819e-04,-1.086798400398148812e-03,-2.246204518816772005e-03,-9.489654025316746240e-04,-1.990101375246738826e-03,-6.310882367853099190e-04,-5.759064873319905478e-03,4.123363633388830865e-04,-1.081857766423021706e-03,-3.058842278984723329e-03,-3.236596569284445109e-03,-7.412069945592932377e-03,-6.767434860085062322e-03,-6.116868741572462423e-03,-7.521067498691500625e-03,-3.084101438744614541e-03,-1.083427252288215667e-02,1.748055645581083261e-03,-6.385304969856384072e-03,-5.807754667709936862e-03,-8.110015225085188267e-03,-6.422350450286356226e-03,3.471524371106420037e-02
1.865042749131606272e-03,-5.890814445276282285e-04,-9.021573712268788833e-04,2.720866074194651027e-03,2.747042710216777203e-03,1.025248154872661875e-03,3.793556346673777912e-04,5.900570281285161776e-03,3.459221579022322447e-03,1.598380290332493663e-03,1.950183732207235896e-03,2.965801109278047229e-03,3.695565826561036243e-03,6.244156593607661128e-03,-6.045581915239016044e-03,1.199960038610848115e-02,2.760011165922425253e-03,4.118878657051360664e-03,1.227627180151917487e-03,2.562536230019217022e-03,1.965901935939143395e-03,9.749827631685112394e-04,8.019544939196074839e-04,3.761616945164215301e-03,-2.424274919516859923e-03,3.019230366266012228e-03,-5.048242483851661305e-04,9.641316378904749409e-04,1.119886710644336187e-03,-8.561565230208978113e-04,1.634536406155731461e-03,5.691782028713949669e-04,-2.293460068273629575e-03,2.137273289948876838e-03,-5.468038486922412698e-03,3.088662943054835876e-03,-3.247420180312884409e-03,-1.189246680752143381e-03,2.501069951416399302e-05,-1.122320844584002563e-03,-1.793270049095885147e-03,-1.298249417837118004e-03,-1.680717361459035204e-03,-6.855507163386383033e-04,-6.363279728906981979e-03,1.052100191674051237e-03,-2.080670380860139175e-03,-2.510458146567656583e-03,-3.395674172545094099e-03,-9.154189901742002325e-03,-5.034107560460927139e-03,-7.068730642064682303e-03,-7.995446972268538052e-03,-5.804783081229365023e-04,-1.493259518003301270e-02,6.195384557640962880e-03,-8.451209332991860973e-03,-6.249570152315986511e-03,-8.064129395024976013e-03,4.370060146768198553e-03
-5.173455705784347179e-03,-5.560901876081818240e-03,-8.094716582660628143e-03,-8.422412434147678525e-03,-4.819831905547469590e-03,-4.658904783291004277e-03,-2.455825461740403313e-03,-3.154688054269472273e-03,2.490365972363399460e-03,7.484217912246578095e-06,-1.829760229028320117e-03,-1.483317035995044240e-04,8.898709080514050811e-04,1.766643658822270859e-03,4.330272183046925301e-03,-8.122418368119175072e-03,9.835203781954392557e-03,9.071903773333263614e-04,2.257401579371258026e-03,-8.874193980637345037e-04,6.487578714476587407e-04,1.372490818906508441e-03,5.706851516740289428e-04,-2.973855293889374378e-05,3.180060543276042387e-03,-2.765964791664193932e-03,2.942952438345116262e-03,-3.835351047174654455e-04,1.033937218942710713e-03,8.929139654778121262e-04,-5.927326672496900737e-04,1.951101245785974263e-03,1.223216853875320120e-03,-2.130401755728186710e-03,2.879675180730214158e-03,-5.027503583065162131e-03,5.649285460508884048e-03,-9.116629072066220404e-04,1.295186666615224646e-03,2.312894856954693639e-03,2.122150331629278023e-03,1.656222450279314377e-04,1.922479927624876159e-03,1.565930234769191166e-03,2.390880310660892585e-03,-3.547909678622993435e-03,3.924204380027216006e-03,7.818935579534870995e-04,6.942436337569136886e-04,-1.797936890350829500e-03,-4.775268815931680774e-03,-2.850293272912609883e-03,-3.030459204346052770e-03,-4.761828125436342804e-03,2.225363338442312103e-03,-1.199913917938596336e-02,9.781056503420109197e-03,-7.265791557312476293e-03,-2.446412622350132605e-03,2.731233874796898733e-02
-3.871985264047321431e-03,-5.173189088244102042e-03,-5.686976398689315773e-03,-8.125897616479825503e-03,-8.485891346631069948e-03,-4.842943422975066158e-03,-4.655064669205830064e-03,-2.480695420200878208e-03,-3.174231357593181643e-03,2.465856196774480601e-03,2.395890682401501497e-05,-1.848148739206313326e-03,-8.996289990681747065e-05,9.611727822257023351e-04,1.691010747256112843e-03,4.270740872634966323e-03,-8.175708232611040086e-03,9.656782085133552157e-03,8.741893788545074869e-04,2.217018781400556960e-03,-8.233142842624659001e-04,5.290698905303923335e-04,1.462130115492064116e-03,5.746923657722661193e-04,4.530065489770810852e-05,3.285250580084439227e-03,-2.794657853982872135e-03,2.887649839828513535e-03,-4.118128011327302032e-04,9.629819278506592754e-04,1.053229652294426300e-03,-7.845074581413283028e-04,2.017404539866457947e-03,1.061344569787890787e-03,-1.872010551774979130e-03,2.605784800195264529e-03,-4.945240155243340804e-03,5.229261059137345867e-03,-6.893538229561000470e-04,1.278742508487797471e-03,2.842643316548871483e-03,1.028347585987621909e-03,1.035999621520044102e-03,1.926198406690006817e-03,1.101812626576625844e-03,2.439575290690349646e-03,-3.602168189495162393e-03,3.821029622853985928e-03,1.086637888572841281e-03,4.065622728350702929e-05,-5.587202534364069150e-04,-5.868165727753480582e-03,-3.390798210879305760e-03,-4.032763137060753345e-03,-3.723850926597964926e-03,1.867734747947521860e-03,-1.134694659514308250e-02,6.544405977273277594e-03,-5.097823022976248099e-03,2.145877366597792255e-02
-3.343223758360167833e-03,-3.807247549001025778e-03,-5.257357673278078951e-03,-5.674658463063225744e-03,-8.214729148870175343e-03,-8.599989071698019641e-03,-4.874256264491866331e-03,-4.628798873904535482e-03,-2.506027216535189599e-03,-3.297691578113103560e-03,2.548912624390230457e-03,7.093252674557176641e-05,-1.908446355873779721e-03,-1.093660139288455541e-04,9.311580086421133561e-04,1.716872811138155271e-03,4.286759417640857023e-03,-8.292564209826547295e-03,9.789405322944798662e-03,8.364142077181630419e-04,2.117323063454427425e-03,-8.740723850963543710e-04,5.988452912093620477e-04,1.313321489799378896e-03,7.224464238210324832e-04,5.638165824840032751e-05,3.118948595742647347e-03,-2.971079585287709525e-03,2.903363673053964509e-03,-4.575346928331060453e-04,1.190813448355255467e-03,1.008905399592088413e-03,-7.555298896271018128e-04,1.975029408652657827e-03,1.128193519711824131e-03,-2.103876549908161725e-03,3.017793236420844225e-03,-5.171273401116597938e-03,5.396823426511542475e-03,-1.206994039239475246e-03,1.496079635113133077e-03,2.821031839992261397e-03,1.470900064148313209e-03,5.417117883385458689e-04,2.095128676387369646e-03,5.209197150115626573e-04,2.727036350711921266e-03,-3.642503119835736446e-03,3.499110737359533395e-03,3.832976193384123693e-04,9.831096952959516959e-04,-1.704145359794928018e-03,-6.207540362669472685e-03,-3.737828745947696738e-03,-3.998212098625517595e-03,-5.196079521713711444e-03,4.392219882483388606e-03,-1.420680150966481363e-02,1.048015765946475573e-02,1.082265125476537630e-02
-2.420651649484744858e-03,-3.309368831275344598e-03,-3.954258984806655053e-03,-5.196517020422794855e-03,-5.668670461123747478e-03,-8.383511482248650476e-03,-8.589858548947417599e-03,-4.867845300539527277e-03,-4.663838289504529735e-03,-2.612437780071426296e-03,-3.174464378898037183e-03,2.492063491050704096e-03,-6.037438237392366350e-05,-1.820623058178078187e-03,-1.620918463870125363e-04,1.005378883430375426e-03,1.786771405689595348e-03,4.056744542014905329e-03,-8.356588212734142665e-03,9.626391850290991897e-03,9.186869177570340444e-04,2.113244831155485382e-03,-7.850854663132520459e-04,5.496069847120755615e-04,1.328658495883380504e-03,7.149978699307207603e-04,4.493020389988605531e-05,3.108116897030872936e-03,-2.861183348595828634e-03,2.893538625484479068e-03,-4.781612449199574210e-04,1.072827182992163028e-03,9.601830806932431898e-04,-9.401273029560757192e-04,2.369726691032691089e-03,7.701876636895713764e-04,-1.808492751482708178e-03,2.700457740378301059e-03,-5.113152930111609408e-03,5.084678989105572214e-03,-2.798513269411432810e-04,7.884029474621032443e-04,2.925639204220092503e-03,1.369778599135220050e-03,3.899172678682220027e-04,2.320838581069288153e-03,4.629691676391755229e-04,2.854443506163437897e-03,-4.098832174929578805e-03,3.107071825397763037e-03,1.752961711708495018e-03,-7.959596419912489263e-05,-1.276466421459310783e-03,-6.698379490410405826e-03,-4.388727279706901990e-03,-3.114416911696776726e-03,-5.771826125987708847e-03,3.900164469445666169e-03,-1.595330824324495828e-02,-1.129285572943363976e-04
-4.934072364800506710e-04,-2.377120084612135368e-03,-3.366647261637737473e-03,-3.870845472990201187e-03,-5.383469579862588603e-03,-5.632726015324289806e-03,-8.356280811192339647e-03,-8.788169422649332388e-03,-4.879763532983993381e-03,-4.786593652953034968e-03,-2.540092801416434821e-03,-3.140060772372661561e-03,2.460550687656235490e-03,-4.246791124703151157e-05,-1.822939114065280208e-03,-2.084074146910819551e-04,1.082419916224938196e-03,1.705595997254489562e-03,4.048211393780329868e-03,-8.342074265983072043e-03,9.555454686579213305e-03,8.041363954723196057e-04,2.214906378319230970e-03,-9.741143898671216503e-04,6.675417039241034797e-04,1.353469385704155837e-03,5.226272324104800845e-04,7.482817446008005870e-05,3.336824221243669605e-03,-3.282651632442140036e-03,3.244335354835046863e-03,-4.609000148005393564e-04,8.251553416650587091e-04,1.202046201931029640e-03,-8.210940293047278840e-04,2.086446775152547665e-03,1.078940317730208050e-03,-2.029128725208627360e-03,2.754608411239971300e-03,-5.382990782031471522e-03,5.433899524597989028e-03,-1.096704886870195116e-03,1.263129880687800452e-03,2.858486002385112867e-03,1.172368688106244965e-03,8.080915581655146070e-04,1.762442291523295870e-03,5.315442089561173882e-04,2.703309409988207974e-03,-4.875121670214225753e-03,4.487790255920721429e-03,3.476214058738018504e-04,-5.124311508938419367e-05,-1.729564130481127913e-03,-6.537796356373167320e-03,-3.685959542982642292e-03,-5.118890975018161767e-03,-5.895426346983721755e-03,4.111094564488471624e-03,2.042233080980085727e-02
-3.168503221060341504e-03,-2.182174787419903419e-03,-1.771408893867712194e-03,-1.371481368219785741e-03,-1.305451799243818054e-03,-1.274818357443204203e-03,-1.393389118624600246e-03,-6.093906074683745578e-04,-1.368387169627425376e-03,-8.081562742104216003e-04,-1.786761565408653482e-03,-5.854933340888771954e-04,-1.419798560024809839e-03,-1.253014391474686863e-04,-4.468593525808182455e-04,-3.417464203230316739e-04,-2.116978007545675556e-04,-1.920297805431273660e-04,-9.542834336352489085e-05,2.622014326326333779e-04,-2.246441384458390533e-03,7.530486709215616654e-04,-6.006777321945543178e-04,-5.391437941461558976e-05,-1.692909986595460747e-03,-3.752617516564334902e-04,-8.419529255370735007e-04,-6.998587875186071091e-04,-3.613645614165101553e-04,4.244666562065892547e-04,-1.093950047453718473e-03,5.725175223951524525e-04,-2.356567593479103105e-04,1.527800666540921688e-04,6.043132881412451160e-04,2.150995468441249767e-04,8.420498958008122052e-04,1.374745598354626180e-03,-1.676840713608023880e-04,1.160881122266868614e-03,-9.079401066147815488e-04,1.419055962432851526e-03,2.482739063889033036e-04,-3.610375168081211795e-04,-5.011889029629763761e-04,-9.171891525158890274e-04,-1.069410123771070238e-03,-1.076992035014450897e-03,-1.876960628116560717e-03,-1.342111253061754710e-03,-2.457255013493961793e-03,-2.120974645637148208e-03,-2.258703704450941516e-03,-3.888994942972618177e-03,-2.148870995583610985e-03,-4.402333563271981602e-03,-2.779407336990035934e-03,-4.988600462058520937e-03,-2.396202121650401178e-03,4.097051456163268391e-04
-3.521894792931759555e-03,-3.664959096332126055e-03,-2.441863686872895647e-03,-1.637696576290882753e-03,-1.075959968916496328e-03,-6.522778385261458062e-04,-5.582403334107933265e-04,-5.233450956390738474e-04,9.217864962248220433e-04,2.986608276057348826e-05,-1.635937739502816879e-05,-1.140659904583796787e-03,-2.263322943516592992e-04,-1.076005145219301315e-03,-6.931983793503176646e-04,-4.006722641548311216e-04,-1.332177995288707172e-04,-8.945740012232758520e-05,-6.067572658326149046e-04,-4.933962351538501720e-04,-2.649357364146353775e-04,-1.177367632833370686e-03,-9.863588995253260838e-04,-7.218579453504285915e-04,-7.714941585056650378e-04,-1.646746308748268852e-03,-7.212811528634748568e-04,-1.282831456478983638e-03,-7.869102488715106793e-04,-5.519150537549402137e-04,-8.026100690849852248e-05,-7.515654045004619256e-04,1.560403670497486717e-04,-4.182948241205806331e-04,6.648508505775467767e-06,5.638303253046116721e-04,1.252117024447754062e-04,9.932233505342321755e-04,1.251589715956614741e-03,2.458794215090150917e-04,1.085039061894229858e-03,-9.447493390285611804e-07,7.276353748935540482e-04,-1.371759040942800592e-04,-2.631886662636603738e-04,-1.412352125061195089e-03,-1.838354289136080039e-03,-1.402054423517996948e-03,-2.162385027936840516e-03,-2.334876904584539271e-03,-1.315728270916404277e-03,-3.470261426586496254e-03,-2.644779251305833228e-03,-4.711524898099919874e-03,-3.256080932498526485e-03,-3.125490502654653009e-03,-3.774625471776601494e-03,-3.655956812472428447e-03,-5.755112471323253591e-03,3.456650614462350446e-02
-3.776084921583713720e-03,-3.553566342515273278e-03,-3.641557858170304043e-03,-2.537186107737444268e-03,-1.599914863120012335e-03,-1.027744019176733909e-03,-7.171492354376653904e-04,-5.400612752494634043e-04,-5.319072182108152769e-04,9.215065476643527747e-04,5.594394212718882721e-05,2.335055838834046736e-05,-1.257593183748629152e-03,-1.725679263391890475e-04,-1.106244556145218787e-03,-5.862501885094677668e-04,-5.003886829849548811e-04,-1.505869459794676899e-04,-7.461353019426674403e-05,-6.120953942866032586e-04,-3.804510110115266177e-04,-4.410535893922645475e-04,-8.950104692073727278e-04,-1.171298424569435469e-03,-8.781403398163273311e-04,-6.117628381058707980e-04,-1.672148667017656857e-03,-7.915879024105055423e-04,-1.183237636734192893e-03,-9.343025089339899222e-04,-4.813437121074619351e-04,1.069481601603797603e-05,-8.388620547079268883e-04,1.512548328858859638e-04,-5.230929682010480473e-04,3.006724784555638345e-04,4.955898329374408637e-04,1.816503519066701695e-04,3.983752002932313481e-04,1.507597265515585490e-03,4.284887540198744054e-04,7.987876463501643841e-04,9.441197335563723478e-05,9.952818025168543893e-04,-3.750175367592638851e-04,-3.286614640161076044e-04,-1.546502008337222785e-03,-1.578396639618720324e-03,-1.884464577168229200e-03,-2.273897783448585504e-03,-2.454270279906985326e-03,-1.993499377838819399e-03,-3.227811859232187271e-03,-2.404507953232514362e-03,-3.990160741583878914e-03,-5.016897156845796096e-03,-3.928868629631303983e-03,-4.293961860549449193e-03,-4.011779521342941947e-03,6.369314808603447273e-03
-4.132344643227228026e-03,-3.729590129437559270e-03,-3.531847116904677630e-03,-3.677310070520000036e-03,-2.440705017343729362e-03,-1.761616481686723414e-03,-9.766342559268147757e-04,-6.683653630005384570e-04,-6.010234689283370331e-04,-5.628823558720310715e-04,8.873852619162092906e-04,6.571974559347310940e-05,3.636200442297311158e-05,-1.156523756279000592e-03,-3.074299488641208614e-04,-1.000840169151902791e-03,-5.877007377272316533e-04,-5.699095077424491673e-04,-1.053520159193661437e-04,-1.732464527030043162e-04,-5.727325628503080867e-04,-3.653918420891066822e-04,-4.729599198925522776e-04,-9.990304727811563819e-04,-1.233562858417681235e-03,-8.029438857242492339e-04,-6.009667702736962592e-04,-1.643512038284693525e-03,-7.199639346308567625e-04,-1.387549662652334988e-03,-8.267355231703736596e-04,-4.176509858607294653e-04,-5.136507297248343678e-05,-9.769909522118144524e-04,3.245222360006382967e-04,-4.680385696656996428e-04,9.429242206326480158e-05,7.973401731663527369e-05,7.972781626736912550e-04,1.202176836705525208e-04,1.468259582174424524e-03,2.468781180215323429e-04,7.610113437464972180e-04,2.002994769589582240e-04,8.993760087605375594e-04,-4.814270135159762177e-05,-7.808664269221799684e-04,-1.784905260073637581e-03,-1.665361774758347723e-03,-2.011287090174708036e-03,-1.238923429496047515e-03,-3.848469098537250603e-03,-1.623714766572746313e-03,-3.198988683341050243e-03,-3.124421707450968956e-03,-4.636676020588525841e-03,-4.163022151350834373e-03,-5.583195014745684706e-03,-4.815663109629875899e-03,1.427960092399969613e-02
-3.998975358857509779e-03,-4.129340463981905421e-03,-3.783057926463693349e-03,-3.547136843201546558e-03,-3.693844713953993528e-03,-2.537340696283359870e-03,-1.618365532044381723e-03,-1.001649330621116061e-03,-7.259587375011599319e-04,-5.527442579695414316e-04,-5.515363626338186300e-04,8.392209453169398575e-04,1.015898033893672994e-04,-6.341576710048664911e-05,-1.092665736303317404e-03,-2.522568995957661709e-04,-1.055310709764453432e-03,-6.241705701541532285e-04,-5.266865441854550042e-04,-1.599043364647108215e-04,-9.306570644689561513e-05,-7.122651632498456196e-04,-3.066450592912263093e-04,-4.034446826204079344e-04,-1.068540033309622189e-03,-1.126006936022317089e-03,-6.553811370511072442e-04,-9.220523406856986470e-04,-1.592925445626384344e-03,-7.582574693505062967e-04,-1.260856768138135650e-03,-9.902031778485267510e-04,-3.717078407222600221e-04,-1.769763882888007647e-04,-9.201827466927376634e-04,3.030867478158209231e-04,-5.721627652157366701e-04,1.973652963894708735e-04,2.653362028708538189e-04,1.431197811412280457e-04,8.448989649695263365e-04,1.020433505652113557e-03,6.615344309331571858e-04,2.945889024755480473e-04,4.569515824907149871e-04,5.853896091524964183e-04,-4.764113673009300032e-04,-4.173208018146828957e-04,-2.054122993578213433e-03,-1.980237683383806284e-03,-1.508095191366898118e-03,-2.893849437533436986e-03,-3.041722463184294914e-03,-1.679351800585450515e-03,-4.397241484835757996e-03,-3.047057522715918877e-03,-4.800831692189227139e-03,-5.243413116294349738e-03,-6.307841759766441396e-03,1.470529502413693394e-02
-3.037051931579756725e-03,-4.004330935549900959e-03,-4.225634830325688228e-03,-3.789739240469229466e-03,-3.545876634166598030e-03,-3.660608918399988095e-03,-2.573443789944560196e-03,-1.682138002559476191e-03,-9.575744301489191868e-04,-7.624938082573368657e-04,-5.120380972875658403e-04,-5.839213367616958358e-04,8.492073995946179633e-04,1.834212345240979409e-04,-1.265272083842109319e-04,-1.148576756347110053e-03,-2.853755818544013957e-04,-1.042035624404549516e-03,-6.946491419400135448e-04,-4.647253166007386067e-04,-1.399309634504307875e-04,-1.674356748898401246e-04,-5.738399602672482379e-04,-4.119292117177990602e-04,-4.559019739572662210e-04,-9.514678085592086308e-04,-1.264437040675744656e-03,-7.628035433334958652e-04,-7.052050857720221699e-04,-1.714656338316688415e-03,-7.599209816282954423e-04,-1.183684994509251595e-03,-9.235467484673072535e-04,-4.452849526829925539e-04,-2.748394695406159447e-04,-8.263438660317504354e-04,1.240540973743404585e-04,-5.654102375571681870e-04,4.641401113761632136e-05,3.773552421054480023e-04,1.216777424532721554e-04,9.490011667720985077e-04,1.145674965309190175e-03,5.546058954171601300e-04,4.785495900688574791e-04,1.880809792128626523e-04,1.644382103755858077e-04,-4.203008445383926944e-04,-1.681186608666047184e-04,-1.933823922812977821e-03,-2.309092135225876939e-03,-2.272722270542815171e-03,-2.401380185769030635e-03,-3.115826985950686037e-03,-3.025680760744693144e-03,-4.392892901934596257e-03,-3.008122300236462654e-03,-4.588818573580876088e-03,-6.970280934997620699e-03,1.686993560713017856e-02
-4.919749350834510919e-03,-3.039437341272753414e-03,-4.127434699667284317e-03,-4.140954201303033780e-03,-3.763676870915628764e-03,-3.615293989443946372e-03,-3.737529685413670984e-03,-2.498789131964608470e-03,-1.732203117326100742e-03,-9.732185241529551752e-04,-7.419162459027927193e-04,-5.269785116556744212e-04,-5.308897569302261721e-04,8.231378887369550585e-04,1.491688649015545699e-04,-4.278498121364047871e-05,-1.112116670636010716e-03,-3.286678075027138816e-04,-1.076359987764488949e-03,-6.967017847661605666e-04,-4.946688439713624970e-04,-9.497102863145824342e-05,-2.587771822778800381e-04,-5.206320824345079352e-04,-4.973426655006579549e-04,-3.008693606413500037e-04,-1.148946814939232498e-03,-1.112688300380612876e-03,-7.757166080559122325e-04,-7.048740840177994188e-04,-1.654140794128226410e-03,-8.296649104679959487e-04,-1.335301463523526962e-03,-9.180802213804466812e-04,-3.312797972156848758e-04,-2.195833512025503872e-04,-8.971636222638188982e-04,8.837871904456783792e-05,-6.054319317337741434e-04,1.625965710137769655e-04,2.977717503756676948e-04,3.359029184927628687e-04,4.937288535017676609e-04,1.349949600310171608e-03,2.007912891491666285e-04,6.393321409867554162e-04,-4.599353833667432242e-05,5.965088878545391719e-04,-5.327642834817043890e-04,-5.390370419216490095e-04,-2.259315739057122813e-03,-2.214446627365240176e-03,-2.373672228997501365e-03,-2.558293010487890182e-03,-3.480542273521952581e-03,-2.496352096532304145e-03,-4.289556064120929844e-03,-4.458275008599317697e-03,-4.976411680827255712e-03,9.876482268914710608e-03
-6.238990272888927414e-04,-4.960950871733554694e-03,-3.055720963834520059e-03,-4.132171378059604043e-03,-4.195794253915337627e-03,-3.892981146303626117e-03,-3.508029424369995056e-03,-3.758376756312187261e-03,-2.498872842612728795e-03,-1.698760907712684644e-03,-1.034080246206202499e-03,-7.273031209253683505e-04,-5.142733245621625062e-04,-5.001306185189117581e-04,8.470952838176251838e-04,6.792291352468870995e-06,3.673485706360079899e-05,-1.221074265085135861e-03,-2.709295310144101718e-04,-1.036927730917216062e-03,-6.971316724731173699e-04,-4.350005310755429740e-04,-1.685836468403927534e-04,-1.945878602149865892e-04,-5.134900398990710447e-04,-5.909463331346046086e-04,-2.966178073089980227e-04,-1.189868321612962132e-03,-1.089856987164165240e-03,-7.990584743977663558e-04,-7.328120851584012758e-04,-1.802120124821465601e-03,-7.119902868085940372e-04,-1.346874335059116594e-03,-9.686560704067191142e-04,-4.375940047402070588e-04,-1.191420868927253474e-04,-1.120567214104544688e-03,3.130784095475098376e-04,-5.553303254957544111e-04,3.775805980638409368e-04,2.056699429979647476e-04,1.040399239743603318e-04,5.813373116169925393e-04,1.122083770815980337e-03,7.090097814693306806e-05,5.470821681156255376e-04,8.747446199124400375e-05,3.543299845008919579e-04,-6.579203605091094248e-04,-6.342557179125298981e-04,-1.727596268583641952e-03,-3.200702221428029706e-03,-1.945474293711996552e-03,-3.430949678317279927e-03,-4.352890527501410492e-03,-2.078070424707558622e-03,-4.630286151659006484e-03,-4.500029399199461690e-03,2.468062362411562252e-02
-1.155225927444192583e-04,-6.858024229819438544e-04,-4.988860252053113099e-03,-3.078338368457690481e-03,-4.182714357897514279e-03,-4.164954264315989460e-03,-3.862023717138039942e-03,-3.618984309666885887e-03,-3.732962368702571771e-03,-2.511973913659352846e-03,-1.663781740068025553e-03,-1.049453997482698324e-03,-8.460933074844654254e-04,-3.892310212117553619e-04,-6.103741005939070183e-04,9.370436874317650830e-04,-4.368638965752165703e-05,-4.267206574112805044e-05,-1.098978945864197533e-03,-2.431064680578151485e-04,-1.131879630495047579e-03,-6.761759233769627786e-04,-5.672218825432073742e-04,-4.606841902427455436e-05,-4.391141180580892216e-05,-7.048571124804556449e-04,-5.582513668545367172e-04,-2.536442236284306871e-04,-1.139463160530926073e-03,-1.346422046877626460e-03,-6.253780822412950474e-04,-7.886051050388056182e-04,-1.793419654489143743e-03,-7.658298062983777714e-04,-1.251752911035604885e-03,-1.013715726645309997e-03,-4.720605050306115181e-04,-2.367265062894784977e-05,-1.026657132237114101e-03,1.892909332364043316e-04,-5.061583992300651728e-04,-1.425483010753126484e-04,2.008522267342866268e-04,3.774176652844179504e-04,6.583753518897871634e-04,1.230162490480087674e-03,-9.390574208210520008e-05,6.685628787297469939e-04,-5.593281179954503199e-04,3.271604255043871552e-04,-8.180620835369058425e-04,-7.399159796172165076e-04,-1.945885360284343004e-03,-2.609321101791667059e-03,-2.733633324905283737e-03,-2.861897757070299645e-03,-3.869799888260765010e-03,-3.573751152308071981e-03,-5.658356223071084844e-03,1.262267305158711744e-02
-2.275067409124101867e-04,-1.649459034630082639e-04,-5.781747640591037305e-04,-5.084061006318211541e-03,-3.052310119382610921e-03,-4.151737028004094665e-03,-4.284557133755828064e-03,-3.885435929868232777e-03,-3.650583423225567219e-03,-3.759655646372489154e-03,-2.516003999321251346e-03,-1.667518640135675365e-03,-1.002271235328829665e-03,-7.169915298895633733e-04,-5.851329959948827408e-04,-6.194857527431127647e-04,8.714888396847720329e-04,1.621205136836296491e-04,-3.266710986994833500e-05,-1.180219981847515547e-03,-2.546594907057420066e-04,-1.138533490194618353e-03,-6.547210978806956632e-04,-4.996633929750842395e-04,-1.655325755984259648e-04,-4.470010949968363504e-05,-6.084606526423790625e-04,-5.565412367636664217e-04,-3.800092639340403675e-04,-1.188288545120563941e-03,-1.113967476421002037e-03,-9.833189652220376657e-04,-5.323508544265124088e-04,-1.884309574149304082e-03,-8.150830142947898278e-04,-1.266864723445521512e-03,-9.053837303130914159e-04,-4.537915665144867899e-04,-3.748634980256569204e-04,-7.749616866507085238e-04,-2.055947333653357072e-05,-6.030361819697591845e-04,1.827419766655266555e-04,1.671536946793169903e-04,-8.134866622379729185e-06,5.570365815801093861e-04,1.336760380843930382e-03,-1.732036538735400044e-04,5.773127492075605383e-04,-1.071223368740236668e-04,3.393767515883311338e-04,-1.637867152368193248e-03,-9.045772454480277298e-04,-1.630206054099313066e-03,-2.557921727209546813e-03,-3.768012278538010636e-03,-3.734120295838089330e-03,-4.480641182904557436e-03,-2.753952731114813705e-03,2.770301266574649174e-02
3.937671309410513062e-03,4.228262794376175075e-03,4.842361088956104523e-03,4.350209108915178806e-03,3.839439761969217369e-03,4.409427546820575416e-03,5.355019533389913759e-03,4.185002032624280180e-03,4.809684671809994622e-03,4.215196358585920552e-03,4.866465039985942882e-03,4.272501620741244593e-03,4.337820392457406027e-03,4.465692956553275229e-03,4.246514633238210844e-03,3.941572466675337220e-03,3.097300742288752479e-03,3.759102734783578877e-03,3.804539354381927026e-03,2.518261412084216513e-03,1.371261772945193448e-03,3.225414070271178865e-03,3.972228131322690092e-03,2.768714958813315812e-05,2.950317912208415619e-03,2.092773581562049848e-03,2.054765109356144429e-03,2.400670451416384455e-03,2.576491858200835356e-04,7.956502428206412665e-04,7.534622440029144566e-03,-4.138644617007872228e-03,2.106322070292720745e-03,1.375035002630234718e-03,2.637272388923278532e-03,1.032259951101331804e-03,1.414254512797764310e-03,1.521169235003090071e-03,1.785565007497139220e-03,1.951736883902685179e-04,8.350762752393465311e-04,2.384496206510054229e-04,1.255755708225786286e-03,-7.547064162075049374e-04,3.887451781494739248e-04,-7.652641363379380742e-05,-8.400687825237927470e-04,-1.482689543330026729e-03,3.045057120006126015e-04,-2.496646499483392949e-03,-9.007964376666412502e-04,-3.695622130047374315e-03,-9.976915330259321889e-04,-2.577840344716453812e-03,-2.098648739338525998e-03,-3.237849459802631408e-03,-2.067574387755372490e-03,-2.723625851385051352e-03,-3.905217803104293894e-03,1.169009331568893369e-02
4.815364197587164441e-03,4.553645076745072365e-03,5.104394120843439367e-03,5.767668767563527595e-03,5.171561105997994970e-03,5.657739364111966443e-03,5.870861392206151892e-03,7.087035993220341251e-03,5.817396887948986760e-03,6.552175857541964882e-03,5.819136634927952155e-03,6.347587740467300343e-03,5.571698153217453410e-03,5.547765318998962303e-03,5.540048637204525797e-03,5.325663552658816725e-03,4.710934202110590371e-03,3.799271055097838950e-03,4.271355868772036199e-03,4.586067805343241842e-03,3.021419209315237032e-03,1.810391465484081789e-03,3.825609272275847916e-03,5.110672788478647956e-03,1.069219882331785593e-04,3.596231005679895436e-03,2.598949577913792480e-03,2.303251852528889147e-03,2.973683631739164855e-03,5.871812553274037387e-04,9.495496888356652100e-04,9.233807070493800159e-03,-4.818687326756510188e-03,2.875244928807589757e-03,1.865269381274543966e-03,3.149634497856198222e-03,1.386578236889029732e-03,1.955642781582751701e-03,2.250470360568071135e-03,2.050522454989764983e-03,2.917272531234280683e-04,8.225622294352561564e-04,6.741928259532751740e-04,1.727830308200350084e-03,-7.303888065361846278e-04,4.375657549384223796e-04,-6.871416795092579431e-04,-8.468212204395671964e-04,-2.365866658230895460e-03,-2.861447049428760491e-04,-2.201817620677898411e-03,-1.202291691653009035e-03,-4.148429639450911845e-03,-1.818335241965531729e-03,-3.036300111935699014e-03,-2.457705158840389759e-03,-2.448420483004541074e-03,-2.695021244796822271e-03,-2.669547707667533059e-03,2.159411957831526216e-02
4.890141592064464054e-03,4.737235853140173321e-03,4.544667605141632614e-03,5.165159525413458297e-03,5.647340934434242482e-03,5.158175054098206903e-03,5.684387670481022212e-03,5.766299874729791976e-03,7.061545416901868731e-03,5.851615801661036280e-03,6.478040970642813534e-03,5.721812416302408076e-03,6.377464936095649135e-03,5.523932545375580261e-03,5.480851907590916609e-03,5.552374026296442999e-03,5.264169814194391561e-03,4.655467224238046473e-03,3.898528528362441535e-03,4.202351748428615093e-03,4.615340219085785865e-03,2.866475291610614401e-03,1.861631870934054135e-03,3.895987890607840575e-03,5.093567329018337114e-03,1.758048658585145523e-04,3.479869691612273112e-03,2.522907995845315946e-03,2.445592168990565803e-03,2.918354867476535223e-03,4.863731778922219086e-04,1.037408671762147724e-03,9.130239088775273654e-03,-4.617338808734322911e-03,2.804278292644701766e-03,1.620919329943191220e-03,3.129834699660177192e-03,1.443242980030856343e-03,2.119735932977686622e-03,1.711470829695361552e-03,2.433779910598490338e-03,2.831717349602806536e-04,8.095562457978489924e-04,5.520105857760692746e-04,1.419048376863165251e-03,-3.697990791563370580e-04,2.424632342758188230e-04,-9.311342781548775146e-04,-1.306987600674141842e-03,-1.663255190789118430e-03,-7.788632644487161532e-04,-2.968506755386918477e-03,-4.988524308409790367e-04,-5.381392492784027592e-03,-1.700551761809583964e-03,-2.557476344170940379e-03,-2.677141153050332893e-03,-2.948715402106970741e-03,-2.586013101194244677e-03,1.371338770189365307e-02
4.768839153728772311e-03,4.816099095278329398e-03,4.746039991544393107e-03,4.528757001554014304e-03,5.022311584220009832e-03,5.762990469864441578e-03,5.081662478183491746e-03,5.597540205407898831e-03,5.791659704241019883e-03,6.979510454046976634e-03,5.832626550752974086e-03,6.405343409052029202e-03,5.620537117736534166e-03,6.422077912253017044e-03,5.603223549107723758e-03,5.385174195104391361e-03,5.598355394282284944e-03,5.004300206264620555e-03,4.824050614925157535e-03,3.754713036542395212e-03,4.345526090300807359e-03,4.383285688745144903e-03,3.091611641341345668e-03,1.764818000216520407e-03,3.862592142024042895e-03,4.952383125790737507e-03,2.161873480578790224e-04,3.631778440790665256e-03,2.600654101483568931e-03,2.342787248688936019e-03,2.928961216525180489e-03,4.694042254281176677e-04,9.319501415869053604e-04,9.101896214405800350e-03,-4.685256540410768708e-03,2.885042406966130488e-03,1.628610416126335817e-03,3.108438568095354872e-03,1.425437301799085607e-03,2.035421568747152604e-03,1.996467146509950906e-03,2.113031372380059104e-03,1.542982914380792146e-04,1.109413692542919778e-03,9.720093855518310724e-05,1.949569570299090459e-03,-9.305206095148507023e-04,5.139305885263342278e-04,-6.875238753978714845e-04,-1.538599454213926757e-03,-2.273218464483176774e-03,-1.583997614683911755e-04,-2.885650721302585389e-03,-1.235930215733853192e-03,-4.982430952965424820e-03,-2.359578195526370031e-03,-3.347553414323377764e-03,-2.660512748274360736e-03,-3.049990064668598420e-03,2.182527400890063238e-02
5.430004744561784183e-03,4.727886509308532569e-03,4.858034127339545816e-03,4.660297167827336107e-03,4.490812014650453002e-03,5.061022641033625577e-03,5.637223469245260070e-03,5.207764265150060905e-03,5.464359178558919616e-03,5.809577768723879487e-03,6.918102702124126827e-03,5.782821716719749143e-03,6.432354059088701316e-03,5.583372383351636534e-03,6.341947153307895581e-03,5.432273554299492206e-03,5.550029938396810504e-03,5.448639951021550486e-03,5.051744082809495745e-03,4.762346330816807742e-03,3.757867501524509660e-03,4.335371621614955880e-03,4.436032261415234421e-03,2.974468444490847418e-03,1.876842132878682543e-03,3.889327900473178376e-03,4.812296424096560582e-03,2.303841806589020721e-04,3.708873541382440298e-03,2.416321644480765984e-03,2.512659275823280868e-03,3.064594122481528304e-03,1.877565682725071449e-04,1.172264985735721899e-03,8.966784508806479800e-03,-4.926872880828221668e-03,3.029361793652014714e-03,1.622848479648919843e-03,3.009880053665805241e-03,1.463734502839044230e-03,1.911132315159324050e-03,1.866837439570649725e-03,2.407192309413494664e-03,-8.753481663059647087e-05,1.055729533782914613e-03,7.925822181295281749e-05,2.034156324721992856e-03,-8.937977700108142194e-04,6.027814354303694149e-05,-8.274387320457728514e-04,-1.389475629887309887e-03,-2.464677146532306441e-03,-4.788696079270993796e-04,-3.168159142711975736e-03,-1.767686847121906560e-03,-5.733411067829253388e-03,-1.278358989192775489e-03,-3.492571062103034391e-03,-4.048662171777576285e-03,1.976226283931914809e-02
5.204278875108978020e-03,5.385376902303258898e-03,4.709281009547844343e-03,4.784725599558776847e-03,4.694962564353615496e-03,4.502547242687580074e-03,5.022743484393032282e-03,5.614030435432182387e-03,5.142183676887462571e-03,5.470773279123681589e-03,5.714827988824356178e-03,6.923444647903563218e-03,5.790278644864376573e-03,6.445255817290080659e-03,5.526682873296118355e-03,6.327560907082641073e-03,5.428017664816767868e-03,5.420778844600059390e-03,5.535755064087579704e-03,4.966649804066352626e-03,4.700344147412341411e-03,3.791220277285861466e-03,4.243771012709461436e-03,4.436037713821218594e-03,3.020275917648064089e-03,1.951296094888935618e-03,3.805914535758386959e-03,4.866853830485059172e-03,6.417789910620447886e-05,3.689706799568337383e-03,2.474382535220021745e-03,2.395754839475017651e-03,2.869636961471254671e-03,5.232761399526094336e-04,9.746934210683865386e-04,9.009383490042571774e-03,-4.835850803386018346e-03,2.656712485990151643e-03,1.806711754289642372e-03,3.179889371860283431e-03,1.462244673634632581e-03,1.759341326673550610e-03,2.104859874693522630e-03,1.644795355266012249e-03,4.915351347585742835e-04,8.602625989653115779e-04,4.106759387019294407e-04,1.752449471068773289e-03,-9.209013584271191592e-04,1.093011490865241345e-04,-1.464671570189863496e-03,-1.085121708289941761e-03,-2.771658545282831669e-03,-3.418018028000332402e-04,-3.554594176862088672e-03,-1.764503383982277997e-03,-6.657143091817090304e-03,-1.292977537834212988e-03,-4.515451608152946592e-03,1.970468635565571919e-02
6.219545923789092032e-03,5.195021049861324458e-03,5.353189402663184430e-03,4.743514613733229059e-03,4.756721443028404973e-03,4.670617983262955603e-03,4.473557304165459714e-03,5.021954983983123628e-03,5.557879950222411117e-03,5.163115868831536469e-03,5.410468894158961158e-03,5.747806659700664157e-03,6.865419630652672654e-03,5.721520718647911917e-03,6.317872243540861507e-03,5.616695960634250639e-03,6.164211633713658975e-03,5.475826509628413732e-03,5.346187057980368411e-03,5.487137114737109141e-03,5.065391497274610196e-03,4.575936572093769993e-03,3.823984112508715776e-03,4.171567332689177579e-03,4.421632365229862839e-03,3.017511969599243841e-03,1.869443380558681285e-03,3.802455235724404997e-03,4.930552413748829840e-03,2.241439030328267097e-04,3.437899394533854708e-03,2.652883313738685616e-03,2.366222240327864237e-03,2.800957510721885976e-03,6.012701900281522795e-04,9.017419943716950765e-04,8.836522540649866322e-03,-4.914156596212701858e-03,2.765034236952939022e-03,1.827076231284888988e-03,3.010815215163261793e-03,1.413084385845340052e-03,1.886897317163783528e-03,1.861913828072728205e-03,2.280329168353461156e-03,-1.525997009809367693e-04,1.182768611857401607e-03,5.440197362235725949e-05,1.313865903757526063e-03,-6.919188644111186641e-04,1.545684323996817083e-04,-1.212901882208452728e-03,-1.854893606797520470e-03,-2.267052001206058560e-03,-8.689649635763997248e-04,-3.864400995321872270e-03,-1.631588446522087756e-03,-7.349979142489942996e-03,-6.428375386960637206e-04,1.512783997385827930e-02
6.646708654883410824e-03,6.214374783968268715e-03,5.122527241275658290e-03,5.377360831618735980e-03,4.660663270052714351e-03,4.749054158237809957e-03,4.691873354967282181e-03,4.365881485177158274e-03,5.045631537322235391e-03,5.562959052508418753e-03,5.130372363169770529e-03,5.425974113028877131e-03,5.636661678301495108e-03,6.841769199316642333e-03,5.730685062956451803e-03,6.212420889103916974e-03,5.664594334461141301e-03,6.133489250049835653e-03,5.434180144448377998e-03,5.259052664560325344e-03,5.469407875807782982e-03,5.097660187834289307e-03,4.550992234995675928e-03,3.804916174356719801e-03,4.141682236920655666e-03,4.383620461277996233e-03,2.912180889974208802e-03,1.887315921649500294e-03,3.936173217237931912e-03,4.746948613413743377e-03,2.082743290993433090e-04,3.486949069549075738e-03,2.474986073885187664e-03,2.462191491871604070e-03,2.998200328342358421e-03,5.082456359827596708e-04,8.215408076690054046e-04,8.915967036534548293e-03,-5.159779124504643329e-03,2.955258548156866789e-03,1.406432204127045773e-03,3.644040281019258944e-03,1.067732220591680178e-03,1.792800782928104936e-03,1.876805719468157413e-03,1.982569322163043636e-03,4.120298324690870539e-04,8.304362186831998468e-04,-1.618201461348367542e-04,1.389647285600887489e-03,-1.014090500848282379e-03,-1.044879164429590680e-04,-1.149213735824571687e-03,-1.723855817786928068e-03,-3.139594175456609203e-03,-7.536902041924372665e-04,-4.351696347988051085e-03,-2.397319133523250802e-03,-7.130863839473962004e-03,2.967329463335952391e-02
6.712984177071635097e-03,6.591918284752711424e-03,6.151868649909048893e-03,5.121353220355055746e-03,5.355256595238191281e-03,4.642615350286475283e-03,4.765224711184230626e-03,4.626377622719849737e-03,4.328959519770215862e-03,5.022767203193502852e-03,5.463046226454039596e-03,5.159915476962732492e-03,5.357317139926062385e-03,5.692928264281410869e-03,6.743743537604596217e-03,5.759086826528085623e-03,6.196516527727634165e-03,5.583995756690766921e-03,6.091374204974718716e-03,5.318121733427071986e-03,5.378225775757237460e-03,5.378349589099024920e-03,4.886843949545500478e-03,4.697142723221425960e-03,3.762347776267199045e-03,4.167839241020234592e-03,4.380141020366239667e-03,3.012067191867395452e-03,1.729778397425295322e-03,3.804894983079549261e-03,4.981161182749833070e-03,1.182864785325865207e-04,3.555288677705985279e-03,2.598263567068212661e-03,2.316894676884903928e-03,2.969816447975436383e-03,2.966182587632814846e-04,9.415701272443889342e-04,8.942022007827826052e-03,-5.110073847272022206e-03,2.641268048786134855e-03,1.779131522357209772e-03,3.188194782105441705e-03,1.053710966495022706e-03,1.979183942031321249e-03,2.278777783788325968e-03,1.626390047958035023e-03,-5.590547231315669871e-05,6.325588578001909833e-04,2.973633154009786960e-04,1.178756712688969243e-03,-7.280853231120534494e-04,-2.288752037368396209e-04,-1.009859517953477521e-03,-2.784296779465417031e-03,-2.451518030123921339e-03,-1.243498622809996717e-03,-5.230806817803027725e-03,-1.654043901292096084e-03,9.793856348700877290e-03
5.402465683193114453e-03,6.722978266550702631e-03,6.581752784618416854e-03,6.077207382505877935e-03,5.136619017881491681e-03,5.276688621927586552e-03,4.616578872229579883e-03,4.782111029882438018e-03,4.587083485634481893e-03,4.320515397937977307e-03,5.014146739979494054e-03,5.523767210061830517e-03,5.026151807321307431e-03,5.429595242747897038e-03,5.645672107450836440e-03,6.648821000010387595e-03,5.689314243168908623e-03,6.228639774375752114e-03,5.529426669432515110e-03,5.949650898497726645e-03,5.429141348332613796e-03,5.285368302925340551e-03,5.373131093783799044e-03,4.995345341005351554e-03,4.596049589899048500e-03,3.704700147464654210e-03,4.132207668743486523e-03,4.464962697977629090e-03,2.957695292228411377e-03,1.776485919366406095e-03,3.695318808987316760e-03,4.994164019222845259e-03,1.572546764377024103e-04,3.573799523731796112e-03,2.225912303630793281e-03,2.556432885730910466e-03,3.004513255203076875e-03,4.401985121813913634e-04,7.696269429020636448e-04,8.886774710749605066e-03,-5.341079152623370851e-03,2.942879005872106862e-03,1.753362696909592381e-03,3.139619289494337100e-03,1.034491171994125986e-03,1.747928432863759532e-03,2.097922562113936022e-03,1.923036916132699796e-03,-4.471096195804996490e-04,1.305635939334408736e-03,-6.179321744697769694e-05,1.281510166161471545e-03,-1.198965847622465459e-03,-7.841079453739407306e-04,-1.380005397697169154e-03,-1.894032391664597159e-03,-3.625702700047781207e-03,-1.029063987261140661e-03,-4.637404045976318591e-03,2.357677878321916276e-02
7.340249686229234106e-03,5.390350021864029166e-03,6.647387988625686785e-03,6.512466322406802385e-03,6.081859319252463231e-03,5.102195659232700020e-03,5.270615958166263541e-03,4.543694379676006811e-03,4.772374960044990788e-03,4.536664856618803816e-03,4.395992126338164364e-03,4.891041361111653218e-03,5.487096138648709168e-03,5.066033829417593802e-03,5.379520158491098332e-03,5.534894177248592811e-03,6.683782867732479711e-03,5.606396260074854483e-03,6.186595647174015361e-03,5.519755432753672628e-03,6.040615868589384492e-03,5.376601828425312674e-03,5.121240987387916214e-03,5.407775602365919379e-03,4.973346633716188916e-03,4.512916193094430699e-03,3.808806192640120953e-03,4.130006106590173622e-03,4.375391903558207597e-03,2.990626294650099160e-03,1.696699479334912988e-03,3.744359268038662935e-03,4.971370635360693874e-03,5.288393882371754809e-06,3.621414906751867918e-03,2.413356662931125107e-03,2.391729843230043073e-03,3.094773379684669003e-03,3.706590342143367299e-04,5.727474479060093437e-04,8.962867117126769451e-03,-5.421186964568515051e-03,2.910700777225046047e-03,1.346461370765610023e-03,3.437565724061148777e-03,7.790296730854907566e-04,1.965398489322671936e-03,1.908074221258880846e-03,1.530585503394009308e-03,3.745628844280990855e-05,1.055656959226782725e-03,8.654306742806996478e-05,1.018226340576858496e-03,-1.816788125758723267e-03,-2.620514594583395543e-04,-1.658749089334757201e-03,-2.652390955613334253e-03,-4.140236733423451575e-03,-6.476363915392191689e-04,1.791293330471070006e-02
3.199015580672923825e-02,3.241381669943663169e-02,3.373946061186185175e-02,3.293756409992678463e-02,3.229473161857828595e-02,3.086104362676940494e-02,2.828816449191178320e-02,2.790538640853863772e-02,2.624888406401584134e-02,2.554806674765956048e-02,2.441946239206559469e-02,2.407270801523370141e-02,2.258788557952715742e-02,2.157932933080368779e-02,2.025117385932523328e-02,1.840709527182579630e-02,1.756768344096926518e-02,1.655295062746976048e-02,1.633011207626282324e-02,1.556080277162206517e-02,1.424020143647316237e-02,1.340951370418565214e-02,1.307564172509410871e-02,1.280198688746098101e-02,1.206801407480259138e-02,1.209938950148702758e-02,1.163289362891281771e-02,1.113901002727053606e-02,1.030547001347708637e-02,9.915293460312588764e-03,1.010879046852588420e-02,9.415132215642626687e-03,8.721829180309696380e-03,8.184067329543347202e-03,8.611246351406023555e-03,8.763508017492661548e-03,7.345147352363741271e-03,7.695882754093808474e-03,7.242155523945035048e-03,8.073499138106621231e-03,8.612762700667601565e-03,6.725497189452820171e-03,7.933931056774467042e-03,6.696305963929650128e-03,6.366711093147689807e-03,4.098916287298401406e-03,3.898438783707372166e-03,3.933201670333327793e-03,2.547893307219139744e-03,2.916386391284290103e-03,2.359628458048762881e-03,1.985306718143833513e-03,1.780115236112239869e-03,1.664040746005552131e-03,1.891165280851840038e-03,6.091582613266719425e-04,1.087104077146930532e-03,3.511043726121071081e-04,1.653872730454846590e-03,2.382809268041609710e-02
3.023687254168271749e-02,3.044891279796510183e-02,3.043458084114494117e-02,3.034179810164550073e-02,2.890852857978791837e-02,2.715501592361152863e-02,2.503899153910108324e-02,2.373183464294188749e-02,2.212112965213667085e-02,2.130218707522948257e-02,1.968941825490492376e-02,1.965985037739441041e-02,1.860982209573801630e-02,1.849700429348124717e-02,1.763366289389029298e-02,1.644765886048429882e-02,1.493985780032708842e-02,1.433176633716368858e-02,1.348431933805871626e-02,1.340581966599263715e-02,1.263316174202697151e-02,1.209436325272077346e-02,1.174790425419419346e-02,1.116405664407462209e-02,1.021645053923515498e-02,1.016697668250337097e-02,1.027977721332172002e-02,9.774065070004490235e-03,9.921357915411398165e-03,9.531309435166501753e-03,9.138441159429052177e-03,9.402191353144163932e-03,9.004418691217730766e-03,8.267707184061997422e-03,7.568727481664319461e-03,8.846377310582574302e-03,8.162087434117394971e-03,7.048320705999384234e-03,7.395725727382643395e-03,7.981714827706085091e-03,8.123448908720309197e-03,8.284436000556196639e-03,6.508111753950772058e-03,7.778002199969688384e-03,6.583258379578304370e-03,5.790354969473944860e-03,3.404967953659501258e-03,3.544949729169865043e-03,3.696335492531668473e-03,2.232335256659159425e-03,2.270427273056530287e-03,2.615805330132540789e-03,1.303390465760721198e-03,1.132524787428221789e-03,6.005022571921298348e-04,1.588146003538630025e-03,2.441517581740696016e-04,6.135707054066743930e-04,-1.048960857613271509e-04,1.884448045684306017e-02
3.095024638366409425e-02,3.179426781893050780e-02,3.196692788676813723e-02,3.078111570310855180e-02,2.983264800341632952e-02,2.740120169945709297e-02,2.589830844847875943e-02,2.268757891269940902e-02,2.159534320254757889e-02,2.082277068603559031e-02,1.879447762423204493e-02,1.891951434915026958e-02,1.817462442696558128e-02,1.775581642356685239e-02,1.788392919455188482e-02,1.711572476374595073e-02,1.576729231462700026e-02,1.377192641376184627e-02,1.333206702482195131e-02,1.269230200081906436e-02,1.217482208908723593e-02,1.193466970053736788e-02,1.141254459306205449e-02,1.064680482996561463e-02,1.063705555959094766e-02,1.057456671335871984e-02,9.764501679915311635e-03,1.004799555427373856e-02,1.021981823112515404e-02,9.480874655128276526e-03,8.956950734215294446e-03,8.786680145847778137e-03,8.346415747358929341e-03,9.099769086697226395e-03,7.876507386653179565e-03,7.665650283024207784e-03,8.171680640337375748e-03,8.153797807717019092e-03,6.716260971092652410e-03,7.751491726717531748e-03,7.603428019290675577e-03,7.429778027591256266e-03,7.270991398388385735e-03,5.674351254357399080e-03,6.731895268927041986e-03,5.437865979896359427e-03,5.117714062708340894e-03,3.063845476508674469e-03,2.786600750650427855e-03,2.754029666368997594e-03,1.796533883010564738e-03,1.776690886823402296e-03,2.128219171457977794e-03,5.879603666563044950e-04,9.604681067058049113e-04,8.472876481070501856e-04,4.902899084648766571e-04,-2.175346502740049121e-04,4.362702742735492887e-04,1.353790413565355948e-02
3.329674449006572723e-02,3.253574345940888485e-02,3.200900153308442603e-02,3.121981110066560094e-02,2.897355232136778272e-02,2.684011456684401442e-02,2.382704841801583026e-02,2.187943081420954186e-02,2.037749484045087156e-02,1.837625398705803118e-02,1.756904209208876716e-02,1.710736887847641788e-02,1.653421827335602168e-02,1.607294641263182222e-02,1.574400434584481354e-02,1.513405243192321795e-02,1.470877436958383314e-02,1.408275881236319138e-02,1.231089354771890999e-02,1.201394538983521949e-02,1.116303180861732448e-02,1.123994736333075624e-02,1.037785578759084330e-02,1.047091032759230912e-02,1.007143411006538106e-02,9.486317569683620776e-03,9.882244185749544316e-03,9.016345572185122462e-03,8.958725351916016141e-03,8.214516598352660653e-03,8.287506786737364531e-03,8.054787647971661455e-03,7.623529030824882126e-03,7.741143349428039264e-03,7.323156518185471898e-03,7.058528288490699756e-03,6.567559224775085421e-03,7.448585744789054837e-03,7.587708914913662492e-03,6.262610909032496898e-03,7.247079571106098198e-03,6.524091409268939143e-03,6.501242416936818362e-03,6.039109148722071954e-03,5.040412810991060956e-03,5.243193770839684777e-03,4.255088238402202246e-03,4.146194694211157925e-03,1.630454422010946952e-03,2.159782679268740496e-03,2.130495799142457115e-03,1.003820053564785956e-03,1.202663127912951581e-03,6.427764807439528523e-04,9.747913615151464033e-04,3.367707358882630485e-04,1.263573597570809607e-04,-1.649022801755266537e-07,-1.982148854485951651e-04,8.083656716043939247e-03
3.807581030052417659e-02,3.847390964595386043e-02,3.776317193499113822e-02,3.582070707200295245e-02,3.328766306214834408e-02,3.032390971921371595e-02,2.806242085393049340e-02,2.448018168493127505e-02,2.225015810637897412e-02,2.070611476074304264e-02,1.894362710731049143e-02,1.836147634719070137e-02,1.745983106243893801e-02,1.669281979050740716e-02,1.598864126100051769e-02,1.614219448356965514e-02,1.580444205571467434e-02,1.541504499621116839e-02,1.435588712263869554e-02,1.270804373423039743e-02,1.227790067472899101e-02,1.162658167242570754e-02,1.095317233796263071e-02,1.143106170373717374e-02,1.043341852898767470e-02,1.012227122131281916e-02,1.013124458696399582e-02,9.601719694594609139e-03,8.726430769529894965e-03,8.816183775465636155e-03,8.884538732620463411e-03,8.419816532190474087e-03,7.939562059572089284e-03,7.390172648234253142e-03,7.727014027257578938e-03,7.350464534753695447e-03,7.141986610956625042e-03,6.517845064154929174e-03,7.227672550996810767e-03,7.248187802590227470e-03,6.281004204204211454e-03,6.553590714783646964e-03,5.939584745618339129e-03,5.597217353694347933e-03,5.069401707580771174e-03,4.289101268322806707e-03,4.831352813989705196e-03,3.010243500784292627e-03,2.908789781014517548e-03,1.673074750771050018e-03,1.582382432249345057e-03,1.636163312963203470e-03,9.532065247392505943e-04,7.438595570877229923e-04,1.118435726351546192e-04,8.101707247008177242e-04,-2.983734878683356258e-04,-9.059931375869664620e-04,-1.679216831422200866e-04,6.451713809457229956e-03
4.543289766043651784e-02,4.410352123267422680e-02,4.345165270831254090e-02,4.046028988186828323e-02,3.767965340437286897e-02,3.523076047322772075e-02,3.135390520636741063e-02,2.850300078533476653e-02,2.546033454114069242e-02,2.381459743650544969e-02,2.128021218610075260e-02,2.033547181414235849e-02,1.996108507626992087e-02,1.856307045577080053e-02,1.755308440122581998e-02,1.775090912472182536e-02,1.761823916023762607e-02,1.694410925375392646e-02,1.666326736310472234e-02,1.628568635176273760e-02,1.326511550652628366e-02,1.265281522770532116e-02,1.209566089778110753e-02,1.196168131792458081e-02,1.239595840662184069e-02,1.091706329098632473e-02,1.063076325901763861e-02,1.046951015046501676e-02,9.942618877901958016e-03,9.329343846532238763e-03,9.626914299470297823e-03,9.131608121172930456e-03,8.945136722646318886e-03,7.950365138770577531e-03,7.754559043236972440e-03,7.316370486407232192e-03,6.846930600480174468e-03,6.621989478570356087e-03,6.245042866807841778e-03,6.771406041284120866e-03,6.953792567063385270e-03,5.075023494831151435e-03,5.876993329224375687e-03,4.971148288908663372e-03,4.789338955132218731e-03,5.432324573084429398e-03,2.951929477020576523e-03,3.091210573402787976e-03,3.020670416753112094e-03,2.523666107256402908e-03,9.168173023020037430e-04,1.101055477186799495e-03,1.964680253989361993e-03,4.661225441077475529e-05,1.300300057045063878e-03,2.070229549770590037e-05,-1.422940507193296456e-04,-3.585120596531750988e-04,-6.926077523213248436e-04,-9.085525982256140902e-04
2.747340042655294426e-02,2.751026898485704753e-02,2.600141019668656198e-02,2.604148663162815514e-02,2.397659833423580050e-02,2.199595735043669009e-02,1.907513374355316454e-02,1.708590266923179848e-02,1.543012903909312533e-02,1.394198692105574379e-02,1.251663773758826884e-02,1.120925413512305173e-02,1.019850239918552136e-02,1.077533427872238991e-02,1.017402896771568352e-02,9.892959364598748542e-03,9.999544911503248715e-03,9.457247971356578728e-03,9.840675026487642058e-03,9.034025802308214004e-03,8.327413894222680801e-03,7.929056455447820381e-03,7.494752986894821431e-03,6.753192572984794036e-03,6.911116752716911504e-03,6.495362828527552305e-03,6.212623275939800106e-03,5.464006185222309263e-03,5.586700544164236240e-03,5.155109420523445660e-03,4.817026677051614719e-03,4.394402571605964328e-03,4.318564568108831242e-03,4.179281155401909191e-03,3.603786244287050106e-03,4.073214531545900526e-03,3.648809160607740468e-03,4.006557872261241535e-03,3.146991996967488624e-03,3.317369487339618447e-03,3.974014312338154144e-03,3.861765751563939631e-03,2.424176880557562738e-03,2.954307327314821281e-03,3.061030284428024710e-03,2.843186545608581903e-03,2.205998225187366830e-03,1.303255197849399966e-03,3.944844192090626043e-04,6.391141279467335914e-04,1.718362343649836640e-03,-3.538603359356507199e-04,2.801534761196449569e-04,2.623308596762157570e-04,-2.241366657828842241e-04,-6.148432055749915000e-04,1.506421044455255641e-04,-4.437891929679561105e-04,-1.326528997600635775e-03,-1.649962896080074768e-03
1.590745807813635782e-02,1.430744244654377946e-02,1.377220656792164585e-02,1.241983304060687542e-02,9.805005401800568829e-03,8.351818766005113942e-03,6.998645704619968662e-03,5.294376689421335935e-03,4.360923503959473167e-03,3.698896974400024337e-03,3.034631547442327455e-03,3.259828329089800754e-03,2.407380115518704174e-03,2.468131890842208739e-03,2.830254045906977801e-03,2.711688508181261253e-03,3.378959932591974087e-03,3.049845277621050094e-03,3.069139364627937894e-03,3.579543983784271195e-03,3.006710089564750693e-03,3.179142682327260050e-03,2.648213272456811408e-03,2.831041525689523015e-03,2.593698545392441029e-03,2.689137406580418069e-03,2.262963548337827181e-03,2.565934105514017412e-03,1.835234775966243992e-03,1.635404991297065508e-03,1.967451646718199661e-03,1.615596106431888435e-03,1.412428012919768414e-03,1.683807099240091244e-03,1.832325343704217747e-03,1.634111034980943646e-03,1.330911248379413768e-03,1.837089264254966950e-03,1.347696931888965740e-03,2.012245851988372393e-03,2.330374054870312794e-03,1.952959421999922408e-03,1.739748403881913536e-03,1.289794721407619329e-03,1.526523545122840213e-03,1.687018997090437324e-03,7.089025930604946719e-04,1.212015413885372253e-03,4.587604277842094284e-04,8.750667722146878921e-05,-1.139716117998386787e-04,3.118522050424055213e-04,-9.206209806515940324e-04,6.341477563884559095e-05,-4.210254403131119820e-04,-3.640614554736526054e-04,-1.097205810492626540e-03,-4.825705222911921030e-04,-1.978641660016033314e-03,-1.731899254272796680e-03
1.373558124558821314e-02,1.254286809414708638e-02,1.179843812914741635e-02,9.780451048721178903e-03,7.989556816439157688e-03,6.207527972213337623e-03,4.120286686876640549e-03,2.788990987056468116e-03,1.306697862530298163e-03,7.729645928642270118e-04,-5.979828968657410515e-05,1.866014174394666446e-04,3.604402143075119609e-04,4.846418105252181334e-04,8.375660743617201068e-04,1.170229253599957501e-03,1.173600662323142198e-03,1.558704107240660745e-03,1.913408123578119865e-03,1.851123280909154753e-03,1.749764633914952655e-03,1.933265846064601608e-03,2.304763337681604504e-03,1.993437450321554599e-03,2.092911352750570757e-03,1.770669942083620855e-03,1.997466858674746583e-03,2.135116906448438281e-03,1.870309627523012623e-03,1.738937281086480125e-03,1.355180108383777096e-03,1.294352490277394553e-03,1.443327676583615847e-03,1.262401805682898887e-03,1.300599570976434258e-03,1.166369380154391039e-03,1.019163748200639045e-03,8.847770065675130292e-04,1.489697709984319496e-03,1.529237044282177665e-03,1.687282886210640697e-03,1.282937925611726641e-03,1.574042973733736977e-03,1.331145733218747594e-03,1.445071449872224354e-03,8.089986592396074651e-04,1.073720494438413836e-03,-4.209027158231754635e-05,5.794382697018756780e-04,-8.547527716082887832e-05,-7.987978639087071203e-04,-4.669931403097153633e-04,-5.188965730640928429e-04,-1.503539972502336173e-03,-5.805721262521168448e-04,-6.376722177718466061e-04,-9.987427993341439596e-04,-1.161603128547933350e-03,-1.496102982738386133e-03,-1.344737967562555179e-03
1.423024656837822664e-02,1.425812456505191721e-02,1.347086612695066327e-02,1.147303568460966879e-02,9.101179430557203645e-03,7.285774400287916598e-03,4.732013143829923857e-03,3.063008118981078772e-03,1.471401773390826643e-03,2.843455218865534252e-04,-2.596281107558624638e-04,-4.146571976602695243e-04,-7.455413022944134150e-04,-3.126031581749724167e-04,-2.217513539617716346e-04,1.283965121981313427e-04,4.325029707031428938e-04,5.864684787051124793e-04,1.126056493209854530e-03,1.294095567340986354e-03,1.227609347772521883e-03,1.262945813833656408e-03,1.555567604165648604e-03,1.742927925406394761e-03,1.874495319885305855e-03,1.444530509661711998e-03,1.832030564135822591e-03,1.010200934925356477e-03,1.568959527562290924e-03,1.653044847852118806e-03,1.349074093417448493e-03,1.739761749257219244e-03,1.291256890883484346e-03,2.041510877238079339e-03,1.197161531054440195e-03,1.515355675216046617e-03,1.416882837215371633e-03,1.949167505338377827e-03,1.331915958278402515e-03,2.148909459045578955e-03,2.247757774273760958e-03,2.325750387578886646e-03,1.662003821760305207e-03,1.906151335022449479e-03,1.343247494608605696e-03,1.745627835143204621e-03,9.873239436619732357e-04,1.177700579562345222e-03,7.790655588093493887e-04,6.763742339643090667e-04,3.608410863515504048e-04,-9.958137978107199553e-04,-3.580285905611434259e-04,-3.098382094974601753e-04,-1.062317063297329523e-03,-3.634541204847424969e-04,-1.470037174155663191e-03,-7.378389730568523167e-04,-1.608868025112567251e-03,-1.072515909485253615e-03
7.678221492785496267e-03,8.163187600600084123e-03,5.419779407001984635e-03,3.632546302070284536e-03,1.294426697047752848e-03,-1.242592545597675808e-03,-3.543684828443755506e-03,-5.365734607690508633e-03,-5.464001053740751013e-03,-6.457143175078685314e-03,-7.176103605355724398e-03,-7.049616929128413832e-03,-6.516263942053156406e-03,-5.821196036204507110e-03,-6.396930402874856196e-03,-5.392415867886544978e-03,-4.631366116390847956e-03,-4.664701026417319984e-03,-3.566918093045267756e-03,-3.444861866288172290e-03,-3.700541046689856308e-03,-3.431948676568125078e-03,-2.414144534241628379e-03,-2.789155046932970290e-03,-2.502546802153724978e-03,-1.792623635539775237e-03,-2.222993575804749298e-03,-1.895366056527110791e-03,-1.412160319336692267e-03,-1.756636835084139430e-03,-1.704703844394182301e-03,-1.423591837956897106e-03,-1.954933927213810783e-03,-1.190126041303016463e-03,-1.139991499938706673e-03,-1.023038170362202412e-03,-1.177240525776777555e-03,-6.213359844348786531e-04,-3.024561638833186375e-04,-8.247373358361374384e-05,3.131210041105635870e-04,5.180559406344654051e-04,6.548597409281255340e-04,4.642750137155992902e-04,5.721807398349878018e-04,5.650111467335397356e-04,-2.188474314407395395e-04,4.597200693845977272e-04,-4.917432094469589062e-04,-1.019808642412215523e-04,-4.901550575010142977e-04,-2.338738557623677358e-04,-1.291890786976304618e-03,-8.245779253327967717e-04,-1.619327888748175797e-03,-7.328806124078462124e-04,-1.786151305258100626e-03,-1.847051502123726440e-03,-1.799170293083088507e-03,-2.106212353976738647e-03
3.013094648381822640e-03,2.364896841068287511e-03,2.156454253779910638e-03,-1.373990634312507097e-03,-5.849789408060518739e-03,-9.094288227164220445e-03,-1.003419145733614772e-02,-1.356562764099379648e-02,-1.262577225856515405e-02,-1.330228448819885043e-02,-1.331191861368933443e-02,-1.244795209514447561e-02,-1.221183680322360764e-02,-1.087162885461082952e-02,-1.005098715437209057e-02,-8.648621275640271458e-03,-8.507155029301757820e-03,-7.468998560222324390e-03,-6.958870756915594251e-03,-6.201156690817963800e-03,-6.275537037471712667e-03,-5.802773443807723863e-03,-5.493609923148627845e-03,-5.154325773840078354e-03,-4.999009620626679827e-03,-4.655900607918998270e-03,-3.960750628582699641e-03,-3.654000764424339496e-03,-3.591218088986215286e-03,-3.838503529465707442e-03,-3.067362842228581275e-03,-2.627296776787685275e-03,-3.190354594347305159e-03,-2.818850282022636496e-03,-2.815132645739717044e-03,-3.054523008583164955e-03,-1.814268343830054446e-03,-2.271349558154799053e-03,-2.564773963728181685e-03,-2.101357305020873888e-03,-1.528505910129871956e-03,-1.574234150373344946e-03,-8.071188871361732308e-04,-9.662542774826270945e-04,-4.547982866745344985e-04,-9.556111550713963527e-04,-9.792900394422396869e-04,-1.533233649454085511e-03,-2.059835590233601021e-03,-1.502876865671632896e-03,-2.008589012783617775e-03,-1.945976357657198648e-03,-2.596157732387813135e-03,-2.620291279124663773e-03,-2.148657221387335111e-03,-1.773748106867067400e-03,-2.197975920742847866e-03,-2.401567858663575857e-03,-3.024108363431335118e-03,-3.215571404331176147e-03
7.949498310278078558e-03,7.698411778404549641e-03,6.496061825129432685e-03,4.062059349437244574e-03,1.435791391666999027e-03,-1.497980891419248034e-04,-2.407092798222857603e-03,-3.471932831486895018e-03,-5.149807314474317416e-03,-6.080389282393661686e-03,-6.716537665664107024e-03,-6.954615760113672454e-03,-6.229202222476771904e-03,-5.752812132684487038e-03,-5.671619303500344787e-03,-4.545814076529259076e-03,-4.627604845389105513e-03,-3.654972236447132528e-03,-3.599168491649007776e-03,-3.327002822488349908e-03,-3.262239428168913196e-03,-3.010123838766159791e-03,-2.301428059368699087e-03,-2.532331491712723134e-03,-2.526681254105251403e-03,-2.246278191293902150e-03,-1.802968937564846351e-03,-1.406310255133152260e-03,-1.074461237770511259e-03,-1.239643849124782765e-03,-1.432752940499025908e-03,-1.247681663980686022e-03,-1.378545546644591472e-03,-1.377757842251878771e-03,-1.098166853466856245e-03,-1.105219200852654337e-03,-1.101708131965241757e-03,-5.282354291437664755e-04,-5.483692259114605937e-04,-3.968976179054744050e-04,9.367472914151810299e-05,-1.892105402682407213e-04,1.323508322456761204e-04,2.145318342815100425e-04,4.119865466968941712e-04,1.322239223341514617e-04,-3.287414703735654716e-04,-4.759959747302753338e-04,-4.788611949902671187e-04,-1.003046604168751979e-03,-8.655387355298441773e-04,-8.142131273414719402e-04,-4.593732635088155244e-04,-1.359250504837820634e-03,-1.172472055792950912e-03,-1.750120460649291472e-03,-8.695246925093891256e-04,-1.686680809037681980e-03,-2.272827596481829041e-03,-2.528626976876462498e-03
