3.730040689377188369e-04,-5.422888496742037968e-03,-2.926638345856518759e-05,-4.569489363324579119e-03,-2.631375062743391245e-03,-2.539803166657852648e-03,-6.468484054235721856e-03,-2.069128044172053541e-03,-8.797013194233030062e-04,-4.802045999157124670e-03,3.573498896647980729e-03,-7.474458853379888253e-03,3.936544095878633312e-03,-5.696071852179375276e-03,-2.625575153588885751e-03,6.380684001373243335e-05,-3.624099955072725317e-03,-3.226758321018385629e-03,1.029925359091584487e-03,-8.897130050026069714e-03,3.993773160676838095e-03,-5.680935507698344974e-03,1.330703338593401067e-03,-6.100372582651691390e-03,-1.157466514397613704e-03,1.696132912059992353e-03,-2.868579292824475178e-03,-7.989581732698933366e-04,2.573838363578569328e-03,-6.710227364706113432e-03,7.551447904990411797e-03,-7.921974474998191851e-03,4.809860328403929922e-03,-2.601702036446848585e-03,-6.169957122981333019e-04,-9.051815631336449050e-05,-2.294060039032165630e-03,-2.307728693835291351e-04,1.504882576692829869e-02,-1.308091036259003727e-02,8.067220533373182373e-03,-1.266056674490991310e-02,5.237673191055771879e-03,-5.616526964211463434e-03,-6.386737537098397845e-03,1.851160573826913527e-04,-1.111063747344043055e-02,-4.257907878465231992e-03,3.745542763444544053e-04,-1.239698047492716719e-02,1.317773336491727225e-02,-2.171272566589195138e-02,2.671795170151153396e-03,-3.485689947885603924e-03,-1.025007252124452220e-02,-2.584723829252200036e-03,-6.453097688014138369e-03,-1.877764364391614968e-02,9.458671194020256551e-03,-1.300578397695889565e-01
-3.312049470001524314e-03,1.065443581877613405e-04,-5.317847156453592815e-03,4.209929279123699987e-05,-4.781424357342761548e-03,-2.484107170620456287e-03,-2.625161373371695094e-03,-6.531445200967989084e-03,-1.790191141602642160e-03,-1.756037978919456786e-03,-3.935527760215936505e-03,2.917164107899696858e-03,-6.991412575202755886e-03,3.768227718109024797e-03,-5.991683341782618084e-03,-2.398885937241273646e-03,3.233918509585993425e-05,-3.746812874571491155e-03,-3.021766545949637010e-03,1.966417393932764265e-04,-7.886299762079112749e-03,2.622842067667398389e-03,-4.578852424577591410e-03,1.099043265809285025e-03,-7.009026718721701743e-03,-2.761711887493181728e-04,1.529459501426700448e-03,-3.406904511928735176e-03,1.012121830073830575e-05,1.052381001128801282e-03,-4.872143488692106533e-03,5.734196420114745507e-03,-6.963533724814836672e-03,4.626159252113936846e-03,-3.302212133711249654e-03,-2.564197607030764027e-04,4.521651276785408407e-04,-2.852140403304360364e-03,4.695469262645491585e-04,1.144991061805279535e-02,-7.874876524396926328e-03,2.705413834166610181e-03,-1.009939934356958620e-02,5.817595001212878814e-03,-7.984459367404914826e-03,-3.309316704414224514e-03,-4.596692437826176668e-03,-7.613025145632583077e-03,-2.948755060556862428e-03,-8.698748092473449975e-03,-5.596395844414793833e-04,-1.700122583399051816e-03,-1.288497080087146716e-02,3.696039553947686688e-03,-1.044946727724636697e-02,-5.650953326453323801e-03,-1.759809487879364603e-04,-1.796485501458521331e-02,-1.794511630904682600e-03,6.575051868744534456e-02
2.172034700076213350e-03,-3.685609919959980437e-03,1.562606811829035116e-04,-5.290079572473427652e-03,-1.171888393736888307e-04,-4.560872849595859480e-03,-2.581752911137799849e-03,-2.638707760670013641e-03,-6.475911160009607988e-03,-2.333321727522661218e-03,-9.197059314311975152e-04,-4.727154097434341749e-03,3.377436091599980792e-03,-7.433772305812802114e-03,3.887857293866288713e-03,-5.951154305950140389e-03,-2.516511196845531550e-03,-4.976633554559087617e-05,-3.592431526249695826e-03,-3.559395186568943808e-03,1.137848682438667106e-03,-9.169338496525823029e-03,3.559311581647604979e-03,-5.020753558985681722e-03,7.054296492478891048e-04,-6.394328674073540379e-03,-6.381221930817775360e-04,1.218290142602894465e-03,-2.907642533701406198e-03,-9.886653891831712667e-04,2.503050644993661932e-03,-6.839280046192816598e-03,7.095089404804416286e-03,-7.625059993922863287e-03,4.414845290057021511e-03,-3.225333135977750260e-03,1.980556186960400790e-04,-4.603857189095192674e-04,-2.638443498384552676e-03,-1.403140886687837940e-03,1.611049400654525343e-02,-1.435055419310206706e-02,6.572484533126064093e-03,-1.154800171327899881e-02,4.104101786105244891e-03,-4.785571210334320022e-03,-7.472835603719328590e-03,-2.030239518608869045e-03,-7.306152374432607968e-03,-9.751834256795722730e-03,3.539463898633101162e-03,-1.741309113277677081e-02,6.937380395414399943e-03,-1.558651074936679565e-02,1.427488490308851006e-03,-7.304287259947345352e-03,-4.643024272098447008e-03,-1.325428423877349736e-02,-1.790557136618784774e-03,-6.994777459140398557e-02
-1.165720917748102421e-03,1.895211325083000827e-03,-3.664198963992078024e-03,2.645027460117325958e-04,-5.410948219774467348e-03,-5.222696130126904307e-06,-4.701910643921815292e-03,-2.537636293465584097e-03,-2.537202448150793072e-03,-7.102074357268410056e-03,-1.676714850319006335e-03,-1.503931095853692189e-03,-4.279471395102569554e-03,3.201658260792444085e-03,-7.560315293018243094e-03,3.851304124410937554e-03,-5.845434654099966945e-03,-2.699396840196058734e-03,1.345894606119848417e-04,-4.112432906538105067e-03,-2.813927513435024019e-03,1.720169535893293136e-04,-8.447833530676051791e-03,3.232517314806952063e-03,-5.417578740149488724e-03,1.119188206986803042e-03,-6.919892607831314331e-03,-7.665514415323859297e-04,1.921876964391311697e-03,-4.054278522167946604e-03,5.051154768169259946e-04,7.522018102038643701e-04,-5.758215804000812663e-03,7.076284162883022567e-03,-8.138046249124194706e-03,4.283782215418273365e-03,-3.027502929044900096e-03,-1.648150707601021641e-04,-1.594982147038767986e-04,-4.332702632585861205e-03,2.665118698086162401e-03,1.138480036051526915e-02,-1.188170038020816902e-02,6.579775040804534611e-03,-1.268981049213082496e-02,7.331127254448135955e-03,-1.006232332344601799e-02,-3.791640100776061742e-03,-1.075121958270496003e-03,-1.573278524576543838e-02,1.114229451933440324e-03,-1.043946236958818823e-02,-8.435778778582496765e-03,8.150714700991231951e-03,-2.111337890070092566e-02,5.187329263006149049e-03,-5.123538868388747593e-03,-1.700708101722006940e-02,5.549179311587913895e-03,-1.331481668615067393e-01
1.339817770801670846e-03,-1.446189215979304388e-03,1.979464848188640207e-03,-3.652085668137194235e-03,2.028880145602062846e-04,-5.414366944954154305e-03,-1.053039141318177252e-05,-4.750869815662198820e-03,-2.513318819828657714e-03,-2.840627836301145605e-03,-6.490906693265666508e-03,-2.490088353365002300e-03,-9.452818609822895507e-04,-4.608056159834835602e-03,3.208240010443933268e-03,-7.557615241640465616e-03,3.969640738999411986e-03,-6.178960391412937486e-03,-2.416092831711538075e-03,-3.850913118220704464e-04,-3.279117858496445603e-03,-3.891469747177271708e-03,8.058243461459695415e-04,-8.751074906919774701e-03,3.000788739174137156e-03,-5.174752285950512745e-03,9.963328174047744561e-04,-6.863031983795972110e-03,-6.634060272594147342e-04,9.761657568599018753e-04,-2.520546876986497990e-03,-1.284565045785191709e-03,1.954870346390564714e-03,-6.234210837874800369e-03,6.743842726520583170e-03,-7.774346001558437962e-03,4.315239374853997029e-03,-3.018955212709108823e-03,-1.702298393634471140e-04,-1.427581937186597457e-03,-7.544568479106056888e-04,-2.215201808794501400e-03,1.539145333069494130e-02,-1.392878543349108759e-02,6.539379529248432951e-03,-1.158254981227195730e-02,3.980674002184194683e-03,-6.973372194204847767e-03,-4.633120345871603180e-03,-6.597247294208852253e-03,-5.711137832065330509e-03,-1.067185442422796671e-02,-3.429007785500771607e-03,-1.008014481797963637e-02,4.848773707315919175e-03,-1.816923897560658238e-02,1.094872363636710186e-02,-1.941711518848780738e-02,1.706141961438591603e-04,-3.761595989346303015e-02
2.193426185837387202e-03,9.195940190914929585e-04,-1.421813444834145283e-03,2.071722865763759962e-03,-3.791651824793431953e-03,3.250997499379186485e-04,-5.509098555368793955e-03,2.916592623801830716e-05,-4.721175095290877817e-03,-2.867900866558699847e-03,-2.383447143392149192e-03,-7.350356589207109048e-03,-1.760726099298560044e-03,-1.277047183322297785e-03,-4.620378630431646629e-03,3.259257727517362105e-03,-7.658774562530934298e-03,3.961937132609769964e-03,-6.122289597682576551e-03,-3.055608901429842251e-03,5.402964516627933259e-04,-4.477049280673858593e-03,-3.214431279261604525e-03,8.880413182904547606e-04,-9.467421365310717610e-03,3.584746797568687075e-03,-5.558669997438943529e-03,8.387988358605102295e-04,-6.735194302817258151e-03,-1.763645158398319734e-03,2.692713028211680178e-03,-4.532470061115457562e-03,-1.010832995533991020e-04,1.647128451742951513e-03,-6.705374981524373119e-03,7.545616071777492585e-03,-8.986948199006663390e-03,4.763163507593872262e-03,-3.238872652397086719e-03,-1.872181039213383514e-03,2.481903592339059460e-03,-5.850585688939178436e-03,1.385633536545529190e-03,1.420602665088088919e-02,-1.592723057615531845e-02,9.800300321071630724e-03,-1.641362664258144699e-02,7.470498808154972525e-03,-7.367443287700820194e-03,-1.114022870650447500e-02,2.708866636008096327e-03,-1.860843372528563425e-02,-4.212231731090389057e-03,-4.970246692980980971e-03,-1.294729023299259416e-02,1.211860936887348625e-02,-2.118962352900409865e-02,-1.188331439537214720e-03,-2.585423875918929290e-03,-3.207639799450007906e-02
-3.036320069750957085e-03,1.909068313469163697e-03,1.044732552581274614e-03,-1.427080955652348980e-03,2.011560257740042327e-03,-3.734388896002183416e-03,2.568253029896272791e-04,-5.495330063049923448e-03,8.778705161614972744e-05,-5.039486538171624591e-03,-2.431785612999293796e-03,-2.873327295450698801e-03,-7.135665652566055249e-03,-1.920642204214742304e-03,-1.379371554276006065e-03,-4.456607138220407792e-03,3.195350707796238299e-03,-7.831871095796919674e-03,3.989084188971685901e-03,-6.461910747628936587e-03,-2.285030032656971272e-03,-3.799700286615879507e-04,-3.901995101306563948e-03,-3.416651137937595090e-03,4.743719098848676072e-04,-9.107469969717051431e-03,3.122489431259142974e-03,-5.489458601913359444e-03,8.287113790034451519e-04,-7.662169282479930864e-03,-1.121312494830573693e-04,1.082456836314445734e-03,-3.624383207430790545e-03,-4.624790676107349511e-04,1.221779824730879170e-03,-6.071494882792429632e-03,7.106219543699760985e-03,-9.342285179932316094e-03,4.503286530700811863e-03,-4.175269750849788276e-03,1.552532762142459950e-03,-1.622359567088114832e-03,-3.627161607549631104e-03,7.408782514867151775e-04,1.366801268378255163e-02,-1.465621620765847517e-02,7.417579652268572153e-03,-1.547365875192386470e-02,7.978835259514899247e-03,-1.293945564499808347e-02,-1.042026331409015181e-03,-7.616787745374544935e-03,-1.421712979013529596e-02,-5.767990741228484590e-03,-5.911293507351757584e-03,-1.062762901889608563e-02,1.371652832883553559e-02,-3.452167820365027034e-02,1.662721123228777520e-02,-4.480534715432967635e-02
-2.881428355260039816e-03,-3.298119666006941834e-03,1.939240149445762250e-03,1.069057774507790144e-03,-1.595165394566100880e-03,2.232068674830849000e-03,-3.800156328839537044e-03,2.043222370123634027e-04,-5.455186609528725125e-03,-1.538918087542208142e-04,-4.726366680627641127e-03,-2.753174911028262971e-03,-2.823379585321033822e-03,-7.250236337831903258e-03,-2.003116024272988665e-03,-1.222111121503939406e-03,-4.662494213298833123e-03,3.183936452005693349e-03,-7.855169676205338639e-03,3.681419193081858672e-03,-6.010300650900487693e-03,-3.041714771117920869e-03,9.178459003081039795e-05,-3.911879779979419644e-03,-3.723172549197104747e-03,7.048642563541373867e-04,-9.542835939005494400e-03,3.142232721145687448e-03,-5.362257390324897885e-03,6.326489134091472870e-05,-6.717287169531553463e-03,-1.584018637969840772e-03,1.863306921952487347e-03,-3.615305677327388268e-03,-6.376862991148722409e-04,1.579068042126648619e-03,-6.802200199722951285e-03,7.009160471532483588e-03,-9.444151065502276801e-03,3.661723747627627316e-03,-1.972259308049670052e-03,-1.393844207606438103e-03,-2.402258654530215018e-04,-3.157925684908426643e-03,-2.079373168777604117e-04,1.595241981752303084e-02,-1.899968101838330620e-02,8.802992534576399575e-03,-1.573377318125250904e-02,4.554604203906430226e-03,-6.474274232017336247e-03,-9.891597810467377475e-03,-3.233245713256815632e-03,-1.594077050310578614e-02,-7.039334367125073787e-03,-3.967846484590628608e-03,-1.205680730309054843e-02,7.988671486129359997e-03,-2.711087216288328092e-02,1.065365263483065705e-01
7.268859463813376939e-04,-3.003626185814483283e-03,-3.333441676026908419e-03,2.084610275933371833e-03,9.030930856596182821e-04,-1.647697080941530438e-03,2.321865918285021153e-03,-3.909259621352606517e-03,3.124414047319929279e-04,-5.778498783859453876e-03,2.482836904872038936e-04,-5.133983800754471361e-03,-2.619770231882865338e-03,-2.875858844955011574e-03,-7.309368880674352136e-03,-2.118488150449302290e-03,-1.176446482517877912e-03,-4.749979612874139119e-03,3.170488277837517268e-03,-8.182639612867768919e-03,4.303384751973082269e-03,-6.827997291075505425e-03,-2.605564103623456921e-03,-7.099036940123747326e-05,-4.210809798580602940e-03,-3.784031371234467846e-03,7.793909788724024366e-04,-9.933835181969944556e-03,3.243731599222262219e-03,-5.581967047446456665e-03,8.100478744546946814e-04,-8.187021436703863231e-03,-7.990918251917101395e-04,1.672936216005780621e-03,-3.988961690146375881e-03,-6.638960658007766937e-04,1.851589941247688354e-03,-7.169799364530701768e-03,6.972319319817367293e-03,-1.107180362608128563e-02,6.832377897771357844e-03,-4.740243109251155752e-03,-2.540554703005447031e-04,-5.080293049361698588e-04,-4.295135225647140134e-03,1.262711277063637786e-03,1.535598587606338064e-02,-2.001440483274979226e-02,9.537363574327606397e-03,-2.065533310115930804e-02,1.215197997888814788e-02,-1.467074250155213887e-02,-5.712375568548904575e-03,-4.941659473320064722e-03,-1.669573620478771378e-02,-7.489380748563938608e-03,-3.003030763096502069e-03,-2.012524634206763405e-02,1.884836959402106174e-02,-1.972342975347786687e-01
-5.878739592413757820e-03,4.845991129476053699e-04,-2.904416030386315368e-03,-3.332378054360205996e-03,1.922112907842856138e-03,1.095415855513929638e-03,-1.688120421203786244e-03,2.279995052392414998e-03,-3.888174105412162389e-03,6.350036626786052189e-05,-5.491962236853474739e-03,-2.099316066005173681e-05,-5.066868369509154590e-03,-2.753677189937299777e-03,-2.900558767132971859e-03,-7.533356353924806730e-03,-1.908416484503670059e-03,-1.402035682252465720e-03,-4.719038736831738037e-03,2.969452635740455967e-03,-7.923013534822997972e-03,3.880461003254648700e-03,-6.564972229849751727e-03,-2.941945427831047996e-03,-5.570655407672999782e-05,-4.301620681343914371e-03,-3.786179508530902911e-03,6.003703880298295404e-04,-1.000444484265713800e-02,2.415128674893624386e-03,-4.542232052646779511e-03,-1.772435523873611910e-04,-7.996313702679646793e-03,-1.097672313746646776e-03,1.719416246223315695e-03,-3.905129446642359187e-03,-7.491442780417664586e-04,1.808786682507422267e-03,-7.566355660284623287e-03,6.254960923040188935e-03,-9.647977274480665916e-03,4.964345642119130653e-03,-3.849309151234226508e-03,-1.298749840824660632e-03,-6.346588440216123332e-04,-3.369259723193488484e-03,8.563903186323975985e-05,1.678413648703281844e-02,-2.245789073979031700e-02,7.710552143822133747e-03,-1.765590469300191978e-02,7.640821465197826338e-03,-1.353071144789720452e-02,-7.366447654551342740e-03,-4.220149434833142012e-03,-1.893368981584667848e-02,-6.131722705351992132e-03,-8.302407166677686773e-03,-1.559880398265235495e-02,5.748979955633854583e-02
-5.216222886196821007e-02,1.557109928854751718e-02,2.521564037387211479e-02,1.306089716966758610e-03,1.250566764015564707e-02,1.490038175840491426e-02,1.505516338297772753e-02,-1.493696157829979727e-02,-2.140314094919396753e-02,-4.392505141461995979e-04,-2.872015670124215478e-02,6.201550811707049783e-03,-1.364329577836680477e-02,1.885579105957848126e-02,-6.616491515830561811e-03,-1.581901976275601820e-02,1.853914570186721011e-02,-2.016183726771437687e-02,-4.889380700055272026e-03,-2.795844538110361932e-02,-4.031307977905137542e-03,-7.196136857747684190e-03,-1.337342918702508904e-02,8.067746587450045845e-03,3.909408801468608127e-03,-6.763157245632100273e-03,1.304162616096734249e-02,2.167962096893522039e-02,9.772161663228935008e-03,8.488159568803161151e-03,-1.245337231509158551e-02,1.812540454470937300e-03,1.285593666934867901e-02,3.029797371062918111e-03,-2.965884690705183815e-03,-1.469227684460297327e-02,-2.154308196596395591e-03,-8.887996391838168253e-03,1.152494390586082315e-02,-5.621439462277801183e-05,-2.043203184933747862e-02,8.006144414797645645e-03,-4.901995579021024840e-02,-3.983566452620811507e-03,-5.991631930203944988e-03,-6.250273412133703667e-03,-8.724991027366502810e-03,-2.786375247789494095e-02,-2.737629378765621055e-02,7.275548638402979523e-03,-1.206141723820246606e-02,-4.266187991589402879e-03,-5.853069096624137491e-02,-1.693042116959543250e-02,-1.144390654254210521e-02,-3.481499471537079921e-02,-8.949439625260234218e-03,-2.021096544728328420e-02,-7.436347832342221631e-02,8.407927975937319609e-03
-8.097891373697404041e-03,-9.747612168672870059e-03,-7.342406029246325953e-03,-1.032439375901583175e-04,2.013216321178176033e-03,1.426893095456463652e-02,-1.144332111932552798e-02,3.458364266679294328e-03,-1.410563227919894641e-03,1.498094537202574470e-03,-1.504973168831136678e-04,4.156257766540410255e-04,-1.011021267913223692e-03,-1.746813739206707022e-04,1.874872912997137299e-05,-2.699127263199328818e-04,-6.798564418598708535e-05,-9.159892763176256556e-04,-1.088595653466253258e-03,-1.159027852189120677e-03,-1.144359190405107220e-03,7.360643417496651663e-04,3.965506508104152871e-04,-5.945346756215947725e-04,3.539821611586692817e-04,1.623235518984618246e-04,-1.566417247881778324e-03,5.246164675286568409e-04,-8.229035394197653031e-04,-1.842368140876655546e-04,-1.632017208160630806e-03,-4.739370425292863988e-03,1.472300926948431812e-03,-2.734225122609216033e-03,3.981308094451514561e-03,-1.608297914505421112e-03,-6.550958182121624810e-04,2.524563122497241584e-03,2.158658281986637530e-03,9.506310926247742155e-03,5.581100629740316614e-03,-2.676033149256937943e-03,-1.284058581864485227e-03,1.636212371134161767e-03,-5.733635992815848577e-03,-2.194503841636884309e-03,-1.054234444211660932e-02,-3.860008606069779708e-03,-3.608223019237043628e-03,-9.797361606752917965e-03,4.398545593228684290e-03,-5.400240073615293276e-03,-9.771111664813838388e-03,5.204266986642918334e-03,-6.004270724783531722e-03,-4.942342733188739498e-03,-9.416379739616013295e-03,1.231980657548529048e-02,1.726559669981664324e-02,8.411265430504885621e-02
-1.644804125735941128e-06,-6.634711412543597975e-03,-7.747077518045659104e-03,-5.613471904056662951e-03,-2.336038510250723860e-04,5.192221681910875325e-04,9.279785214264669839e-04,7.496898202222649970e-04,-1.456873558204148725e-03,-2.894838492940215394e-03,3.312779982839408020e-04,1.075436713897263497e-04,1.072977049312750819e-04,-6.714707951465328931e-04,-5.562636816640506012e-04,-8.698415954874603355e-04,-6.092406602662075001e-05,-6.798713991175341304e-04,-7.350083539500594683e-04,-1.131056579914524896e-03,-4.411376115452923536e-04,-1.751000031511469818e-03,1.202135195478302825e-03,6.872171790213189857e-04,-1.300823559950218351e-03,-1.050982556128043140e-03,4.564708169000149707e-04,-5.970551454890006028e-04,1.117024285453069267e-03,8.819805537007054661e-05,-2.235376369363860968e-03,-2.246797376855825222e-03,-4.697270346717151435e-03,2.100152802863260778e-03,-2.993317046193819716e-03,4.776649574858826339e-03,-2.675741629306603066e-03,-1.355687603777649356e-03,2.658971985635484678e-03,4.369512349724939855e-03,-2.959499920152543553e-03,-3.718236248144964409e-03,-8.398955407232597953e-03,1.157195119831855561e-03,-2.218755922882119890e-03,4.566570345011526015e-04,-4.966096381251906486e-03,-4.540797340360654653e-03,1.148867952160119877e-03,-1.107303756899884152e-03,-7.924269435994718905e-03,3.855704946568644376e-03,-1.727995933692509558e-03,-4.618413610655063006e-03,-7.374439680191770090e-03,-1.455787835201888172e-03,-1.012118057611769741e-02,-1.815380561539042814e-02,-2.313032258939705724e-02,-1.656736333410050235e-02
2.015213813939560790e-03,-2.463121288057243397e-03,-8.975021507712468982e-03,-5.995773968102489047e-03,-2.402155839717387640e-03,1.422382095086916886e-03,9.556252917510748906e-04,-2.186933257750915902e-05,3.812059499679482273e-03,-2.989784686424882317e-03,-2.410848053578807781e-03,-3.635965275195909906e-04,5.452711165602693483e-05,5.251157639340263785e-05,-6.585834602053746963e-04,-9.409500406982017210e-04,-5.008044175779159148e-04,6.215840694718646254e-05,-5.177357139261956837e-04,-5.110401178113269235e-04,-6.838219742226032353e-04,-1.084917350221925375e-03,-1.575741004224060632e-03,1.193151662796938144e-03,5.091358896118945362e-04,-7.518124740661298079e-04,-1.876663066990422093e-04,7.214688715554264196e-04,-1.185056810809765769e-03,9.105647428582772703e-04,-2.685945095624071074e-03,-2.386017091093819813e-03,-2.645709891046519983e-03,-4.177826510828296265e-03,3.783341009683452785e-03,-3.108503092728823192e-03,-3.054923265127866029e-03,-2.132471511593617228e-03,-1.450116695305037279e-03,3.935790350164604552e-03,-6.184442924155050293e-03,2.730221818628573906e-03,-2.875509063387452022e-03,-4.990180286582205325e-03,-2.149169056338013934e-03,-1.089130378447123902e-03,-5.500484049166785155e-03,7.436923531194293210e-04,-1.140115864467863664e-02,1.193520764613745634e-04,4.138336777479210624e-03,-1.506017681966820461e-02,5.662525901106211200e-03,1.433756540831681746e-03,6.627441462021697351e-03,4.078474314209433980e-03,-8.622670148451290137e-03,-2.755497825065365142e-02,-1.276868160221062733e-02,-1.894565072908211550e-02
3.758927776449797267e-03,-2.150847210904990522e-03,-3.339488080965486751e-03,-5.187817534350814414e-03,-4.415329404240896788e-03,-1.822895288672650178e-03,-4.026582901203141314e-04,-1.458050457333369486e-04,-1.506535390246655989e-03,5.601809196278726257e-04,-2.670774316754596835e-03,-2.685264013486628621e-03,-8.533763453000665173e-04,2.120520976327699601e-04,-2.316776791548633271e-04,-9.856552554256988157e-04,-4.252295444921265477e-05,-2.235495100688963239e-04,5.339454003507887328e-04,-7.162617052158082136e-04,-1.017892555227257892e-03,-1.117887255584004182e-03,-6.786055335346084056e-04,-1.573759437425639209e-03,1.959742280009274442e-03,-4.921518535341766303e-04,-1.332151732560836813e-03,1.025187154504152306e-04,1.508826989047297191e-03,-6.799742627144786085e-04,-1.247787132249046985e-03,-2.489727543973364356e-03,-8.035239767069179235e-04,-2.188966472984662810e-03,-4.264433026451329607e-03,-3.983145282626326749e-04,-2.903639519504482361e-03,-3.133726258354380730e-03,-1.974693389422394526e-03,1.228962224563188901e-03,-3.282162788867909724e-03,-3.739937219730854207e-03,2.634679175135042767e-03,-3.533573076296176872e-04,-7.874580460055046957e-03,5.520960042018410990e-04,-2.993443843306316850e-03,3.345593948415990712e-03,3.843847971497382386e-04,1.979219086254774967e-02,1.267804170859781381e-03,-8.807546808102685977e-04,-5.385217189785852267e-03,5.565110838642672517e-03,-3.447664301276732752e-03,4.169229995940135908e-03,-1.036751796635652229e-02,-2.349197760452874026e-02,-1.188554124907837718e-02,3.726182915252481548e-02
1.052290751932702731e-02,6.605147606919988673e-03,2.362705538770205199e-03,1.818647673724841816e-03,-5.097210918080538698e-04,-1.709754822515642363e-03,4.027696712297845695e-04,1.203003392932698763e-03,7.729537867429823366e-04,-7.205256676004551325e-04,1.050118238250173771e-03,-1.302033223636360265e-03,-1.436797576282093517e-03,1.828460374152102977e-04,3.449555725267910923e-04,3.368738446555323779e-04,-9.042666711576780774e-04,-3.535722012076656772e-04,2.183222329728075101e-04,8.314387584573849953e-04,4.081107691663326707e-04,-1.416953021729527775e-03,-3.035038152242602199e-04,-3.016956990138325930e-04,-1.700319871648712676e-03,9.140452371993763999e-04,-1.815761492276671133e-04,1.969816002435803614e-04,5.866155090767477369e-04,1.458466890210387886e-03,-5.036173955044581088e-04,-7.510453109850249390e-04,-1.038422357957838934e-03,-1.762867658526689335e-04,-1.459734115080458042e-03,-3.370313711181167557e-03,6.669748812044352416e-04,-2.023359429960474090e-03,-1.763421888312161068e-03,1.720610162566627282e-03,-2.426059833207342906e-03,3.514297695123461498e-05,-2.136740301916400988e-03,6.456817254949821783e-03,-1.769060852189135264e-03,-3.819145761720182074e-03,-1.821573771777545460e-03,2.468781792891926782e-03,4.255195542256098667e-04,-4.358315505122967518e-03,-2.585117230795463614e-02,-1.980613934924769105e-03,-7.823640534845983886e-04,-7.253966702859194170e-03,1.130583845094389542e-02,-1.269644765343032984e-03,6.044112022437950996e-05,-3.006684870328282105e-02,4.536867335251665821e-03,2.406072056245653693e-02
1.019585526392632197e-02,8.404859622815553238e-03,6.169072270857999495e-03,1.884711227692898458e-03,-2.103181598984285648e-05,-8.673800255654807827e-04,-1.084818849169136897e-03,1.345385331278009305e-03,8.051536698968535591e-04,2.394410389208810174e-03,-2.547142384048200429e-04,7.436456074048777235e-04,-1.814040013355735408e-03,-2.195447289918474754e-03,-2.376861248100906488e-04,3.225435940314203042e-04,-1.918431152840986730e-04,-8.155501538680519358e-04,2.534779976408805505e-04,9.390575217027020668e-04,6.870251205061312944e-04,-7.278993697382503836e-04,-8.165500531394714271e-04,-4.081509416826799405e-04,-8.400369308909299377e-04,-4.055801112144459672e-04,9.692049089028759352e-05,4.322866204924678325e-04,1.975959345308886633e-04,1.536169354838738677e-03,2.320291844764896640e-04,-8.020767276061169411e-04,-9.308946839711360575e-04,-3.688203518795911753e-04,1.248651616742757703e-03,-1.127697573749834523e-03,-3.479177060294273011e-03,1.558279400044854318e-03,-2.172508844529202725e-03,5.687712560258303442e-04,-3.279053676672814225e-03,-1.100571039237934140e-03,1.200527683193279571e-03,2.596789322854236681e-04,-2.255746999355762953e-03,7.200985517158972138e-04,-8.080687212912836259e-03,1.336495803664784071e-03,2.139479899797232503e-03,1.203367982779192337e-03,-7.342686193550268439e-04,-3.185915275890791650e-03,-9.803529945918406166e-04,-4.145533948474886758e-05,-9.126186875436495538e-03,1.543789596123902250e-02,-4.561892403582230903e-04,-1.142518080022811473e-02,4.813392633608457255e-04,2.803830192256974441e-02
1.114876278543333599e-02,1.266770340521274942e-02,1.057620640151917500e-02,7.577258628438301308e-03,5.811048754823644859e-04,1.456582690877162656e-03,-9.206432507275902344e-04,-9.421895371858895899e-04,-5.926394083989502395e-04,-7.102736434767002900e-04,-5.014548411360988424e-04,-6.811052777301375991e-04,-5.158611153787203037e-04,-6.433987154113517907e-04,-1.256988740986525509e-03,2.185090817900508381e-04,-5.118162247539232703e-04,7.849631604238354156e-04,-1.125745473908627093e-04,3.822359903675084090e-04,1.510835594566926053e-04,-2.574601754032418356e-04,2.204012292936653598e-04,-8.814106910566225223e-04,-3.887754258594253100e-04,6.395667889627892466e-04,-1.024868202433009551e-03,1.216147059875903602e-03,7.085603904337866524e-04,8.467411216766494719e-04,2.820133612117640704e-04,-1.518380142945664312e-04,-5.785121858607580924e-04,5.578512270389042200e-04,-1.294062789545220339e-03,-1.435089510262551249e-03,-1.384716593594355772e-03,-2.566406878644354999e-03,1.799362514796096039e-03,6.216604936001111502e-05,-3.622394148686652101e-03,-9.399355538155140972e-04,7.422297118242537949e-04,1.894314777668140194e-03,-1.517041133771202888e-03,9.154824692093069477e-04,-1.820387964441602235e-03,-1.814398437368419095e-03,3.153562449958464096e-03,3.801122236292647869e-03,5.950632625647447015e-03,4.561100962603658574e-04,2.737731992479350415e-04,2.299492507318950940e-03,4.070337149198262512e-03,-2.381718180616617265e-03,1.089369202403587394e-02,-8.253741164651443724e-03,1.613815946685142602e-03,6.518151190805024364e-02
1.254828535663898674e-02,1.293180418453005950e-02,1.251328548104541950e-02,9.312361407144753578e-03,1.499306071119033352e-03,4.143902473042265712e-04,1.349225973789971523e-03,-1.982413167183577889e-03,-2.066113390015768009e-03,1.911570341730276206e-04,7.482686812131518180e-04,-2.355017774651889557e-04,-1.350131003750717693e-03,1.532331256169728500e-03,-7.226027857354822437e-04,-1.959319256023304718e-03,6.612214596751558263e-04,-4.065014728510773882e-04,-4.187958432770466795e-04,-8.389660635371804171e-04,7.031065769320387097e-04,-4.863894639824492441e-04,-2.470405855252321065e-04,-2.440908857938609792e-04,-1.015176078039993534e-03,3.800358766262354449e-04,-7.833784042378070123e-04,-7.064951301300921582e-04,5.887177027586412053e-04,3.538138584793489917e-04,8.291981227474599404e-04,-3.405374132833670787e-04,-1.205471298323367371e-03,2.261762259483653483e-04,1.347278306412735501e-04,-2.041562878871409480e-03,-6.084760866316891743e-04,-1.868651013704747388e-04,-1.498411526110122105e-03,4.357862903225818464e-03,-4.927906403006054002e-03,-1.974478669799330580e-03,6.692376889305269821e-05,3.452532709418762360e-03,-5.623770485290743946e-04,1.003853503693955982e-03,-3.077642243995539276e-03,3.820426155426894909e-04,-4.680390040197577347e-04,2.238626605379533899e-03,4.459389386175871897e-03,5.172127622633262978e-03,-6.983844368918148537e-04,-9.372936622954672337e-04,5.745690450643755297e-03,7.268151245861689119e-03,-3.621743757760476946e-03,4.606572147243036090e-03,4.954671514309051845e-03,-6.427969939387473408e-02
-1.525020090855859316e-02,-1.452894937383165377e-03,-1.138111161405021212e-04,-9.127541441552335360e-04,-9.812695802064379073e-04,-6.066339439953100663e-04,1.678173764654108295e-03,-6.530009564006428614e-04,6.827611144564688702e-04,8.856631547250709384e-04,-6.441243231592468272e-05,-3.637386303630934462e-03,-3.507093749167300000e-03,-2.706211959352232670e-03,-3.085584632454788350e-03,4.400909780136268135e-04,8.107292616145456154e-03,1.087918280130221972e-03,3.395746083664573475e-04,-1.050656949614753142e-04,1.985423523931849831e-04,4.940007465750042648e-04,-1.124337769898752816e-03,-3.717106245906905051e-04,-2.891182488698489182e-03,-1.505054152822186140e-03,1.195779797751420374e-04,2.096440020169963551e-03,6.590608545838287733e-04,-1.546295128996921049e-03,-2.295817292522853072e-03,-7.250870672094942551e-05,-2.183050469254244476e-04,-5.633517764585962246e-04,-1.201626632925165312e-03,-7.194849248030731493e-04,-2.544374508952455989e-03,9.424940291193090614e-04,8.799395524884464238e-04,4.262705493834196939e-03,-7.939803193561011455e-03,1.768328192377247813e-03,-9.832602671436918400e-04,-1.320984478306356472e-04,1.621763783859064161e-04,-7.321554285080366297e-04,-1.180627574428251775e-03,-4.582002962475273042e-03,-1.890216374269727687e-04,-4.455552914454707046e-03,-3.251673567517006109e-03,-4.171579185156035381e-03,-1.647855855855870268e-03,-4.788793213405450819e-03,-3.514185440711790811e-03,-4.217476359818780191e-03,-3.177804848058961382e-03,-1.128577523974974052e-02,2.428688540180690570e-03,8.619617235689236781e-03
-4.216222183685347687e-03,9.128242052830734315e-04,3.577716201629888015e-03,1.774217208883411678e-03,-1.093131568040045157e-04,3.399027916688793227e-04,-1.531345465140255776e-04,1.809432250437420942e-03,6.469650691240622651e-04,6.033260227079741220e-04,1.908336177757718110e-03,6.878012067383647190e-05,-2.506278455022171656e-03,-1.966883491515682321e-03,-2.117136719827656180e-03,-4.734620941457739823e-04,3.129861083374870217e-03,8.623882086159707222e-03,1.431312488056263061e-03,7.327678415542610100e-04,5.099802141527543875e-04,6.216444617872229081e-04,-1.092652428927956250e-03,-1.723642510374467571e-03,-2.471390738350694345e-03,-1.304842999604999970e-03,-3.488744719177536320e-03,7.595449241541436369e-04,2.069003206712644212e-03,1.775421050797256980e-04,-1.252848152315430867e-03,-2.691354686857086367e-03,4.088021260867114861e-04,-9.764383315179070303e-04,-1.695080677211701281e-03,-1.052571906770157634e-03,-1.649005166900800517e-03,-2.614932162973752916e-03,4.369557439753563575e-04,3.405561416148102614e-04,4.472371540339353281e-03,-9.926956811459105440e-03,3.163098502680983574e-04,-2.258545332407125954e-03,-7.207233855239265213e-04,4.202334429717482578e-04,-2.631372665825869143e-03,-2.216225191624331906e-03,-4.652639284262008977e-03,-4.725737115571631945e-03,-4.176719208122377583e-03,-7.420050542239781804e-03,-5.210444949910394974e-03,-4.514575166561837945e-03,-5.654418745161698436e-03,-5.768674896064794090e-03,-4.930959181323127036e-03,-5.474587166784608203e-03,-1.174070893333332283e-02,-8.298650480920487238e-02
-1.317885772230367736e-03,-1.179912677501243883e-03,5.392080579683803179e-04,1.088692464556985807e-03,8.200117867463651514e-04,-1.936300846935192887e-04,3.908055571719981918e-04,-7.950904998078744826e-04,2.602786024123434315e-03,-1.597581849165849173e-04,8.711930082525656555e-04,1.819759175840323642e-03,-1.514373665182369103e-04,-3.454718818168720125e-03,-2.976355760744344662e-03,-1.408574167793608979e-03,-2.775703303985136133e-03,1.760986521192256212e-03,7.500660455863410528e-03,5.869768411913634312e-04,8.136013720049122856e-04,5.367792905203727649e-04,3.173544898374731660e-05,7.444080838353294989e-05,-2.303651540175229509e-03,-1.318143448724423423e-03,-2.825021745311002194e-03,-2.880112883652650828e-03,5.096220947424536223e-04,1.832583225619095280e-03,5.192943523050690211e-04,-2.091491771781523682e-03,-2.354180897046381175e-03,-1.567847872985590643e-04,-1.415310527316192800e-03,-1.829232351408017349e-03,-9.937576478311377533e-04,-1.918491356154961459e-03,-2.081555268901498414e-03,-6.546631953794824392e-04,1.469632399993399527e-03,3.867228318976689578e-03,-9.296924397408663082e-03,1.133999221428303329e-03,-2.742244947495370809e-03,-2.525442700641037297e-04,-3.881332760616370160e-04,-2.407077087827245131e-03,-1.673737949493113485e-03,-6.443569592890646854e-03,-1.821750223205201302e-03,-4.553949033825796175e-03,-6.453452820688966585e-03,-5.405791822382059221e-03,-2.645988362173018298e-03,-5.078409577453099101e-03,-5.020597926913051429e-03,-5.308293189865276665e-03,-4.694040666497153493e-03,2.949558703286128333e-02
8.773983555770541740e-04,3.493091580097184949e-03,4.565848235074967260e-03,5.470817514769944767e-03,3.688497017940977046e-03,4.688565390726405664e-03,6.272824784125293970e-03,-1.406273407576351126e-03,1.900739177861000698e-03,-1.038896323542197464e-03,-5.402198429813779386e-04,8.913092755858292903e-04,3.866961450659580648e-04,-1.072104154500643338e-03,-6.246124440817391738e-03,-3.241839534275194664e-03,-1.780085980845808481e-03,-2.893247504588952485e-03,8.134983058897761379e-04,6.913479271305853803e-03,4.847181728537809610e-04,2.029431988785601300e-04,-5.335309704694789169e-04,-7.212722250055718072e-04,-4.754709288096088411e-04,-2.732362087677516187e-03,-1.524067788489114538e-03,-3.061857033768134416e-03,-4.419576101860892697e-03,-3.239269567470895819e-05,1.765438248503998879e-03,-6.873755268357944429e-04,-2.079778202580051701e-03,-2.843795626423970945e-03,-1.069217331202363406e-04,-1.083009033340493789e-03,-1.851892624232960409e-03,-1.438792273287750655e-03,-2.768395960403888679e-03,-4.022772203641875911e-03,1.838468444288702674e-04,2.591750812938335875e-04,3.389751277588579168e-03,-1.065469307843258488e-02,9.419533100651716027e-04,-3.337142987882246465e-03,-8.091619946784077552e-04,-1.259564619299765242e-03,-3.367843206352302138e-03,-2.667710709774652467e-03,-6.030957972171937555e-03,-3.015975926798525678e-03,-4.561609276406713813e-03,-7.522470803813870351e-03,-4.382763358341492353e-03,-3.506056161561277827e-03,-6.548594633470680021e-03,-6.867195757890298680e-03,-7.450390988642706207e-03,-7.998174219643704175e-02
6.333753593957867391e-03,6.780480043505693159e-03,1.012339828404804293e-03,-8.690517383080094806e-04,-5.813620923938651094e-04,4.276122932521313896e-03,4.234154716918782542e-03,8.448860297104302843e-04,2.325461480598522805e-03,1.589049411087948335e-03,4.605896041240558660e-03,1.818129151594085301e-03,2.031175076217510683e-03,2.107006347065324640e-03,-4.040153393639453385e-04,-7.064070596705642130e-04,-1.992475054881468356e-03,-2.612250587032228372e-03,-5.754107757185632395e-03,-2.472889683475582370e-03,4.125736170363843332e-03,7.952485808470333671e-04,1.935249311807272382e-04,1.962621745550325637e-04,-1.139725395549442662e-03,-5.813947481818953957e-04,-3.307213157037329140e-03,-1.360924855422765943e-03,-3.244390580327050511e-03,-3.348155961961356286e-03,1.230618499007621195e-03,2.063552217499099208e-03,-4.298691100643460788e-04,-2.115349940176588801e-03,-2.603966699946658019e-03,-5.562057938170005683e-04,-9.365653845045920000e-04,-2.278716725947037801e-03,-2.310934256972745765e-03,-3.201115532268596856e-03,-4.137526438237150439e-03,-1.403150642988328523e-03,-3.978271051250803101e-04,3.598596897778695049e-03,-1.199692661614355955e-02,7.029808058290087404e-04,-3.750572608125832437e-03,-1.674353407589176555e-03,-6.090695409676813010e-04,-4.075948670723673027e-03,-3.147856740679045966e-03,-8.511091690318555933e-03,-3.691376420190072092e-03,-7.019700104567492063e-03,-8.423408063722203146e-03,-8.138560106097425528e-03,-5.094482718993358777e-03,-9.848687640680215544e-03,-1.033932784718286091e-02,-4.783145028346254268e-02
5.556506739410828691e-03,1.030971016795615217e-02,7.099391801519274597e-03,2.220527419780518857e-03,-1.958337718080462378e-03,2.035621278034609703e-04,3.668562179684706562e-03,3.819256377427827746e-03,1.746648733563468817e-03,2.536087373642238046e-03,1.688482399987275119e-03,3.572584481069228032e-03,1.877546339829671467e-03,1.425940954246488574e-03,2.987375899725896664e-03,9.535408994420343154e-04,-2.013340916828217260e-03,-1.979155729456262124e-03,-1.260243079013158296e-03,-3.649538295319825366e-03,-2.151919261667851850e-04,6.203577391313636058e-03,1.309576606563207010e-03,8.017235140595704726e-04,-1.634897735573637601e-04,-8.596052376367795513e-04,-3.059630746223870705e-04,-2.358320919148107139e-03,-8.202786795299283349e-04,-3.098847209705071076e-03,-3.272358539443188854e-03,1.516930344115502037e-03,1.978613748244115265e-03,-5.503004361188379694e-04,-1.707472646784956131e-03,-2.632302346054641098e-03,4.187866073952384739e-04,-7.262976591058288231e-04,-2.220825608593897989e-03,-1.857818939533146608e-03,-1.724325211529251873e-03,-3.494431338523608984e-03,-2.487998043194464552e-04,4.309093724879968718e-04,4.464485465733029207e-03,-1.122122266223554363e-02,1.924251753019466530e-03,-3.351654876258234727e-03,-1.064033882120911292e-03,-5.543565404743011540e-04,-1.819733301015009170e-03,-3.387356353715258693e-03,-7.442144035278043003e-03,-2.407279907426152464e-03,-7.202618665775682022e-03,-8.037502690000569022e-03,-5.047769808910962212e-03,-4.678131313945055152e-03,-9.772626903553200545e-03,-4.021134625550663172e-02
9.709806695730821557e-03,1.213005455158859720e-02,9.454422500697622772e-03,5.650051604460791001e-03,1.432975992559015624e-03,-1.263076043537733660e-03,2.687330808326871185e-04,3.671815171775800763e-03,3.791965245873763195e-03,1.194098551644444742e-03,1.544893408569511213e-03,6.563438162089962110e-04,2.767746270223650062e-03,1.527505263471411537e-03,1.584680876991086075e-03,2.058718730325057554e-03,-5.448325272716423402e-04,-1.759997043439868796e-03,-2.915394448781971626e-03,-2.200049593656720932e-03,-2.986118028276900632e-03,6.768006682785842427e-04,6.965895850354258088e-03,1.908479416617717573e-03,3.790837877539749551e-04,-5.801710800799185930e-04,-7.277472880547361479e-04,-6.181229179327953419e-04,-2.693246350624321078e-03,-1.367532492912736531e-03,-3.572808334239791026e-03,-3.478271794053223141e-03,1.340338098841159595e-03,1.533852783083801625e-03,-8.225334049131622109e-04,-2.498419353963898977e-03,-3.427830096592626892e-03,-2.941592945910025255e-04,-1.224938461347112491e-03,-2.870711144915574081e-03,-2.051804174839818359e-03,-3.478388552135397091e-03,-4.637822100848446559e-03,-7.219051608407633502e-04,-5.992968612070357552e-05,3.664907729805051261e-03,-1.427134576197080021e-02,7.569924494350188833e-04,-4.580945352447732787e-03,-2.623814619053665455e-03,-1.660084160691943948e-03,-5.488518332575671385e-03,-3.738020288964107735e-03,-1.127782230087173362e-02,-4.582097005211640400e-03,-1.088365504397047906e-02,-1.165906623235599647e-02,-8.014947551205620774e-03,-8.518560547036049813e-03,-3.795868144498520252e-02
9.038235344339742849e-03,1.135559036110713425e-02,1.168889393466828602e-02,7.078499622689274524e-03,5.145240265230262809e-03,1.225385064307216729e-03,-2.257750899776366903e-03,-3.774235888789957997e-04,3.487398947990257968e-03,3.722551950264725573e-03,1.102096649385126727e-03,2.163060228680894169e-03,1.241067802799942187e-03,3.532083399633863859e-03,1.377493666979150762e-03,1.645555158255724649e-03,2.498357885131160736e-03,-2.078080943065057739e-04,-1.632696222258724983e-03,-2.992465770520747175e-03,-1.488485899809178885e-03,-4.278894128715124597e-03,-6.092984243943943895e-04,6.516886570777533257e-03,-5.331288628644791224e-05,-1.309256868328597897e-04,-7.592125107544838401e-04,-8.350326665256983328e-04,-6.593237857189743287e-04,-2.760860609184997982e-03,-1.211719505415962111e-03,-3.322281046424299146e-03,-3.752122854053870690e-03,1.381684249898686590e-03,1.933614854198920530e-03,-1.139470773782677322e-03,-2.434986772196365105e-03,-3.163204802864622630e-03,-4.199847876871528989e-04,-1.420455247307841678e-03,-2.512875559272481542e-03,-2.230241601304676618e-03,-3.155443429144404871e-03,-4.964892528082708034e-03,-8.882266773589508196e-04,-4.095265645664337051e-04,4.057664667770631214e-03,-1.594782763369719317e-02,1.512099826447672705e-03,-5.809145987587515172e-03,-9.651821458225611416e-04,-3.070493376111024797e-03,-4.881536412796001062e-03,-4.919917753321078474e-03,-1.245886532620141610e-02,-5.622266048120940288e-03,-1.085492903552666942e-02,-1.266314174107140492e-02,-7.670351984356306267e-03,-2.310027232191913180e-02
8.699129489367636581e-03,9.684958022434079356e-03,8.886260170544200282e-03,5.600860963571549847e-03,4.196511417251836372e-03,4.230679206398377766e-03,-1.317220833120126403e-04,-3.150652982237540749e-03,-1.049813138999195318e-03,2.782022604841075542e-03,3.269909168908530488e-03,9.024275272344193426e-04,1.861584868044870037e-03,6.100460725420541169e-04,3.308119493323281087e-03,1.488470441423440970e-03,1.981230521706572531e-03,2.158303613770908101e-03,3.950051605802698150e-04,-2.431840845016294567e-03,-2.716323117226726244e-03,-1.375815355732126332e-03,-4.369557475134307374e-03,-9.146092372874691174e-04,5.416570267089731300e-03,3.464246608827567389e-04,2.319181120570573294e-05,-1.472999984900482066e-06,-8.811902035079040079e-04,-8.191848373276970153e-04,-2.142899242420016111e-03,-1.079226217460802590e-03,-2.947952997786243597e-03,-3.252243525765668563e-03,1.354328320075467995e-03,2.530055818667257921e-03,-6.997572816708947947e-04,-1.605115626567937348e-03,-2.579347270543628796e-03,5.385291640211518514e-04,-3.228620639322153023e-04,-2.152001499250442811e-03,-1.144454388999348185e-03,-2.770547778146760075e-03,-3.269587741567819752e-03,5.841442769667881370e-04,8.067466997800437026e-04,5.943449891445737494e-03,-1.575527221446564041e-02,3.236524395589906924e-03,-3.299032834707755525e-03,-1.582128220209471671e-03,-1.516149671804863314e-03,-4.010075869598330942e-03,-2.672864352325627062e-03,-1.154619778264515118e-02,-2.312715778499683031e-03,-1.087042824949387317e-02,-1.013227548209363026e-02,-5.777382955923647707e-03
8.031676657711319181e-03,1.098426891124001416e-02,6.558057046996427532e-03,4.343142214805574726e-03,2.673735383312307676e-03,2.806981822324350600e-03,1.519987914939884910e-03,-2.030748071322583878e-03,-3.207809927428827580e-03,-1.820237900882486172e-03,2.275050706542945927e-03,2.410221401779222890e-03,6.611111154619655431e-04,7.509423405269395396e-04,-1.293057137204532922e-05,3.277422928500296068e-03,1.426853848019987844e-03,1.290113166719574194e-03,1.902790329826575463e-03,-2.007861617460712875e-04,-2.966664076998064108e-03,-3.505618956015647564e-03,-1.299376684000031184e-03,-4.641889524944571056e-03,-8.487847173307247646e-04,5.201158922938042828e-03,-1.724701401838610001e-04,3.470773836842288630e-04,-7.735914869762324105e-05,-7.237896179544920120e-04,-6.544293002260108188e-04,-1.721148390987917208e-03,-2.531308728082735287e-04,-1.994650155981430185e-03,-2.912920803888051878e-03,1.019353812660256766e-03,3.770165377821021232e-03,-8.040798195417809798e-04,-1.088549766874145203e-03,-2.901550902631351309e-03,9.950399141011652838e-04,-8.876850968268073508e-04,-7.230867267281713019e-04,-7.967362823312784019e-04,-1.956341324421975725e-03,-2.963824715968598530e-03,1.510730464785088080e-03,2.483878583327186595e-03,9.633968494342969036e-03,-2.841112854661768938e-02,1.588892866134166901e-02,-3.928055961042181340e-03,3.928508489254261388e-04,-4.143151102475886582e-03,-3.272342033689528296e-03,-6.516160994573862511e-03,-7.257898812049238223e-03,-4.598660958095994108e-03,-8.030022167043252002e-03,-7.598882304429394399e-03
-3.770465273312307436e-03,1.697628692091583767e-04,-8.906889517477407456e-06,1.946976211469277854e-03,1.187084318184933405e-03,3.526264906364922442e-04,1.337788508756663445e-04,-2.585191897076842635e-04,2.671031318343984129e-04,1.844758443888494211e-04,2.724679944393073542e-04,9.545975002386341071e-04,7.264335926723550566e-04,6.118114455147184065e-04,1.228417146891253378e-03,1.505678179231393276e-03,9.195838042283806897e-04,1.128831219702081676e-03,8.999428462137361653e-04,6.093564310281819217e-04,1.931358058701614739e-03,7.380995996871556010e-04,1.723901136474640305e-03,7.634464607605510053e-04,-5.851997703251956727e-04,-5.468377364364791771e-04,-8.684696284240010647e-04,1.276270833167243452e-03,1.756290382729975457e-04,6.064763413871251648e-04,1.235610894066146905e-03,7.433023479839739314e-04,1.439688269671939025e-03,9.175570598361720929e-04,1.206643072469658611e-03,2.986216450331926568e-04,1.317016732735049132e-03,1.529112425150684195e-03,4.876179106898324411e-04,2.010581641241294439e-03,1.168853672564440201e-03,2.284806612163086618e-03,2.017796411014966072e-03,1.518834790857788702e-03,1.247598171103368823e-03,4.215313669779842745e-03,8.415167500562927352e-04,2.434317211146376937e-03,2.790739114592795302e-03,3.324157526643599717e-03,-2.696955486744517100e-03,6.872366873560895907e-03,-2.414109136754799111e-03,1.251420476970561621e-03,2.166164841409742164e-03,3.161163258975524439e-03,3.606957471375353943e-04,1.861725023230149630e-03,3.850670380617585240e-03,1.202831398873389565e-02
-1.075575384326793796e-02,-1.413879715519513261e-03,-5.228465179679781753e-04,-1.356914700104235733e-03,8.261484787876860781e-06,-1.046200261703225231e-03,-3.248218229423171415e-04,1.229015583169140334e-03,-6.067844965650994469e-04,4.220347499110523037e-03,6.114037705529115716e-04,7.562566211043334017e-04,1.435689587994690890e-03,8.091823559010501458e-04,6.161217406261643116e-04,1.529297298060651239e-03,8.928068720794498899e-04,2.384955980652205074e-03,1.009373922928379162e-03,3.470924696511663247e-03,1.716519797694443170e-03,2.626120395095091643e-03,2.476881929915191512e-03,1.897625853956666888e-03,1.243113061435239175e-03,2.152452560727205998e-03,2.101542942526758110e-03,3.040265356658168171e-03,2.256025658590816475e-03,2.807252720054710833e-03,2.278555640893575440e-03,2.243030683062132054e-03,2.218947787182059747e-03,2.004062135193638867e-03,2.326951684841944718e-03,2.233647532403826817e-03,7.727167481826142850e-04,2.220077085559980096e-03,2.114079948920790947e-03,3.135603106932288806e-03,1.937541249800257392e-03,1.729128980266003267e-03,1.864261844220554878e-03,1.086269775789987973e-03,2.191379886014530650e-03,1.071777544520051764e-03,2.983029976788665466e-03,-7.693061759855296259e-04,6.307467466450085783e-04,1.146062430676690917e-03,-8.462302117847329873e-04,2.293808658344542121e-04,-2.341578838187663349e-03,-5.832612460358676566e-03,-1.583110860724263116e-03,-7.769056008412993650e-05,4.411543567967318334e-04,-2.662084413459758943e-03,-1.558978609173166264e-03,-5.956398122003796897e-02
8.073848529765540252e-03,-3.005860324923414085e-03,-2.083498218559403248e-03,-4.357558224754419160e-03,-4.947502735302303743e-03,-2.299375974807271999e-03,-3.417708235586089903e-03,-1.061264105761388276e-03,-4.197092198871543180e-04,-1.476660202864042270e-03,1.179231955080099412e-03,-1.334131054001263866e-03,-1.862130516167300994e-03,-1.092483798119654129e-03,-9.247297340319981639e-04,-4.945969947198195675e-04,-9.466142870229674868e-04,-7.321264376230742161e-04,5.723308275757158729e-04,-8.659955538895427844e-04,1.265651662099677183e-03,2.906762260660817818e-04,-3.062900035459829753e-04,-7.384605920799821839e-04,1.385734456262259322e-04,-1.748968090777485243e-04,-7.182847839523405671e-04,-1.392016848201681244e-03,-1.375608132223143411e-03,-1.557738657070947971e-04,1.321712003661200364e-04,-4.179120957869207056e-04,2.519823402898651210e-04,-4.531485166328378614e-04,-4.399417587854211682e-04,-3.348562490430190297e-04,2.144595899262265626e-04,-1.890682954826433931e-03,1.518945122683631618e-05,-1.306829766770931274e-03,9.358432105050118639e-04,-4.547934420337984476e-04,-1.652665975131586583e-03,4.700497912675269223e-04,-1.961010812359587595e-03,-1.832460475589503491e-03,-2.573671079726342747e-03,4.636936653006247522e-05,-4.199106048020256367e-03,-2.647384190194952257e-03,-3.468737799082170174e-03,-3.233191594970187543e-03,-5.102618106541298958e-03,-1.451557761909370251e-03,-9.644370530322436338e-03,-5.995595437966821928e-03,-2.269667219176353234e-03,-4.406712386116667414e-03,-5.050514721934793068e-03,1.138697944363943441e-02
3.209609178593819407e-03,-3.944663584475759620e-03,-1.241876148033995916e-02,-1.002347297883883319e-02,-8.031214104312515284e-03,-7.678158457140766245e-03,-6.992497412158627836e-03,-6.075557570659151536e-03,-4.663030993003885148e-03,-3.450047454065718541e-03,-4.549893012344441608e-03,-1.939877696989733948e-03,-4.254804000803608967e-03,-3.337578594528984102e-03,-3.741114648938592777e-03,-3.158689380556262832e-03,-3.256199060069780733e-03,-2.922748678121366538e-03,-3.501366069846268206e-03,-2.177579932747497529e-03,-2.676491031231811001e-03,-1.078635175479524021e-03,-1.695621938438707189e-03,-1.845460747598791622e-03,-2.261048954263430739e-03,-5.148071567049090783e-04,-1.827023996878231107e-03,-2.846215962057414232e-03,-4.629196413343369433e-03,-5.297932705516552286e-03,-6.420298303413393215e-04,-1.458299896423527128e-03,-2.205058836981814777e-03,-1.557326722723179199e-03,-2.315390856645347176e-03,-2.598664509693426015e-03,-2.359114548418851393e-03,-2.959224218914592065e-03,-4.502770902386927891e-03,-3.605258347310748377e-03,-6.322224531286833307e-04,-2.344084173617687252e-03,-1.949597110693806730e-03,-3.067951995204619853e-03,-1.808930048166273530e-03,-2.573307180959564979e-03,-2.390821511599463319e-03,-2.956931373885210868e-03,-1.228960123742480750e-03,-5.284067466112531315e-03,-4.318316216953087434e-03,-5.186837545996072704e-03,-4.790519151445449958e-03,-6.676825770635465111e-03,-2.079723031903754280e-03,-1.027149585243841180e-02,-7.442080981595036379e-03,-2.384309295424274708e-03,-6.689795278763281672e-03,-4.777037275863860871e-02
5.747782912509002279e-03,9.756224827366273555e-04,-2.807314690699615114e-03,-7.368222562757455879e-03,-1.650238540558020056e-03,-2.860004519134218444e-04,-1.497166606522908798e-03,-7.398904311553398299e-04,-4.609747816123525399e-04,-3.457702948231702899e-04,3.060652417182256266e-04,-1.437479776204106819e-03,5.299966268642802370e-04,-1.476222900012082563e-03,-1.468669545656759281e-03,-9.290855677636201482e-04,-6.940735328955784881e-04,-1.412536489656548858e-03,-6.169370773490022225e-04,-1.712644055945293465e-03,5.247825167662670438e-04,-6.509123051939601830e-04,4.274756066184415911e-04,-3.889314285963323006e-05,4.537660573508242091e-04,7.198086794216173050e-05,2.351866015763965419e-03,6.983113843760722743e-04,-1.225537672153487884e-03,-4.148400242104925521e-03,-1.301144819064805084e-03,1.689645068369024670e-03,-4.784744335285622246e-04,1.062899500666421261e-03,-1.673258023229555179e-05,-2.477561012787409455e-04,9.338057438585169732e-05,-3.845642557664886085e-04,-1.216202491024368946e-03,-4.339238764852600995e-03,6.723216420883833602e-04,2.526652890650319555e-04,7.708663785370577530e-04,6.580371291511976457e-04,-1.160071938949138641e-03,1.425141927169885350e-03,-5.643021409296002707e-04,5.176620828461516019e-04,-1.976418624519739602e-04,1.642069457320199412e-03,-3.815790759592155561e-03,-5.132258131072584104e-05,-1.472471210835685869e-03,-2.440690845241074314e-03,-3.744458768715873929e-03,1.878548069675915711e-03,-8.094830218054540477e-03,-5.633931855986613196e-03,-2.747432857896032164e-03,-3.248624944617144465e-04
1.436041136027841301e-02,1.767964126823326834e-02,1.704896568383018965e-02,1.504949021183371247e-02,1.026184332813896878e-02,1.542350029000321560e-02,1.574254710975024271e-02,1.437485563109402661e-02,1.291638668835180803e-02,1.316743758247803688e-02,1.222028742583845286e-02,1.175041714436030234e-02,9.055633273238369862e-03,1.136464708772589628e-02,8.031897704506728644e-03,8.376899832120750927e-03,7.858639049019797498e-03,8.058492449884761821e-03,6.723013893034302663e-03,6.097729616798302187e-03,7.237825080849615011e-03,7.420901986742311704e-03,5.903133263081521490e-03,7.109220401513117321e-03,5.750865100424996414e-03,8.676729197713582697e-03,5.132527440877174621e-03,6.858748717948730429e-03,5.014478998483764584e-03,2.161827088775641198e-03,1.048862876753202562e-02,3.216811385000794676e-03,6.543351304860208460e-03,4.859383050158762665e-03,4.077947490429359619e-03,5.886664712525853209e-03,3.940503973798755756e-03,5.062454875600879214e-03,5.242221837644878840e-03,3.709674281393161854e-03,4.598000480881097619e-03,4.963403542781036175e-03,3.851197435733921814e-03,6.222203567617427822e-03,3.509922553946157563e-03,3.666762498299014524e-03,4.687522267919362433e-03,2.024407736778869888e-03,3.326398744734410367e-03,1.265310360095483772e-03,6.732241533446110121e-03,-2.253157626345424788e-04,1.637095339771513962e-03,3.019712581344895751e-03,1.181627016363042846e-03,-2.184319121754862373e-03,7.284867703250345536e-03,-6.277784415179614441e-03,-1.365362115409960841e-03,-4.607518337488926419e-02
1.486992521980669280e-02,1.015411827764351772e-02,1.016727510826791539e-02,5.888208412127624372e-03,7.862083117200399304e-03,5.660378824106552728e-03,1.203780414776785962e-02,1.025342192848532029e-02,6.722802308328170232e-03,7.489212328972304558e-03,6.846557948417013838e-03,5.253601520862064521e-03,6.127487174627046368e-03,2.948382150329132648e-03,8.795327156669139820e-03,3.315961583560079681e-03,2.270289933723833049e-03,3.285896026062632043e-03,2.551608635571478174e-03,-7.545132380645852479e-04,3.576442453086197456e-03,1.391447009781553580e-04,4.151424635473000523e-03,6.588036247580962915e-04,3.166848384377341473e-03,4.027636996421262577e-03,2.935071573895459401e-03,5.276609913178343519e-04,3.698223489324449064e-03,-1.588376972789167429e-03,7.508255398380133706e-03,3.033176725479387343e-03,2.487960978057300078e-03,4.283707369412967543e-03,3.500018505162957178e-03,5.213690736812926635e-03,4.908211863747851018e-03,3.071390325943708019e-03,3.746076902898022500e-03,2.911768704060378483e-03,5.637731763720741154e-03,1.834547200315329819e-03,4.060088986868445361e-03,2.272933703360028625e-03,9.436713141144704650e-03,-4.037521535318294545e-04,4.257121427294592933e-03,1.560148662588977308e-03,1.489261139288368136e-04,-9.624044289940565427e-05,-2.869927321245060049e-04,-4.609664049859453776e-04,-3.387081345281126293e-03,-4.359388104420309704e-03,-4.964703279874059690e-03,-1.044485028527613983e-02,1.826946509419021328e-02,-1.098982500787062944e-02,-1.389187353430022288e-02,-2.693267881125149463e-02
1.239390735922478969e-02,1.225090523399778239e-02,6.702039647564226980e-03,8.193408836129038517e-03,4.136540255148927342e-03,5.864491496125993908e-03,2.951891293256873969e-03,8.640333295862072729e-03,8.239039115627958682e-03,5.867205003187770697e-03,4.660160778426064056e-03,4.124824367869924652e-03,2.943520423583350504e-03,4.682241346986788441e-03,8.450899323067784762e-04,6.326135305953386849e-03,1.073613567030151953e-03,1.009250502636399897e-03,2.298008855730840610e-03,1.649151471699384156e-04,2.580963247965898481e-05,7.820626746922984844e-04,-1.101399562357613035e-03,1.740254444214766640e-03,-6.975323578359775940e-04,3.224019211555836061e-03,1.174770556068967025e-03,9.112961375130097927e-04,-1.157626563097632980e-04,7.509181763327441375e-04,2.074218463794214040e-03,2.978254678544043927e-03,-2.728890223462970767e-04,1.056598288539445547e-03,2.301842400894544248e-03,4.279409875822381276e-03,3.143493989104358122e-03,3.164919838527520835e-03,1.986481288021728006e-03,1.235738209803886834e-03,4.016693268738900056e-03,3.846419558613469510e-03,-5.181876071617826877e-04,2.684408309801480583e-03,5.396746212375740483e-04,7.621995775159338092e-03,-7.192095946335037371e-04,2.715292478433278898e-03,1.211327738097460211e-03,-1.461988103043990227e-03,-9.887503096796812496e-04,-1.087005794462485211e-03,3.286175789182365519e-04,-5.394846915285423858e-03,-3.016511046018824967e-03,-3.115149977034398915e-03,-1.178703931809228604e-02,1.374188964527592142e-02,-1.007581043531942389e-02,-3.520831625642137364e-02
7.292158483072280067e-03,8.769294509191642370e-03,5.734859045210771028e-03,2.746386360077077930e-03,4.937738147776829511e-03,1.845955016440284716e-03,4.001603021263349866e-03,1.175053825635723539e-03,7.078458774288216154e-03,6.156133499880838376e-03,4.031205521992848630e-03,4.463737062404938595e-03,3.115010873981971084e-03,3.258317484556071206e-03,4.016937729768492102e-03,1.736940855269568243e-03,6.702847023611744129e-03,1.411137397059542388e-03,1.124676073732813059e-03,1.655873036137424197e-03,1.884846772531363233e-03,3.430274056749291358e-05,1.209650613344210104e-03,-1.607218118316940548e-04,1.588467644233521872e-03,3.998675868303069349e-04,3.575766142430652529e-03,1.179969197935531794e-03,1.759723891242264381e-03,-2.096538213068280959e-05,3.247470465664707012e-03,1.753957584729501796e-03,2.699232462040876239e-03,1.299242845165294886e-03,8.996987582943516719e-04,3.637769084239289921e-03,3.540403033663575959e-03,3.321469161204188957e-03,3.040815807901216510e-03,1.262966729664179687e-03,3.488358351464353278e-03,3.337286124602153754e-03,2.778528550481892869e-03,-9.833297247172994270e-04,2.566614109398928766e-03,8.896261701401921062e-04,7.639170500550454199e-03,-1.527190659691565365e-03,1.804129913494917532e-03,4.985980410985711058e-04,-2.243673253318252073e-03,-9.693897572173934682e-04,-2.607821008554072131e-03,-1.917420178177378426e-03,-6.220342955057953094e-03,-4.886865876582461785e-03,-4.160757562691815188e-03,-1.195833536247932309e-02,1.196974847613005606e-02,-1.055248837752085639e-01
7.514509602416322501e-03,6.056648878613004813e-03,5.347438568822692438e-03,4.849331163040682645e-03,1.862227531875849940e-03,4.085779843290405708e-03,9.725458061005694396e-04,3.045356211589010566e-03,3.708796174876977580e-04,5.175870716455489504e-03,5.014387596566266363e-03,2.861512877727000973e-03,3.083385085217383616e-03,2.284205159433431390e-03,2.020492569672940799e-03,3.340195271226656382e-03,5.879091233964508926e-04,5.144987081402470006e-03,7.345855692985312239e-04,-1.830770218516576588e-04,2.231559798294134502e-03,7.123897484679944095e-04,-3.226910130624869688e-04,4.994327763234532877e-04,-1.207984534999225965e-03,1.912448453678350715e-03,-2.221995172462729311e-04,2.278895543156455109e-03,8.948376924769779923e-04,5.308157168824069721e-04,1.359969252640973831e-03,2.047722557741616430e-03,7.666656111953321171e-04,1.604726162987234498e-03,-7.389176124071800481e-05,1.796202837910869593e-03,2.488216787367852900e-03,3.309715032710540406e-03,2.528947704741838377e-03,2.655528103679292463e-03,2.365208331088585521e-03,2.078331833413017953e-03,2.441625854214106352e-03,2.602022488013299318e-03,-1.559395737793405892e-03,1.907568476143149542e-03,3.643542426019122480e-04,6.524365821650749027e-03,-2.680494317748464972e-03,1.543497287043143172e-03,9.985861972013126628e-04,-2.409920828494582258e-03,-2.169140989408971376e-03,-2.683105839370702583e-03,-1.240292773743974317e-03,-6.334919113987032974e-03,-5.478876417279704425e-03,-2.961311060878915515e-03,-1.367410557918445103e-02,7.065675550743523436e-02
6.219952789820453777e-03,6.324772122009974379e-03,3.318548054399004989e-03,4.192333235749158386e-03,3.706645059522336444e-03,1.529178241465625233e-03,3.135407427958791446e-03,9.444831293870932466e-04,1.930888650827983048e-03,-1.058631270844092361e-03,3.592371426594538359e-03,3.050826596724374746e-03,2.041809275152816662e-03,2.086557121589894571e-03,1.264374277668190273e-03,2.033437943424522450e-03,2.302155121225224910e-03,2.977073291809174699e-04,3.539027113933709834e-03,-8.224525073974471839e-04,6.102992466341990857e-04,9.973982284114347660e-04,-6.774282802664155913e-05,-8.301227864853992456e-04,-6.949341095205598551e-04,-7.707515984949643833e-04,5.177232376748602512e-04,-1.168751396295288677e-03,1.701343804986568415e-03,-1.459634121118706445e-03,2.114910316292398316e-03,-1.032057400045799291e-03,1.656799320807857958e-03,-1.117673642100958006e-04,-7.047603813005078998e-04,1.021532756652239037e-03,-1.227211357045520507e-03,1.968226357410033430e-03,1.995050030545899092e-03,1.239459104837729602e-05,2.455003309099630746e-03,-2.228451864103694590e-05,1.040220521195761583e-03,1.366752861404504742e-03,3.566300226149962801e-04,-2.153652604909267899e-03,8.821271386751860458e-04,-8.125831733879031789e-04,4.716530296265578071e-03,-3.614860354606330532e-03,2.533246971223711031e-05,-4.925514088802015415e-04,-1.899891241840382695e-03,-2.512792389730861102e-03,-3.730716296798257652e-03,-1.650715342871314755e-03,-7.806834530715790234e-03,-5.258153053247840818e-03,-3.485265741039614631e-03,-8.023454747768543616e-02
7.297161982128236302e-03,6.249011601462145342e-03,5.293280746819974819e-03,4.380559286962155442e-03,5.150847635684426169e-03,4.833232433581669506e-03,2.654449228473060914e-03,5.117465333309622819e-03,2.516947974924453948e-03,3.624570100364433913e-03,1.723001050515624716e-03,6.192873361330728139e-03,5.541792568747642977e-03,4.075006348368522338e-03,3.201838731146672973e-03,3.636462889406016745e-03,2.900785245942537945e-03,3.741562529646037024e-03,1.617973153653696951e-03,4.006379959790106783e-03,1.842940239276537979e-03,8.518606892753949724e-04,1.708378054339100690e-03,1.193750551503471513e-03,-1.493125078042283234e-03,1.592479302593287393e-03,-1.082840186642427703e-03,1.051590236554930408e-03,-2.858407342590253133e-04,3.535410555113893986e-04,1.692261364256352971e-03,2.187793573831108875e-03,-5.418703840677863235e-04,2.550230107635059404e-03,-7.910671294895960277e-04,2.839112098617676064e-03,1.178040778278680424e-03,1.987991908294705441e-04,2.988301042473248074e-03,1.759769758220946535e-03,3.606493119178068134e-03,2.394517007576138588e-03,1.250294968564822414e-03,1.096966950565492638e-03,1.755829293786311668e-03,1.774190285488199629e-03,-2.130517233026441633e-03,1.516584773183631777e-03,-1.094886481308640939e-03,5.755528090253854943e-03,-1.929946056436930958e-03,4.699327200825075099e-04,2.306865610939634397e-04,-2.203040163213882373e-03,-3.779844212430090097e-03,-3.617612371134071043e-03,-8.193032730601390199e-04,-8.904946467730169221e-03,-6.487276478679439122e-03,-9.583088088497661305e-02
8.066035554157800422e-03,4.676015178177612801e-03,2.014680025363214597e-03,2.785812780806674448e-03,1.047116006383635002e-03,2.138549591406031358e-03,1.872766982428235652e-03,-1.786752952374219810e-03,8.009755616944584091e-04,-3.862856446621160643e-03,-4.260577316303269910e-04,-2.190343726673608851e-03,2.483624968764680703e-03,1.480181453822213000e-03,-7.741782265374354439e-04,-4.815339092536732478e-04,-7.404275431632766080e-04,-1.294681739271532446e-03,2.925754054819887482e-04,-3.289439655704758624e-03,3.316338529762257337e-03,-1.838006658733995404e-03,-2.424528936020492031e-03,-8.636533929583147928e-04,-2.623428813409185625e-03,-3.394534260617323995e-03,-1.145956079057632027e-03,-3.837776015256538862e-03,-3.188942807461968656e-04,-4.281342776894644583e-03,1.062643463443134614e-03,-1.798486636019021377e-04,-4.308045297576049344e-04,-2.383792299058062631e-03,1.658014656012586185e-04,-1.299028768434499223e-03,1.034218789902422711e-03,-1.968490829976644527e-03,-9.067310237229560298e-04,-1.752616099522769338e-04,3.414306941290397388e-03,1.763961818615695501e-03,2.256947638259439691e-03,5.446305292868048632e-04,1.110409359489496249e-03,1.607063087663154234e-03,2.261734987318918515e-03,-3.783990112227881598e-03,2.124421063604204404e-03,-1.564777822434019810e-03,1.014981907253555138e-02,-5.291072040858857059e-03,3.263609762652229778e-03,-2.085485986383242216e-03,-4.006591987055303263e-03,-3.576876730766648683e-03,-5.756608231664596224e-03,-4.793013215859096704e-03,-1.000485771745580031e-02,-5.371082446613812539e-02
1.177523681187999348e-02,1.280474010392526965e-02,7.931932089337697875e-03,6.664352729785822174e-03,6.885712492834815054e-03,5.480268400157086231e-03,6.262316394051424713e-03,5.815093352768503122e-03,3.204207210975285134e-03,4.875598140325310484e-03,1.637171519017383307e-03,4.452658402997924925e-03,1.500142253154792583e-03,5.663717042430678299e-03,4.641059357738056522e-03,3.834246016906725507e-03,3.820540462784047936e-03,3.184903661895385936e-03,3.283986027736608172e-03,3.131015536783496138e-03,2.331566703706920620e-03,6.345134463545452561e-03,1.935225939875952509e-03,1.407592835439269892e-03,1.789119896533881244e-03,2.349547955194391472e-03,1.932576432431090696e-04,2.075393629567390871e-03,-1.077408861514396303e-04,4.601640643897110050e-04,2.343812491350460124e-03,3.439059437766235974e-03,1.732611093409178182e-03,2.181548721037995971e-03,-1.998181534761400875e-03,3.888462090988147653e-03,1.734569495748378425e-04,2.063388981554363597e-03,1.135525451410320441e-03,-2.725265869019469819e-03,4.958120920279894712e-03,4.752139774706540080e-03,2.522194100954614632e-03,3.670070567357124926e-03,1.821868140337401997e-03,2.765175233062467687e-03,4.137106302243643945e-03,4.165019925991202826e-03,-8.408542455470492021e-04,3.817347174442689908e-03,6.509230907204854606e-04,1.108873860196440617e-02,-3.729963681034691517e-03,3.968792517006898730e-03,-8.781231952618159071e-04,-1.630255120038385640e-03,-1.787119663898725482e-03,-4.800106485628474230e-03,3.189297592206385284e-04,-7.846583983251055605e-02
-1.045607315152919867e-02,-2.201861938741297314e-04,1.127162480352216292e-02,5.205012408952274135e-03,4.913186939661791028e-03,1.567918158142578202e-03,3.026582127260597343e-03,7.272067432594325059e-03,4.876313552530701055e-03,6.739587333996083403e-03,-1.708332460264329810e-03,2.896127579017412652e-03,9.070191900989272790e-03,3.813707787921788959e-03,4.579948688481019076e-03,1.812881487499499013e-03,1.675389431085146314e-03,8.158143394237373294e-03,3.823343771353794086e-03,1.755655577362231655e-03,-1.196280422271576516e-03,3.312070844136912138e-03,5.394776599736974924e-03,3.459784977397646361e-03,3.864537280475120046e-03,2.105671929815549574e-03,2.579851766212957857e-03,6.048460509279300450e-03,4.546984897513947285e-03,3.580212073956766210e-03,2.144852943522125490e-03,7.341023002305767028e-03,6.419557160027383053e-03,6.867506540280001945e-03,8.009972505629204056e-03,5.283984510726809185e-03,9.694532259935851118e-03,6.824900591237360349e-03,7.079101681867290899e-03,7.140885526147379599e-03,-2.436005900848618993e-03,8.217532672254378515e-03,4.274691731498504732e-03,4.830951955774258344e-03,6.321999745258162495e-03,5.007170279677284827e-03,4.847098673248710458e-03,5.703289477136441743e-03,4.372610885916203977e-03,5.221862293002028395e-05,-1.806463985861776018e-03,3.569766647490238767e-03,7.545063899326604363e-04,-3.111999748894112906e-04,1.164857479056502628e-03,-3.406295931278072392e-04,-3.701237139982077595e-04,-1.550101757894552148e-03,-9.261627633156221603e-03,-4.512773240214347503e-02
-1.103034352646329978e-02,-4.423457934768800122e-03,-5.692451133595720705e-03,6.597047826094312728e-03,6.696116262446314251e-04,9.566850282525674737e-04,-2.396945991975294593e-03,-5.045274263089578100e-04,4.278073195590904876e-03,1.048967839994470724e-03,4.719076964408392555e-03,-5.945638123328016687e-03,-3.804182596302428036e-04,5.496336088588838625e-03,-9.067973321059016021e-05,1.299050423305571529e-03,-1.936124622386681260e-03,-1.756914816481716267e-03,5.143082928344068494e-03,-1.286001829642571814e-03,1.113340837786756842e-03,-6.120802741412889256e-03,1.738258759596712636e-04,2.554816847829588771e-03,-3.301082521848519580e-04,2.893662411109124578e-03,-1.222470970076110610e-03,-6.736132668228745756e-05,4.086155195089972124e-03,1.539248345378906144e-04,6.241178327229280134e-03,-1.846537731463899308e-03,5.556724958842364746e-03,5.130715466714928959e-03,4.858999328034164199e-03,9.999457650080782398e-03,4.228923587655129303e-03,8.991945329266323728e-03,7.726627404072178296e-03,3.393557151106637790e-03,1.206269906437216002e-02,-5.715255557516548367e-03,7.026292049396334199e-03,3.201705642777319220e-03,3.986656261625229174e-03,6.603790988510742886e-03,4.403544836817487387e-03,3.432240042270191284e-03,4.918801840755271382e-03,1.636704228443928814e-03,-7.675232236174496341e-04,-5.670126867083185793e-03,1.663708629903865900e-03,-1.768723070982709334e-03,-5.761127526777447185e-04,-8.546727283324685601e-04,1.503360595073386270e-05,-2.014136372513355804e-03,-3.771373600358170902e-03,-4.121756541707793237e-02
-5.542978444850410469e-03,-4.278630840578626191e-04,-1.284767623639431443e-02,-4.190713105687985697e-03,6.084023632254715631e-03,1.309574330551526019e-03,1.521574110398010975e-03,-2.004386318965527096e-03,-1.944282871579016198e-05,3.324817960051824808e-03,2.337071724337656288e-03,3.901325739791035915e-03,-4.891187535811891349e-03,1.323519473192043977e-04,4.859790010250245214e-03,1.019862653911912101e-03,1.116344061418405318e-03,-1.510984025544808177e-03,-1.213791459146717697e-03,3.147439349723917500e-03,1.766259807026931018e-03,-2.357878535422218164e-04,-4.928213335254014518e-03,2.133815139395420018e-04,1.384233778194326157e-03,1.515077096603908340e-03,1.906345408124194641e-03,-1.102744867624262269e-03,1.192117538104092017e-04,1.296941781102062393e-03,4.696701578522856531e-03,3.908730594575135671e-03,-1.578342806927035980e-03,5.003052897238921201e-03,3.936464465316377205e-03,6.685816613614021381e-03,8.528653473767758286e-03,3.218927618653486845e-03,9.046431638370619130e-03,3.797235611573726057e-03,8.393915230842995817e-03,8.962056221012287827e-03,-6.375181944885252236e-03,7.558867003514335020e-03,2.836645066415591394e-03,3.650486854306798576e-03,6.178931546046262380e-03,3.769549916374718805e-03,3.304992390098451457e-03,2.885128206393715311e-03,2.936709025879891567e-03,-1.804172762278234612e-03,-4.798612086643581909e-03,1.580744822010121025e-03,-1.989664869341401313e-03,-1.686311050656600621e-04,-1.057176651891945755e-03,-2.231201888316348633e-04,-2.449556191614509718e-03,-2.679915800884678442e-02
1.025920870937785563e-02,-2.662267244804419962e-04,-8.319181326816247821e-03,-7.708158105157012982e-03,-1.799456577816020350e-03,5.623359925024510632e-03,2.113955170656286239e-03,2.725968300584577248e-03,-3.616905188851071511e-04,3.404151727663849649e-04,4.975571565775019529e-03,2.337485932163952188e-03,4.168369220219654905e-03,-3.051757721452365291e-03,3.189999507304960521e-04,5.436910697077117910e-03,1.236284098143057954e-03,1.600819702211174478e-03,-7.304448472195069130e-04,-1.942511234452463150e-03,5.312151169387796523e-03,1.086311426721943332e-03,2.373522586988016116e-04,-3.784295371434099643e-03,-2.815852794477668897e-05,2.835081207237733197e-03,5.789205196925769703e-04,1.826190556213650980e-03,-8.233875675067302714e-04,-1.485102356608097082e-03,4.472157112719628812e-03,2.345231753632044495e-03,3.121300363620456257e-03,-1.461926973964845951e-03,3.639571629794345013e-03,5.009169577974475519e-03,3.898492847743839900e-03,6.842822715295205152e-03,2.241168508102276812e-03,6.249458739101363715e-03,6.575181129457419865e-03,4.078860611259231723e-03,7.753610021795554266e-03,-6.627284258465536079e-03,5.368184882371692876e-03,2.002773837271051328e-03,2.073083676361498796e-03,4.520542513323120778e-03,1.791207364429237394e-03,2.302978256256754327e-03,1.953855794673154973e-03,1.341030353427531165e-03,-2.615828808490164303e-03,-5.377187560569779250e-03,9.715852661075062178e-04,-1.768709205895696362e-03,-2.699739917103878561e-03,-2.918877401245891390e-03,1.666722439204896611e-04,-8.929862095237267941e-03
1.726052212727577709e-02,7.834621867976386891e-03,-1.271101406517037005e-03,-9.822098892243174173e-05,5.747541370766986177e-05,2.601866422868711389e-03,6.224493924980084060e-03,4.592738841569556085e-03,4.351451424115897887e-03,2.692433658064043514e-03,3.823669881494425656e-03,5.046361925658574173e-03,3.784455466174402836e-03,4.566966549934866303e-03,7.989377566102180521e-04,3.324380315691725409e-03,4.871309068393973526e-03,2.754040673393762760e-03,2.822951995966658731e-03,7.169458466582214785e-04,2.755997045790320801e-03,3.849673328432642264e-03,1.982962082315443096e-03,1.491835676549522517e-03,-1.270989234457427794e-03,2.000232198348422981e-03,2.580647333988075626e-03,9.811887194196679610e-04,1.766966576897677004e-03,-9.463869135605083990e-04,1.880404263203280151e-03,2.031720473281694965e-03,1.245431471624670059e-03,1.731565325846223498e-03,-9.577432213906418709e-04,2.397992248421897902e-03,2.219644354770200414e-03,1.898178693712533963e-03,4.090234726939889244e-03,-1.590982179859134430e-03,5.763061374950546184e-03,1.890610880821570446e-03,6.998821681068535024e-04,2.820065688124187477e-03,-6.172257586682267441e-03,4.334552508774728273e-03,-4.571481838584774010e-05,-6.658845384039846407e-04,2.497284988107425965e-03,-7.322180414178321379e-04,3.904725731172917409e-04,7.503199993251520854e-04,-3.882922465434281850e-04,-4.772838858756875240e-03,-5.007405594660704722e-03,6.627604014535257810e-04,-1.941137348542017410e-03,-4.132646928629808702e-03,-4.676431813562670348e-03,1.510030063152293343e-02
2.200733971759605626e-02,7.539437037037068252e-03,3.097141777917877120e-03,1.056888869371740364e-03,1.371922779922778515e-03,1.506735107969192546e-03,3.505293418437255802e-03,6.163378343293965042e-03,4.382871195799684615e-03,3.948578111392269871e-03,3.854254533816334118e-03,3.756586670854203912e-03,4.309522322262573923e-03,3.565847937781515663e-03,3.827998397288756571e-03,2.050032897240388566e-03,3.055454680262082324e-03,4.075487599044289033e-03,2.775323949379740734e-03,1.750834700778850037e-03,2.483859212587126008e-03,1.947326410026935673e-03,3.245831641629349281e-03,1.776501520487384737e-03,9.692317574511356447e-04,4.563359441849619189e-04,1.302013179574565589e-03,2.019143663999592442e-03,6.975361984204755906e-04,4.168519720226564131e-04,1.305612892025495618e-03,7.327625694234469545e-04,1.140275625334030490e-03,8.785463667333356626e-04,7.706624407151582441e-04,-5.075740484349542921e-04,1.944515838795080444e-03,1.504984055022546424e-03,6.157597586378068828e-04,2.518029460254366924e-03,-7.094477509940543642e-04,4.405122525044074221e-03,7.995083317474363689e-04,-6.394830704047006677e-04,1.165814160130297303e-03,-5.924685730902785191e-03,3.503676567615356466e-03,-5.434023890657129277e-04,-7.641530935758678120e-04,9.477282447322624538e-04,-1.154916133893830240e-03,-6.257242140154475906e-05,-5.381303261628172943e-04,-9.583983440437208751e-04,-5.706533674013120234e-03,-3.675559411343752147e-03,-1.159982351577251627e-03,-1.515618228746394265e-03,-4.642089817102817983e-03,2.651442833626984144e-02
2.429729340905256024e-02,8.979389581882045099e-03,2.503961577038095552e-03,3.929021033024508031e-03,1.751435445277188356e-03,2.358870060452953298e-03,2.477745181027677605e-03,3.738245537471700242e-03,5.887535976236380093e-03,4.340388558571821320e-03,4.374503431425053740e-03,3.652379770417964969e-03,3.681829161360354076e-03,4.445631805362285777e-03,3.299970933570076873e-03,4.436741938488181387e-03,1.863409347036826692e-03,2.871854440502335203e-03,4.189589832721755773e-03,1.910149609090974797e-03,3.503462711132155055e-03,1.993491727623235114e-03,2.010184689130159984e-03,3.275063446384327438e-03,1.037101777755330100e-03,1.978428292891138383e-03,2.278418021651574350e-04,1.415184180521615338e-03,1.965702498917397140e-03,-2.651949907781354335e-04,2.165765073920978764e-03,5.933814028488251834e-04,6.212167890474533079e-04,7.103588355118758491e-04,3.792189597464453083e-04,1.672565005840169049e-03,-5.322603812017371715e-04,1.560961473410841811e-03,1.211477948651755975e-03,-8.780737458366427110e-04,3.873645162835735560e-03,-1.175488741862338628e-03,3.667420600222184683e-03,3.635338480432839022e-04,-7.726465388733409030e-04,1.159131134352364830e-03,-6.800248254692296823e-03,3.629178494718495167e-03,-7.749289010578908760e-04,-2.096159308833976404e-03,1.185468834778148151e-03,-1.541003097265030656e-03,-1.292032640019184385e-03,5.509444807910490521e-04,-2.142896230095333882e-03,-6.822212362041867213e-03,-3.497907929897492527e-03,-6.545456880436851524e-04,-1.883651406139082727e-03,3.840804848062080723e-02
