1.693396877262844796e-02,4.268922206188669952e-03,9.491487933889052736e-03,4.056407523697240676e-03,5.115138199071051286e-03,3.701504273181732869e-03,2.556814494916119940e-03,4.235723775203849295e-03,4.724352424613047219e-03,-1.952649647570330028e-04,1.169922607122178722e-02,-4.145090926818162727e-03,1.011656021645459223e-02,-1.926697941242230805e-04,5.410333488803031714e-03,6.368988288500885414e-03,2.321230705631504264e-03,4.052918445429974995e-03,6.477041682068076719e-03,-3.385788154205206148e-03,1.201562091137209180e-02,-7.220488584234928398e-03,6.874444371572552628e-03,3.121914777174518256e-04,2.088096014747463022e-03,3.281413637646049628e-03,-7.443293696907188556e-04,4.392313347658230449e-03,4.520458151539772686e-03,-4.097717189186617613e-03,1.493804998885425554e-02,-5.191083450975189466e-03,4.664942903034557768e-03,-1.899880256505187591e-03,4.023773790071211165e-03,7.617508017393258106e-04,4.210207181060487774e-04,1.805396924286338566e-03,1.561627687765725428e-02,-2.639502501124899991e-03,1.646356821060276573e-02,-1.126734509350635523e-02,1.132922637044086328e-02,-7.360117826657443241e-03,-5.453619400959244801e-03,1.675424372712296583e-03,-9.523950065432627843e-03,-3.022944782883983834e-03,-5.922623425997472664e-03,-8.572246753870624292e-03,1.988576435410441268e-02,-2.682280671214584342e-02,9.449371180054528391e-03,-5.425820962438893807e-03,-4.172208861484353638e-03,1.818616754407631530e-03,-6.591338744353560965e-03,-1.585812267516898202e-02,1.546925493449633274e-02,-1.207046551629582520e-01
-2.380819799516833112e-03,1.638822395325537778e-02,4.480770899335826535e-03,1.006015425858580378e-02,3.179162170949632622e-03,5.175198373712421029e-03,3.711360929842392672e-03,2.862525703534929845e-03,4.300274870273685345e-03,4.553496393221930470e-03,-4.323787749245342361e-04,1.175093486113232451e-02,-4.301472679398343768e-03,9.449099431807184493e-03,8.863603069582875549e-04,4.894005117591665455e-03,6.639061475962026657e-03,2.103257064503627569e-03,4.691676927270178703e-03,4.896789130107025330e-03,-2.087867759941053857e-03,1.120344721153859920e-02,-6.564524004020815331e-03,6.716614699835244534e-03,-1.597340203170897522e-04,2.852938771674395566e-03,2.533029553427167818e-03,-1.983325411569947423e-04,4.788206757618449459e-03,3.209774509053432093e-03,-3.282863707610901745e-03,1.372240366022376909e-02,-4.441710934565919200e-03,3.863289585962123660e-03,-7.414711567968675391e-04,2.169662507931937115e-03,2.333344612141578095e-03,-7.770724398371551579e-04,4.322883682521727958e-03,1.144522579614448178e-02,-3.106004287877346627e-04,1.682071530196488016e-02,-1.056955686026695741e-02,7.207762774473052032e-03,-4.746768857320567137e-03,-3.393628938752160304e-03,-2.840958884382402145e-03,-9.573452782871220632e-03,-1.222155773549167806e-03,-1.411121316209543522e-02,3.829108181082183007e-03,1.059647691984771933e-02,-2.191060016053184706e-02,3.475468047279029003e-03,-1.192164754189245501e-02,8.948643880712104856e-03,-5.900823101565325947e-03,-4.529806776876354850e-03,1.027737066309264479e-04,1.569797288390586132e-01
2.394870407020791535e-03,-1.935079447050107142e-03,1.637164281523024664e-02,4.399134436859625588e-03,9.633082162871970527e-03,3.447473733962533923e-03,5.504324141136370495e-03,3.463719260505516550e-03,3.044752397615615308e-03,3.432090181437607180e-03,5.223638143565265644e-03,-7.657184676179731820e-04,1.224809353988114830e-02,-4.597940772112411346e-03,9.555887321903202766e-03,4.682309850385346617e-04,5.068792629489064956e-03,6.175974866872847684e-03,2.885131825752362301e-03,4.081476853470020899e-03,5.864938875305560767e-03,-2.956336444716239908e-03,1.128435222375008019e-02,-7.555697238195206722e-03,6.683008767662496769e-03,-3.830693355640445836e-04,3.478582695084657828e-03,2.657576640417406207e-03,-4.224427816823072396e-04,3.687133869303600448e-03,3.822624247143331135e-03,-4.080115781377870003e-03,1.594124328215603542e-02,-5.878682936679902570e-03,4.665413446285134914e-03,-1.572834190262760792e-03,2.913619180829977399e-03,1.265332415758356000e-03,1.187488820968914024e-04,2.102722168265845713e-03,1.401150930931623767e-02,-3.256840862702712648e-03,1.749986672546424704e-02,-1.070923185628423584e-02,8.379995323526318041e-03,-7.545637508103050090e-03,-4.188429098904708665e-03,8.132903811625299658e-04,-9.753490814907710832e-03,-9.878665266482613769e-03,1.005203801309398343e-04,-9.491003196169474354e-03,1.652485308825983948e-02,-2.498266214637211852e-02,6.713801020315250060e-04,3.078606552907979391e-04,-7.738854583691432733e-03,-1.010707889036922217e-03,-2.674387019973463279e-03,-2.787724506049351399e-03
-3.150217553158640715e-03,2.931777440307589862e-03,-2.743740441799393231e-03,1.608128996676369549e-02,4.173344209090923233e-03,9.996101031178150631e-03,3.411984787191906995e-03,5.330235779517645753e-03,3.726540862590771355e-03,2.731710293702718003e-03,4.272398230699418070e-03,4.188830289181910346e-03,-2.760993766385456694e-05,1.124564917562693306e-02,-4.210984427037768943e-03,1.011277843661328481e-02,4.581171631525986546e-04,5.124355468582471144e-03,5.804402679523943363e-03,2.216602036978476079e-03,4.233961860824937001e-03,5.674607921118490425e-03,-2.601405911576174564e-03,1.181787024415281023e-02,-7.627293168190338660e-03,6.236071909081349410e-03,-3.023487742398995952e-04,3.614094611228618487e-03,2.369099147624078271e-03,-1.520116062455157541e-03,6.230852734992782180e-03,2.196720643965497776e-03,-3.136762387278918107e-03,1.385221501540885407e-02,-4.711941541777459573e-03,4.853261531310910405e-03,-1.675674787642836847e-03,3.002153047436993596e-03,1.402203674053772954e-03,-2.691700294450201630e-03,5.321919283874460872e-03,1.290729730103152943e-02,-2.260072834913925445e-03,1.757432409757214015e-02,-1.533625786592235710e-02,1.351847335307671330e-02,-8.082586848517956529e-03,-4.084178163716192453e-03,5.353529371181231251e-04,-1.169496873654979861e-02,-2.920418708263248109e-03,-7.804367683567327296e-03,-2.448533309053768387e-03,1.495985416260026991e-02,-3.307311814266161720e-02,1.119414758338181312e-02,-7.888299285344712794e-03,-7.124832070568663106e-03,4.586884095929905786e-03,-4.519805549969839464e-02
-8.229508044252861754e-04,-3.511078864903216263e-03,2.535008857961960644e-03,-2.555017618930486862e-03,1.596122355108347754e-02,4.165525585295918286e-03,1.000570402191972019e-02,3.397104260614685831e-03,5.461783990208583968e-03,3.297207745292548946e-03,2.957458895520910080e-03,4.136447523577132732e-03,4.650748598674701514e-03,-5.690463525229869568e-04,1.179265482241832232e-02,-4.510262146942793995e-03,9.111045409101721157e-03,5.063905931491424414e-04,5.531884205037225846e-03,5.836129813241388090e-03,3.003558852105239155e-03,3.784512447991731678e-03,6.330964230927794804e-03,-3.189336229243227780e-03,1.177210907749361504e-02,-8.183229458980586374e-03,7.250067364523269005e-03,-4.185833375288419396e-04,2.902176224810550619e-03,1.523731846136156106e-03,-7.162448069801984529e-05,4.244486067076043076e-03,4.016721159941173160e-03,-3.957497773677689547e-03,1.560684003645931503e-02,-6.279759419537493496e-03,4.842497117899485608e-03,-1.715650162639278335e-03,4.606064313728035729e-03,-1.074478587179828869e-03,1.032938531914165663e-03,2.679403668410460567e-03,1.369282695980800386e-02,-3.056761032654824878e-03,1.778534821589634884e-02,-1.311281738520689126e-02,1.041967387172284404e-02,-7.237343465380332609e-03,-2.092059837011633026e-03,-5.203622946093906104e-03,-7.486839794648254658e-03,-1.042448774177045373e-02,-4.045111587638685648e-03,-6.365875732517008861e-03,1.924357974557150755e-02,-3.307653799875560907e-02,1.423425516425144352e-02,-7.335790936891926038e-03,8.040767431697886519e-04,9.363728586070575732e-02
-6.968796887296516834e-03,-1.190386081982944613e-03,-3.516563211387419181e-03,2.660323956392296550e-03,-2.518499752682852675e-03,1.576718312925195001e-02,4.709764566475549592e-03,9.075455515040332932e-03,3.659888414738616744e-03,4.868754615628172015e-03,3.868663179600494682e-03,3.092966467250334722e-03,4.034333167164057959e-03,4.362804055295379894e-03,-4.634927482857525071e-04,1.200115668437855276e-02,-4.691107391553731194e-03,9.234815076093414940e-03,9.281296379712434099e-04,4.315583513129150721e-03,6.293687718270081499e-03,2.438773242462387823e-03,4.346071722404891945e-03,6.134615642473312778e-03,-3.542487880570138054e-03,1.173058204629684985e-02,-7.958449994383541906e-03,6.803290193240669158e-03,-9.559746197402385441e-05,2.173673681908786480e-03,3.255747133735929257e-03,-1.226294881952561498e-03,4.693413586345818699e-03,3.882802765676329933e-03,-4.521986604198671537e-03,1.491785568975817662e-02,-5.394308094762731084e-03,4.188013883779962386e-03,-1.282164423583751107e-03,1.234030069476164948e-03,2.447454804911051822e-03,-1.515890541630215494e-03,2.417642186760723001e-03,1.530686520141016395e-02,-3.068858423772375527e-03,1.763492920156472382e-02,-1.476646854183936812e-02,1.275153225960795264e-02,-8.775043970133634616e-03,-8.202740165409550671e-03,3.919380461592289651e-03,-1.522008096491932715e-02,-6.259526621436303957e-03,-7.247896154788155583e-03,-3.702854944851282932e-03,2.230898294824566058e-02,-3.393750881867951125e-02,1.618556114266017382e-03,-1.638907122032425825e-03,-3.135936293916702367e-02
-3.668596699655163763e-03,-7.442343792561364330e-03,-1.283432775272034653e-03,-3.413354892564262038e-03,2.663662473390720955e-03,-2.516387599494551361e-03,1.547265817589031471e-02,4.421880070187703300e-03,9.360355410011697228e-03,3.717038754557380319e-03,5.499937270673081920e-03,3.273071136409825502e-03,2.502438880819970839e-03,4.603736224494719455e-03,4.638366771230339677e-03,-1.882380420810896124e-04,1.101373121656733581e-02,-4.064571691272072032e-03,8.807336222234427719e-03,4.442701521446936266e-04,5.351347842104817523e-03,5.829653926167697835e-03,2.655847241946612293e-03,4.254032569709693956e-03,5.582552925644846537e-03,-3.086355905511817266e-03,1.095965627692995110e-02,-7.974131841672411208e-03,6.623682276261133421e-03,5.972211102761496417e-04,2.567768370288428179e-03,2.046454387869026462e-03,-3.506491166904661784e-04,4.879641968631718771e-03,2.633383246308890376e-03,-3.344974286688780912e-03,1.409879153167186046e-02,-5.951759655643104954e-03,4.637213962435719067e-03,-2.886470133240930797e-03,5.683698839766147294e-03,-1.872049254098043149e-03,-9.819430060266300282e-04,5.468078686358857250e-03,1.154378542054355743e-02,-4.533741323660558735e-04,2.033367989577953422e-02,-2.013059700270258129e-02,1.561198197565864636e-02,-1.283240137097761344e-02,-3.468355823633226080e-03,-2.886063656506365673e-03,-1.033404722634876510e-02,-5.859471732294506928e-03,-9.993474811402740590e-03,-2.727429208189057104e-03,2.110703737124602561e-02,-4.615880492086234937e-02,1.491451124222588007e-02,3.344636691264805256e-02
-8.821565962877623082e-03,-4.253875033323729037e-03,-7.610600956544097753e-03,-1.278314935402448437e-03,-3.502271749933771709e-03,3.019410962202014395e-03,-2.312306016062761881e-03,1.556487057445761317e-02,4.168024278482041454e-03,9.369088845992429998e-03,3.106855006023705353e-03,5.667357124599429335e-03,3.542845120709169418e-03,2.587022641184500045e-03,3.969009625413352088e-03,4.699312149383645838e-03,-6.197319405637617424e-04,1.194565228443983038e-02,-4.959147471318719851e-03,9.450226386390809044e-03,-4.106318464783327462e-05,5.412272533974716096e-03,5.500326938970258144e-03,2.808909656305643137e-03,4.300875574239804155e-03,5.268617656101347475e-03,-2.240768310543715496e-03,1.115312021937683168e-02,-8.152004328864394939e-03,5.639237475460932847e-03,-1.081589031278171501e-04,3.278792199676506224e-03,2.059398781210130917e-03,2.274979649733113881e-04,3.480803812058735555e-03,4.930514367346290096e-03,-5.539908815358402829e-03,1.471949891383040471e-02,-6.571691372754093381e-03,4.246090401670195476e-03,-7.129285768556888015e-04,2.689253908875396341e-03,5.613199050048944946e-04,6.476847162470580161e-05,3.620045160254336831e-03,1.213536148257261457e-02,-1.768413431318159503e-03,2.042876967648617550e-02,-1.718590833381198821e-02,9.834158365058872850e-03,-7.476040759370220119e-03,-7.996982086179988194e-03,-2.232573484924865737e-03,-1.435415504132055500e-02,-5.445262451101692651e-03,-1.187152018851421638e-02,2.221585276547429367e-03,1.839902602552859548e-02,-4.852293706547870095e-02,9.875288595875993114e-02
-3.299122871666834451e-03,-9.519437299573954570e-03,-3.755869746614938498e-03,-7.899071056268743701e-03,-1.015034528568420748e-03,-3.827407369021330538e-03,3.160173586620942856e-03,-2.161516572001686079e-03,1.471962850107004506e-02,4.806412324436630697e-03,8.966843727122581278e-03,3.857545775990609861e-03,5.164316221855082441e-03,2.885193194821921922e-03,2.821865918173764674e-03,4.450176241033233435e-03,4.597756026310518586e-03,-4.046525481198461971e-04,1.137208108771296106e-02,-4.828297268081946890e-03,9.390348111451340962e-03,7.717209923359565071e-04,4.483722145950934379e-03,6.275573507477589900e-03,2.354930265852729025e-03,4.322600585482823041e-03,5.228931854816789432e-03,-3.014660535280677157e-03,1.189995524261965899e-02,-8.804446105986889898e-03,6.688039620300493052e-03,-5.571569788205813943e-04,2.929938925354600224e-03,1.134778769521876691e-03,3.051438338549473462e-04,5.077070320132174609e-03,4.127656913437190850e-03,-6.055142057671767004e-03,1.368842281066945908e-02,-5.687240578090061588e-03,5.951491529808498014e-03,-3.709057387482913356e-03,4.409904892388178191e-03,2.212846795827183642e-04,-2.000276479091379032e-03,6.652411670889782531e-03,1.067101743617657368e-02,-1.424658364546644912e-03,2.072548279272539568e-02,-1.888554435929158670e-02,1.078714320251059067e-02,-1.102837222765746215e-02,-6.101174619521625847e-03,5.985116217203187986e-05,-1.704413505774870705e-02,-3.342495471417065121e-03,-1.101445097781165658e-02,-6.718536303873734981e-03,2.648892691171860631e-02,-2.347616777407176558e-01
-1.215858220090259602e-02,-3.510778987996844916e-03,-9.932851443524570723e-03,-3.701329485278621705e-03,-7.681541255624926672e-03,-7.716185053659181236e-04,-4.051924862877375605e-03,3.081826429273454206e-03,-2.359827759058169723e-03,1.461593285697552688e-02,4.595344766472765803e-03,8.964910194695384360e-03,3.831831579398078079e-03,5.535394473368042585e-03,3.185059566235977444e-03,2.635468931940699276e-03,4.101625009747486908e-03,4.677264721441758318e-03,-2.758429183927892732e-04,1.110108835879051493e-02,-4.792955393606878646e-03,9.217816539577658799e-03,9.457685700770585187e-04,4.920550549553840032e-03,5.763024610296906165e-03,2.291688738584507848e-03,3.809890672653500412e-03,5.337623020170103108e-03,-3.083638154141774956e-03,1.115520792065369943e-02,-8.278453386968323557e-03,6.570820687275337989e-03,3.991474709250511033e-04,1.221977567790151226e-03,3.334497604381808124e-03,-8.556137179425572607e-04,3.843927219936412419e-03,5.161147360575660085e-03,-5.618202524923206556e-03,1.267429277824987099e-02,-5.601904240126400099e-03,4.537780898451767783e-03,-6.389155107447924784e-04,2.029600729277019743e-03,4.819578970184265859e-04,-1.613189544408812418e-03,4.087597511158220023e-03,1.312293780245256045e-02,-6.829275064797075143e-04,1.900304030710166583e-02,-2.190072465435388693e-02,1.445140972122046542e-02,-1.167805257830965837e-02,-7.777774348225196394e-03,-1.160616180115510589e-04,-2.019826896116639139e-02,-5.238639625584970774e-03,-1.037021017861319838e-02,-4.741287055198935979e-03,8.935220878134517153e-02
8.581843649636686916e-03,1.270923276272842295e-02,5.761779661758530645e-03,6.737052905769414651e-03,5.605869257742389367e-03,5.330810905038503404e-03,5.455824151725881602e-03,2.029512809587540913e-03,2.416800188617893638e-03,3.244121424625383450e-03,5.888013784525440589e-04,8.130963693128635816e-03,4.944395268156434641e-04,3.526290613366580683e-03,2.212998235297870906e-03,-6.782240177219449545e-04,3.533628284043389533e-03,1.981324717490743920e-03,8.845145719374212330e-04,1.622726157114845718e-04,-3.468788206362175604e-03,4.481917476894383551e-03,-1.878503448056268853e-03,3.445723311757674292e-03,1.239637019627728510e-03,-1.220006110000781664e-04,2.080090713777173368e-03,3.188566847554718565e-03,1.291003464981422275e-03,1.171105413553873847e-03,-2.828132650680080257e-03,6.767109712125790079e-03,6.205589579058682368e-04,2.729893456908568435e-03,3.357337550804171539e-03,4.137499125512024596e-03,6.266079586852553451e-03,2.642528119630192796e-03,9.628620163695963963e-03,3.668854594185103936e-03,-2.346582000092284088e-03,-6.005046073287265140e-03,-6.563067505314435814e-03,-3.830280181612125438e-04,-4.661825923403381186e-03,-4.176288964980195799e-03,4.973914111986179297e-04,-5.949080621790898103e-03,2.232161213343515464e-03,-4.888585740960227832e-04,-4.537884398113902797e-03,-4.235258358662710200e-03,1.942814898981935290e-03,-4.434600336871671530e-03,-4.256507676751376812e-03,-4.797859024370783841e-03,-4.750436984784865008e-03,-2.722397768013715223e-03,9.725851573306584699e-04,-3.546169703904484410e-02
8.786324668156221193e-03,8.678836396446110851e-03,1.409875460144546615e-02,6.267109596302281732e-03,7.135438821820889142e-03,5.862882766402704136e-03,6.020785414209679429e-03,5.680509485280045567e-03,2.122719270976386203e-03,3.006586488615418853e-03,3.194883301623279662e-03,-2.719003615277737845e-05,8.541512281512468954e-03,-3.297037662025653539e-04,3.990440992823050814e-03,1.177300857741748986e-03,8.867265613290088082e-05,3.827566151155800244e-03,5.177317213889779659e-04,1.763935474352837287e-03,2.905024515277498595e-04,-4.346429623598655097e-03,4.061956519996416833e-03,-2.027616957827621351e-03,3.592666846330677850e-03,6.373339382144613263e-04,-5.045146268660314427e-05,3.198427352271594054e-03,2.166783333663676800e-03,1.513981475352318019e-03,9.780501469276857863e-04,-4.040251276587743072e-03,6.795039328654045932e-03,1.034026898734087107e-03,4.377437327512875842e-03,3.498561199385814141e-03,2.327511091793230125e-03,7.889535461584523679e-03,3.969877533718265024e-03,7.486151292446499225e-03,5.986933753095488586e-03,-5.603617291966997427e-03,-3.954510329863482505e-03,-7.288421727935719303e-03,-2.088762164471209305e-03,-3.887750063706484679e-03,-3.891692979143264713e-03,-1.844010326620555945e-04,-5.517718265414740114e-03,-8.063436018113659875e-04,1.398378943824222316e-04,-3.743231271124117590e-03,-1.146197753889552839e-03,-1.093102790590318781e-03,-8.500169220358051378e-03,-1.461096307082287602e-03,-2.226840757818758596e-03,-1.986447379116257610e-03,-8.533519625035445103e-03,1.070741186089042146e-01
3.494239806738473012e-03,8.844297601121178104e-03,9.010767949344695993e-03,1.424150171511770827e-02,6.238376094285344627e-03,6.849165822537381029e-03,6.187292062835057956e-03,6.008431668094517918e-03,4.671539808084423755e-03,2.663165198604660385e-03,2.979397088427353495e-03,3.551160041019190035e-03,-3.065698197842222478e-04,8.334948342092694459e-03,-6.267029434669054355e-05,3.937140756173669251e-03,9.908810354107091840e-04,-4.762664540783845496e-05,3.561406485857098077e-03,1.042628792035625107e-03,1.854358637350376430e-03,-1.533440263296363616e-04,-4.422006693849748517e-03,4.484325959719264940e-03,-2.640617266869941995e-03,3.732405502693682091e-03,1.247258744685218442e-03,3.316304002253278355e-04,1.914520921178993612e-03,2.006577055779098628e-03,1.418979024244495634e-03,1.310747113366043893e-03,-2.434398421248593243e-03,6.774707793196735328e-03,-1.001328488883948195e-03,4.647055961943115203e-03,3.416655375742488551e-03,4.870640280931745614e-03,4.994414122462965955e-03,3.477785265020189986e-03,8.886430522726239747e-03,5.827392421806142780e-03,-4.748729470947882399e-03,-6.588988381922092526e-03,-6.128622440352757966e-03,-3.214220946351702569e-03,-3.387287878606148883e-03,-4.115139081712944867e-03,-1.940429536135470897e-03,-4.304976575754160782e-03,-1.491847871979161541e-03,-1.121524102600246486e-03,-5.582582055409640413e-03,3.023909331274066310e-03,-9.100941602739250416e-03,-3.249909582939359588e-03,-1.519310701314072198e-03,-6.240985224730405401e-03,1.243263373425720778e-03,5.597430004872670783e-02
3.797006194360256093e-03,3.744398272839450596e-03,9.139266382276880346e-03,8.999594427776732089e-03,1.379078963190452471e-02,6.381993657279194480e-03,7.312201246980184512e-03,5.189897972657383195e-03,6.134724633707439208e-03,5.155728914149585937e-03,2.560694458794631270e-03,2.660365463783924064e-03,3.602726368769181096e-03,-6.373393327353170596e-04,8.524714757956674063e-03,2.229756617571984221e-04,3.901265539266224238e-03,9.866877634538094837e-04,-2.237698242274830231e-04,4.001025944497286005e-03,5.414421337313876691e-04,1.665117321448874709e-03,-4.696226959394581588e-05,-4.097680223892580936e-03,4.471885457158526408e-03,-2.116126324475820636e-03,3.217677259948731328e-03,8.915661726988547775e-04,-5.893141676435768254e-04,3.667698193092546344e-03,2.644480339392071572e-03,5.684096239831149325e-04,7.311137169713920105e-04,-2.902646439028990725e-03,6.976853499627253506e-03,-1.024525135483974605e-03,5.728075647687005598e-03,2.476012279845830194e-03,4.444363508440561140e-03,5.078135075289986165e-03,4.040271238277673427e-03,1.085872682887855344e-02,3.339178278320321588e-03,-6.007175855199085174e-03,-4.729694578855591497e-03,-6.648793130226591727e-03,-3.253461941728098741e-03,-3.446209969743625236e-03,-5.697346223795275548e-03,8.522505072971764146e-04,-6.187200739374101345e-03,-2.687298142257395824e-03,1.507918868786262568e-03,-3.098003345180967791e-03,-5.447815980638586776e-03,-2.331613322449431046e-03,-3.919571686780060939e-03,-5.959590038228203442e-03,-6.260589995849427658e-03,5.873804580534078279e-02
3.680553340684598624e-03,4.308599335552122309e-03,3.592786622386604650e-03,9.263218806509912820e-03,8.589460181315291057e-03,1.399312278241333744e-02,6.041922827557574469e-03,7.485652649534183141e-03,5.473553282871228970e-03,5.693133154528692320e-03,5.168436043772020073e-03,2.584052861458240122e-03,2.859873029042663863e-03,3.276116979851605594e-03,-5.083499890634964220e-04,8.191078314395344034e-03,4.895560091385329615e-04,3.736014670713255943e-03,7.072682564270607293e-04,2.342695598918218390e-05,3.873060534141586214e-03,1.011952491977222623e-03,1.723296391633346442e-03,-2.354413642832072211e-04,-5.335413732962878547e-03,5.444188651441673153e-03,-3.216016907367169175e-03,4.000165615764402979e-03,4.265217009406799199e-04,5.998505848994040547e-04,2.642713984321091742e-03,1.577306578061979467e-03,1.569943499906811986e-03,1.079792406049863429e-03,-2.733451718395982916e-03,6.266318698542211810e-03,1.126521535787565259e-03,3.489433810624520318e-03,3.810099192291419717e-03,4.283447027974998308e-03,4.966432015193448721e-03,3.570313602565133946e-03,9.973600522212048777e-03,4.278711436780610090e-03,-3.679486373999119476e-03,-5.492214261731959493e-03,-7.405540592071973433e-03,-6.356846990149578845e-03,-2.766243558722179894e-03,-2.456078356059224199e-03,-2.631185183041506292e-03,-6.713201128346344207e-03,2.136177004804475023e-04,5.609903453169208716e-05,-7.182121732545255870e-03,-5.962855634721569553e-04,-3.579153205476812497e-03,-7.477779667867653912e-03,-3.611464138006945167e-04,-1.284894645155590029e-02
4.225011050500804798e-03,3.776165155013591537e-03,4.651511864110346312e-03,3.595147732836052185e-03,9.044656622877149041e-03,9.004406643196268337e-03,1.306596237446248226e-02,6.624380785913105453e-03,7.257773219148162640e-03,5.071725342128618856e-03,6.104737283046757744e-03,5.536392048815878646e-03,2.030453599510941964e-03,2.845145574793839140e-03,3.005536759548061657e-03,2.248521184291762029e-05,8.140747382816193936e-03,5.772256706670366670e-04,3.560981427702146658e-03,1.417164185250466930e-03,-6.138858361585428991e-04,3.741971793002329353e-03,6.418851770874628828e-04,1.527952466710037326e-03,3.345963801470868164e-04,-4.796614425920244645e-03,4.274559100196802068e-03,-1.866794595752322436e-03,3.515246854222819298e-03,-1.027996784494234481e-04,1.441465061848679454e-03,1.762494594537864770e-03,2.298646486268238025e-03,2.053661376662269979e-03,9.163842071201878763e-04,-3.731188051595323799e-03,6.350912634617881039e-03,4.150638372154279187e-04,3.714744717574904737e-03,4.745642668068920066e-03,2.922054601648099714e-03,5.307641748790519268e-03,4.630655852665297757e-03,8.816947191585669530e-03,5.691912916730483551e-03,-5.263000247633307406e-03,-6.301675855135400496e-03,-9.830451417445205606e-03,-2.749013893956839781e-03,-4.905387575107559434e-03,-1.499437930065177166e-03,-2.975215766951884618e-03,-7.242210790667554660e-03,-7.825891415011542297e-05,-1.345889552274732743e-03,-7.336686347187956585e-03,-2.008922412518217293e-04,-6.625663099925039982e-03,-1.612467090614876737e-03,2.134858684622917974e-02
9.761593956634365740e-04,4.630921102863483005e-03,4.188809597418089760e-03,4.472132570869517647e-03,3.703541958076431422e-03,8.571339838422172702e-03,8.968183994836759210e-03,1.346271307708759614e-02,6.052164368579819077e-03,7.247030618670458404e-03,5.488196643449655410e-03,5.910613657381075248e-03,5.187658738137720590e-03,2.305413399244222398e-03,2.324178760180786903e-03,3.937363138997354572e-03,-1.873057140898601834e-04,7.764187045925563350e-03,-6.232996463181546963e-06,4.176721587020025897e-03,1.113596751223777529e-03,-3.884916428842261375e-04,4.046405044242176209e-03,8.112570976668041301e-04,8.443827895940438696e-04,3.491098080255544602e-04,-4.558234134308596780e-03,4.439071348537694528e-03,-2.607283272146375484e-03,4.099001196513009544e-03,2.710887017819600220e-04,1.951660148659887107e-04,3.017785911355366866e-03,1.883144757749876958e-03,-1.263853548855426551e-04,2.606233775384734185e-03,-3.977048488452066509e-03,6.571768063368536514e-03,-3.495336269668822358e-04,3.651502876886033883e-03,4.762517635918376083e-03,2.524878496500777055e-03,7.825182141942478575e-03,2.884538642487666227e-03,1.087836408246482811e-02,3.366639657896570818e-03,-6.954296322424953491e-03,-3.828992192845804676e-03,-9.197329222319531455e-03,-4.406603261928108799e-03,-5.555566299331610343e-03,-2.844730503379036980e-03,-2.742674739344659130e-04,-5.040372901055749540e-03,-8.032332384442533030e-03,6.552569548753935796e-03,-1.100672729168686824e-02,3.819523090689027592e-04,-1.007028974480152911e-02,-4.411916306914720302e-03
6.288621602755949851e-04,1.335964967412876618e-03,4.902024562605942354e-03,3.361745658643197892e-03,4.308112157437479078e-03,3.929730636420696727e-03,8.929853408596647585e-03,8.946140045018088210e-03,1.289655070559084932e-02,5.745507941535175737e-03,7.472755829804940235e-03,6.068492029804434945e-03,6.009617320578841335e-03,4.783930400337351417e-03,2.225919246723797457e-03,3.261963456816134935e-03,2.471047296472893198e-03,1.385157660099888628e-04,8.509097332537811711e-03,-6.122727692173596985e-04,3.976698608604643977e-03,1.525925475165523489e-03,-1.006027356889142854e-03,4.222814663109680094e-03,4.843804495655703386e-04,1.448551286766736838e-03,3.279847998447246011e-04,-4.915460679009480555e-03,4.514473990233301356e-03,-3.167290493942649925e-03,3.670945985045661903e-03,1.505440335950506163e-03,-1.267385449280105953e-03,3.493530238252873493e-03,2.054686650609321638e-03,5.247229543236960579e-04,2.044463724695446717e-03,-3.124176284894328824e-03,7.006584312708561899e-03,-9.525633141193895915e-04,4.367823654337626461e-03,5.329433262180090745e-03,1.648816110226295427e-04,5.403157611177571672e-03,6.120949576689911631e-03,1.058743354371736306e-02,6.387565394042566368e-03,-9.373451412558273660e-03,-6.456833195823395190e-03,-7.915643827448715433e-03,-5.387394187189577417e-03,-2.554660743237448847e-03,-5.452742079605220858e-03,-5.754970377069572492e-03,-5.865312363130285520e-03,-1.914819605002371448e-03,3.862644833596564319e-03,-1.520993724766990345e-02,4.230854000447445938e-03,1.179078307872799200e-02
-1.563728729486126359e-03,6.548272779122645687e-04,1.344353787992018812e-03,4.903254485323093464e-03,3.820629683803344109e-03,4.272383664827417334e-03,3.683251793982195328e-03,9.138428762220762724e-03,8.562577846575450402e-03,1.352066981659919877e-02,5.348469800883820860e-03,7.388522525569251979e-03,5.618699787077188583e-03,4.828219133167539409e-03,6.055450379487794903e-03,1.798836711187598884e-03,3.019130539246733715e-03,3.536573106805623694e-03,-1.630351501210981291e-04,7.873114569160167414e-03,-3.507594992925119784e-04,4.714686244031667320e-03,7.862542996756677555e-04,-4.559787348982001325e-04,3.470281931116484669e-03,1.427075848982634499e-03,1.028795670992751696e-03,-2.582467372386801048e-04,-5.082793352027368573e-03,5.557555177772590532e-03,-3.240727135107405402e-03,3.362617961405166018e-03,7.132605353579057504e-04,-5.417660019272471563e-04,2.811246982353454976e-03,2.539271795806197912e-03,1.094751631326172474e-03,2.720833734837771662e-04,-4.188349066189805438e-03,7.051464680928292393e-03,5.862243764489079518e-04,5.371243268144478347e-03,2.522345796295139692e-03,2.987809707395797012e-03,7.073938414338157635e-03,4.135368554722134923e-03,1.139925540504173850e-02,4.394290120191047568e-03,-1.140300580170253153e-02,-4.017614018133048095e-03,-9.738099718520366530e-03,-4.718473676764753551e-03,-4.360886303203835752e-03,-1.008783240614562551e-02,1.622742819038479117e-03,-8.931673526622416898e-03,2.325962597156568112e-03,1.331193732574499156e-03,-1.543802587615043104e-02,-8.465817611181264413e-02
6.047111152837508254e-04,3.046827370171297910e-03,5.294073124261093437e-03,3.394615510129411068e-03,1.141217453060337870e-03,2.454985023340850326e-03,3.878439499602751115e-03,2.066139398481337593e-03,4.771786813929617256e-04,1.531591288751320062e-03,-2.568824257431944402e-04,1.514287673011772842e-03,-6.505410978492256070e-04,2.599819147510640596e-03,-1.037471150801554500e-03,-6.253510938514486497e-04,2.147267753984214485e-03,2.609473211613308214e-03,-3.206920894599298868e-04,4.614504338351779820e-04,-2.064854346825036654e-03,4.834830511254008343e-04,-6.827556324237711799e-04,1.229172000567626188e-03,-3.390318454124046873e-04,-1.957462944503036636e-03,5.577859225110213355e-04,6.314788425670408642e-04,1.052887986474163821e-03,-2.805294267810193570e-03,-1.348110228864956087e-03,1.091228487248923143e-03,6.484142487659253287e-03,2.322481826730561985e-03,2.109733820654415871e-03,2.292895624354050321e-03,1.964936518824783400e-04,2.619846694298074222e-03,-1.422064984861458347e-04,7.091046695963464748e-04,-2.522424409065015909e-03,-2.279175760393379376e-03,-2.343768244648594765e-03,-5.132767824339268606e-03,7.329269722253387107e-04,2.403530831427034067e-03,-3.527970327290427029e-03,-3.088830706272890740e-03,-4.903617078265104338e-03,-1.556362071936856798e-03,-3.102181255883895532e-03,-1.462566318204072463e-03,-2.067790654929740120e-03,-5.217340393008427016e-03,-1.037449833854256443e-03,-2.038562461804557541e-03,-6.115327481569057463e-03,-8.957274807696272156e-03,-6.163979586733342453e-03,4.194668938922455764e-02
-2.298613629729690834e-03,-1.861762304110089854e-04,3.847151404416498163e-03,5.062639281823270304e-03,3.781658975494817544e-03,1.059009205224996147e-03,2.546452419567865090e-03,2.961115466003049791e-03,2.399864687833596320e-03,4.662346098190931127e-04,8.633771348091908533e-04,-1.710972648465603971e-03,2.029252520298160944e-03,-8.317318164594811282e-04,2.311574370491718301e-03,-1.357639836289041384e-03,-7.141151218401881962e-04,1.776467209588634315e-03,2.852279832512597153e-03,-1.576736162941605327e-03,2.283577427918025409e-03,-3.606308687536302106e-03,4.070113948011190802e-04,-1.525762141080616542e-04,6.713768789027887681e-04,-1.073929758245526205e-03,-1.441230096302425394e-03,1.107232165886367454e-04,1.005611178265809020e-03,5.840436885866206844e-04,-2.253696615159337443e-03,-2.111265705066434680e-03,2.570426004884550884e-03,5.377480053323638494e-03,3.128402722541109154e-03,2.765540325147011237e-03,8.889494470553929110e-04,3.068534915964804262e-04,1.932962986573536499e-03,1.486934935347301217e-03,3.590352378821388534e-04,-3.448062037283724287e-03,-4.038464841085245144e-03,-2.097935024718246104e-03,-3.364081654084583473e-03,8.039684686764230403e-04,2.446194995395049187e-05,-3.742696569597801001e-03,-5.654522124300056726e-03,-1.885870655172804241e-03,-4.638366069706777346e-03,-3.088240003828372857e-03,-9.479434013800267097e-05,-3.676122657554427124e-03,-4.416172351396305609e-03,-3.695188546627392514e-03,-7.936836722898973602e-04,-5.316896662477108536e-03,-9.320366757337621502e-03,-1.729200499601727947e-01
4.436876775228059885e-03,-2.963631210495589700e-03,5.030761996065653049e-04,4.033557382912777989e-03,5.211985182938421932e-03,3.427337821740431695e-03,1.180293311041027363e-03,2.361535624664516404e-03,2.879286785184124314e-03,2.836225137682152949e-03,1.907224222458672801e-04,1.009405028877894111e-03,-1.633056629658516216e-03,1.619582780034073410e-03,-9.741222652101572295e-04,2.727203627202784593e-03,-1.812733020252137173e-03,-2.178843669610692005e-04,2.133668957645117742e-03,1.950975361565867065e-03,-5.415268098483475272e-04,8.168833279168688077e-04,-3.292680596913127086e-03,6.465091508299035524e-04,-1.181454874434971882e-04,9.461287936021033768e-04,-1.320437050776761311e-03,-1.574755201316272628e-03,-2.315538957957088615e-04,7.171252906480923882e-04,9.832684754268628414e-04,-1.447683269381633709e-03,-3.079630131741875089e-03,2.662634025246240956e-03,5.187737341843921650e-03,4.409981307559990814e-03,1.726566775708661926e-03,2.532849634309261577e-03,-1.671033773725466229e-03,2.568960867162396050e-03,2.907712848193967983e-04,1.555066517556434255e-03,-6.318072614935424727e-03,3.222208799902291925e-04,-4.165060249137127538e-03,-2.168291704144438645e-03,-2.608426404201330019e-03,8.521146589813270332e-04,-1.130093098443834231e-03,-5.385403945597527775e-03,-6.624238980764217410e-03,-1.037102612196114798e-03,-6.172203873981312906e-03,2.795192000698387691e-03,-1.243103209874247932e-03,-7.430908062295044948e-03,-8.373587903647225234e-04,1.269825758433439132e-03,-1.380230436957766670e-02,2.826910239248525691e-02
7.534484555945978636e-03,3.952570017164191811e-03,-2.155730915058907352e-03,1.406098544079524646e-04,3.970039228824271023e-03,5.174312354472789151e-03,3.304566539095264190e-03,1.526423486112974803e-03,1.908444613423028111e-03,3.704322476823636908e-03,2.169443205228310540e-03,3.134823776283845271e-04,6.758993522446023975e-04,-1.786820885002026685e-03,2.498828244935794116e-03,-1.054164848515967571e-03,2.486759006774383850e-03,-1.830791699471050540e-03,-1.289140404326482160e-04,1.564446313638489031e-03,1.826693558240934491e-03,-2.832432392769715056e-05,5.538792122081019620e-04,-3.626097628555551358e-03,1.417053087671379637e-03,-1.099107588448781800e-04,5.387735761406481968e-04,-1.014254722070017734e-03,-2.800498889932552353e-03,6.260010088746227695e-04,1.069855658937700175e-03,1.033084117129181223e-03,-2.654316746739365102e-03,-2.229091645768451618e-03,2.711830082623510607e-03,4.515378870974658294e-03,4.231974744633206983e-03,2.389507630057356898e-03,2.677055432526072049e-03,-1.427982043297795637e-03,2.849436065066390973e-03,-7.513532060079963206e-04,2.737543529033523854e-03,-3.836234284931161562e-03,-2.833677025365809871e-03,-5.042087622843754655e-03,-1.184003328160858392e-03,-1.765914023247736791e-04,-2.146276714906654622e-03,-1.679964507411050667e-04,-7.574914232176926422e-03,-3.904818458603861921e-03,-9.617182637360038172e-03,1.399888785373126950e-03,1.272097375395348081e-03,-3.077472332974677711e-03,-3.690892432491982636e-03,-3.664185806099871240e-03,-6.119252264106966703e-03,-6.226681937910893971e-02
4.552699981557679215e-03,6.885473185557298287e-03,4.589547693177035113e-03,-2.676881575182284492e-03,4.824411997734128301e-04,4.010274742530176538e-03,4.880860156095948553e-03,3.597439444310407061e-03,1.303958967639572229e-03,1.890607905996270505e-03,3.537970230218923009e-03,2.064014853513707493e-03,5.270010673389677672e-04,1.126757769310046805e-03,-1.728566976502386287e-03,1.827313385662171366e-03,-1.021219440245174376e-03,2.761067031618155004e-03,-1.590129724890141207e-03,-1.171970359134831292e-03,2.082263899904680717e-03,2.501241874799246465e-03,-8.808507057309438153e-04,1.314218795679246692e-03,-3.599197786812976044e-03,9.823282980450326416e-04,-5.415932119838445845e-04,1.671613698940369302e-04,-2.953782853543569548e-04,-2.532058976421600049e-03,2.607421540827922117e-04,3.808453660569834347e-04,1.537277962251648675e-03,-2.426709877808401038e-03,-3.460982893898270976e-03,2.881614696508161266e-03,4.946742719736467973e-03,4.419001153023681058e-03,1.767519213288212127e-03,2.307354379419981720e-03,-8.720375769331523879e-04,3.120074234459735939e-03,-8.059571010693648407e-04,3.591816960130758164e-03,-5.990652489446575239e-03,-4.007988268197566241e-03,-1.828887454198094460e-03,-4.350120633948301695e-03,1.793622570377965270e-03,-2.302482601364591597e-03,-5.440986507435545926e-03,-9.263005898703430187e-04,-7.039346838980018416e-03,-8.026698621300565328e-03,-1.153460475964656826e-03,2.458604189103851586e-03,-5.935650596972220569e-03,-6.736050061664717106e-03,-5.535551562188580944e-03,3.179075373447291103e-02
5.131635845681475211e-03,4.477136616910420801e-03,7.233413131212926110e-03,4.229533245467979874e-03,-2.343251315649419984e-03,8.096321396953176674e-05,4.018303901052633527e-03,4.973000437616812569e-03,3.350528382788414868e-03,1.251537189385442924e-03,2.645606452355003281e-03,3.017962344424426381e-03,2.166898994627675795e-03,5.901626990091036161e-04,8.769386354786740893e-04,-1.895972103069441111e-03,1.574009681848767030e-03,-4.942461647761318098e-04,2.366163921413008513e-03,-2.852997033500371659e-03,1.093455220077876265e-04,2.292126698965972573e-03,2.308534224824759611e-03,-5.656469780066528206e-04,-2.469869681193885666e-04,-2.402794296742564312e-03,-1.092065154091999903e-04,2.322085838572425520e-04,8.864731027693186979e-04,-1.617798030740626560e-03,-2.335896336117106436e-03,-1.728365804252546224e-04,1.973846312777051675e-03,1.185921375751495610e-03,-1.823217364573069457e-03,-3.920573537303885525e-03,2.487425371231759014e-03,5.595938577316254652e-03,3.126126838773033139e-03,2.614597941622502815e-03,7.243450248488591267e-04,1.460943937103690899e-04,2.525278672469424487e-03,1.580730496749677659e-03,-3.325666894622938572e-04,-4.325811371382313510e-03,-5.906939283344356598e-03,-1.083964109402056402e-03,-2.992677860862976835e-03,-2.305711557034942696e-03,1.427130046423885487e-05,-3.942506547185276392e-03,-4.795883658552210077e-03,-5.046017186707863443e-03,-7.223547198459129640e-03,-4.828868177651826459e-03,2.687827465107441548e-03,-1.438764052467385183e-03,-1.205582388845642325e-02,-3.631218589682185666e-02
7.656119517179577234e-03,4.775337997000673150e-03,4.440629259998627419e-03,7.332902505459202788e-03,4.514562037829040857e-03,-2.485143060108006667e-03,2.724354223979000025e-06,3.903253469125143437e-03,5.406613640885802111e-03,3.131550058164872963e-03,1.966502980127763419e-03,1.930984632025991394e-03,2.827003957931103605e-03,2.193141958671060952e-03,9.279014498861130281e-04,6.898082856338109622e-04,-1.547448933940973265e-03,1.402096122989762500e-03,-1.247062607078572912e-03,3.084762246762173636e-03,-2.589405236684762419e-03,4.487815963552376376e-04,1.788152786817588831e-03,2.507721931127167639e-03,-5.806848857380689753e-04,-4.180421757143984690e-04,-3.357124925616625840e-03,1.667288639561878344e-03,-1.231629034626663443e-03,7.562823216782129775e-04,-7.679659926774339701e-04,-2.181592863794744493e-03,-5.312291392393621520e-04,1.462936488687824766e-03,6.728556183643666366e-04,-2.774442883529894873e-03,-2.547974781078890527e-03,3.093408741333112701e-03,4.407576158505515859e-03,4.366422447479044282e-03,1.949624602518999815e-03,3.925322207068307565e-04,2.486820689894842255e-04,3.730807663149528393e-03,-3.052112158272758126e-04,1.630952539849475202e-03,-8.222501523269844237e-03,-5.251901752619326895e-03,2.779154868627936766e-04,-7.244760263745876963e-03,-1.445481546325397227e-04,-1.086132812789818619e-04,-2.662993629468795448e-03,-4.548854087052850784e-03,-8.370180673136540933e-03,-9.721430279121633447e-03,-2.174561290187889979e-03,2.458207707670723250e-03,-3.480867027313871553e-03,2.280009432026573399e-02
6.576904378911030760e-03,7.837289228421948778e-03,4.840579019920629618e-03,4.727159879572906571e-03,7.317329420697195851e-03,4.394687687192217612e-03,-2.515491683391438398e-03,4.343625152251867736e-04,3.698655441896856692e-03,5.394344709370422347e-03,3.237118897658213586e-03,1.054189985535159638e-03,2.470224154942230518e-03,3.042588685670268543e-03,2.519325396444447359e-03,5.522328049149484355e-04,4.668130810491951375e-04,-1.278388071614994194e-03,1.664903542037820790e-03,-4.136971600828858375e-04,2.158032026246964937e-03,-2.210218252344187985e-03,-9.208597749393846897e-04,2.205597151955795716e-03,2.681810524373526988e-03,-1.313281830149555995e-03,1.004755244150047589e-03,-3.140910261994961979e-03,9.266451994162951383e-04,-8.280874672228165628e-04,8.252518259898182539e-04,-1.406269659026457676e-03,-2.577408871039628228e-03,5.525846098984277211e-04,1.021740050173140964e-03,1.526287383351094011e-03,-3.293381670295613458e-03,-3.021042075551156302e-03,2.720549921427579693e-03,4.962247335929925729e-03,3.791414795814988456e-03,1.652297479307344085e-03,3.814559515814286601e-03,-3.942321190817553965e-03,5.797143950916418785e-03,-3.042309270011766403e-03,2.201446068672295413e-03,-3.829085796406967151e-03,-4.924483393203137049e-03,-6.229090691174553850e-03,-1.743157455805512644e-03,-9.565098180870916945e-05,-4.146374569634787670e-03,-4.656522246195898482e-04,-9.231516098005107876e-03,-1.900165564753564761e-03,-9.654882029057459611e-03,-5.344192323924560999e-03,3.562574603608884439e-03,-2.137287217334093992e-02
4.493633123033692958e-03,6.889738937749584867e-03,7.817369244744068121e-03,5.248397679477871669e-03,4.428315442778735928e-03,7.063671277893299183e-03,4.405222220022074649e-03,-2.645283397207132212e-03,4.427949920011005564e-04,3.918053641553159890e-03,5.242071338243349185e-03,3.045115520062708324e-03,1.416833327897728222e-03,2.824197463194740021e-03,2.575396901898951985e-03,2.541975105077476371e-03,2.756413189814884389e-04,9.774932386820013152e-04,-1.532496050220006701e-03,1.738459732090566912e-03,-1.100628723359109353e-03,2.625738292021481939e-03,-2.120232799749049643e-03,-6.163151898241744833e-04,2.282164004967309270e-03,2.029278432748687824e-03,-4.106353790545603242e-04,9.035926781661385255e-04,-4.356814329100772328e-03,8.708291572552591007e-04,-8.207183313460363408e-04,1.024818323746802626e-03,-2.217256320650362079e-03,-1.718798220061867280e-03,2.962133093784602195e-04,8.887050686347658900e-04,-6.033155714054154895e-04,-1.262538941773600409e-03,-3.697518459992266398e-03,3.839177877733924212e-03,4.641078304224530854e-03,4.650545475759751760e-03,8.537047243903369371e-04,2.821470512035824298e-03,-7.459266740466360523e-04,2.421108698428973017e-03,3.011264637527284152e-04,-1.022426807128102959e-03,-6.517380490109538592e-03,-4.178718854217017102e-03,-9.472046906233741285e-04,-5.972116158904858425e-03,9.166490369248938728e-04,-4.053355213828500718e-03,-3.968734055054760033e-03,-5.976117884824686151e-03,-5.994941064800636370e-03,-1.086451707925592709e-02,-1.473899637755450749e-03,-3.994820602743164029e-02
6.012185546736536872e-03,4.980181478653278662e-03,6.559451362407246570e-03,7.888217459165050918e-03,5.329620694188756148e-03,4.344036981533379652e-03,7.298716173120823464e-03,4.225638688160034476e-03,-2.382881758926343532e-03,4.775242651110674888e-04,3.583832377389762573e-03,5.114628262588945783e-03,3.557116231322075134e-03,1.126407938257958799e-03,2.241160562666408979e-03,3.336005945499533661e-03,2.134097485857812046e-03,5.206735786229129640e-04,7.844287242042010484e-04,-1.524939189493972926e-03,1.570610289769259430e-03,-9.565749652939413167e-04,2.150569251388107558e-03,-1.547749027885802348e-03,-9.233502741872546887e-04,2.293472853479601621e-03,1.915170124863196065e-03,1.210336266925758901e-04,-4.462121950027583828e-04,-3.492454773629246039e-03,8.379719755880963824e-04,-8.319562395449097477e-04,6.722279984115226868e-04,-8.594031534009289881e-05,-2.636457719443929815e-03,-7.781519196074364623e-05,1.304719202484257851e-03,2.566739531210191351e-04,-3.281857397308097883e-03,-3.814756627836337916e-03,2.373027938285508093e-03,5.836446082949294477e-03,3.166108419362311747e-03,3.496278128616377330e-03,2.682924844152660693e-03,-1.361956636603683718e-03,3.357998684210445305e-03,-1.047145627628924937e-03,1.390874725877180038e-03,-7.416802031193428166e-03,-5.416445251070500094e-03,-3.345448752711487322e-03,-5.174306375023340551e-03,-6.715906552991826595e-04,-1.837763379273343487e-03,-4.947675383800959233e-03,-7.544059056071039833e-03,-1.417119050847399746e-03,-2.007493400141464185e-02,-1.242955717141784044e-01
5.579727807214911704e-03,7.482206390632723143e-03,6.261027430387628052e-03,6.428838237325536047e-03,5.361064683819231728e-03,4.074947009220024688e-03,2.117840337759377498e-03,1.434560083852283062e-03,3.416561968126183638e-04,-4.471901279117496933e-04,-4.913676437099192846e-04,-1.005785831043712721e-03,-1.823413867535153597e-03,-2.350158778742800908e-03,-2.179092242438615285e-03,-3.343790813503014648e-03,-3.395679860157312102e-03,-3.996384039900353381e-03,-4.634810835476561690e-03,-3.411345675367840734e-03,-3.630196328520011138e-03,-3.427682198327348072e-03,-3.484670098268513160e-03,-1.747980286045518975e-03,-4.165053660729296954e-03,-1.870974135368070560e-03,-3.287652010387739562e-03,9.980287929123861194e-04,-2.766955415259572584e-03,8.222822213422400269e-04,-1.225177785303202494e-03,-9.182859706851227970e-04,-9.716532570763139606e-04,-2.636981816344257160e-05,-1.020721362573747109e-03,-4.939006493164112103e-04,-1.924145265479784575e-03,-9.263681840921031115e-04,-1.319988693264387541e-03,-1.000068879520227272e-03,-1.760422909481427003e-03,-1.479538141555102569e-03,2.510091743119287236e-04,-1.862949606299129420e-03,-1.087042758385284779e-03,-1.717148266070082788e-03,-8.068254118537758566e-04,-2.282407234175213694e-03,8.813757225434108418e-04,3.391231231231295155e-03,-4.314821834723165089e-04,-2.345779685264635928e-03,-3.339675138543887582e-03,-3.488586502090462206e-03,2.175974349839784536e-03,-1.645644945538024756e-03,-6.360624762628265712e-03,-3.434804738920457009e-03,4.055308092056601906e-04,1.138220515618543482e-01
3.090207823960873252e-03,3.735526411129634541e-03,3.026143279797075068e-03,2.776767376817184958e-03,1.394363938053185936e-03,6.040677966100665552e-04,-1.140546628029478777e-03,-2.396685347759900699e-03,-3.455981885294160793e-03,-3.792110508939079260e-03,-4.799821735883383865e-03,-4.902093595251378298e-03,-4.912811645036801317e-03,-6.184352797216257150e-03,-6.850605568445497333e-03,-6.319137702946496862e-03,-7.536868264505587091e-03,-7.285379850840629536e-03,-8.154912408446452279e-03,-7.019490799092501128e-03,-7.582118959107896072e-03,-5.806746987951708072e-03,-5.646003025718625279e-03,-7.355393341423404306e-03,-3.686577542725568823e-03,-4.882358942209091834e-03,-4.970041731610517523e-03,-2.665915864074177698e-03,-1.651058723251497273e-03,-3.286678252234350069e-03,-2.249986431478950485e-03,-2.371300928883849843e-03,-2.767791918065179782e-03,-1.423703338428886382e-03,-2.668643007333694472e-03,-2.013977847202495352e-03,-3.853265339161336851e-03,-3.136859526372421866e-03,-1.477133090246211160e-03,-2.625986078886269337e-03,-4.632878102457423618e-03,-1.414961840955300792e-03,-1.184186105156969553e-03,-2.190112119594260411e-03,-3.616568914956080644e-03,-2.195104028331134986e-03,-1.147541305706854982e-03,-5.128235642977128222e-03,-3.077944577787601176e-03,6.940533980581482148e-04,-3.176295570955089617e-03,4.805294825511297442e-04,-7.685456919060077406e-03,2.550077487765091758e-03,-9.169288917360601809e-03,7.163880883763602250e-05,-2.374107660455538216e-03,-3.599855252274492858e-03,-4.665097285611307168e-03,-1.573831402870625243e-02
1.757287265547865769e-03,2.230587915633524317e-03,2.501782063365431963e-03,1.749734475827743711e-03,1.273312461080689873e-03,-3.698113207547541379e-04,-1.704368912740949387e-03,-2.404552953258043153e-03,-3.668004959055149415e-03,-4.776789467100353223e-03,-4.439548281711416973e-03,-5.486108051403073595e-03,-5.368465103959681357e-03,-5.723151592446929295e-03,-6.829176238542828022e-03,-6.495999061363368077e-03,-6.549259995134221538e-03,-8.771808208400757451e-03,-6.844710909790200151e-03,-7.665569460739516533e-03,-6.409881231109869175e-03,-7.644094276677768952e-03,-4.815180452183620043e-03,-6.167099744245550276e-03,-5.341875669882149152e-03,-3.511237154346378512e-03,-4.658025348689176157e-03,-3.786938598283739934e-03,-2.806166920696522623e-03,-1.226415034168538238e-03,-3.844058029621324514e-03,-1.078093922651955291e-03,-2.228398599649980202e-03,-2.939867245208926602e-03,-7.701778001004589043e-04,-2.613646050982128960e-03,-2.808827454165799872e-03,-4.207809081869444238e-03,-3.843814262023164535e-03,-2.264758891427916254e-03,-3.160660554638061205e-03,-2.468480141440926139e-03,-1.056115151150947926e-03,-4.979798994974846994e-03,-1.501849564528815384e-03,-1.382278609489955706e-03,-4.130705069124513545e-03,6.683113014332944682e-05,-1.398257505416210592e-03,-2.702628453984994017e-03,-3.828666241225232164e-03,1.177228226319111453e-03,-1.140207627118582177e-03,-8.000639332870132861e-03,-2.043874917996884449e-03,-4.423871783088294089e-03,-4.205847404627835982e-03,-2.692260692464389354e-03,-6.077000681663302130e-03,-5.140564373897715117e-03
-3.043016162939011192e-03,-2.983601839293347283e-03,-2.971598907663428567e-03,-3.567465605955512462e-03,-3.315200979174791947e-03,-5.904184553100828847e-03,-7.372667273873830147e-03,-7.745979112271531540e-03,-1.035281208053681103e-02,-9.028693412580418576e-03,-1.057948002536465183e-02,-9.432763790304677862e-03,-9.508664850136275618e-03,-1.044596345068522954e-02,-1.146580663739113319e-02,-1.277234782608703892e-02,-1.290617288378756097e-02,-1.201525265462958722e-02,-1.327843848932087033e-02,-1.302972877512754805e-02,-1.223552281789994263e-02,-1.150153519233266045e-02,-1.190481707317078523e-02,-8.591557537317020404e-03,-1.173676509014906499e-02,-8.134857579395323932e-03,-6.123177711603529187e-03,-6.132649381261168903e-03,-3.290349272349256133e-03,-6.866487404472210176e-03,-4.294661954803347462e-03,-4.959242682360274178e-03,-6.988428818081939518e-03,-5.110644666154999342e-03,-7.877296982530427455e-03,-4.177457034063906949e-03,-4.757769453066437032e-03,-5.047705984129968043e-03,-1.768052021808344185e-03,-6.136504953877686130e-03,-3.563508846084165790e-03,-5.074911608721281372e-03,-3.762417129780949113e-03,-2.010899881921635133e-03,-7.881649337410806880e-03,-2.499735930021527996e-03,-6.739721927966093457e-03,-4.413167294140395158e-03,-1.807577324617010237e-03,-3.803176355959804727e-03,-5.614170781645271870e-03,-5.399606832971844649e-03,-9.364417219669856837e-03,-1.963968072976073065e-03,-8.171795063575191045e-03,2.382626999059327989e-03,-1.137049638313803596e-02,-3.791945711678797182e-03,-7.262979041916073179e-03,-5.428371011025424908e-02
-2.391457244113783919e-03,-1.458255193905884720e-03,-3.325632111251569829e-03,-3.994373603711979560e-03,-5.681122685611295423e-03,-7.703952370705074298e-03,-7.904276239195580020e-03,-9.870222900546610917e-03,-1.113170259718219458e-02,-1.062414004495606211e-02,-1.212929448882336253e-02,-1.022567237163805702e-02,-1.147538553593373430e-02,-1.312157878716136740e-02,-1.178032878772351452e-02,-1.253938491990764723e-02,-1.302243232404259182e-02,-1.209226430429123471e-02,-1.192698111616922151e-02,-1.214753399736209598e-02,-1.419206704408671957e-02,-1.066269055050430431e-02,-9.272026871740477599e-03,-9.227343827522499140e-03,-8.175234549878269627e-03,-7.710612288474786961e-03,-5.982811526479850373e-03,-6.451403400309163941e-03,-5.030535638970885792e-03,-3.741675075680997355e-03,-3.265058080686421890e-03,-5.348237923164723961e-03,-5.693546680772309902e-03,-4.548254334639508650e-03,-5.802802902818617742e-03,-5.685140649654473431e-03,-4.895328420717809555e-03,-2.466001431008782701e-03,-3.528055180041735853e-03,-5.327979329379244414e-03,-5.722928727229872198e-03,-3.701680120142650330e-03,-3.749699607650819420e-03,-5.442639940001344975e-03,-2.175203725261920084e-03,-6.564165363287285948e-03,-2.596674444732439881e-03,-7.980173039352483205e-03,-2.035452885688230316e-03,-4.785534080394780385e-03,-4.367109680386432186e-03,-1.708558282208600450e-03,-5.983364729749394290e-03,-1.842995425434577374e-03,-8.019992599901337033e-03,-1.117136363636369450e-02,-2.889294178258563443e-03,-8.885738245807000418e-03,-1.559317953861533981e-03,5.968031399999321369e-03
-1.082223302786606764e-02,-1.101254170371691876e-02,-1.102826430603851167e-02,-1.190498936924169748e-02,-1.104998257536152217e-02,-9.473965613694896107e-03,-9.586707356948243400e-03,-1.051720528237056786e-02,-1.077625450353075255e-02,-9.532222413496367272e-03,-8.571981500017356731e-03,-7.645009347065021173e-03,-9.327103133159236892e-03,-9.791076529104682930e-03,-1.092482897453543426e-02,-9.469537451817895690e-03,-1.006119943327984760e-02,-1.001592261904757537e-02,-9.750202459321722498e-03,-9.504193589908629947e-03,-7.903790516762335128e-03,-5.517389827437784236e-03,-7.422683533803394081e-03,-6.385731141634670531e-03,-9.354531286023847966e-03,-6.830457912792600901e-03,-1.079143114852681475e-02,-4.665591996816969428e-03,-4.820817550505013781e-03,-5.844416328038470367e-03,-2.475786467964842877e-03,-5.043883979264395141e-03,-2.588129685522475368e-03,-7.721735465274379324e-03,-3.856165086016664651e-03,-3.659358606889808949e-03,-3.299611329220436540e-03,-6.171400854981939910e-03,-2.429008170676435954e-03,-5.359135025122407740e-03,-1.658387939942820724e-03,-6.350917936478851257e-03,-1.634694289059415630e-03,1.747529426735301445e-03,-5.342143416091684263e-03,-1.203803110901718399e-03,-9.811108950871214041e-03,-3.177270665093592881e-04,-5.657005588783343801e-03,-6.455893336194795835e-03,-3.356586748038369906e-03,-6.569580017142064021e-03,-1.100127220156952267e-02,-2.251477449453816239e-05,-5.842022848138705635e-03,-4.742493991989310542e-03,-1.140985163204746855e-02,-2.109690140844923130e-04,-1.920400610687028262e-02,-5.220812593914340299e-02
-1.221759862167297664e-02,-1.116845867940980709e-02,-1.255408273770845622e-02,-1.331709875441662583e-02,-1.406396884756580708e-02,-1.289021669853410504e-02,-1.132821156974772418e-02,-1.068945420395533627e-02,-1.184647623201042811e-02,-1.168019906323180222e-02,-1.027542435037718561e-02,-8.825143426852252032e-03,-8.680910406117636063e-03,-1.033826375082834946e-02,-1.051542035176722054e-02,-1.175924874732822353e-02,-1.048721794690768080e-02,-1.115689372365862367e-02,-8.795690548212008880e-03,-1.162668636306079216e-02,-8.624718614718699522e-03,-8.353513615555231697e-03,-5.499210405156512542e-03,-7.230612542309174107e-03,-6.136031031950099808e-03,-8.676256311046057212e-03,-6.364348774671416131e-03,-7.398055664226242320e-03,-8.575879715882752177e-03,-6.057652764306491536e-03,-3.672045139326673112e-03,-3.583687144609342193e-03,-5.353540092306108451e-03,-4.691293034427623104e-03,-5.051769970910723571e-03,-3.103526080308097526e-03,-7.082723420861850548e-03,-1.803102432260769066e-03,-4.453182203629347732e-03,-5.110372103908270187e-03,-5.214817402768653562e-03,-2.875882168008075512e-03,-3.952456363059351704e-03,-3.175842909287581329e-03,-1.727272727271973675e-04,-5.222688251893757225e-03,-3.141044323867176954e-03,-5.852441192667826031e-03,-3.956403710078433382e-03,-8.195706691682297027e-03,-1.111100489359306180e-03,-4.254556390977332590e-03,-2.840782959874900513e-03,-8.612071607484788824e-03,-6.636148421759475134e-03,-4.376710076857354484e-03,-9.611855519953377974e-03,-2.800354495649356318e-03,-1.678045369794900488e-02,2.630447446990199015e-02
-1.467125055864777587e-02,-1.321175968773894566e-02,-1.481569191003437140e-02,-1.555320067676919590e-02,-1.692962349342749459e-02,-1.766470829247786256e-02,-1.576037735849056265e-02,-1.317647190060385227e-02,-1.196392664872138016e-02,-1.334456765042664819e-02,-1.257966666666664526e-02,-1.128618069596672158e-02,-1.008532609467035178e-02,-9.116384204462162424e-03,-1.156008891583304617e-02,-1.154616141732286994e-02,-1.258489015691869467e-02,-1.141195603764100230e-02,-1.064295596755499528e-02,-1.115296720896911779e-02,-9.640832437083340228e-03,-8.750419318940605429e-03,-9.781270933589920544e-03,-4.316735151288865480e-03,-6.306545558848890114e-03,-5.288621993929564814e-03,-8.205223700703982020e-03,-7.188769446172912220e-03,-8.284093687517916915e-03,-7.916069405521388574e-03,-2.834768824306384098e-03,-4.525333419072657092e-03,-3.561691247650962747e-03,-6.525850255128497028e-03,-4.414197252409298236e-03,-4.762639664001039851e-03,-4.284157088122712495e-03,-6.265083113607777983e-03,-4.171688721983649734e-03,-4.723226352337099240e-03,-3.397540617261495931e-03,-7.137273099494973426e-03,-7.668337129840580458e-04,-2.519238872794259208e-03,-3.670355515041052921e-03,-2.058654098473949520e-03,-1.381295866233213897e-03,-2.903221001401128445e-03,-5.769426635822921465e-03,-6.050326481257503435e-03,-6.134561733171138564e-03,-5.110220392346731880e-03,-5.058532675708994099e-03,-5.191494220860653173e-03,-9.200675783113360789e-03,-4.695153061224458316e-03,-6.149222222222129781e-03,-7.766909733376175552e-03,-1.503381574302953532e-03,-5.606002412164200199e-02
-1.558678086070209266e-02,-1.580046334602025135e-02,-1.459055048126148280e-02,-1.565108834978179778e-02,-1.611645077817358204e-02,-1.879035750158098914e-02,-1.868942321454123909e-02,-1.661820662768026882e-02,-1.473113774331247759e-02,-1.225373855563575108e-02,-1.310700886484859710e-02,-1.229498525073743909e-02,-1.238016005190877879e-02,-1.019305959406945072e-02,-9.101823970567392286e-03,-1.218856341112852133e-02,-1.168073736536873186e-02,-1.222678629808561686e-02,-9.862717093985918018e-03,-1.079472258216522887e-02,-9.480574855429428974e-03,-9.689100065688609903e-03,-8.844247927895315664e-03,-6.960441924129810373e-03,-5.518949962092492036e-03,-5.078686691941299187e-03,-4.967882726884613118e-03,-5.232292065361411962e-03,-7.218624114974098692e-03,-7.797054702551201553e-03,-6.608009765028893291e-03,-4.627427413909496884e-03,-3.185765222520774934e-03,-2.905782656676666586e-03,-6.352589905026084956e-03,-2.630940386230091327e-03,-8.577036314170900788e-03,1.904007599596589976e-04,-6.916608152686131404e-03,-3.639215301618364731e-03,-6.197623750451690568e-03,-3.457674795733836886e-03,-3.475034609408081399e-03,-2.128083619009314524e-03,-4.381141880341819263e-03,-1.437034367263756527e-03,-4.040343659942281437e-03,-2.907684968060261083e-03,-1.897748492811866935e-03,-4.947334669338769586e-03,-3.032480051069327744e-03,-5.972230148520665631e-03,-5.288028295820037042e-03,-3.233490751672588211e-03,-7.531359760658168020e-03,-7.393252784918538482e-03,-1.069845601436271963e-02,-3.553156822810572737e-03,8.178825184664515477e-04,-7.684141403512933372e-03
-1.677270564750899667e-02,-1.750298865745505972e-02,-1.695749082472059951e-02,-1.756031464148421345e-02,-1.853517987633507280e-02,-2.007616937185835101e-02,-2.115218211617632751e-02,-2.145822166837710668e-02,-1.766846861390602638e-02,-1.590545407348246953e-02,-1.346651369413226669e-02,-1.368149770642201717e-02,-1.448715842155911399e-02,-1.250736230715668654e-02,-1.121507017543860174e-02,-9.498995551729146405e-03,-1.259804232804237999e-02,-1.131362689028447832e-02,-1.176757558956164837e-02,-1.151499944343435840e-02,-1.025678517216578253e-02,-9.136292183757889832e-03,-8.809221594196371685e-03,-8.446576522620537902e-03,-6.889664962525362570e-03,-5.194374879599295176e-03,-4.179549362585192190e-03,-4.352352941176502489e-03,-5.651372637263700136e-03,-5.690872280852805019e-03,-7.319360635185893915e-03,-5.902918069584753812e-03,-4.624138723013300999e-03,-4.995923323966273283e-03,-1.896333570412547321e-03,-6.541407618213695464e-03,-3.546287927695214882e-03,-5.729170210180881823e-03,-3.880146807992329843e-03,-5.865548418373412246e-03,-2.418643768152499342e-03,-5.431328071592736104e-03,-3.104308932602325294e-03,-4.982343407796736671e-03,-1.298813241723876600e-03,-7.334608540925297883e-03,1.164753165996246080e-04,-3.374059584712742850e-04,-5.239316043732524485e-03,-3.828481990405825826e-03,-6.187064254062059517e-03,7.605594248486134364e-05,-4.281343912720116454e-03,-1.291001925457303627e-02,-5.368551461245247777e-03,6.070725012110962313e-04,-9.951595744680788100e-03,-5.441465009810341272e-03,-5.337907949790757570e-03,1.379811279768582491e-02
-1.366174767705957346e-02,-1.680840351100367641e-02,-1.643950111377292383e-02,-1.733406090060645235e-02,-1.800557465137104032e-02,-1.838865581032846433e-02,-1.959508181283103542e-02,-2.160260709962123077e-02,-2.060511823436677811e-02,-1.675306086490209456e-02,-1.440841831552442352e-02,-1.242193054738078076e-02,-1.330345149253728265e-02,-1.336905321733677932e-02,-1.173855776388267776e-02,-9.787718777810750642e-03,-9.453696837513576867e-03,-1.125283803863299029e-02,-9.741583339276844306e-03,-1.159496389891692680e-02,-8.657368341746449203e-03,-9.413861008560266141e-03,-7.529506892895053947e-03,-8.231128988520311496e-03,-6.443871058295099971e-03,-4.792552891396262629e-03,-3.343465703971013319e-03,-3.646014849001603768e-03,-4.254396843291962001e-03,-4.604213849287276152e-03,-5.343464558282407309e-03,-6.703856515908766453e-03,-5.558924662764054385e-03,-5.320628517823521031e-03,-2.716792298238369322e-03,-2.947801040784337606e-03,-5.867091490435795767e-03,-3.749948683992623735e-03,-4.620191202199437804e-03,-3.278723963220145886e-03,-2.599380299251858196e-03,-5.610249722892396429e-03,-1.848554077501424848e-03,-3.056453867660724726e-03,-5.808538916704651667e-03,-7.017768803635017006e-04,-4.998406108681205905e-03,-2.150130548302390729e-04,-9.781324544883348172e-04,-2.993597122302191996e-03,-2.282834800444465996e-03,-5.282829230168006353e-03,-6.989466124012379093e-03,-5.326608465608443331e-03,-5.407120318490095043e-03,-4.403215751862472709e-03,-7.050309043020138930e-03,-1.397539692307700823e-02,8.208549000951526065e-03,-2.148651805067642792e-02
-2.165761996161227887e-02,-2.929224821063396503e-02,-8.233926672384322618e-03,-3.050305758207397938e-02,-1.326576040893003884e-02,-1.530545545328240546e-02,-1.715160865199555351e-02,-1.018672247852368991e-02,4.968321187794697696e-03,-4.423031119842830289e-02,-3.342196035592283343e-02,2.651708821543481698e-02,-1.537256451290265787e-02,-1.423838690546802045e-02,5.044854893667078365e-03,-2.095120164797428450e-02,-3.029218843116970169e-06,1.174836544706644829e-02,2.027531638838722759e-03,-2.378171067611731249e-02,2.814433887336374035e-02,-3.049225587120473271e-02,-1.311991473156999197e-02,1.385452054794519133e-02,9.789455135427576130e-03,-2.956977821011672752e-02,6.929217417629615454e-03,5.955042902672165114e-03,2.552011775183062742e-02,-1.273608557924370104e-02,2.942126957955490743e-03,-2.576823606744797074e-02,1.382284126003700212e-03,-9.915435961073731236e-03,-4.545301421630450894e-03,5.425934126764354534e-03,1.124766898063577110e-02,1.343635459630489366e-02,-4.068616021612732336e-02,1.775902488062317333e-02,1.790063388398033511e-03,1.856410256410259739e-03,-5.750881678359433952e-03,3.116377854031939388e-03,-2.497780167264036441e-02,1.659838888888891945e-02,2.282941044943051154e-03,-1.556949479367516131e-03,-3.348277119416586192e-03,-4.628370828183030541e-03,1.781084562528631801e-02,-3.747047481343278308e-02,1.169113976276361889e-03,-5.595051477470255885e-02,-2.669500290528761463e-02,-2.870599091793712282e-02,-3.102389094580951592e-02,-3.256757154057228487e-02,-2.114316727605119670e-02,-2.031405235802728054e-02
-2.569508053382421262e-02,-2.442579682811829231e-02,-1.941265990333968655e-02,-2.474607791292087258e-02,-1.080565292020600407e-02,-1.835986260427351080e-02,-1.815682384775767558e-02,-2.203139720387682285e-02,-2.172542038554017840e-02,-1.594074282990380273e-02,-1.522971026092529573e-02,-1.681011811503028280e-02,-1.514340877803875204e-02,-1.171883206634406586e-02,-1.786483507154993516e-02,-9.685967107615192986e-03,-1.594053824583273674e-02,-1.676522772277229401e-02,-2.054141968451448155e-02,-1.891211168397363002e-02,-7.607872332501550497e-03,-4.634021654202548357e-03,2.935269230769324555e-03,-4.447692404426525740e-03,-1.453843375117942760e-02,-9.228800715990545175e-03,7.787030716723526355e-03,-1.210309913726297440e-02,-1.206014911135649612e-02,-1.206694209003715372e-02,-1.097675263049305294e-02,4.663930696169511954e-03,7.721247979681455410e-03,-1.492747515410760726e-03,-6.545283486177180809e-03,-8.505428218585955533e-03,-1.353624540571079973e-03,-7.746383805465045271e-03,-5.110333546772290528e-03,8.035994618834177775e-03,1.076547065196611225e-02,1.363256608430215948e-02,1.015565520840128882e-02,1.304681365478403167e-02,1.443477781512615514e-02,8.028090252707512781e-03,1.557211212001586784e-02,1.214783763103525691e-02,7.364279448121911591e-03,1.979823529411765815e-02,1.069513633643902860e-02,1.407928598520760514e-02,2.067159255329415260e-02,2.121865887650081772e-02,1.795339258222537412e-02,1.801393086570822130e-02,1.257710089841051690e-02,2.392065878983182931e-02,2.176599539459915522e-02,3.604431517560915954e-02
-7.037338828740190809e-03,-8.486460738297575343e-03,-8.822216441206986656e-03,-8.059562997843522369e-03,-7.185048878665806216e-04,-1.187668890557992598e-03,-9.904744429882065757e-03,-7.375795179643479006e-03,-5.184641605744574541e-03,-4.997859167659554104e-03,-2.554097338767619824e-03,-2.496437826961724147e-03,-3.467034296692989969e-03,-3.620144436737498649e-03,-1.138133677259604154e-02,-5.029812767693264686e-03,-7.811258901629370734e-03,-2.975683871474665235e-03,-3.755940023068015960e-03,-3.439131930165647416e-03,-2.044545054945073707e-03,-2.181513350883829312e-03,-1.935969661697844145e-03,4.449612281047119963e-03,-3.240309077014421994e-03,-2.582896928327544500e-03,-2.472890087409340774e-03,-3.673513994659354659e-03,-3.266945303896374910e-03,-2.616440505297431759e-03,-3.374486391571514688e-03,-3.152801008615235476e-03,1.399202976783178905e-02,-2.778956910760592338e-03,-3.681948711356774692e-03,1.233677776260070410e-03,-3.698722408449792425e-03,-7.951019873334888924e-03,-5.650080092265714199e-04,-4.069453358879206520e-03,2.428236914600551827e-03,9.301354876386986811e-03,1.181089584850693319e-02,1.280728482992750210e-02,1.109276456974542593e-02,1.243228593061668046e-02,1.406328926962561836e-02,-2.752810053564145806e-03,-5.420691034152122154e-04,4.598705053852607076e-03,7.406152195305244247e-05,8.040139310591181213e-03,-3.864903161063705170e-03,-2.337829512893962580e-03,-4.809551965165480107e-03,2.804194756554284369e-03,-5.558864124153867041e-03,-4.600390390390355667e-03,3.733622217845050618e-04,3.628854118202515851e-03
-1.666121290538008851e-02,-1.499901477832515928e-02,-1.677960827407887559e-02,-1.732681099231253574e-02,-1.710143877138623272e-02,-1.694292284799570752e-02,-1.144549446113824961e-02,-1.202172301481713688e-02,-9.359775943396229925e-03,-1.368695724841658204e-02,-1.045422857380949935e-02,-8.423824672170896963e-03,-8.426352480737033315e-03,-8.142056778679039597e-03,-6.906195679063258271e-03,-7.936411499247855716e-03,-8.643774021572890945e-03,-1.042214099003429921e-02,-8.379585257124618630e-03,-7.895101706803853148e-03,-5.577002875302616153e-03,-6.407412909455471352e-03,-3.925072199422399537e-03,-1.240526723410778284e-02,1.421383273880264409e-03,-2.771699200275132714e-03,-5.893737285000933898e-03,-5.058412248369847236e-03,-2.457077997087132697e-03,-5.275901665598984290e-03,-4.238996163019849439e-03,-4.657609645658929154e-03,-4.170672381462660339e-03,7.243868864624058643e-03,-1.610111765412851814e-03,-2.625270208155543877e-03,-2.897618747814017983e-03,-6.837529968249647302e-04,-2.785605528576810819e-03,-9.266447682119250545e-03,-3.005174092561806089e-03,-6.868847821987322366e-04,4.095637717781656223e-03,-1.027913477309944264e-03,8.746514706885925167e-03,7.478349465100344489e-05,-4.891546628407439021e-03,1.011030419715075630e-03,1.116856873176572335e-03,-3.598827516946995382e-03,4.457296081653875849e-03,1.255610949110649009e-04,7.679760254729313049e-03,-3.947683109118103884e-03,-4.268985443800045639e-03,7.809646972297186072e-04,-4.220266990291291972e-03,-4.602156334231783351e-03,-1.088029702970305310e-02,-2.324472476602369372e-02
-2.529256442292679430e-02,-2.388002784799270542e-02,-2.133313506815365593e-02,-2.218183805024505351e-02,-2.556554470732479156e-02,-1.911980399357354060e-02,-1.812033977900547044e-02,-1.055071500000006116e-02,-8.682907251890702865e-03,-1.074205399438904127e-02,-1.517769327354259734e-02,-1.840809113772964162e-02,-1.033923894749798345e-02,-1.254565157920917509e-02,-1.275243944563809670e-02,-1.241474536454398835e-02,-1.356961260110679454e-02,-1.205397157753113069e-02,-1.027850039397834939e-02,-1.364207179071187832e-02,-1.424154518718703452e-02,-1.173114420183631566e-02,-8.297952470765854183e-03,-3.884933297451058278e-03,-6.574257009345917287e-03,-4.416293082670551783e-03,-3.939011137802960090e-03,-1.042051122135600680e-02,-5.879171193692594825e-03,-1.554695106393771216e-03,-7.202558900523532877e-03,-6.304254237288159195e-03,-6.295250646830487240e-03,-1.523156342182919055e-03,-5.214139671170330698e-03,-1.334952638701011060e-03,-2.814703549341244365e-03,-1.060010038720791232e-03,-1.896276031303839420e-03,-4.917893605588355074e-03,-3.002185493785038996e-03,-1.956131841586758457e-03,-3.763160429547615128e-03,-3.498637489678393616e-04,-2.806365822605763356e-03,-1.687668294754674685e-03,-1.092951079571222867e-03,-3.642473640918323860e-03,-4.234782608695717397e-03,2.120371267150849420e-03,-5.354347443456823966e-03,-4.745998719004491766e-03,2.942824853131548180e-03,-4.650537634408515031e-03,-5.200575539568445295e-03,1.198916988643138450e-03,-3.576516675489669044e-03,-4.953910614524857604e-04,-2.604435089093328198e-03,2.295080179813814916e-02
-5.682689335394129626e-02,-4.271011094795235802e-02,-4.108651125329983861e-02,-4.333535345405762490e-02,-5.166013128491630385e-02,-3.577565375359785527e-02,-2.846328850161017332e-02,-2.335741239892186530e-02,-1.489028793630218714e-02,-1.344784260963979329e-02,-1.639087048334116406e-02,-2.098979404192716572e-02,-2.443873158540850118e-02,-2.336775168918918746e-02,-2.461138688622493270e-02,-2.011264890349925838e-02,-2.491038029386351271e-02,-2.271941076040805835e-02,-2.010629370629370832e-02,-2.213276559433391757e-02,-1.850598534371485429e-02,-1.760245973168037686e-02,-1.669874263572022552e-02,-1.259424557351803732e-02,-5.472597402597401649e-03,-9.357309802051128056e-03,-5.123844802940610496e-03,-3.475631072268291037e-03,-1.130665536449495558e-02,-7.897614651870846214e-03,-3.965928936125788506e-03,-7.869518213866142503e-03,-1.117664615217040143e-02,-6.977892520775528899e-03,-4.348472245513899069e-03,-2.436956812482710556e-03,-1.976570130607648804e-03,-1.889267889149362674e-03,-2.910466863033838846e-03,-3.776671454955805775e-03,-6.909860724233911865e-03,-1.586253808545328488e-03,-1.468814653752379632e-03,-1.589942005529724036e-03,-4.229844455594625359e-03,1.560313442719449013e-03,-2.406413003324811822e-03,1.293319685039424297e-03,-4.218465385216406752e-03,-3.709929571489262862e-03,-2.796946564884875770e-04,-4.241510945505351515e-03,1.151284182046483171e-03,-2.919737815836767874e-03,1.054209968185985339e-04,-3.932864493996489873e-03,-3.810448798988542128e-03,-2.221854190585573034e-03,1.898176291793348932e-03,-1.791363719321420120e-02
-2.799130758723465326e-02,-2.988320376122917399e-02,-3.063620515411816930e-02,-2.973218758658898939e-02,-2.754515274386018509e-02,-2.275454936237284592e-02,-1.746202726134289673e-02,-1.208407421649677037e-02,-1.436796168840532781e-02,-1.135759947385720468e-02,-6.442597433573431058e-03,-8.828025295991576496e-03,-8.759767062660109641e-03,-1.153292058260221332e-02,-1.074779329848309616e-02,-8.731723630699975147e-03,-8.356471748564303290e-03,-8.440022805017162455e-03,-8.253955843809768905e-03,-1.168245319504251575e-02,-7.542282839672126080e-03,-8.388552614863382939e-03,-9.738241840378787303e-03,-1.165021157184960299e-02,-6.433898305084737382e-03,-3.324972729428500064e-03,-5.689244207206020122e-03,-2.387368857557566580e-03,-1.568622024211250611e-03,-9.506722855726295815e-03,-5.915062622604484038e-03,-3.330552459799631390e-04,-4.928614520013693996e-03,-5.893818466353661738e-03,-4.898249204183827317e-03,-3.233349781960044838e-03,-1.611721119185227430e-03,-2.304617473970482777e-04,-3.849848581787157845e-03,-2.599694889397432054e-03,-2.479114906831848581e-04,-3.275360289878904031e-03,-5.054882209585696146e-03,4.734984562607926417e-04,-1.691557365538544095e-03,-2.847389939457283317e-03,-5.080574544896218452e-04,-6.150123399660112474e-04,-6.187263452361722220e-04,-6.621902582542789654e-04,-5.318887497764278154e-03,-4.902369337979123158e-03,1.603158103157143616e-04,-4.422777605619207693e-03,-1.196796927942099433e-03,2.076260623229497868e-03,-6.729296183810952632e-03,-2.143080510218007932e-03,-8.240352145888973912e-03,4.806875951483069453e-02
-1.766286375239310702e-02,-2.103471599813627399e-02,-1.682052714903077562e-02,-1.931191357493325725e-02,-2.134938984012866442e-02,-2.079707019280624056e-02,-1.521775468483814973e-02,-1.316038587728322884e-02,-9.809515178092906296e-03,-7.039389721627493934e-03,-1.206453638749701261e-02,-4.272780344595220742e-03,-6.431591695501639311e-03,-7.170379448503330991e-03,-8.549893347794726428e-03,-6.854401874430465953e-03,-6.879809715889213112e-03,-5.820125654915265026e-03,-7.358771570894877441e-03,-6.272042104314026409e-03,-6.547908490902669063e-03,-5.190542205791761482e-03,-8.938899177397794521e-03,-8.858465384289441677e-03,-8.779314504508226730e-03,-5.731351007085430313e-03,-5.344466784622858846e-03,-3.912633487145696608e-03,-3.581554832988476187e-03,-2.282926695090133681e-03,-5.659010994578792496e-03,-1.942441914140691141e-03,-4.267418250950638994e-03,-2.887743568611361462e-03,-5.418145323163444001e-03,-3.969819519887901257e-03,-4.018869037089394490e-03,-5.092650011811859431e-03,1.104204848161922112e-03,-7.141201621820847216e-03,1.333783783783856021e-03,-2.037466579005101606e-03,-5.707887118876361042e-03,1.190146607307389056e-03,-2.575132123982338227e-03,-1.126673997507498604e-03,-2.316185301016383379e-03,8.426666666666185555e-04,-1.701413131150165091e-03,-3.474107142857214923e-03,1.886892402887705659e-03,-3.198430853577817739e-03,-6.385729331226165130e-04,-4.163251028806613969e-03,3.248512888189755772e-06,-3.173891721291604434e-03,-5.581549657534155481e-03,-2.042373831775697469e-03,-3.357049032838570375e-03,-2.942306804624458469e-02
-1.597982218597056650e-02,-1.307740247113630544e-02,-1.269703584321814349e-02,-1.242206155582556773e-02,-1.134387105217244708e-02,-1.700433415328217804e-02,-1.370994680086268409e-02,-1.293636026503170756e-02,-9.658266415206706243e-03,-6.760258607950413862e-03,-7.216853081501114521e-03,-5.773306167719540263e-03,-6.999200700968677760e-03,-5.430523148597488081e-03,-9.866474527624959426e-03,-5.224361177115706932e-03,-4.790216486261384375e-03,-5.681528639829696095e-03,-2.875557348393144568e-03,-3.947314136831338305e-03,-3.208585490338964653e-03,-4.345100162425632150e-03,-4.523319809175558627e-03,-2.782645712541922858e-03,-5.916022355975957860e-03,-3.730458187280817454e-03,-3.339146154466951684e-03,-3.201070452413052637e-03,-2.089173974776582527e-03,-3.815629053734797931e-03,-1.702304138864336232e-03,-5.045859645496350576e-03,-1.887772484556545730e-03,-3.223302966337104024e-03,-4.077783888318118471e-03,-1.781790123456685740e-03,-3.045999640740099188e-03,-3.382653531373040843e-03,-3.780814314405684176e-03,-1.723363099326812725e-03,-3.929727880815852919e-04,-6.355801644817764620e-04,-2.430177111716626780e-03,-4.073727999999957917e-03,-8.908489737241149760e-04,-3.049903360095133908e-03,7.782570839380056069e-04,5.194473791141342124e-04,-3.175010475152905114e-03,1.515975733063648547e-03,-3.468219876228610752e-03,-1.016092661297598836e-03,-4.751560191655112945e-03,6.565604026844214409e-04,-1.095894701392037800e-03,-4.661981599433785532e-03,-1.610297029702954189e-03,7.517788018434025865e-04,-9.147504678727392743e-03,-9.960533497520655463e-03
-2.074972234273319421e-02,-3.090595223050677381e-02,-3.487873104549088499e-02,-3.306689627553076327e-02,-3.033125874125877641e-02,-3.622380857427711515e-02,-3.750265359346004884e-02,-3.468287269473572382e-02,-2.347904032462588830e-02,-1.728674465714572298e-02,-2.274210366777800613e-02,-1.391542302496626832e-02,-1.751370716817652121e-02,-1.803340497512425505e-02,-2.188268406894495685e-02,-1.843980036208826834e-02,-2.078509113058147478e-02,-1.749926115220799827e-02,-1.673637285986046691e-02,-1.627075178669599650e-02,-1.616083972269412652e-02,-1.610972675557213393e-02,-1.472085200553259997e-02,-1.500122150282689505e-02,-1.812631428443770704e-02,-1.401157010250316318e-02,-1.165566499105398154e-02,-8.755205259913675930e-03,-8.770888287913483974e-03,-8.260694331897478968e-03,-9.084855126463070238e-03,-6.969157458563563119e-03,-9.006197525642320109e-03,-6.528854863750732131e-03,-7.689918051445573943e-03,-5.564247798586113500e-03,-6.068380090497709108e-03,-4.882328396730847841e-03,-4.642239447142326898e-03,-1.807432686286793112e-03,-2.448750795334077648e-03,-5.922740373257668819e-03,-3.079252273492291410e-04,-4.779987399590495539e-03,-4.491066469172274103e-03,2.595615653040930695e-03,-2.843214866434374925e-03,-2.311559229970352146e-03,-2.356107809847083571e-03,-2.647166872029587704e-03,3.037932852873958655e-03,-4.293939858264578420e-03,-9.937268320503512791e-06,-3.230688670263340279e-03,-3.874661278820959974e-03,-8.707902626214197037e-04,-5.945854031333625347e-03,-2.667391487568490649e-03,-3.924089535051125330e-03,3.331264579829656958e-02
-4.951450015882365857e-02,-5.301983164829136841e-02,-6.395878255793065181e-02,-6.871808690567227096e-02,-7.812494375540815494e-02,-9.285328293736490324e-02,-8.833852137385714287e-02,-8.117275191482427321e-02,-7.642839171718250613e-02,-6.993495866420104679e-02,-6.786967986977764100e-02,-6.159104116222759856e-02,-5.351582751322754572e-02,-5.343058456092877884e-02,-5.273538687973092914e-02,-4.262688752086807309e-02,-3.799929862174577372e-02,-3.542476257800317857e-02,-3.221603071195914408e-02,-2.956458962573864022e-02,-2.772552155376593191e-02,-2.560167338231802633e-02,-2.425559075589790031e-02,-2.448398058252423959e-02,-2.607993027419200707e-02,-1.752179489533610066e-02,-2.047330784890299613e-02,-1.531663405259016050e-02,-1.856696198249254207e-02,-1.475864440078585374e-02,-1.475591508565930049e-02,-1.465794386628834108e-02,-1.080566989152749284e-02,-1.148425531914900981e-02,-1.231083351696789924e-02,-1.007336419572219324e-02,-7.571725105189239767e-03,-8.533163423882703102e-03,-3.910053144375514288e-03,-5.896155624036936854e-03,-2.566266382594013969e-03,-9.452746453255721302e-04,-3.295444553004405527e-03,-3.927701863353987716e-03,-2.889225854018213826e-03,-5.522432510326919257e-04,-2.725609903904403948e-03,-9.593916411166632068e-04,-2.982744116174327383e-03,3.193832521045659924e-03,-7.399105555555588951e-03,2.361185486104412060e-04,-1.859893242018324701e-03,-5.576042402826861949e-03,-3.254020270269557323e-04,-7.746241062308487427e-03,3.455306253203407028e-03,-1.212621465824819137e-03,-4.485812680553498584e-03,-4.652716720966681985e-02
-2.586636805890350777e-02,-3.400959257518790940e-02,-4.403051380184661023e-02,-3.801235035951063684e-02,-4.515237985299657558e-02,-5.047679449559856063e-02,-4.307733634311513432e-02,-3.711394542090658277e-02,-3.171284582537367558e-02,-3.218418188884557968e-02,-2.857479674796745139e-02,-2.901693358718771681e-02,-2.624654905001934033e-02,-2.362252159269913332e-02,-2.312825340817953670e-02,-2.140225000000006358e-02,-1.889768955765431038e-02,-1.619105216530302913e-02,-1.707632884902839793e-02,-1.233042695351366756e-02,-1.364094933078394307e-02,-1.204243287618313174e-02,-1.031859904546116556e-02,-1.178158295281583022e-02,-1.323603458325235162e-02,-7.574481999234118287e-03,-7.099599645373498406e-03,-8.812916743415036627e-03,-5.992885333333267985e-03,-6.469706591986187048e-03,-5.470837356996746496e-03,-6.360406424269505685e-03,-3.625423425900543145e-03,-7.340930951905732908e-03,-6.024631777567993410e-03,-3.242205716858057897e-03,-3.957613057801650201e-03,-3.125589291544316264e-03,-1.676629957349331547e-03,-3.795119032132233949e-03,4.655351137487566643e-04,-2.924588594975449218e-03,-3.027208095094727647e-03,9.985333782879330853e-05,-1.483128678801000659e-03,-2.027169233387213308e-03,-3.707870379645465501e-03,1.994430857759322499e-03,-3.558691399662725768e-03,1.296297592998757974e-04,-5.963543599258247160e-04,-3.618973561430790468e-03,-1.762016945851168368e-03,-4.019580717250663187e-04,-6.715915190552887090e-03,7.789852464914941502e-04,-1.124625664802903456e-03,-5.356621434505676876e-03,-3.593683271375459724e-03,1.520482774592127502e-02
-1.418013390557946139e-02,-1.798844620267306751e-02,-1.949514712235398892e-02,-1.867579011562667257e-02,-1.550598964518118579e-02,-2.397823173973999411e-02,-2.249382700684514000e-02,-1.164554665557044656e-02,-1.261558823529424812e-02,-1.024133955499913727e-02,-9.965836943678642659e-03,-1.000468572402823594e-02,-1.503592791148627983e-02,-9.543296475078523119e-03,-1.214432333940700798e-02,-9.696954259700959339e-03,-1.174857142857150746e-02,-6.488845572354166695e-03,-4.107962982437754137e-03,-6.473333333333304920e-03,-6.569082713977351592e-03,-6.918681318681331634e-03,-4.178863137350496103e-03,-5.505044208880772658e-03,-7.890557381948630142e-03,-3.933125614311001363e-03,-4.743982163629362550e-03,-3.668775133651946269e-03,-4.621348293595164622e-03,-3.057918185500235145e-03,-4.254250852794486289e-03,-2.096592605680576427e-03,-7.776763880083520505e-04,-3.818112890424486122e-03,-2.179644561795546828e-03,-3.282011884549995793e-03,-1.372864356208381917e-03,-2.221878639288963828e-03,-1.056357629154943594e-03,-3.127456862745092193e-03,-2.243969465648869895e-03,4.605620418137289381e-04,8.303365253078406156e-04,-3.129656458883819155e-03,-5.600406055832641075e-03,1.165107002064877210e-03,-3.592757274662863008e-03,1.159310488490793590e-03,-2.971657603600245251e-03,-1.952538787024034458e-03,-1.647002023174522038e-03,1.197442603894155987e-03,-2.838349673202642063e-03,-4.186329426280047637e-03,9.756120378718769089e-04,-5.896678840447359959e-03,-2.723081769092394397e-03,-5.740631888321497822e-05,-9.985259966651401087e-03,-3.645835957853151704e-02
-1.653714671427950617e-02,-1.237384682332457603e-02,-1.721485418755131294e-02,-1.150950024307244995e-02,-1.116979532308300972e-02,-1.459824520739778919e-02,-1.387848958333339454e-02,-1.325136583589080251e-03,-6.827829782768301235e-03,-7.429584277359144694e-03,-4.118220198201200805e-03,-8.907994760521649805e-03,-6.890636368852890402e-03,-9.460610995610855417e-03,-1.278562136254705710e-02,-8.317509792949116798e-03,-7.175037264357842469e-03,-3.634555291779330982e-03,-5.152118667175609699e-03,-5.955032165452719961e-03,-4.276354754999240650e-03,-2.153773219814184535e-03,-4.023222222222200620e-03,-2.789629702580246218e-03,-9.179036838446915855e-03,-5.433267306720537294e-03,-1.923543448001566181e-03,-2.922473213408097268e-03,-5.089167742243837049e-04,-2.104355227691947789e-03,-1.753933506635683981e-03,-2.057477357485324159e-03,-1.551309886954958328e-03,-2.986613542146534205e-03,-2.705631386341075025e-03,-3.431426944185624658e-03,-1.690808908377648516e-03,-3.058007155005656053e-03,-9.384485137338545403e-04,-8.286952959651489340e-04,-1.372546392443303644e-03,-1.922738537794340752e-03,-1.119001817419237443e-03,-1.189401637030776957e-03,-3.299468855625757049e-04,-3.831720664307041932e-03,-3.307647402229578053e-05,-2.782641509434087123e-03,-3.393911338634108925e-03,-1.814468878853235916e-03,7.273666728178829113e-04,-1.473028107794734651e-03,-4.279375955949950468e-03,-1.775863925073362071e-04,-4.423810663764933884e-03,-1.038006230530788993e-04,-5.468585698623502564e-03,-2.689162629757853654e-03,-2.175210150674139302e-03,-7.024793731152187935e-03
-1.303468277080243286e-02,-1.409166674039010782e-02,-1.614162717569427030e-02,-1.185587933662872288e-02,-7.563561858958624609e-03,-1.025697688381870844e-02,-1.073568055148130772e-02,2.267887740030223576e-04,-1.903423512821844675e-03,-1.016534007159364608e-03,-8.504042485732135788e-04,-2.351833266117327181e-03,-1.178455200823924891e-03,-5.912272727272775523e-03,-7.644582773722583859e-03,-4.618958573072505513e-03,-5.312403275910645289e-03,-2.587792308116837817e-03,-1.720731408865952463e-03,-9.655105740180227204e-04,-7.015872251645073089e-04,-2.833562410182676860e-03,-3.701300599151905206e-04,-3.581073865321777495e-03,-4.668459009861508115e-03,-3.177152896295526007e-03,-8.480554564452322079e-04,-2.985849056603429030e-04,-1.051072616270436709e-03,-1.329082223508125079e-04,-2.661356142781960438e-04,-1.662234234234302808e-03,-1.832052968201084873e-03,-3.935315511911095430e-04,-3.967839384557657334e-03,-1.083389994205220894e-03,-2.299124433674024255e-03,5.640982258254358984e-04,-2.392740678575793183e-03,-2.126800308404019641e-03,1.339052631579002502e-03,-2.915197907344940949e-03,1.218085001060749623e-03,-2.576207244912738590e-03,8.437590922314915380e-05,-2.989012088370117740e-03,-8.666338028170074339e-04,-2.765179041068150604e-03,-1.447550882608296917e-03,-1.131813105413127405e-03,-2.665071435913299574e-03,-1.520615861334398021e-03,4.087096578254696862e-03,-4.232150630319997213e-03,-3.634707622298102413e-03,-6.029625360230628141e-04,-4.363283811475385070e-03,-3.698683176100670857e-03,-3.978815455766628343e-04,-7.853756683756065371e-04
