1.578390684323328517e-03,1.588444526169340790e-03,1.486898283510362708e-03,9.458022721238268718e-04,1.378166509467325211e-03,8.973697234377708094e-04,7.050277276372832148e-04,4.952064525994238561e-04,9.114400678442741589e-04,8.144272809591013079e-04,3.869558729796857975e-04,7.354691665974188997e-04,-1.742340927935613539e-04,1.146037836980314840e-03,3.719041371008389779e-04,5.894636403647059543e-04,-1.556132920002876129e-04,2.773987386629281761e-04,2.603383161055661883e-04,-1.356570561622897633e-04,-9.503213732665614422e-05,8.356874978369617285e-05,-3.029175351977020608e-04,1.183316589005695520e-04,-5.530448588465415594e-04,-5.866925202953275192e-05,-1.182988128835016790e-04,-5.697328337662866836e-04,4.261215870873686913e-04,-5.524664800357910032e-04,-7.578894092298661201e-04,-2.374044007604866240e-04,-4.887199073567079650e-05,-5.367043920420704007e-04,-1.325908669082871021e-04,-6.726015041645681597e-04,5.892349038274205704e-04,-7.632172682331052772e-04,-9.127653484749349497e-05,1.478895227191271311e-04,-7.225397102242835882e-04,-7.117033691801191459e-04,-1.732354233035990863e-04,-1.168575043430247718e-03,-1.672471129757359615e-03,1.196138605145390007e-04,-4.466315758869118476e-04,-2.245988346227790339e-03,-2.998774532786298969e-04,-1.495170055094784296e-03,-4.191837190096422451e-03,-3.331083551655674140e-03,7.990965078824231640e-05,-4.574724947723847815e-03,-3.085476738181723837e-03,-1.805809574004197489e-03,-5.596230703018558947e-03,-3.960837755512191909e-03,-1.677085297478701428e-03,-1.070171348511785719e-02
2.214128129245020605e-03,1.662074549027986198e-03,1.473409388788961489e-03,1.698074802173625856e-03,9.609683172748126291e-04,1.315656875731520403e-03,6.727362892298516077e-04,9.986180616432590185e-04,4.334834492734305480e-04,9.554970228304075167e-04,6.609935372716749767e-04,5.506266714589144263e-04,1.756483071351700896e-04,6.402773481747184086e-04,3.849034497453352366e-04,7.463311752239292591e-04,3.330076119318229949e-04,3.558007852339776687e-05,2.655754689123689398e-04,1.604079624570833211e-04,-3.131211940582065965e-04,2.537325616295812232e-04,-2.395195114288028871e-05,-4.090148587357284927e-04,-6.940143155862511418e-06,-1.680920203955024554e-04,-4.247289154689523573e-04,-1.328721520846085763e-04,-3.738469281524424881e-04,-3.912108427226650647e-05,-7.342096681096293509e-04,-1.686173537902282895e-04,-8.187080716591780443e-05,-4.001158554692334701e-04,-1.063955983783531744e-04,-3.611104387738102439e-04,-2.023782716089342294e-04,1.844470129568219941e-04,-1.179552661371458818e-04,-7.504719305596448077e-04,-9.161236552816354010e-04,-2.722563233175798658e-04,-3.975371284076023126e-04,-8.191605001471611647e-05,-2.029642169955631070e-03,9.450932929105368280e-06,-1.375085168138405175e-03,-1.372752725453684245e-04,-2.077484365050890659e-03,-1.408005876872410120e-03,-1.607847722739426388e-03,-3.113570049731961571e-03,-1.583222011181752370e-03,-4.937024010089136918e-03,-3.663249107903856355e-03,5.656719411471678068e-04,-7.438416134447430397e-03,-2.578714756576066299e-03,-4.356182163116447542e-03,-2.970787690838405052e-03
1.676458068405577238e-03,2.307284510874254516e-03,1.562612467761864080e-03,1.446835079866762557e-03,1.597129210010069314e-03,1.084913173525603024e-03,1.435010430424610685e-03,7.033155994289893393e-04,6.536424454573502201e-04,7.586554624117990706e-04,8.370308491602437492e-04,5.034261507517245405e-04,6.715852847729869178e-04,3.050899382306796500e-04,5.937100195969182781e-04,7.352217150154396379e-04,4.077886189545226379e-04,5.432062374333294702e-04,9.180378832202372278e-05,1.730154647278067431e-04,-2.715521894155996786e-04,1.932835684971038700e-04,6.699275394365387167e-05,8.352479860163079708e-05,-3.488749687154979484e-04,-4.209607882782141959e-04,-7.074522688575272673e-05,-4.929817231170984014e-04,-6.264185751869742269e-04,3.231561345511847088e-04,-2.725471691759002763e-04,-5.066524666006297839e-04,-1.084192282872380647e-04,-6.704411428804902357e-04,-3.363772384644603177e-04,5.080093154846171844e-04,-3.116985452045827705e-04,-8.524882767469040262e-04,-3.211432557701946540e-04,-4.747759311969626723e-04,-5.595184522765268636e-06,-4.255334451908599457e-04,-1.152626104087818137e-03,5.352179068900337814e-05,-4.081987773788400354e-04,-1.547759141194922404e-03,-5.954076389505454136e-04,-1.638658265652942871e-03,-4.955269399931663517e-04,-1.528153047461989827e-03,-3.204228836032233831e-03,-2.808055624849247270e-03,-2.193656028701667336e-03,3.598196034839627180e-04,-3.469265033938863027e-03,-5.854885881896432394e-03,-1.172495910355427938e-03,-4.613445118373432456e-03,-4.280661596267121456e-03,-8.461856477421982395e-03
1.667874029822533294e-03,1.763121879618396873e-03,1.971523743349227423e-03,1.696372223605804690e-03,1.674188234428587068e-03,1.425494249009137552e-03,1.040480253388261422e-03,1.399256094302822910e-03,8.684790496697528117e-04,6.940291378276921630e-04,7.528780225312139930e-04,6.048514750484840566e-04,7.936321454966717382e-04,4.672159384561585865e-04,5.533806286973923412e-04,4.074030689333096107e-04,3.629929860462923299e-04,5.489733005423976268e-04,7.579004809900992488e-04,-3.509542311734489421e-05,4.311268571813536669e-04,-1.543348703052842502e-04,-4.105209145974151295e-05,2.607865094445524358e-06,-6.148751785170334825e-04,4.960435178661097436e-04,-5.253714533648691466e-04,-1.691754668554244149e-04,-1.675248844673085061e-04,-5.746550097931533551e-04,-1.972445048404053577e-04,4.650151378823618245e-04,-6.148896074377873267e-04,-5.101297296591113511e-04,-2.744873411432218152e-04,-5.340630990153109100e-04,-1.265083304430776069e-04,1.667935288856931214e-04,-9.406344966272574184e-04,-4.852281019236027331e-04,-8.826621309953842313e-04,-9.993607602062996978e-06,-4.574016433497021458e-04,-9.042887978778639839e-04,5.445811489628171612e-04,-3.626722069987651717e-03,-2.564191245770960611e-04,-9.488634428434368192e-04,9.719076226644103112e-04,-2.327980174876271343e-03,-1.826310216312046876e-03,-2.449924714115809480e-03,-2.456297198043177425e-03,-3.501367893496841206e-03,-2.398802193399445122e-03,-7.096411480935109831e-04,-7.016637498420447323e-03,-2.758655669242117067e-03,-5.057588143584477655e-03,-3.225900893368346175e-03
1.854580817030571441e-03,1.702174279286085236e-03,1.839004926901738292e-03,1.939955992627839017e-03,1.664470584513731395e-03,1.645795673650585428e-03,1.571891957276034873e-03,9.276552119873739382e-04,1.310349503068457917e-03,6.305727511529052092e-04,8.511001020176678930e-04,7.180425600103579721e-04,7.682088461447252915e-04,6.513515086895849127e-04,5.510316308462809244e-04,6.582884106383873717e-04,4.135263499275653831e-04,7.367227410186295801e-04,4.718986976131407576e-04,1.711736210715327129e-04,-5.366860653299725017e-05,2.521010065558211707e-04,2.858641949390146775e-04,-1.488406221811696404e-04,-1.339916793948765100e-04,-1.056879067265085797e-04,-3.964412390492064766e-05,-1.872267195816619697e-04,-2.698132784127673278e-04,-5.160275711951089637e-04,-2.774286908666529221e-04,-1.601127149352636202e-04,3.563564613184417814e-04,-1.427940604642906428e-03,1.762258782308891766e-04,-7.946541421599448386e-05,-6.810555933090945259e-04,-4.343949209449227003e-04,-5.073655991875982655e-04,-2.858494041734058102e-04,1.015453118443500298e-04,-1.291278758805379078e-03,-9.020879970733028125e-04,8.772683321492334143e-04,-1.238283944458843343e-03,2.443309943190491077e-05,-1.667964799675920613e-03,-2.156428433245458770e-03,-7.752527191822646685e-04,-7.418248641996173353e-04,-1.319943309559782610e-03,-9.133055720387492664e-04,-3.714235489139644780e-03,-2.379746531565342382e-03,-2.889748060223862498e-03,-5.426785599708853700e-03,-2.896572778857575692e-03,-6.183475227755337068e-03,-1.953493642475031666e-03,-6.598796882472358731e-03
2.200304166887998795e-03,1.923000540230848134e-03,1.742103504367046012e-03,1.649354676828197665e-03,2.038766102418182024e-03,1.853840047496187367e-03,1.562006796580537541e-03,1.504632745693180486e-03,1.083310320491151068e-03,1.294363908720040169e-03,8.232433900253737381e-04,6.196274430164491363e-04,5.126673531326986092e-04,1.028478122496742555e-03,5.087740247572290677e-04,4.432177972229708884e-04,7.551560111082500533e-04,2.554227164494299969e-04,6.874083365239274605e-04,7.815115040606392897e-04,1.256512683980259793e-04,1.406878969365792487e-05,2.226438232384663179e-04,1.055011763271988324e-04,1.813203718076520548e-04,1.040229942791570070e-06,-6.523569386382723455e-04,7.423693496049743579e-05,-4.105963178468350575e-04,8.723348437098009579e-06,-4.168469936839451452e-04,-5.198574790498126019e-04,-2.772511354816860969e-04,7.060493479150024604e-05,-5.496337483701822313e-04,-6.465110721695248091e-04,-5.710876310210810528e-04,2.300488925810197875e-04,-2.513089932645543186e-04,-4.748978677503405536e-04,-7.982426640079473730e-04,-8.691491113028481730e-04,1.997445135642676408e-05,-1.210043129735689912e-03,-5.006971003422162328e-04,4.766013799649511851e-05,-1.407868824495639784e-03,-1.199050034695867389e-03,-9.292576550561284371e-04,-2.594865249770739266e-03,-2.290681669113916758e-03,-7.272201789405384866e-04,-2.457455801214848690e-03,-2.374693702469415305e-03,-3.840941615827138042e-03,-3.059317707436414336e-03,-2.192177484823872469e-03,-5.910230191321649319e-03,-6.804272652602480834e-03,-6.815148003433424591e-03
2.238580497931451710e-03,2.277195973668037776e-03,1.953988305511421535e-03,1.545749592405784708e-03,1.816405364259192357e-03,1.887289024788257278e-03,1.790254307090890715e-03,1.722216085777620188e-03,1.431335346993438049e-03,1.062954442641930123e-03,1.383762036308738971e-03,6.155349763276454040e-04,7.597118357882899674e-04,6.623682313137575208e-04,6.376197559259641533e-04,5.689176180327276981e-04,6.918904108165915921e-04,3.662163440615681816e-04,6.170253020330046132e-04,6.306277708346664200e-04,6.074848922037033193e-04,3.976607824342534396e-04,2.325197428441836409e-04,7.537419697736547639e-05,-2.869214742409544896e-05,-7.017448738127710879e-06,-1.751122504814870329e-04,9.117285584413426435e-05,-7.750610713682457974e-04,-6.355814526935800218e-05,-1.631015258193398067e-04,-3.350254856783163289e-04,-4.447201969176610079e-04,-2.544159910771148217e-04,3.843653221193458694e-06,-8.213904497327682462e-04,-5.572308765519281854e-04,1.869108555361814609e-04,-1.120351837149670664e-03,-1.063998011931928671e-04,-5.249730726240704705e-04,-2.534219869842458360e-04,-1.134219376525664276e-03,-3.642464950019977062e-04,9.862630018791067603e-05,-1.485880574563178905e-03,-1.208812337644830795e-03,-1.856204159245408280e-03,-1.149608296863482136e-04,-3.099216680712106164e-03,-3.231067452505780252e-04,-1.370580172324781763e-03,-3.471820603458770828e-03,-1.782425415577754309e-03,-5.234475667080779222e-03,-3.979301701329062508e-04,-5.849145650433435449e-03,-3.266069001630977388e-03,-5.310553602725752095e-03,-9.472713111665469199e-03
2.066576533811963472e-03,2.204739877958176476e-03,2.160856368860616591e-03,1.887318294622611272e-03,1.746912200700486599e-03,1.723500246343329404e-03,2.099837006535755675e-03,1.777112305460864248e-03,1.535242849258968518e-03,1.580317335239162088e-03,1.043696209578272045e-03,1.259680976074312956e-03,5.842617831805258389e-04,7.157437532926742450e-04,8.073529737532440581e-04,7.294017927462229057e-04,5.804630809191946598e-04,5.969825515265219599e-04,1.807791143066092608e-04,7.051720739791666548e-04,6.411462569146095854e-04,3.548274512302403432e-04,7.893442477993040628e-04,-1.146611515690701936e-04,3.336868576491721299e-05,-2.399159896207816935e-04,1.250025021043403713e-04,-1.710109907284209101e-04,-4.828587049148833727e-04,-1.466412539062557829e-04,5.626997212181607553e-05,-4.086674377071594535e-04,-2.957902496329200062e-04,-7.572079986345357176e-04,-1.044427735910853693e-04,2.106178209007822388e-04,-8.546706731109679793e-04,-8.111706371304925169e-04,-3.182702576970652931e-04,3.970166696494217785e-04,-1.867545858248786462e-03,1.912429241103949463e-04,-7.318088821783385418e-04,-7.636571484363190599e-04,-1.013710201571131663e-03,-1.638052422696888860e-03,4.497748290427819009e-05,-1.377905881045451020e-03,-7.414299130942802454e-04,-1.717324073531996571e-03,-3.155957592636019719e-03,-1.431411232952181254e-03,-4.221380228452029050e-04,-3.280334839535763592e-03,-1.689171524841775020e-03,-6.366398006550266081e-03,-1.609169264995933971e-03,-6.875163997782957927e-03,-1.417381902686396227e-03,-7.093249280189995593e-03
2.166448339865607951e-03,1.976922179472635852e-03,2.301542549327147743e-03,2.088310128497689391e-03,2.080110723295208047e-03,1.562596517473472139e-03,1.771522527915678821e-03,2.112486914586675282e-03,1.608835923944456616e-03,1.672156102964999754e-03,1.459066910243826025e-03,8.852297139244508792e-04,1.355274310315602486e-03,9.006801751448705604e-04,6.281012098233883147e-04,6.868526891944166544e-04,7.868579659852493286e-04,5.516403505605708578e-04,8.192543293382932362e-04,-8.559727400481322414e-05,8.130808403152414232e-04,3.642943263693077514e-04,5.432332523503271117e-04,3.227154270890479409e-04,-3.190621843814019131e-05,2.245515519845588624e-04,3.747325410802907777e-04,-4.676285904801310883e-04,1.283056692502629000e-04,-3.047956235575484895e-04,-2.708173043001031472e-04,-4.274287184595738855e-04,1.660636507114449448e-04,-8.202649844604717119e-04,9.527160664182373825e-04,-2.648827101862194326e-03,1.339407869787947536e-03,-1.049090252215047160e-03,-1.010622447998774662e-03,3.502113197348496109e-04,-8.606421961638820173e-04,-4.903532857779443989e-04,-5.624060128124529169e-04,-3.774211290434228289e-04,-6.584926277261525214e-04,-6.535204580615418127e-04,-2.019586248679894683e-03,-8.399689787979086825e-04,5.490424708874154514e-04,-4.428736693512616215e-03,-7.850872683775965812e-04,-2.169184549812416297e-03,1.628508176970792920e-04,-3.479634515976994750e-03,-1.565567985138007759e-03,-4.707762479708329367e-03,-1.155386661224482936e-03,-6.805286246289747078e-03,-3.441022210768921157e-03,-8.632617919961886599e-03
1.809785547350666697e-03,2.179187041430973200e-03,2.066918971929657470e-03,2.124654539209646677e-03,2.162491166933602684e-03,2.066333762886695714e-03,1.630752057726910127e-03,1.651186419603350997e-03,2.214861219805701678e-03,1.458829364052393728e-03,1.718472236356514840e-03,1.542993940098927839e-03,9.613699270493110188e-04,1.265408099798892658e-03,7.492637205207953836e-04,6.901229806938730506e-04,8.817420886600858126e-04,5.534390275012882185e-04,7.217162013184969882e-04,4.720010647768212186e-04,4.968333499321372134e-04,3.880381518234598918e-04,7.937637314411720175e-04,4.167518055392585422e-04,5.292737258335420054e-05,3.340919032042700119e-04,-8.811208974991797320e-05,1.805315164969933375e-04,-1.107984589554927564e-04,2.329824030551959487e-04,-5.614598559696536021e-04,9.270329468699473619e-06,-2.839048414455130637e-04,-8.728543248754747769e-04,-1.993945234219896250e-04,-2.307901248246108301e-04,-6.363862166221855368e-04,-4.081871279294929270e-05,-4.158006614420938288e-04,-1.144951977256950665e-03,3.263494517169179148e-04,-6.862926594276758975e-04,-2.051161224024513480e-03,6.842863736410754235e-04,-4.147280029828060636e-04,-8.234643167566560494e-04,-6.908334127318538657e-04,-2.045339454901007673e-03,-1.612367958087363318e-03,6.076622199570665822e-04,-3.234969541874215936e-03,-1.715587868680651254e-03,-2.243614672585162156e-03,-7.038989902696880839e-04,-6.900786644570721566e-04,-5.465142137083140068e-03,-1.443410811278023282e-03,-6.912446881942775796e-03,-2.677227512080236627e-03,-6.754051178587742316e-03
1.972327110873930978e-03,1.938040644116613810e-03,2.083830065044184939e-03,2.196440757373389289e-03,2.157603988966983518e-03,2.169951159539140837e-03,1.956827334746722487e-03,1.524047873932560162e-03,2.024865531406174965e-03,2.008130384474694601e-03,1.611704640853369114e-03,1.406791931856632124e-03,1.571595672324795296e-03,1.111500088392933672e-03,1.455343945583581272e-03,5.704004528602954743e-04,7.183954813468105367e-04,6.457513599782562603e-04,8.406439937918128071e-04,6.599024515969499106e-04,4.032632746461737553e-04,2.495852662115524527e-04,3.356919810592339003e-04,7.557972452518724139e-04,5.488001284139603503e-04,1.686190776583919575e-04,4.788192369806207934e-04,-3.901447728834427759e-04,3.431165033388342890e-04,-1.926829522920639806e-04,6.620189031037472516e-05,-3.494144630221828092e-04,7.070169255759647573e-05,-7.505545742633355170e-04,-6.741329384427056275e-04,1.908738668369201015e-04,-9.565120751515463014e-04,5.631991087862636474e-04,-6.985937635512158095e-04,-1.086834172853562474e-03,-1.068338223533296313e-03,-1.094076747255428575e-03,7.075619981453330938e-04,-1.560888239561204933e-03,-8.119313800343963159e-04,-6.329452058417071696e-04,-8.607172656837884387e-04,-1.020077214154339537e-03,-1.770283238408526527e-03,3.641329677309391413e-04,-3.709288309074800297e-03,-1.576303810135188570e-03,-3.381122987181264545e-03,-8.748258754545213496e-04,-2.186264204952073371e-03,-4.952436322888244084e-03,-9.456869348385874528e-04,-2.816106301291268054e-03,-4.776709757716622595e-03,-9.383608152822341467e-03
1.817108718557873146e-03,1.960692984411613847e-03,1.849646461440827968e-03,2.288745171350366637e-03,1.905363575698572776e-03,2.185226720745601404e-03,2.151920701102144531e-03,2.052475531389052772e-03,1.632754344797709848e-03,1.628562833517339633e-03,2.296453314462695416e-03,1.588610390701651652e-03,1.420382719722374561e-03,1.493350639951053146e-03,1.069104432115944346e-03,1.365844947216207769e-03,5.872689491798515271e-04,6.013743562803787945e-04,9.253929663838893942e-04,8.733393110316655869e-04,4.437783495258884625e-04,7.008598831699234437e-04,3.272730399268945360e-05,6.793170563924104096e-04,4.038954669279080489e-04,2.251113080529985899e-04,4.458516508626807380e-04,1.896400858244325289e-04,2.918113878208272662e-04,-1.513693258501861826e-04,-2.109910503820909685e-04,-4.097319701933819022e-05,-4.535631336846086652e-04,5.504912138285968359e-05,-2.513870040420207301e-04,-9.241366612509671662e-04,1.363270544004857143e-04,-1.156665699082394050e-03,-3.387355011815228255e-04,-3.684262599643258764e-04,-1.792577229146377605e-04,-1.777783797921695524e-03,-3.391100150981467428e-04,-7.240631539596366481e-04,-3.392551930604796617e-04,-1.226553427861959856e-03,-7.151213128215874130e-04,-3.139127822205149904e-04,-2.514463243901809975e-03,-1.136206102098424615e-03,-1.324694941113446897e-03,-2.337532583235594607e-03,-1.370659885611248165e-03,-1.510676132968527758e-03,-4.515864475845093005e-03,-1.539680650406472905e-03,-4.603610072226373487e-03,-2.834865751606025896e-03,-2.741989983702006802e-03,-1.261263850003650593e-02
4.439593153063805912e-03,5.394402504248127159e-03,3.315073718058369253e-03,3.222526374470535172e-03,3.007139169649539027e-03,3.033704429333708690e-03,3.126192695120015227e-03,2.487931527544355072e-03,2.367022190889567484e-03,2.290827362230087559e-03,1.410771441749134785e-03,1.710120561602993580e-03,1.206315979739457870e-03,1.179292586567539085e-03,8.421116716523406121e-04,1.330896577775046372e-03,9.506799176812996124e-04,1.384584632366604783e-04,3.163455033931911664e-04,3.641492010321297716e-04,-4.313191132078569834e-04,3.692900762046150294e-04,-1.427504836422978959e-04,7.446357886112099731e-04,-2.320186669576993421e-04,8.283880385712332275e-04,-6.069488610327632670e-04,-3.844789943938196745e-04,-3.292189061413640827e-04,-8.125106919913255808e-04,-8.125442109543132676e-04,-1.953333340927048713e-04,-8.631602366000326121e-04,-1.017335577206946698e-04,-5.615885064137785508e-04,-1.382209746463125598e-03,3.524212926870627432e-04,-7.960675929451983867e-04,-5.172309758738105048e-04,-6.411287994760818312e-04,-1.164957783505239956e-03,-8.896722450201622430e-04,-1.196036686847540362e-03,-1.520458591687696374e-03,-9.410635241697109035e-04,-1.717193529196424633e-03,-2.301013688584326467e-03,-2.298337918368224906e-03,-2.698082829582722914e-03,-1.812975655221177968e-03,-3.593171716683587515e-03,-1.823900088566700241e-03,-2.753117089271398237e-03,-3.034340168644978145e-03,-4.288579540524885096e-03,-3.895283805902741061e-03,-6.585816602846200456e-03,-5.264092561416332423e-03,-5.439936571872819315e-03,-1.045278804309129027e-02
5.040043639537467382e-03,4.513961277817554046e-03,5.410563277575736879e-03,3.094534878027667846e-03,3.225385817315182431e-03,2.949419667773283717e-03,2.990233391637871132e-03,3.234637689022361144e-03,2.472860117898061875e-03,2.351046973751669440e-03,2.149886946456886980e-03,1.530605417593402335e-03,1.665839625546632410e-03,1.181795654665799677e-03,1.320044042388624113e-03,1.093433539657548892e-03,9.029616235500574845e-04,8.164521448726453018e-04,2.032054149228122849e-04,4.175644215860028043e-04,5.716836496296033744e-05,-2.207895904825888669e-04,3.931869511837632228e-04,-4.036570416829573935e-05,8.308877723614173242e-04,-1.003284108005589401e-04,2.682845827399654758e-04,-3.179225886122962700e-04,-4.477112508322833801e-04,-3.760357527722837847e-04,-8.195085214479108258e-04,-8.177097945250171897e-04,1.500253308417687497e-04,-6.931794337702525035e-04,-7.346114754157245059e-04,-8.592254658971569276e-04,-7.555475707962827116e-04,2.668908070308419352e-04,-5.950413873277538923e-04,-1.174836527378417044e-03,-8.357663256359524956e-04,-6.702978654405767700e-04,-1.508753230917918081e-03,-9.340647048083301545e-04,-1.197896385375649738e-03,-1.448310688744612520e-03,-2.347158350783439852e-03,-2.105973530779432692e-03,-3.538886287054952926e-03,-9.725951711219184281e-04,-3.222781794624914129e-03,-3.592725559715356266e-03,-2.810954541261913818e-03,-2.881565398015689412e-03,-1.510216573607697137e-03,-4.711429127925916005e-03,-6.986788700359610436e-03,-4.077348445393908123e-03,-5.739418349216965712e-03,-1.009758155342893073e-02
4.130852029667723101e-03,5.011294928509332260e-03,4.551457619882152625e-03,5.121044353803195018e-03,3.246667832326765625e-03,3.295278811388455565e-03,2.804923947101681768e-03,3.064217522998382605e-03,3.285094518447273081e-03,2.281142040112699946e-03,2.495147109907479895e-03,2.166616443914029782e-03,1.555446670125091094e-03,1.694526042014776225e-03,1.138567801839824407e-03,1.184527919530234180e-03,1.006864298547408909e-03,1.067045067515526129e-03,8.763488683152363288e-04,2.010611675302262824e-04,4.604287548420469721e-04,-1.060281980006039110e-05,-3.982383220201410529e-04,4.683257457634006451e-04,-1.290654275317455052e-04,1.058322040436108667e-03,-1.641325006400212876e-05,-5.751336553673313916e-04,1.567328915061944180e-04,-4.859846557881515529e-04,-5.381183347846342328e-04,-3.306768014207309560e-04,-8.115278438952438708e-04,-7.450732180197014269e-04,-1.976906279350747729e-04,-2.463642050656176998e-04,-9.982167326114026532e-04,-5.995499007186857283e-04,-2.923699216066009900e-04,-2.986917702503629661e-04,-1.237884546480081966e-03,-4.227642800846414129e-04,-2.323466020444164750e-03,2.280925772074332417e-04,-2.111972872530944786e-03,-1.272569952479753142e-03,-1.517622931620825994e-03,-2.716548992545521519e-03,-1.649028259621813063e-03,-3.068861419866386869e-03,-2.333930969784395269e-03,-3.079021078271338991e-03,-2.633471578171560617e-03,-3.543617342574855843e-03,-3.011738437599512531e-03,-3.902027558240601501e-03,-5.304253883151445297e-03,-4.238735441416586862e-03,-4.494986512435939462e-03,-1.099674874388206942e-02
3.456847877316383041e-03,4.105126326325479399e-03,5.108821041328384660e-03,4.286082215678332051e-03,5.278108884697601741e-03,3.178353035346908207e-03,3.338313888705597265e-03,2.765970977700400648e-03,3.160636164175044741e-03,3.063442117762781285e-03,2.344612120463572102e-03,2.508013528767131552e-03,2.133191633694054255e-03,1.573299192074463330e-03,1.636198362786727258e-03,1.185162407442128451e-03,1.227048874093421890e-03,1.059407258121517490e-03,9.307902731804788051e-04,1.110814430672445738e-03,-7.133386654698781431e-05,5.146170440473779237e-04,1.804740037601322003e-04,-3.443441041477466420e-04,2.360907419069334552e-04,-2.554513804114691617e-04,8.602525798047360589e-04,-7.222301730502650105e-05,-6.705973730301068752e-05,3.819306230999532504e-04,-7.666990705754217266e-04,-7.227388399698280721e-04,7.342594614425954698e-05,-1.060153146733576338e-03,-3.275885504315913330e-04,-6.184958950952966494e-04,-7.066858342108992257e-04,-1.464786068805657825e-03,2.722390937304677437e-05,-7.019424861190226355e-04,-9.489416030972867584e-04,-4.764479407838014078e-04,-1.023792658918596049e-03,-1.968867023220755355e-04,-2.397567057727081549e-03,-1.507309364366086210e-03,-1.304938696174904895e-03,-1.148724178038343672e-03,-2.635755955308751852e-03,-2.967783704931628141e-03,-3.192324725818430388e-03,-1.879639761370253308e-03,-2.953555171987949125e-03,-5.959326685152333339e-03,-9.400540732739479533e-04,-4.533123434241198568e-03,-6.212297513216400238e-03,-3.149845922754703018e-03,-6.307778454134194655e-03,-9.636574465564071851e-03
3.852326263039866465e-03,3.312645775566900111e-03,4.222770308004351880e-03,4.945015806631515576e-03,4.295258379210109209e-03,5.299822827086774109e-03,3.247686447201678095e-03,3.130538976155498431e-03,2.925024235128929374e-03,2.879718107248763117e-03,3.315747458721758460e-03,2.472327696706321399e-03,2.339514959473274272e-03,2.207451486942399194e-03,1.438304887800694563e-03,1.740124666793477866e-03,1.065710621848762682e-03,1.365623004793327464e-03,1.060980903676703342e-03,8.580143196137183462e-04,7.029571064976944915e-04,3.326817865036176946e-04,2.201925309269523812e-04,8.290593433322589363e-05,-1.497181518335073745e-04,4.361537880419175112e-05,3.115582034112601944e-04,2.613458296033557512e-04,2.165340894615417418e-04,-2.976752617327861725e-04,4.372351862274460725e-04,-7.380329526486620068e-04,-7.601706197906625941e-04,-6.636844164319897999e-04,-2.598943518922788680e-04,-7.407312108795259791e-04,-4.083284976774714564e-04,-9.989856586090227648e-04,-9.969634956146142517e-04,-8.792303625068661555e-04,-3.498584869669076991e-04,-6.422797656811304184e-04,-9.547661339932488013e-04,-8.209921101663345943e-04,-2.193647336267797419e-03,-8.337060651282062439e-04,-2.002646871251776307e-03,-1.609000617846546247e-03,-1.359922029188593987e-03,-2.167529411636663628e-03,-2.305486785812041126e-03,-4.554168986674394029e-03,-2.036649666753754390e-03,-5.090263717388422357e-03,-4.300947669667593357e-03,-2.943404863293373145e-03,-4.327636435181270516e-03,-3.989457281748747669e-03,-5.594284326338349288e-03,-8.506746519222573716e-03
2.507864873395503763e-03,3.819699492783834756e-03,3.418883072166124804e-03,3.990808619810468777e-03,4.945094214876042879e-03,4.563968022668517081e-03,5.146285354075846342e-03,3.139653797388508149e-03,3.173260271521254929e-03,2.864535112539313890e-03,2.960414476346636369e-03,3.221691048237532943e-03,2.425784124087535226e-03,2.429285772685569819e-03,2.179105223659113123e-03,1.363068719574109548e-03,1.623504253825882844e-03,1.161231914120816134e-03,1.463600314012263688e-03,9.293673723702120925e-04,1.043336267814146470e-03,8.357075994846371566e-04,-3.021272115449573489e-04,6.144745091441692611e-04,8.500349843040376095e-05,-4.931900964047287225e-04,8.611228057663510753e-04,-6.117188787075819850e-04,4.641605859311248822e-04,1.049747443750369936e-04,3.855005501839879329e-04,-7.869133509319069936e-05,-8.380299263175378750e-04,-3.646329911068975490e-04,-6.823774676045061844e-04,-9.448506066463684561e-04,-1.389638154911530170e-04,-1.382915118451704143e-03,-1.902771930435196812e-05,-1.540926474408081583e-03,-9.250959321495605750e-04,-4.152917919549796552e-04,-7.868874141378477162e-04,-9.885747279150742303e-04,-7.245530791120455413e-04,-2.173380622010744057e-03,-1.568889075788442973e-03,-1.641895357437008363e-03,-9.397801389321356301e-04,-3.756877689775063502e-03,-1.832492399283163409e-03,-3.716787930662852381e-03,-3.815829329392392884e-03,-2.870148672495007481e-03,-3.485737299174090920e-03,-4.619013538319822684e-03,-5.505536158041012679e-03,-2.924144672989314065e-03,-4.787022883210321003e-03,-8.890948968253823553e-03
3.197331398644283687e-03,2.607555794896100013e-03,3.867807104544580040e-03,3.211675073704472420e-03,4.142626939605250323e-03,4.945747001513714838e-03,4.399679834291362647e-03,5.187880928076479131e-03,3.019934022865135726e-03,3.396109940369514916e-03,2.677780094564022242e-03,3.026799487284969042e-03,3.153580155539460229e-03,2.323659236360792104e-03,2.603268805387398861e-03,2.114493990277835269e-03,1.482481843620062816e-03,1.579623662124474441e-03,1.089193055724702866e-03,1.397344840956820039e-03,8.852169491269200460e-04,1.059963415982546073e-03,6.220746999826390388e-04,4.354287168955010444e-04,3.372409979642316418e-04,-2.150403446919164698e-05,-2.135108242039790265e-04,2.470289807645501879e-04,3.297807719907661436e-05,-1.284919467625229535e-04,8.421478818304309550e-04,-3.314498145639083941e-04,4.010348190597979950e-04,-1.775266193751135965e-03,-2.330561020705916564e-04,-8.513048745065290065e-05,-1.367393008324186776e-03,-4.900374309663503049e-04,-1.671083155820581663e-04,-1.285823971409106757e-03,-7.118566741468856365e-04,-9.479510075885378079e-04,-1.156012724826769884e-03,-3.946974708790661592e-04,-1.193441226698649816e-03,-1.143583854295443297e-03,-2.166121233362429226e-03,-8.591297908142545015e-04,-1.991145878615994350e-03,-3.418304935869630971e-03,-1.854571639271195829e-03,-2.661529297810657797e-03,-3.861435476673163048e-03,-4.533067407340006343e-03,-4.614025575205921853e-03,-2.707689585979495498e-03,-7.849110235037128069e-03,-3.371318338900281420e-03,-3.401553391091167132e-03,-1.264536145877092656e-03
3.272537906109859729e-03,3.094812536866571769e-03,2.651862045795782587e-03,3.793201788491381513e-03,3.223730857584718688e-03,4.111215032007176952e-03,4.854454366229894735e-03,4.418310928802448960e-03,5.295821894158588353e-03,3.177462082990215216e-03,3.068093996077236353e-03,2.909849076812311662e-03,2.977212126918078391e-03,3.146105056079024839e-03,2.417129784192764610e-03,2.294079871658039234e-03,2.258070168313399718e-03,1.387736377338929074e-03,1.592018448728081334e-03,1.077136178962442110e-03,1.430776979808345709e-03,9.817503928570968808e-04,8.381429579696472384e-04,7.453699193972564184e-04,1.890788343930064784e-04,4.839082738936139954e-05,4.849576050546889673e-04,-6.808487198792284503e-04,3.605834895655727463e-04,-1.020490769112706718e-04,9.012074217666296572e-04,-3.363931480712689941e-04,8.514897783645605821e-05,2.802941134912820698e-04,-1.191354817153997617e-03,-3.549117167897116961e-04,-7.202105936925976785e-04,-8.204454078148135446e-04,-5.087278805088055666e-04,-1.118932461609208539e-03,-9.639472464094160295e-04,-1.063560754387413501e-03,-1.098939562131527690e-03,1.699287251242155724e-04,-1.812253130166231957e-03,-1.659661111719102494e-03,-1.044297638549475686e-03,-2.094857820244008448e-03,-4.895540863354513840e-04,-4.096269817507075528e-03,-1.617404475117727950e-03,-3.115574322917936609e-03,-3.728253649077658324e-03,-3.695075475363742649e-03,-3.197118506960152338e-03,-5.601477530861660725e-03,-3.790977391120739590e-03,-4.870467050850252680e-03,-3.862296660937001181e-03,-1.014812198497513744e-02
2.921467668739899902e-03,3.133955879641252967e-03,3.200951282950470402e-03,2.569680186226019382e-03,3.635253952617020605e-03,3.325126976115723703e-03,4.202760456009506894e-03,4.977954274277355748e-03,4.086203909874206418e-03,5.153632753394240228e-03,3.242535877145894928e-03,3.024788662420473985e-03,2.793177000169804695e-03,3.081659255224962306e-03,3.188539955421255349e-03,2.250981244066036901e-03,2.520939866380552622e-03,2.329790915910128109e-03,1.121652791327770998e-03,1.585058767646604569e-03,1.087798127229946477e-03,1.559665002325220321e-03,8.932887962234354945e-04,8.671114568166184405e-04,8.683560404548438258e-04,-7.490806605577948003e-05,5.065925618468288720e-04,-1.171008278578843770e-04,-2.036925332289026024e-04,2.534527509826052429e-04,7.543001431528685856e-05,6.995295039022420393e-04,5.028913973435503355e-05,-3.833079430795228353e-04,1.388152467644111559e-04,-6.853803177540996987e-04,-6.123322344944118895e-04,-7.650359308528444134e-04,-1.215936836854614395e-03,-2.087182608244723069e-04,-8.267886290322540863e-04,-1.569573510539293672e-03,-8.818192776115399249e-04,-1.234401886590560070e-03,-1.084010025915043600e-03,-4.802591238615212701e-04,-9.922236325740276409e-04,-1.676334595198801731e-03,-2.596167023620738964e-03,-9.215209660063265252e-05,-3.295270374646130408e-03,-2.607710043852271703e-03,-3.237829755215134147e-03,-2.986700094893658154e-03,-5.244800221194890512e-03,-4.308196484423839831e-03,-5.279074701346800867e-03,-4.564856462839550488e-03,-9.748534707562381621e-03,-1.386038258847404041e-03
1.095521688561552735e-03,1.961374845120000994e-03,4.003727618881275873e-04,7.652300025164787689e-04,-3.597870168010019174e-04,1.002413791099859841e-03,-5.393172329779277282e-06,-1.780982985740849317e-04,1.115048023806976133e-03,3.696023664049981772e-03,-3.360745609787121457e-03,8.069530729254795762e-04,-3.010611875383270813e-04,8.818138964033900556e-04,-1.340717484663213484e-04,-5.854976856139569195e-04,-5.305853037377059695e-04,3.048583252227946862e-04,-1.195513881465141807e-03,9.028221574432627019e-04,-1.643879302678360457e-03,6.251539251118446968e-04,-1.295742608002086946e-03,6.110055550257719468e-04,-6.518458810896677691e-04,-1.068030739058986513e-03,-8.589029710597661637e-04,-5.294335171368212646e-04,-2.238517998000271597e-04,-3.817776521933969995e-05,-3.936247134317683201e-03,4.466875942891256751e-03,9.838293796353828925e-04,-1.271297936119296455e-03,3.295978289250458952e-04,-6.800178076164270675e-04,-6.394133698783099722e-04,-5.963006287693690564e-04,-9.165071126928566727e-04,6.898302486910317440e-04,-4.833636087427042481e-04,-7.938676768967291731e-04,-8.383978197726112873e-04,7.581076474884226304e-04,-4.012440447463006140e-04,-2.130740548345594083e-03,-4.031968065386337110e-04,-3.482067169301898495e-04,-2.293901794388263169e-03,-3.273430499482161277e-03,-2.217679239482039087e-04,-2.593336615195591423e-03,-2.041775319791403441e-03,-7.880510169860242484e-04,-4.509362197745257067e-03,-1.808985541816245449e-03,2.372878879353114662e-04,-6.682190555111771832e-03,-3.614300692751236995e-03,-4.178755063935803843e-03
2.618703538696814156e-03,1.149466593550254115e-03,1.988431300040890710e-03,3.141983931229279446e-04,7.294638141631472382e-04,-4.006219043418186463e-04,9.603983931450799701e-04,1.592690415347722266e-04,-1.997816746654081251e-04,1.199185315877294555e-03,3.649340339313287152e-03,-3.588261937294830433e-03,1.170301932154774269e-03,-5.194237526997384519e-04,8.287835611086559950e-04,-3.168363280142910492e-04,-5.653042123137864321e-04,-1.711629027781242415e-04,-9.078540384270870997e-05,-1.080985471824833996e-03,7.164664118337740273e-04,-1.597004479208262223e-03,8.963724591247265077e-04,-1.535794075671628300e-03,6.862423978735445428e-04,-7.662224780561214870e-04,-1.193954154940315895e-03,-6.117742229238222929e-05,-1.140471936630252196e-03,-2.545266127718791727e-04,5.350769303491683618e-04,-4.567909277954348111e-03,4.414380927287075117e-03,1.379080815546127785e-03,-1.181254367308303202e-03,7.342741855564583115e-05,-1.332827409316041751e-03,-8.614801335760041787e-04,-5.876364061803216864e-04,-5.009957815935968742e-04,6.037856738614581905e-04,-4.343183178660005544e-04,-6.350325604128577222e-04,-3.056963226699272037e-05,-3.313375679253170334e-04,-9.911963932422481870e-04,-6.378418518451344638e-04,-1.106553929175827563e-03,-1.256616395932858227e-03,-1.703372751656610957e-03,-1.575589216262472192e-03,-2.888442951436503113e-03,-1.820721206658825657e-03,-1.764705875597029437e-03,-1.005910864687468813e-03,-2.544374385623402422e-03,-3.984197817974587455e-03,-4.399295542114040405e-03,-2.864548383473760739e-03,2.124997462335896642e-05
1.864346059976584695e-03,2.641528329929287641e-03,1.046132776601519602e-03,1.992296527228358798e-03,3.659308335223485152e-04,6.830832971150897119e-04,-3.253236752089465095e-04,9.896660401592367699e-04,7.367696048704053290e-05,-3.455337412862611885e-04,1.209907905519384385e-03,3.787120039032072435e-03,-3.678810568932629546e-03,1.232975409459785609e-03,-5.328044111020928007e-04,7.967683578653060724e-04,-1.508591117181255412e-04,-4.492546175083707229e-04,-6.495097418269669791e-04,4.050481999654466825e-04,-1.259520340862768867e-03,6.954153546324706421e-04,-1.426696347980322159e-03,4.454155479797346174e-04,-1.114516877914892767e-03,3.892227716757839227e-04,-7.518253139208095053e-04,-1.254045225148783371e-03,-9.041770995018118869e-05,-1.380080674235383779e-03,-1.144116324795131932e-04,6.286158132618971817e-04,-4.509532402920575500e-03,4.254671164418240108e-03,9.836104848157777979e-04,-8.635387625935176965e-04,5.922208918304157962e-04,-1.762691021220921762e-03,-7.298080491726909600e-04,-3.101527696531434174e-04,-8.951278601463309075e-04,9.479909522016912024e-04,-9.070326205170555975e-04,-4.148779287920056186e-04,-4.770221340648587841e-04,-1.613990734143411253e-04,-7.560955500527520752e-04,-1.108926142205814928e-03,-1.260109507827624712e-03,-2.414466297007420055e-03,-1.148770387640193512e-03,-2.914923457408942140e-03,-1.129466904897371421e-03,-3.091884666747044333e-03,-2.343766462738368622e-03,-2.613608434235797830e-03,1.278437663373182311e-05,-5.810062240826341894e-03,-4.064302105473059645e-03,-5.181307379562283960e-03
2.434854732628213489e-03,2.001014433401857983e-03,2.463138635968383124e-03,1.106013595428945824e-03,2.230048650293823664e-03,2.439617893958546501e-04,7.392798778254667429e-04,-3.421478490878606250e-04,9.971501611894732602e-04,-3.821746903261473237e-05,-1.825464158259645464e-04,1.064359547246191036e-03,3.719569231965616680e-03,-3.481456507912196637e-03,7.920084791329708987e-04,-1.392315333176393410e-04,6.271117071329877649e-04,-1.814707811168415192e-04,-6.930882167472380119e-04,-4.870599050931764861e-04,7.853304578533710925e-04,-1.592095251136660698e-03,4.960593273776326816e-04,-1.309769533669179068e-03,7.108827025302415833e-04,-1.130113828416974857e-03,1.910385060253308323e-04,-7.046293479281078931e-04,-9.507711927115912540e-04,-9.185748661671786896e-04,-9.866431163421615375e-04,2.876888330629285098e-04,-3.163633405766556970e-04,-4.168964279502087970e-03,4.525888408898143256e-03,1.145279818405334086e-03,-9.600835859495301374e-04,1.520338894622660334e-04,-1.289992375807814560e-03,-1.186129131054762921e-03,3.680237603230263098e-04,-1.729970669532488207e-03,1.737998355079935003e-03,-1.324761106842277467e-03,-7.790792389424972030e-04,-4.638408588862564727e-04,-6.676466593663273096e-04,-5.195356352623063060e-04,-1.047176064433345084e-03,-2.155907889694284700e-03,-6.257531074702118177e-04,-2.510092444956894472e-03,-2.948100679118790656e-03,-5.741953886032800892e-04,-5.548634783272531242e-03,-1.086566091527852752e-03,-5.892400683123614862e-03,1.683631824768950925e-05,-3.543196345572817950e-03,-3.264244256742741997e-03
2.488203219247880731e-03,2.606150799596865068e-03,1.823651660495501960e-03,2.537039227908958246e-03,1.051527363964309446e-03,2.234376007774298289e-03,2.298132715178958032e-04,6.672408324724432354e-04,-4.037172146051459343e-04,1.140221718612162904e-03,-8.955181898936685390e-05,-1.935036750346330701e-04,1.231910957027311038e-03,3.608470076456748391e-03,-3.464141073723640916e-03,9.689097920742282578e-04,-4.926148692047904428e-04,6.413221953809731700e-04,2.651610912172466174e-05,-9.008982843286396456e-04,-5.486515380133033174e-05,1.297639123653187903e-04,-1.245209107470675314e-03,6.426075477738454975e-04,-1.722898049362855868e-03,8.817304859811725707e-04,-1.503477902329543358e-03,6.020878815761124140e-04,-4.402238556278168110e-04,-1.492374257093689090e-03,-6.585322004909862021e-04,-7.626967778750879008e-04,1.854755786689037784e-04,-4.129887996260931879e-04,-4.496737143300608142e-03,4.768934639871441269e-03,1.236767340937341671e-03,-1.753013809264939013e-03,-8.005034583893222032e-05,-7.832035887134957070e-04,-4.947132204841356469e-04,-7.858784427867272597e-04,-8.913318680622225616e-04,8.718775744407202119e-04,-1.047731445029896060e-03,-2.854697641423551324e-04,-1.088394575521536584e-03,-9.200854629046079395e-04,-1.257544789484148608e-03,-8.924491745087795172e-04,-1.547294078944013492e-03,-2.171794508025875169e-03,-2.101022151365600308e-03,-2.211352499498648368e-03,-2.801179685436869151e-03,-3.646679276858929772e-03,-3.361985274186538118e-03,-1.101265249252239217e-03,-4.260402263878288950e-03,-7.904507977825981496e-03
3.458688231239149917e-03,2.672344521006030961e-03,2.522608783333031655e-03,1.899609297591433720e-03,2.501823729663166934e-03,1.192070569933066171e-03,1.932611418098598155e-03,3.102321652485481016e-04,6.931414212874864329e-04,-4.429686106852855076e-04,1.204095898176676992e-03,-2.628860986544197470e-04,-7.467487702460804452e-05,1.313142049403797891e-03,3.582140198413969433e-03,-3.698748942796863115e-03,1.108544453610910922e-03,-7.076391183688297446e-04,7.571290084376155636e-04,2.425053239634580393e-04,-7.413024226671367485e-04,-6.209448632534148331e-04,2.112380046265477200e-04,-8.911470591578011732e-04,5.846895614250337400e-04,-1.829123311972688124e-03,8.228180407786014243e-04,-1.435403710894708794e-03,4.257565045064522474e-04,-7.671177452469781638e-04,-1.190304220126254999e-03,-6.902701276280233736e-04,-5.162037086669209532e-04,1.084416101529676071e-04,-4.313795903073070143e-04,-4.546201626799925045e-03,5.065122220586057260e-03,-5.844414552364225437e-05,-1.161642527805093958e-03,3.756068036643410305e-05,-3.105832261654600758e-04,-9.464568280732073681e-04,-4.714001643790632782e-04,-1.087496618693819563e-03,6.975231422236790376e-04,-9.730667691501932674e-04,-9.559182425405611397e-04,-1.811946004261617794e-03,-1.969434803776184766e-04,-3.275848977363732088e-04,-2.006641386542988136e-03,-2.518198909369753248e-03,-1.447278822273941837e-03,-3.273601848997544257e-03,-2.714537686440169403e-03,-2.644355980618091646e-03,-3.050614095520658327e-03,-3.147018808707928005e-03,-2.587919972920197254e-03,-6.895421402692473653e-03
2.106447292667268465e-03,3.662314703533142615e-03,2.586358984154673961e-03,2.587375890233579393e-03,1.790105058165081644e-03,2.530612819206378740e-03,1.213544090761398825e-03,1.923230576090442009e-03,2.719529809739548460e-04,9.053615674346996312e-04,-6.693348008235838233e-04,1.289830189231938552e-03,-1.894809629105168470e-04,-3.545398335501736696e-04,1.419792521532952474e-03,3.551868784116527910e-03,-3.658018271961169156e-03,1.014032151144653648e-03,-3.925459874838046906e-04,6.531630184575058220e-04,-9.686246878767585528e-05,-7.307694182375854431e-04,-2.299117080159508145e-04,-1.463181742678657400e-05,-1.088296298297532607e-03,6.197213602052576006e-04,-1.490000682289079189e-03,6.867936417696997699e-04,-1.244175345945649656e-03,3.191273829378909739e-04,-1.110978312678832357e-03,-9.917882673523776074e-04,-4.337407208098013910e-04,-8.672835700416145488e-04,-6.165257579804385435e-04,4.029157032028809083e-04,-4.518348189708447891e-03,4.066777405984617171e-03,1.373245488905165202e-03,-9.781463726281373807e-04,-6.121663295973636502e-04,-1.069685894058086369e-03,-1.057977036533054669e-03,1.034464272711387023e-04,-2.017766761646470550e-03,1.314371941153685743e-03,-9.807055014395800810e-04,1.120003456972931910e-04,-2.329607560701084119e-03,-1.381117185458458985e-03,-8.442100349277339598e-04,-1.921516023030944622e-03,-1.117343006150840279e-03,-3.448904891268578504e-03,-2.739744592953183636e-03,-3.161257193097557257e-03,-3.833830951022239460e-04,-6.937309050352094032e-03,-3.801837709469919847e-04,-8.765287645618503182e-03
3.552496427529577751e-03,2.372662860173982164e-03,3.536619190655709063e-03,2.582095737213269994e-03,2.508165973484192696e-03,1.808642465064201187e-03,2.457475283184042385e-03,1.126406229986975580e-03,2.115281635825529052e-03,1.579085422001877490e-04,8.210382353404492312e-04,-4.075483997115671034e-04,1.079342529659113939e-03,7.987987190819824469e-06,-3.741861589794183191e-04,1.314575650330488147e-03,3.350318713769996366e-03,-3.477824596336972444e-03,8.199436311819210260e-04,-4.097031025221013539e-04,8.336510975791774089e-04,-2.249811854888926846e-04,-6.110651106310484217e-04,-4.683901645768831609e-04,1.664636327669479919e-04,-9.158188514225934452e-04,4.777178055651218314e-04,-1.575502524681339283e-03,4.609264416695043665e-04,-1.193717417572932350e-03,4.656373220307983229e-04,-8.616643574349091943e-04,-1.124975567080546430e-03,-5.541474585465560373e-04,-9.334909164225373927e-04,4.798493851367991814e-05,-1.790655890281406964e-04,-5.282733001289839289e-03,5.011239111202264208e-03,7.744369937877176825e-04,-7.349468182534323437e-04,-8.895783050632082283e-04,-3.326248363041752767e-04,-1.365544308227588420e-03,3.129921071046723544e-05,-1.944545427606049308e-03,1.124710416744200466e-03,-1.718188322220143413e-03,-7.013253185906049994e-04,-1.792069259935322265e-03,-1.050769581988255502e-04,-4.551430975430648552e-04,-3.957526744291594775e-03,-1.335204111670972591e-03,-2.770680922064557277e-03,-2.600331754552395389e-03,-3.007352429595213164e-03,-4.635796958166189807e-03,-4.874201451780081976e-03,-1.082593021484191953e-02
3.077790729553326124e-03,3.433239932135015698e-03,2.146861944151087082e-03,3.588741242951141736e-03,2.555388118708306223e-03,2.678600159940466852e-03,1.884500077799495469e-03,2.452435750538251979e-03,1.113528759079202837e-03,2.080278089441061837e-03,2.795690753497830192e-04,6.531282824322690852e-04,-5.742855811983775191e-04,1.209191184964024434e-03,-7.392692867955705271e-05,-2.203173178528029276e-04,1.046448758671158835e-03,3.646021791410979877e-03,-3.434845047474512775e-03,9.009370818843456417e-04,-6.124085799207639120e-04,7.716604728867804824e-04,-2.088036611012191509e-04,-6.069803405983956440e-04,-4.817119847305550290e-04,1.668485059767960913e-04,-1.027960304473189571e-03,1.781034209712525527e-04,-1.371104256631829662e-03,1.016132883287520269e-03,-1.603356115084801506e-03,4.979047294086565167e-05,-5.851141501314641950e-04,-8.843809632222064633e-04,-9.939412555904864142e-04,-5.254042289764139333e-04,-6.425279930352231121e-04,-3.701522681704315018e-04,-3.967026119281436523e-03,4.621233598920263842e-03,1.056283412518402125e-03,-1.744961058450014962e-03,4.028744419269850835e-04,-1.987111022378065285e-03,-5.095909328704957813e-04,-1.944135016460663717e-04,-1.690161526142777053e-03,2.035641677782459044e-04,-2.169199014554408153e-03,-6.516783414408471031e-04,-8.341380548139887448e-04,-1.481938984541856597e-03,-3.416717826157806008e-04,-3.896226495667922968e-03,-1.202198763272813902e-03,-2.531202047052961111e-03,-3.593482169843622946e-03,-4.403845392664181534e-03,-1.835276904862045587e-03,-8.218247991341446138e-03
2.327562728784897048e-03,2.987309625787218544e-03,3.534300233387199525e-03,2.349067466887399223e-03,3.472017538390082068e-03,2.536582566310337933e-03,2.591585711376604307e-03,1.747855552360164750e-03,2.470290478735849560e-03,1.208537769247226661e-03,2.014065531047317878e-03,1.554402803754780589e-04,6.571075175140672804e-04,-4.650927085448868913e-04,1.317074331386885273e-03,-1.606355881489425084e-04,-4.013981102375124453e-04,1.273123812506019850e-03,3.680950756777712218e-03,-3.867248182762332391e-03,1.046228355248024532e-03,-3.644671899047431272e-04,7.071871437631613863e-04,-4.866987056025668073e-04,-1.591074852934863248e-04,-6.032706985507046288e-04,2.049280062281048378e-04,-1.199217515094753127e-03,5.395209199683994586e-04,-1.637553235290032825e-03,2.897623423586969966e-04,-9.077670938286398154e-04,3.565380287197809418e-04,-4.083567517721894405e-04,-1.811993046052953141e-03,-6.958122372372381806e-04,-5.941128752795296749e-04,-6.547814359072563675e-04,3.485952441408381262e-04,-4.877735692100206369e-03,4.356089066198534122e-03,1.742321819429630504e-03,-2.224370199406702775e-03,-6.109112330885762242e-04,-8.157704184558019688e-04,-1.839905638807677298e-03,-2.004860152580964267e-04,-1.923003806638473199e-03,1.343072112737593408e-03,-1.763320985034581541e-03,-1.325127129809960252e-03,-2.833071809560877476e-03,-2.255172552638928980e-04,-3.765874814979765315e-04,-4.732762524007370214e-03,-2.380931161448527050e-03,-1.538639894959920257e-03,-4.689824249742036502e-03,-3.169376432528273405e-03,-2.486481403337559640e-02
7.914802861521467959e-04,1.283575166711294199e-03,4.569068137466752739e-04,7.703473079428789895e-05,1.377925787615369522e-03,3.633199866025790077e-04,3.516808827160737864e-04,1.345242250050143371e-04,4.355099492611840288e-04,-4.464398402026943376e-04,2.936360994681627159e-04,-5.026082428760456468e-04,2.061225996858961722e-04,-5.943261188131270358e-04,3.400805580697823178e-04,-1.623296475254805329e-03,6.507191179392767411e-05,1.816543947273306954e-05,-1.535846470016221255e-03,-3.520396532914559992e-03,2.758284655818915836e-03,-8.597202757813427647e-04,-2.548258374004747280e-04,-1.301146197034065916e-03,-3.448418821186735985e-04,-4.714361572763201046e-04,-6.011169594442217256e-04,-6.412937487379691140e-04,-1.884145508546959528e-04,-9.585660830891621752e-04,-1.863292101511648867e-04,-1.150648326396074006e-03,4.891938948869211474e-04,-1.354398443270313831e-03,-1.013911679985405158e-03,-2.378973318045358488e-04,-3.674127580567549127e-04,-7.937311777369138307e-04,-5.636422361763578168e-04,-1.359290534345918618e-03,3.142327661345355964e-03,-4.829276160400188325e-03,-2.709862657563311909e-03,-9.436868623607005393e-04,-4.155910841326084719e-04,1.399723698971202385e-03,-1.287386088116147147e-03,-1.197054349810758398e-03,4.223355019876925444e-04,-1.254017388964042247e-03,-2.475558971511604336e-03,-1.033360014452088275e-03,-1.428293710733881871e-03,-1.213667532051258390e-03,-2.944744991030041024e-03,-1.397863793822434059e-03,-5.388045442599421683e-03,-2.693794595400197250e-03,-3.181837907099092748e-03,2.035077371228200677e-03
1.831303233344750694e-03,4.174362923471048909e-04,1.049413987550848080e-03,-1.377174190436257907e-04,-4.050515206199819889e-04,1.037028455377826544e-03,-3.189892620504330479e-04,-1.080501263052205521e-04,-1.946438000896432330e-04,2.635645748097210201e-04,-1.199618789672981687e-03,3.228113683160360866e-04,-9.965718220945512032e-04,1.232968516803280756e-04,-1.068716081606037403e-03,7.667032637197983671e-04,-2.494237287148340539e-03,3.566647127591523981e-04,-2.934871010432934060e-04,-2.118880877258687637e-03,-4.601370955531716711e-03,3.557645134421769193e-03,-9.039204071705395863e-04,-1.707977680269954200e-04,-1.473796450493647034e-03,-6.370213876608754990e-04,-4.615672502678484584e-04,-3.637003954376669362e-04,-7.280297449113710224e-04,-4.187888197081839417e-04,-1.633775410599948861e-03,7.952101628035261648e-04,-1.635931580243806319e-03,4.819952194425025085e-04,-1.986587042478699973e-03,-1.394677429859259010e-04,-1.516832704213056868e-04,-9.227882383012142803e-04,-2.869216709680929211e-04,-8.669761936341679326e-04,-1.226702057802964325e-03,3.832466838280996352e-03,-6.597838886844321037e-03,-3.016665184642740739e-03,-2.397004872945290540e-04,-1.513903266359291431e-03,2.186561487945209905e-03,-9.489623776253788010e-04,-1.502091891142381995e-03,3.310466340990393230e-04,-2.377438795886838586e-03,-1.427689776795238591e-03,-1.122025553035561375e-03,-2.313853195018253112e-03,-1.738010889704083312e-03,-4.080657190188208619e-03,-1.857234055763084179e-03,-4.665943527222579483e-03,-2.378578499554351560e-03,-6.859320254278713884e-03
1.375651277125976768e-03,1.691662480164598430e-03,2.765409171042428949e-04,1.164733782245721801e-03,-5.359845362786453755e-05,-3.738917407877962872e-04,1.012513235660717544e-03,-3.228745591595444712e-04,-1.373304485461482099e-04,-3.295865826129542849e-04,2.516170686865439065e-04,-9.585373614300657548e-04,1.171776803826154887e-04,-1.112555176577932712e-03,8.607607382227528575e-05,-8.442075449756385403e-04,6.139404865474349304e-04,-2.438183428290819493e-03,1.967260486930884204e-04,7.513123246648254253e-05,-2.373339072425909805e-03,-4.720446780366008462e-03,3.754651596961294108e-03,-1.152972522393276578e-03,1.021968087307650771e-04,-1.693660916143440668e-03,-4.669971300214629173e-04,-4.074880757699607392e-04,-4.165891775302566413e-04,-1.257145830550850628e-03,2.468499154007127447e-04,-1.627820282558524847e-03,6.621168097078494090e-04,-1.263963893225554611e-03,-8.127801575537492700e-05,-1.738452645478591940e-03,-2.211391626789846205e-04,-5.089300797877034568e-04,-8.130529785104569952e-04,-3.218287561600264896e-04,-8.868647154736436673e-04,-8.844147822685152977e-04,3.904687325387338603e-03,-7.661157429096968931e-03,-2.658441214710563667e-03,-6.801259495059860547e-04,-1.200859375617299284e-03,1.569187503734316511e-03,-4.090204065987335883e-04,-1.493861790585050741e-03,3.962792052734198764e-04,-3.863359673032287691e-03,-1.285392121319289685e-03,-1.134744201689302659e-03,-2.090313124241096904e-03,-3.245791156975394096e-03,-2.311828389221997227e-03,-3.986061533477938852e-03,-4.184669126931575729e-03,-1.146827590382393236e-02
1.649957311861040537e-03,1.242090029729215998e-03,1.709299094783489495e-03,4.988461274513254816e-04,1.034943974218960686e-03,-8.528798178120033566e-05,-4.417897831774378814e-04,1.010615859273580538e-03,-2.704262098199806063e-04,-1.511312840018780182e-04,-1.801360864147505023e-04,2.793187828686759439e-04,-1.159051046780946873e-03,1.113555422585436303e-04,-9.433010411114519300e-04,6.734623187023510468e-05,-9.459446852453254296e-04,5.984643301578863222e-04,-2.442356026239339388e-03,3.432906178158680191e-04,-4.529279977941280108e-05,-2.418921316147695354e-03,-4.882720239940464314e-03,4.108705427239167478e-03,-1.354231018958773798e-03,-1.495042962640346913e-04,-1.303418896031660959e-03,-1.036526061433656193e-03,1.262680453499050019e-04,-3.211771312470433084e-04,-1.636519809916678336e-03,3.247099355991247150e-04,-1.514498924455067374e-03,9.319178035955337459e-04,-2.058139606422425792e-03,6.837394389909043314e-04,-2.395882302331154255e-03,3.267632914862063625e-04,-1.306468841641979933e-03,-4.303119243022151229e-05,-6.479425388277377292e-04,-9.518650810387765818e-04,-1.511095306057572574e-03,3.778588866209707520e-03,-6.663574969545930753e-03,-3.241392336895188454e-03,-4.001175913106542678e-04,-4.236807024197636394e-04,9.064114355156063048e-04,-6.303388051611477508e-04,-2.695292592675750665e-03,4.284367162906632599e-04,-2.809121688051038380e-03,-4.779576677344249272e-04,-2.868209913977317477e-03,-2.486758252588335168e-03,-1.730556843279263757e-03,-5.332337560882808442e-03,-2.037069159666993895e-03,-1.158901084389446327e-02
2.938265141432961063e-03,1.590509922522781189e-03,1.338181096065156400e-03,1.720400782212922006e-03,3.031892590651582555e-04,1.109604913114653046e-03,-3.832857527262411608e-05,-5.184766526369987251e-04,1.116021892465952512e-03,-3.106733719845565186e-04,-1.552230426629689025e-04,-6.659493667891071061e-05,-3.003818282660264868e-05,-9.304931217343227192e-04,1.063407290780624641e-04,-9.433993103970218178e-04,1.129421518857770713e-04,-9.254827785906756966e-04,4.178832088355346097e-04,-2.395951836945917849e-03,2.321925581727765154e-04,-5.281445808085157744e-05,-2.158326173568592132e-03,-4.835341933739829325e-03,3.380422110989887968e-03,-1.381417033396157819e-03,6.234560408266036965e-04,-1.858136423311313769e-03,-3.774530777347390349e-04,-4.397738212384240180e-04,-4.330347820984789715e-04,-1.290621004356730731e-03,2.507470185632457247e-04,-1.846982913872003080e-03,5.335020311844228171e-04,-1.193229115470824386e-03,5.000150068987148106e-04,-2.548698278871138270e-03,-1.764249796647810776e-04,-5.173501784914789469e-04,-7.885548770290880380e-04,-1.721855951303419448e-04,-1.031443523767868863e-03,-1.310987976612052299e-03,3.490978780315369661e-03,-7.278200929711353337e-03,-2.392600632792913056e-03,-8.710453362242620611e-04,-7.257994892074374257e-04,1.085611745785729611e-03,-1.311579319231013369e-03,-1.905658940666492794e-03,-1.016831649836230178e-04,-3.297442043588033611e-03,-1.466455703172626001e-03,-2.722630317711657085e-03,-3.091511816973359968e-03,-1.488704781465119160e-03,-2.928754620928552925e-03,-1.307084622416838579e-02
2.028249202625519425e-03,2.966596775477881292e-03,1.648594140097921299e-03,1.186465611201705612e-03,1.795566225519781194e-03,4.076738569116839157e-04,1.043775821442406108e-03,-1.846423866269085874e-05,-4.851691930813742696e-04,1.065544719486272076e-03,-5.239902228415905605e-04,3.887349738797470506e-05,-1.897030339315082070e-04,1.537172083930657353e-04,-1.008467817510779428e-03,8.470233122686114116e-05,-9.924618856950288576e-04,-2.530039698561932637e-05,-1.011704481785803949e-03,8.594980490874377715e-04,-2.350600872594776816e-03,3.436215782288881194e-05,-3.511551834489619350e-04,-1.984762003375859646e-03,-5.083123498487277653e-03,4.235146874745285284e-03,-1.614372604402273224e-03,3.712856600936574212e-04,-1.858264138312336724e-03,-7.691824870337542371e-04,8.878371929384496581e-05,-6.431468707176395214e-04,-1.387566003308753678e-03,2.610014654932768627e-04,-1.816474927916185509e-03,5.126832853844361321e-04,-1.405244718232520921e-03,2.000633745381205685e-04,-1.977895406953989951e-03,-3.968234550156413544e-04,-3.050618540290812582e-04,-9.950019379676839065e-04,-7.787121735493923941e-04,-5.918661415708355951e-04,-1.462942639792610446e-03,3.043107240149914034e-03,-6.574866527299550768e-03,-3.616583032584262582e-03,-1.442528544147847220e-03,-1.876653268345618557e-03,3.265830521889178956e-03,-1.765371323831595608e-03,-9.468650715078799889e-04,-5.125669492382885564e-04,-3.668731640986789850e-03,-2.620654045409280541e-03,-2.822429309371444692e-03,-8.078863747645039992e-04,-4.321587976850536222e-03,-1.314936570033741793e-02
2.623420831069488840e-03,2.213532800003316457e-03,2.905358529033790112e-03,1.509106549170136959e-03,1.456640219732429882e-03,1.654814964472240682e-03,4.005903258742331274e-04,9.340555991308983636e-04,2.406112386886284502e-05,-4.276862395093752075e-04,1.036630206337222455e-03,-3.085007452763492241e-04,-7.310220346148414380e-05,-2.636820385641473188e-04,1.234362498646379203e-04,-9.434253421907357225e-04,7.004578230222732228e-05,-1.074209842526610559e-03,1.443325207284432480e-04,-9.970215457080005509e-04,5.696822665430255643e-04,-2.335950791421864074e-03,2.389663015962686184e-04,-5.533156590598871198e-05,-2.296951053731001186e-03,-5.029615298975739432e-03,3.895739136023307261e-03,-1.734437915963186940e-03,2.359082236736443494e-05,-1.261365616688266611e-03,-7.335002053097410988e-04,1.982259347847918773e-05,-7.645287521646999861e-04,-1.391409295441792910e-03,5.486677745207130513e-04,-1.797775793789698406e-03,9.078478416358313780e-04,-2.501258975054555887e-03,3.941821759319676989e-04,-1.604513345381031837e-03,7.477721198391586320e-06,-1.162564585437785101e-03,-6.606806542665383773e-04,-4.101051074757941246e-04,-1.282401294520740549e-03,-1.653628438646810583e-03,3.570566618182695415e-03,-7.894446833304768346e-03,-2.256984958594028014e-03,-1.596414808138469765e-03,-2.873304963373181711e-04,2.044684495710549603e-03,-2.458496832481372584e-03,-2.711953183989270020e-03,9.494436662312201588e-04,-3.413598502628195901e-03,-2.398824287022105223e-03,-3.369469222712097832e-03,-1.721966402434149277e-03,-1.134209100287556816e-02
1.055705017364123475e-03,2.661314565916328249e-03,2.093560847270078268e-03,2.966723228699611869e-03,1.560096859362746294e-03,1.340362204240552095e-03,1.737976013066239080e-03,4.003472627877969017e-04,1.007176246312057591e-03,-1.625912031551876957e-05,-3.894035365772376372e-04,8.302729158135924506e-04,-2.557062672002966323e-04,-3.263382682819089683e-04,-3.956992291849274860e-05,2.728609087222681013e-04,-1.118198605729858568e-03,2.635864556980085775e-04,-1.257463953839842510e-03,1.061216119697664702e-04,-1.050531236284854694e-03,6.132626384235185298e-04,-2.449085235454825493e-03,3.276053573796542089e-04,7.409211645634534841e-05,-2.121402733471668481e-03,-5.528652264808386375e-03,3.932947458367374444e-03,-1.018530039988925062e-03,-1.479717074573654457e-04,-1.611060241771896436e-03,-8.538396069862044715e-04,-4.693231386694118423e-04,4.897553585316199092e-06,-1.850840004114588959e-03,6.755098414912558266e-04,-1.417363952055556396e-03,3.284951368888255159e-04,-1.802915338798692212e-03,2.799511210233920628e-04,-2.155594484185180057e-03,-6.365851646961813394e-04,-1.161213635373123089e-04,-1.295760254015640303e-03,-2.660377517980082340e-04,-1.488042141369573350e-03,-1.391409169820475092e-03,3.252410592557423118e-03,-7.159016644238317024e-03,-4.196758386482783362e-03,-1.456752927996883074e-04,-2.389352745165166519e-03,2.169631227309514517e-03,-1.171880289992534253e-03,-2.744196926533309672e-03,-7.938139339196158880e-04,-4.419286262096936736e-03,-3.024778263764974807e-03,-1.844834462168301300e-03,-1.167781859635484872e-02
3.349400939368012402e-03,1.961432925976638181e-03,2.951397148240699365e-03,1.229933675791521595e-03,1.631938482212967351e-03,6.664130216189208776e-04,9.560656241200767751e-04,1.482284828707080768e-03,1.124003591124877501e-03,1.341019652305376966e-03,8.560196876772896424e-04,6.847157282621977453e-04,7.099999999999472185e-04,2.119816679748387197e-04,4.102669586031632704e-04,4.188583121058350798e-04,-7.109526342320919947e-05,4.509236999885138136e-04,2.225947384231958843e-04,-5.207822815464509909e-04,9.569108104663023851e-05,1.875149440045152172e-04,-5.339103713189089591e-04,-2.805917179389187210e-04,-1.096105362807017335e-04,-5.434258711317830779e-04,3.093051568841028299e-04,-3.479093349239213663e-04,1.307827311836816039e-04,-8.159061413071453783e-04,-8.545705120589619898e-04,-8.477087874116673045e-04,-2.486487209675900673e-04,-6.654075493797178458e-04,-4.861295063542432778e-04,-3.436065489012807544e-04,-6.658320822454659622e-04,-1.249811308593505327e-03,-4.898879087985052484e-04,-1.777453625632351283e-03,-1.048468444007001187e-03,-1.025937608620069259e-03,-2.243960952673001389e-03,-1.005235932203442850e-03,-1.538965795667396330e-03,-3.787893003121960448e-04,-1.493734426578611661e-03,-1.874561895193205437e-03,-7.476571459193170899e-04,-1.462532987237673667e-03,5.401521391375702953e-04,-4.969187413073760003e-03,-1.709190407673856884e-03,9.304571673866407749e-04,-4.182818586857618530e-03,-3.548028243431431642e-03,-3.568458603775426403e-03,-4.400848417213300105e-03,-2.498218866653489825e-03,-1.254672342261261599e-02
1.495504251691552730e-03,2.363889899874062079e-03,8.651290826905673123e-03,-1.475011555210935634e-03,1.675489455650119907e-03,-4.326118977789836402e-03,1.324909767690603994e-03,2.759194385175278361e-03,-3.719245586559139730e-03,3.573274159087642780e-03,-2.984307484156922298e-03,2.324916795843766110e-03,5.399665031318789249e-03,-7.346562395433168906e-03,4.170728677360662634e-03,4.270498369039996979e-04,8.647599330638688908e-04,-1.924924193605502673e-03,5.144983299871909097e-03,-3.460284607999817696e-03,5.257058447525594057e-03,-3.345881352226788737e-03,3.780177443853928888e-03,-6.253756138797479658e-03,1.260555046545073533e-02,-5.244560880840054215e-03,-3.883784717461812985e-03,8.954334724655224273e-03,2.754401110398858182e-02,-3.132006674190518369e-02,5.450649573434340929e-03,-3.801560225945158685e-03,6.564224659955287915e-03,-8.286224046486819622e-04,-3.074948848659029427e-03,-1.212500286934270650e-03,3.849131840516703540e-03,-6.673172123490059109e-03,6.290461405509074899e-03,-8.363264665170037568e-03,7.336501231545567922e-03,-6.736555760410488890e-03,7.260947373763522970e-03,-3.255010964556865824e-03,-3.083537984455067289e-03,-1.850009339198630453e-03,-5.135194677431570084e-03,9.411256755749956978e-04,1.812939368663847020e-03,-3.479746394368197354e-02,3.865281802278199008e-02,1.202074517561439043e-02,-4.813329743772484445e-03,1.913015502949461056e-03,-1.464384464625697810e-02,-5.902222244816296079e-03,-5.424022072762141929e-04,-1.377116706363434341e-02,4.960324819729947446e-03,-7.384389287754527555e-03
3.358965564066343328e-03,7.708328377802917825e-03,7.305952508606473016e-03,1.220381140703332215e-03,8.170448949655143012e-03,3.600449109905532082e-03,9.659960366933850046e-03,2.920581071263223839e-03,2.036963728614763283e-03,7.737654298488961906e-03,1.875849490382510386e-03,6.445357462048819860e-03,1.164352763315164123e-03,-3.319235386346887882e-03,1.031741406620930064e-02,-1.270706806769553859e-03,2.805257543697716859e-03,2.814035376814631034e-03,4.260633343126489676e-03,-4.739070992708122043e-03,5.294596654589208730e-03,-3.805924852369869157e-03,5.216025784534393181e-03,-1.778181413552738701e-03,8.184638027024727230e-03,-1.136396486693159145e-02,6.888246429701690675e-03,4.504332333414905708e-03,-7.550413958337449070e-03,-2.622990838767615129e-02,3.152513082042453924e-02,-4.840097420824765462e-03,4.285398985707762967e-03,-5.126566920212969128e-03,8.551914679260858368e-04,3.271764106877702357e-03,1.004720654696425724e-03,-5.373462889937836821e-03,6.481803292371140710e-03,-8.248030122626212948e-03,7.447378958080928119e-03,-8.476243711724517488e-03,5.921806139368092532e-03,-1.000697685172073463e-02,1.049662015450008061e-03,1.939870950097804690e-03,-1.907325994445627500e-05,3.417817827948658495e-03,-3.203648129876449785e-03,-3.882177503184689338e-03,3.231016650010183622e-02,-4.294906275887945546e-02,-1.534642783748075591e-02,-1.112183198209701351e-03,-3.122767564640468313e-03,1.435127873357571436e-02,-9.442767450017354024e-04,-6.671245704153674731e-03,5.262106350633568956e-03,-1.778568992529934445e-02
8.358543082204511823e-03,6.472128184408673830e-03,6.536959557630823633e-03,7.193710850464479084e-03,4.928885823458881849e-03,5.372323303101623690e-03,4.887523266905530184e-03,4.284195395207653252e-03,4.017887406556838910e-03,4.980412457485076765e-03,3.156570415653999536e-03,3.494651503381237395e-03,3.130180778777934270e-03,2.240313149721425649e-03,2.795453144185724385e-03,2.250698660625983366e-03,2.088890805131507836e-03,2.710519906704248350e-03,1.545146999597303648e-03,1.726578859060438984e-03,1.580665069076574300e-03,1.399999999999887229e-03,1.189475850713554456e-03,5.941357027462302156e-04,1.262293751071969861e-03,7.590676369863390976e-04,9.312078894807675547e-04,1.178610351497422605e-03,2.894389577642794958e-04,1.114917439223425634e-03,7.194035125293974731e-04,8.570730304772478667e-04,5.732278315458789672e-04,4.173406570807202233e-04,4.224649234124723540e-04,-3.597258692829593380e-04,2.882640199938313959e-04,-2.034866343927215241e-04,9.949095173089367739e-04,-5.049604326699015514e-05,-7.589877577842492253e-05,-6.841762265072731056e-04,4.127474914658987230e-04,-1.033961925974883050e-03,-7.816764732182476024e-04,1.986508006257375046e-04,-4.558138964769384272e-04,-4.910943261780107870e-04,-1.506308568144714257e-03,6.298981125769188621e-05,-1.119835017146988488e-03,-1.306912189867877414e-03,-1.000158799272629975e-03,-2.028350836108780734e-04,-2.389223216645886775e-03,-3.692983340333123605e-03,3.466935991917181620e-03,-4.274296008145547950e-03,-3.252927643277115245e-03,-8.082705149772181560e-03
6.627681335446502023e-03,7.076774494820707063e-03,6.729786982248527928e-03,6.008668508752390038e-03,5.201842285108523520e-03,4.601673099905190592e-03,4.268698664418838981e-03,3.763384904011717741e-03,3.552069762865398602e-03,2.732684846220913202e-03,2.793310035706140539e-03,2.948101772012702310e-03,2.216258803488265101e-03,1.711278146524790019e-03,1.246536360138500747e-03,1.250529202083876116e-03,1.483816116762965397e-03,9.865064140830034044e-04,8.264507817690281517e-04,1.307738754877798854e-03,4.416850944715806069e-04,4.443547874338015890e-04,1.189100146177788633e-03,7.884016997659577331e-04,5.920042565266406742e-04,1.407826124308349084e-04,6.339639897112852316e-04,8.097343067640118668e-04,8.673213748872681461e-04,3.544002527469646826e-04,6.633317382461922278e-04,1.763717612684168848e-04,5.514246164493881832e-04,1.873414399439558798e-04,-2.040279785257058474e-04,5.133594170645208472e-04,1.453473806161108836e-04,1.275670989415467215e-04,-2.583199915364749058e-04,5.149152542372082298e-04,-9.046898072361515917e-04,-4.786799510112256907e-04,-7.890465882815716299e-04,-1.272822886576396775e-03,-6.839750123005024912e-04,-1.339385692068377227e-03,1.590472377901576244e-04,-8.131923800064025550e-04,-1.114242079198913800e-03,-2.478468471755797676e-04,-2.272719689805255319e-03,-7.881621734034268377e-04,-5.448459086078369373e-04,-3.262817260886687141e-03,-4.483878998189621407e-04,-1.626337352218241170e-03,-1.767443649958263261e-03,3.131160542784174289e-04,-6.471107886089831097e-03,-6.956579443590271347e-03
8.217501694184323191e-03,9.297270551967063909e-03,6.164456636421207850e-03,6.369464323226677223e-03,5.503683813883460292e-03,4.402992304272966735e-03,3.307260836814269155e-03,4.466885848103532147e-03,3.597259800153738193e-03,2.867001239309445188e-03,3.856986658392828719e-03,2.300139803567029413e-03,2.178422306780529102e-03,1.417065443829155840e-03,1.480336094496886943e-03,1.966817849867300277e-03,1.313755268755421998e-03,1.553879024621086834e-03,1.153994931872178147e-03,1.571571906807775042e-03,1.040927958214224848e-03,8.548728220067552085e-04,1.075822707953789275e-03,6.863990131531788217e-04,1.201369863013519273e-04,9.352138281705023965e-04,6.448319520519700358e-04,-4.637390644452252112e-05,-3.367870452379075898e-05,4.326007902491469889e-04,1.336705125048332464e-03,4.497120921305180108e-04,-2.354988028730798961e-04,9.003409047086832024e-04,-3.432038920214718520e-05,7.017781541064269622e-05,2.259071243149123314e-04,1.565703997381054911e-04,-1.428122673542881773e-04,-2.398864583887383439e-04,-7.032938174472204993e-04,-1.011927946127972981e-03,-9.804121681379045911e-04,-8.214266576253156319e-04,-8.091817974092099146e-04,-6.319963044559106895e-04,-5.692795578897411404e-04,-4.374578927458261401e-04,-1.135192387256969476e-03,-1.065574131912518574e-03,-8.824734299517357191e-04,-2.176705609732509841e-03,-4.009609180302319757e-04,-2.655740968150869553e-03,-1.339820683677285388e-03,-1.819460302604923498e-03,-2.844593992875696017e-03,-1.015513979953303839e-03,2.410626394592768748e-04,-8.879731672256929026e-03
8.347214436552192335e-03,6.851456812791608883e-03,5.554053540915085928e-03,3.959100274725290379e-03,2.270711349719030988e-03,2.396222042726117718e-03,1.018959030390531942e-03,1.698236889692611353e-04,5.473466255657289791e-04,1.109822045832853030e-03,6.384634541305554559e-04,-2.745090732944524678e-04,3.345504673015713810e-04,2.156984362715116000e-04,-1.689365051065858754e-03,6.123605913056055523e-04,2.576466139391376934e-04,2.520570839154195647e-04,-9.098409602994125562e-04,-4.066389490286129776e-06,1.165207717147973601e-04,-4.003781670445883474e-04,-1.671258787377593799e-04,1.865782193705344482e-04,-2.438161639976580623e-04,-1.764471984796442866e-05,1.492383691131355880e-05,5.343064812687277950e-04,6.332314316463025998e-05,-1.874842082335782714e-04,8.578669128136578743e-04,-1.638908199093295896e-04,9.432713710907918194e-07,-9.056262046561785930e-04,-2.721057623446101120e-05,2.796022286480393014e-04,-5.741961479011427382e-04,-2.852572256953953391e-04,-3.368089813680897292e-04,-1.362986666178921547e-03,-1.160254046521498345e-03,-1.160047180770255523e-03,-5.754582484724270327e-04,-7.984608777662340149e-04,-1.133364521896020527e-03,-5.174292415115539423e-04,-1.276059003417853634e-03,-4.198333611063696227e-04,-1.281843558057914291e-03,-7.802544324621041869e-04,-1.664183456060992425e-03,-2.483550309333077116e-03,-7.186999091949610157e-04,-1.450948741808334675e-03,-1.672371247477907278e-03,-2.290273447339713671e-03,-1.773793939393892172e-03,-4.542433094132621203e-03,-2.396651680075663395e-03,2.511970320561225547e-04
8.422119880616764018e-03,7.663286692184273496e-03,6.689444359987794901e-03,5.486232383111051304e-03,4.889431924423958895e-03,3.915473201721992452e-03,2.826347040844650899e-03,4.272474861339640301e-03,3.971244300030076814e-03,3.219621155632210012e-03,2.801186432019590888e-03,1.652508301373617483e-03,2.211969044932071780e-03,1.902770950426191767e-03,1.687199770564926874e-03,6.936451859399296897e-04,1.512378057931854612e-03,1.047689675501057519e-03,3.426495871655216535e-04,1.616258134204526806e-03,9.946000026574404549e-04,5.106126272913229670e-04,8.537099491749155535e-04,4.760453159898536137e-04,6.955286662992508527e-04,2.159005889212152777e-04,7.979637463114954083e-04,5.098535388828920843e-04,1.691870328498690701e-04,4.333112763784062980e-04,-4.661058540766569830e-05,5.397723445815890331e-05,3.368330708382226901e-04,2.428020032985749521e-04,8.203626008130890488e-05,4.232241519989743731e-04,2.150674551184561794e-04,-5.440524028139304873e-04,-1.332859874351327329e-04,-8.767038427562901534e-04,-1.190375547942584778e-03,-7.713783550406291389e-04,8.776571809126781519e-05,-1.420186877502878668e-03,-6.514875906704835178e-04,-1.128562453556655396e-03,-5.754311893640019640e-04,-8.042001966281313438e-04,-5.020626793451238344e-04,-9.315913942566557025e-04,-1.524470933908607774e-03,-1.732933579687216067e-03,-6.956331911593642428e-04,-1.383594574379888413e-03,-3.054035627035844337e-03,-2.094473479513139606e-03,-1.198503692976189304e-03,-2.316276823583653024e-03,-4.074354454922030251e-03,-7.579746782733232449e-03
6.840907008703550271e-03,6.883809382618461502e-03,6.510670413108317171e-03,5.766116814587462537e-03,5.417680975031519304e-03,2.815110944068568988e-03,3.550171077846021699e-03,2.423425671741137426e-03,2.359042011237892558e-03,3.525428513099679220e-03,1.917052384062585373e-03,2.415552071383119965e-03,1.948511013215804312e-03,9.184477500930094849e-04,1.239354651382919845e-03,1.437082497476869277e-03,1.188011967661974739e-03,7.959993991581613916e-05,1.214381549748345452e-04,1.153542420481970662e-03,-4.165451404908451983e-05,-4.983770079452366341e-04,-2.910416298429432736e-06,-5.033415202556659447e-04,-3.537604166666340850e-04,-1.863849574239198452e-04,2.998946867291648385e-04,-1.770084386341080223e-04,1.359488785006765217e-04,3.461195623934662535e-04,-2.616636371636300019e-06,-8.841954313868323435e-05,-3.214565371742038476e-04,-6.613800334080157609e-04,-1.547089241707903069e-04,1.773266397467614553e-04,-5.210392956838990740e-04,-7.256094999020202760e-04,-1.284830323895081589e-03,-6.418036391622469273e-04,-1.195587188612099805e-03,-6.615881261595369820e-04,-5.074408321553398145e-04,-1.056457777535712477e-03,-1.529562182521829183e-03,-1.790015965665299946e-03,-9.929306487696202155e-04,-1.403883883883806942e-03,-8.251330307391705702e-04,-1.491112211849853581e-03,-1.170188721974691577e-03,-1.843916955541638350e-03,-6.401000641187313753e-04,-7.420067420186170389e-04,-2.913739206243829566e-03,-2.615689568284951683e-03,-1.337611771609831419e-03,-2.392311394537324949e-03,-4.131754648147372214e-03,-6.338286037241981467e-03
9.224057008351327358e-03,8.231824187239358132e-03,6.957578335924023694e-03,6.113575027072811439e-03,2.771975170832508169e-03,2.784228872223890906e-03,3.353441039307181615e-03,2.890750370544769871e-03,3.383174221374418006e-03,2.510933810868470374e-03,1.160496681536256911e-03,1.412694165252634205e-03,1.278379273449808430e-03,8.123550423251976651e-04,8.957761665736918349e-04,2.982851297076205880e-04,1.574353794935074054e-04,1.196057169765610360e-03,1.125048184025378506e-03,2.492813587172119818e-04,-1.840750333569469673e-04,9.889645938314854494e-04,-1.705562887422767634e-04,1.593515869658077620e-06,5.804940791598434910e-05,9.130295087511350674e-04,-5.507225475628997700e-04,1.933628804859578081e-04,-2.486399637597150889e-04,-1.998958945754200438e-04,5.048713198042215685e-04,-4.780880521360705740e-04,-4.049813748737508606e-05,-8.296586161215359963e-04,-6.420219144835654767e-04,-7.498145066362474007e-04,-7.889033942558409517e-04,-6.795821147467818188e-04,-1.044636554207862373e-03,-1.494175631988393406e-04,-1.828103932065709529e-03,-4.741116751269761217e-04,-1.401551401869162092e-03,-1.253317721959065116e-03,-1.577415262781598328e-03,-2.510864430468157452e-03,-5.552324067161091550e-04,-5.279572438346643876e-04,-2.341556523665350078e-03,-6.674926474720494982e-04,-3.540388300648273206e-06,-2.282631336051060052e-03,-1.262462448529816589e-03,-1.398518909025824953e-03,-2.354162677476554378e-03,-2.337523059473152302e-03,-2.010365996613514439e-03,-2.689806369887827280e-03,-3.320457847237519473e-03,-1.957781633434643731e-03
9.153899207211733946e-03,9.909615955799032025e-03,7.903294238948385328e-03,6.811692735431814673e-03,5.222305445799674956e-03,4.065850777669093377e-03,4.296364498197429924e-03,3.109747622278021158e-03,3.097085157814645322e-03,3.806397453914287660e-03,3.035581996043093360e-03,1.893196447486383219e-03,1.413669852778283746e-03,2.230316501570327788e-03,1.345191849307583818e-03,1.497768227586212045e-03,1.136308845993581548e-03,1.634262166405042781e-03,7.518476517754117856e-04,1.210001501689317088e-03,6.607885037690991795e-04,1.628901461575218567e-04,1.625128570486158303e-03,3.507488686876236348e-04,-1.175994651530351456e-04,-2.496653077234555927e-04,1.038271075499324573e-03,7.270945719245414324e-04,2.147968351496096326e-04,7.679573639437392877e-04,-5.289749345303754830e-04,-2.464396338806185030e-04,7.105736978903528633e-04,7.181944727371132511e-04,-2.265408805031854009e-04,8.644772910512128316e-05,-4.450164195240142789e-04,-4.302783352814344275e-04,-7.033526057185312923e-04,-6.346400057670581723e-04,-1.391449850512470028e-03,-7.292252212061083472e-04,-8.795892806770181510e-04,-4.453616796712537608e-04,-1.052443160847429471e-03,-8.235211815002354326e-04,-1.048052269115391268e-03,-1.075874251181460281e-03,-9.375524989500037343e-04,-5.214991852254842854e-04,-1.562888677268834238e-03,-5.948913000669784875e-04,-1.566453612696885401e-03,-2.086858104096472790e-03,-1.699767242610393829e-03,-2.297318750917522624e-03,-2.385181991066247838e-03,-2.601958117541114564e-03,-3.554097430685224015e-03,-3.526449868759838450e-03
9.433347039604784642e-03,9.880469932550151047e-03,7.451366663495370690e-03,6.629366634646188285e-03,6.056933673964339654e-03,5.749149269959652996e-03,5.377330432442183235e-03,3.805433070866184875e-03,3.250211068317632179e-03,4.044455377416933395e-03,3.047223184104320276e-03,2.287190234535790238e-03,2.656387831154000297e-03,2.475068792710806691e-03,1.733599410599031285e-03,1.181738508907032069e-03,6.976236655024029400e-04,8.083001338080807955e-04,1.428957278599425986e-04,2.629297496975091671e-04,1.616440586679878256e-04,5.772425804294458807e-04,8.751070464609892125e-04,-3.625763222583191299e-04,2.152163159442874770e-04,5.090148927448443199e-04,-9.352255021700368951e-05,7.846158196883684318e-05,-1.828167634200066603e-04,3.629257521391108122e-04,-7.494602652414917990e-05,2.216285714286804151e-04,1.456606632861752091e-04,2.735011288326207827e-04,-7.029137401977871751e-04,-1.366547372387390475e-04,-5.140974397753722542e-05,-5.772702863350441700e-04,-3.776017296818567448e-04,-3.349550497132181416e-04,-1.584982205759533080e-03,-1.013533241270439013e-03,-8.710477510724826469e-04,-1.151125310479467895e-03,-5.646530286322562096e-04,-9.290213178293814465e-04,6.310835029028620969e-04,-1.558463048911193187e-03,-7.486161698797680385e-04,6.614265952542785999e-05,-1.966160187335841501e-03,-2.909552412322846042e-04,-1.610977658120966776e-03,-1.168033316608145045e-03,-1.974577819274127635e-03,-1.492235825283531360e-03,-1.284230112223527917e-03,-4.101381461266750787e-03,-2.341454656402547092e-03,-4.652518018089487825e-03
1.093711534566307354e-02,1.217317488068796021e-02,9.908296194075500926e-03,8.751803789010271020e-03,9.543183007883853514e-03,7.609141628145910108e-03,8.357923446745537874e-03,6.684328790738412046e-03,7.510227579638651708e-03,7.583416930477245542e-03,7.458841375917317149e-03,7.081846771221465310e-03,6.829680664022576807e-03,6.056160304006272949e-03,5.258385805348192617e-03,4.869757850256800462e-03,4.495432202461368577e-03,3.717988440448561065e-03,3.665623450341631406e-03,1.515387165522059367e-03,3.313683160262765725e-03,1.895097052750088036e-03,1.924457062110595173e-03,1.165909460274266530e-03,1.740000000000048799e-03,2.260191097272564072e-03,1.246760189780932691e-03,1.462955168102152148e-03,1.847156173529191855e-03,1.427077972452653245e-03,8.440451204425036000e-04,2.881969362204019340e-04,5.251164674903534540e-04,7.560187661682722833e-04,2.871941773113709912e-04,9.020453534904643040e-04,3.448162542346655058e-04,9.348109046207087481e-04,-1.473693207562796689e-04,-7.638569675332127678e-04,8.722403924775874685e-04,-1.385742031052900839e-03,1.179001046025180246e-03,-3.323482361818617709e-04,-7.406388506797691964e-06,-1.723402752452005398e-03,1.374027294117738298e-04,-4.404182868359942846e-04,1.261930125485893406e-04,-9.007719627178880197e-04,-1.108104575163350921e-03,-8.192251394052083285e-04,-1.321089134343629437e-03,-6.871096890639846744e-04,-1.521338516278919039e-03,-1.557051429047869983e-03,-1.674876505763057575e-03,-1.679800788777955451e-03,-3.594488106315485779e-03,5.439395757667570908e-04
1.362391430805320706e-02,1.380125901105153097e-02,1.090258637617472735e-02,1.193880833914601723e-02,1.104177502644184024e-02,1.002354846818538474e-02,9.543177046885845810e-03,9.033400953195670421e-03,8.396125156630048283e-03,9.194005805515152729e-03,7.038737986986423785e-03,7.651251628134059929e-03,7.025707660388109607e-03,5.737850025081766593e-03,4.996741901720403063e-03,4.333573604585071529e-03,4.229643338922483772e-03,3.397488497444506751e-03,2.998637635084366350e-03,3.735892955766499136e-03,2.888915150082644375e-03,3.422005985745852664e-03,1.369963463920549846e-03,1.346055015224927086e-03,1.724013783705936453e-03,1.341621064319086388e-03,1.068955393566576369e-03,1.653985799690855596e-03,1.115362663328683815e-03,8.119928573451940662e-04,2.491252347968445080e-04,5.606809361229902469e-04,1.341698533862869386e-03,5.546226510920135864e-04,3.976038198060509606e-04,-6.716229905311829292e-05,8.416830289716706283e-04,1.052012015122439931e-03,7.377199382883675369e-04,2.269899817850438116e-04,2.312711731318081948e-04,9.128736531631741809e-04,-2.047373653686537093e-04,6.595050745293145862e-04,3.503241013553019746e-04,8.930730842589975987e-05,9.103400662316341518e-04,-2.317499857384624064e-04,-2.740112670677897068e-04,7.103903821539533188e-04,-1.164143382554863734e-03,2.716002413251610145e-04,-4.739087254669672512e-04,-1.187140955569537500e-03,-3.700319086404646224e-04,-2.234715689381856687e-03,-2.206700083901631110e-03,-1.831399887703607067e-03,-6.410110033266808692e-04,-5.072559854321174923e-04
1.391195457662809665e-02,1.486214442013128988e-02,1.501115398594612439e-02,1.172398881338695270e-02,9.738436262015216435e-03,8.179684234894648437e-03,9.276584811348669718e-03,8.937670282542812053e-03,8.402291290972743396e-03,6.906171275411574634e-03,6.781988993600644548e-03,5.514827815018059042e-03,6.927840187633939849e-03,6.076932132310279219e-03,5.371060606060717654e-03,3.785175545360863238e-03,2.849585882655997302e-03,3.137874328692333032e-03,2.335059630581246947e-03,2.086559269469435464e-03,1.927176284704032547e-03,1.382669394048560273e-03,2.320136057868842951e-03,1.602369211138665334e-03,9.293928837699348602e-04,1.972306160417275443e-03,9.312427240979129087e-04,1.555822683171607284e-03,1.556064290017021047e-03,8.909730574765645054e-04,1.214671398154767252e-03,7.130688087565796888e-04,1.306291687988808941e-03,8.729692494375705571e-04,1.444100494473591657e-03,9.078169107366696562e-04,8.622639285819726478e-04,7.555374862182980726e-04,8.948751300728417660e-04,-9.191772186592494240e-04,5.072784810126032334e-04,1.782365829418684614e-04,8.468100560912940767e-04,2.592131852647738452e-04,7.292853093396123917e-04,-1.148666781682475187e-04,-1.301469873426791969e-04,1.892438389411361152e-05,4.053951797496065470e-04,-5.211265154591024958e-04,1.191909637213289786e-04,-5.075902069042081055e-04,-1.585757857540805269e-04,-1.499943684633651801e-04,-1.501025836964811925e-03,-1.702531749283066331e-03,-5.282577903682947589e-04,-3.077665603888542298e-03,-1.911546386924556709e-03,9.283778862756688266e-04
1.761204580374905668e-02,1.649225394982510931e-02,1.219820540540543681e-02,1.112271844660204720e-02,1.178724252947086805e-02,9.474782569002750468e-03,9.542185421349580129e-03,8.312769796397608685e-03,1.038882594378631036e-02,7.712873777643981625e-03,8.387969662627526093e-03,6.548816366293191797e-03,5.636906702593395477e-03,5.337148203291644695e-03,5.218857292393587997e-03,5.303473893424924708e-03,3.349318457660488500e-03,2.853668804874701787e-03,2.486245464247590232e-03,2.581537307292004844e-03,2.030797600314642164e-03,1.741078866250627723e-03,1.694138432474052427e-03,1.430353994630019498e-03,1.727273659591970975e-03,1.230258935459072750e-03,1.138747984320221101e-03,5.933252983325069344e-04,7.356461253920815483e-04,1.480060851092945308e-03,1.260855349460539895e-03,1.216204302757006124e-03,2.099961400769071590e-03,1.092548809803043459e-03,1.715049610838117675e-04,4.447616128890964681e-04,4.448598959564186659e-05,3.011644453648936511e-04,-2.794058788906168996e-04,-1.256028034939088260e-04,-4.816660230595562237e-04,1.039750528452721345e-03,-9.816519187461486551e-04,-1.613239922830437035e-05,-7.163627020462079616e-04,6.217986658804626520e-04,1.913079271828074628e-04,1.032675075522851470e-03,-6.849712114916430309e-04,1.345074615250047283e-04,-8.062141513868854251e-04,-6.196202674703797002e-04,-1.108476779834239451e-03,-3.751743877473301576e-04,-6.176800344976060607e-04,-1.659988565620614193e-03,-1.478113391984356515e-03,-1.848981981981958180e-03,-3.561011754341189984e-03,-6.774138629124053495e-04
1.837485869319473858e-02,1.795568623401374436e-02,1.677244468446228987e-02,1.469268168244766345e-02,1.402321211673433939e-02,1.412913088533458358e-02,1.309886951166391346e-02,1.225267490520146399e-02,1.271884811961239599e-02,1.210630585331989341e-02,1.102327935222677073e-02,9.026950922631544680e-03,7.521369836509714767e-03,7.274146928944122577e-03,7.363655934032170385e-03,6.002486687042038298e-03,5.757109760170909564e-03,5.598067963098198388e-03,4.951132601989179441e-03,4.547088587010841322e-03,2.711610190990351721e-03,2.796273133375834843e-03,2.901705550482317798e-03,3.035840269938418125e-03,3.206456605300401271e-03,2.046839308930826183e-03,2.236560411311121731e-03,1.799999999999929478e-03,1.138104209479594070e-03,1.195233750201322477e-03,1.123533853165583664e-03,1.170715577662176680e-03,1.168585618195352744e-03,1.338365177332251528e-03,8.280714957666585139e-04,5.051025396445440064e-04,2.373739031070704964e-04,1.421813161527860385e-04,2.343538516384124849e-04,-1.414144261724792221e-04,9.685013413764407631e-05,1.808744402916472201e-04,-8.575821650679246776e-04,-6.234264035027269491e-04,3.565311259363004967e-04,-1.129222797928268338e-04,-4.836289932686419217e-04,-6.327329859281452225e-04,-4.304784394657348336e-04,2.905808156646979743e-04,-1.054478878799857506e-03,3.188788836543234115e-04,-1.000846175935622088e-03,-1.235639881814438058e-03,-1.445917600092921440e-03,-9.142441787023681534e-04,-1.276241926012924768e-03,-3.186826649536654305e-03,-2.105022084083123506e-03,-1.561666389682331291e-03
2.188654239423644746e-02,1.941467910542324718e-02,1.639460395111124250e-02,1.524258358662613361e-02,1.442381649801760535e-02,1.457534885075891656e-02,1.459168147095406785e-02,1.251729190777178639e-02,1.235606038896116046e-02,1.162364371492369784e-02,1.147911639541807256e-02,8.000361627323003544e-03,8.595976763461715686e-03,7.936950540407189392e-03,5.715400383345729980e-03,6.581360663118005459e-03,4.783979692193196694e-03,5.199353542877568728e-03,3.873761446038243104e-03,3.643130584631077123e-03,2.952906487572841843e-03,3.204038952899804400e-03,3.004263700727607522e-03,2.166112874603224898e-03,1.757669010678238790e-03,3.030516468672240366e-03,1.797351466893326718e-03,1.928884546658294870e-03,1.307305951053135476e-03,1.123238268393720153e-03,1.044012205449386648e-03,1.869732173530641063e-03,1.746884355281274866e-03,9.129785258104850497e-04,5.939216586450505762e-04,3.926219035393158020e-04,3.434553720986115231e-04,2.727592649806633560e-04,7.183902133559528710e-04,-4.624120633024746889e-04,3.418206635869095464e-05,-6.802139528314255640e-04,5.022220980896036904e-04,-2.856128470747999271e-04,-6.023105885612795724e-04,1.244626616346030832e-03,-3.858136089059453734e-05,-7.743533211891506654e-04,4.936315602697246207e-04,-7.773576950105420694e-04,6.719915623793459565e-05,-4.602540762228468293e-04,-3.687978671836480505e-04,-1.104625404625436810e-03,-9.059662159498499271e-04,-1.303178794797927014e-03,-2.978918837002948392e-03,-1.571030324763995813e-03,-2.756402932495556277e-03,-6.673406790441107315e-03
1.907644289807605351e-02,1.900203959360290823e-02,2.018549846316242818e-02,1.802585491671144374e-02,1.710967337058833318e-02,1.534743038657127544e-02,1.624243517151423982e-02,1.540921152388176341e-02,1.420823548344629129e-02,1.385412154500871400e-02,1.142651527810935146e-02,1.143245052193327636e-02,1.202309334657403715e-02,8.959223510074451960e-03,1.072799142050389135e-02,7.663027291349902743e-03,7.104112656046508885e-03,6.363643501017738138e-03,6.557888173294456474e-03,6.446609286165550304e-03,4.713050554368909163e-03,3.719054905378466926e-03,4.631018643090525043e-03,2.996299303093311311e-03,2.469906735751389078e-03,2.142648568241037593e-03,2.913728462954966441e-03,2.521088901104320389e-03,2.877552664029262800e-03,2.520162560025158895e-03,1.772931096321618159e-03,2.390650367142786899e-03,1.194729863692573250e-03,1.369899305063107964e-03,1.400122302261330720e-03,5.176422522656193249e-04,1.577961864469407853e-03,7.537744685962352977e-04,7.212533613073758782e-04,7.096963026192300251e-04,-6.168348348348428808e-04,1.862197655177007705e-04,-2.107586206897229164e-04,-5.194926543708375515e-04,-5.484311459269981814e-04,5.679614677618227301e-04,5.801627418783853905e-04,-3.493861196319494530e-04,6.896581034417134225e-04,-4.182325154963276344e-04,1.634067228597563520e-03,-7.576188417433590925e-04,-4.621058730255394827e-04,-6.479279279278780555e-04,-8.733860211415731684e-04,-5.062047402924586348e-04,1.221457794784972547e-04,-2.321183681672112954e-03,-1.580361300496260215e-03,-7.414985786597980133e-03
2.408866967567820441e-02,2.262327618050845660e-02,2.161927050210173118e-02,2.216443435616348087e-02,1.938483554712211801e-02,1.986508291339504281e-02,1.523394717197826785e-02,1.795656954556339863e-02,1.520375147215107664e-02,1.499264727933325922e-02,1.244826207759339512e-02,1.324626196577416773e-02,1.192618118924080282e-02,9.960122665663651009e-03,8.470610805037050856e-03,7.402501584048856720e-03,5.857465953307390560e-03,5.899263460909302120e-03,5.475027564701441356e-03,4.766321565011204936e-03,4.246195660728813159e-03,3.834546030860471605e-03,3.286080918249473237e-03,2.948855415907048610e-03,2.989065208368995620e-03,2.344016763539285599e-03,2.091920756259785848e-03,2.197906349286419571e-03,1.322058131972503109e-03,1.570744488011807834e-03,2.242001417397228302e-03,1.147953855979567126e-03,2.170135699092606407e-03,1.902097323533810365e-03,7.858067176701475981e-04,1.297747529019674557e-03,4.776155681479987269e-04,6.367856665528547500e-04,6.595839614109563157e-04,-3.014040978857991464e-04,-3.581011476255379391e-05,-1.420822820192718400e-04,-2.703745968742393073e-04,-5.551129341382839448e-04,-9.950575125809574262e-04,-7.590070952568295974e-05,-6.196364063417666729e-04,1.168829195609731239e-03,-1.921710666484768989e-04,-8.087190812721484689e-04,-6.642260402576111210e-04,-1.105237221385967734e-03,-2.928239279067581559e-04,1.343691308485664524e-04,-2.554347579782232855e-03,-1.098174371930905283e-03,-2.330338266384744065e-03,-2.922331499601004898e-03,-9.173360409839196412e-04,-2.223949652263328136e-02
2.060067914803299927e-02,1.937830407132423716e-02,2.073232912652099927e-02,1.875284605078868586e-02,1.865612184980398533e-02,1.535069550126809228e-02,1.533897847290361001e-02,1.475141329258973337e-02,1.330286574177045461e-02,1.397446479930852803e-02,1.292419302017612168e-02,1.296709915551228810e-02,1.160636423214157081e-02,1.051659636020127811e-02,1.098505088821774556e-02,8.772947538607278259e-03,8.035826878051974265e-03,5.908582486695696662e-03,6.877576900565795376e-03,5.631563310200349802e-03,6.431107850330045235e-03,4.030190534726388503e-03,3.942079513410278076e-03,3.453034716111257757e-03,3.600410654031219009e-03,3.310113427307797163e-03,3.436371603201707030e-03,2.691429879935560571e-03,4.430239224815957395e-03,3.092646757465978072e-03,2.545171655891342692e-03,3.164660122828132343e-03,2.582605639428193090e-03,2.359577409748170578e-03,1.892096582589697417e-03,1.615216201579104151e-03,2.475368560447914132e-03,9.782831834573922202e-04,1.765299359261001495e-03,1.629555575761131364e-05,5.857266373980359996e-04,1.826918940208241036e-04,-2.749978705282324224e-04,4.946226701150318325e-04,-9.569752908026305568e-04,8.631159517042725918e-04,1.332688588007814156e-03,-4.529107558000881493e-04,-4.445430050493365346e-04,9.139447403461620646e-04,-3.796064400727203273e-05,-4.687909815083829944e-04,6.038892495863156223e-04,-4.402263942581891346e-05,-1.485650494861520503e-03,-1.801688989053511257e-03,4.495022643316621836e-05,-2.038638689866925906e-03,-3.384927995829628208e-03,-2.322239013625096524e-03
2.814386887971738471e-02,2.831443400744093272e-02,2.757615970875940126e-02,2.611655344618659877e-02,2.636727528860490291e-02,2.484282416224467202e-02,2.272631775836444004e-02,2.302031080776180058e-02,1.879941953715718803e-02,2.024553071750261057e-02,1.781595108506519101e-02,1.699220263268459014e-02,1.575030949266392061e-02,1.558944130112084429e-02,1.508094801756980873e-02,1.248938452508077147e-02,1.144957895607581072e-02,1.021490080706067942e-02,9.359618473505139716e-03,9.855076740679600059e-03,8.431978221179676700e-03,8.670579977643113473e-03,7.529048667823111038e-03,5.315483521535669872e-03,6.765785743340707419e-03,5.433341517484731667e-03,5.453550247016975168e-03,4.929606095011094917e-03,4.643421954185476298e-03,4.460548811870010399e-03,4.599805471731029452e-03,4.192726269457341774e-03,3.391579416818638233e-03,3.978352997544413495e-03,3.061467303765299380e-03,3.896240520492192782e-03,2.602647610489463702e-03,2.530683769928017326e-03,2.255329507520438363e-03,1.226077333193783007e-03,1.323692939432026105e-03,8.857167733751130159e-04,-8.348515002474026175e-05,4.672466609483637940e-04,3.588339920948336106e-04,9.893930293929553872e-04,1.713352710193323547e-04,1.176175609756188040e-03,1.412635106828604749e-03,6.496001544468139139e-04,2.447392032005688413e-04,4.589024065883479694e-04,-2.827335348938757385e-04,-2.927876077930105015e-04,-1.373517558012339124e-03,2.434673502137887197e-04,-1.957778781436243700e-03,-1.350475189324810456e-03,-2.477794773039982031e-03,-2.608416968384528068e-03
2.367599115696390408e-02,2.380941277089218197e-02,2.360689693629388491e-02,2.311819754157625265e-02,2.304431721950316037e-02,2.141401547484254528e-02,1.978458013199723212e-02,1.733082788205289604e-02,1.688282120619603519e-02,1.482898479415306787e-02,1.402333808250104744e-02,1.272485399653553589e-02,1.430709284500979520e-02,1.278060967944700567e-02,1.223707354754569043e-02,1.229988328973454295e-02,9.223413577477395514e-03,8.854083686585531923e-03,7.845247937689956569e-03,6.772568706273418733e-03,7.186634829590593174e-03,6.319664947787437086e-03,6.565423641181332773e-03,4.531254839753884670e-03,3.780814612388468023e-03,3.445975078724621866e-03,3.472242484803057458e-03,3.289720855252083447e-03,3.118132127627852752e-03,2.847021138753141715e-03,2.565785498299944390e-03,2.703459259905959238e-03,2.223720924258657233e-03,1.986543496815582066e-03,8.529455709711293446e-04,2.519225399654368997e-03,1.386629073376250722e-03,2.012129751451451933e-03,3.557056063260754988e-04,6.647015589193742881e-04,1.554890576821883730e-04,3.417767988254386062e-05,1.433985525859466303e-04,-1.526222406562863113e-04,-2.247764280973762508e-04,-1.048651392111349953e-03,-2.388693066034798074e-04,-8.523343253389610141e-04,4.569559152406093660e-05,-1.432572214413745885e-03,4.645812529849014088e-04,-9.149321989633588375e-04,-4.528587580797687655e-04,-1.774939792125170370e-04,-2.278425213906306397e-04,-1.098223611540634706e-03,-1.648972441031871031e-03,-1.909486299818937641e-03,-1.864428833772136841e-03,-2.630504545246838653e-03
1.547309878543667166e-02,1.852105122785110622e-02,1.785399786400842029e-02,1.908622176098506359e-02,1.634946504282504265e-02,1.456555340190419066e-02,1.426926036180448977e-02,1.219453987211637121e-02,1.119146753686101059e-02,9.219476403814942309e-03,8.237152943732324248e-03,8.846169058756087750e-03,6.629455737704835830e-03,6.705678302288145542e-03,6.067441569803682343e-03,5.999129797460126326e-03,5.859760080068590095e-03,5.733909307742758067e-03,3.905389197072453404e-03,2.816021715726100497e-03,3.432244467860918503e-03,3.358223011200450747e-03,3.507080040735824095e-03,1.842821072480228545e-03,1.136524340495039583e-03,2.125100741912404768e-03,1.493482283464485144e-03,7.541454441547356790e-04,1.258407382257237164e-03,5.480884872258428566e-04,4.761925012053262762e-04,1.092688295037352918e-03,-1.586217206910451021e-04,7.658290092061594782e-04,-2.753410753595459336e-04,-3.633373950535660670e-04,-4.958836774000386456e-04,-5.436947500347813012e-04,-9.589639795154950410e-04,-1.508760828350612544e-03,-1.895797706735560112e-03,-1.591815289037100791e-03,-1.647919345141757048e-03,-1.243978612558241728e-03,-2.533182347009987727e-03,-1.747168638084951745e-03,-2.049377667857436251e-03,-9.056356686952911003e-04,-1.620250428208682651e-03,-1.361659831013614565e-03,-2.226519320698954526e-03,-1.607443778110965700e-03,-1.148467034088511548e-03,-1.875051779671403586e-03,-1.755456249596087145e-03,-2.204229807756051106e-03,-2.750691795406145449e-03,-8.922911515866250058e-04,-3.389658153608843781e-03,-4.347787399223554915e-03
1.472425030404823400e-02,1.548112259595008783e-02,1.590422365279086508e-02,1.509646840148684901e-02,1.458661248573573863e-02,1.168561305295738942e-02,8.223733576642470317e-03,7.918820622070650225e-03,7.296597488322583043e-03,6.378620728307022106e-03,6.069324204283079241e-03,4.359192416395014404e-03,4.052997291484020971e-03,3.968637273185075809e-03,3.806366906474857679e-03,2.333407821228995847e-03,3.481703858801084989e-03,2.279192005710155636e-03,2.947345896368968286e-03,2.058515754786387382e-03,2.176962958106549561e-03,1.013911892801740459e-03,4.666239458217167854e-04,4.974978719014104024e-04,1.972928208173118595e-03,1.368798368298455598e-03,2.211583725198713131e-04,4.202020202021220386e-04,8.315820205439094365e-04,-1.515064897185449679e-04,1.368318359423255251e-04,-7.723755254902264777e-04,-3.604044632164007706e-04,-4.670206889625505954e-04,-3.367637745408426104e-04,-5.577265808039327593e-04,-1.152068143880139806e-03,-1.004688868575750495e-03,-1.233869838067929792e-03,-1.361788088101096791e-03,-2.341214756916327674e-03,-2.064539495849756004e-03,-1.739368158747718347e-03,-2.188133783111529274e-03,-2.955307479224424366e-03,-2.545138551288204931e-03,-2.339590547459672112e-03,-1.235782978486868076e-03,-2.020118294308777436e-03,-2.013901330089590009e-03,-1.033154979455554526e-03,-1.789021891243549245e-03,-2.277569586183731884e-03,-1.621282253708440689e-03,-9.961095981539816544e-04,-3.162520044052905249e-03,-1.250805804330476587e-03,-1.585746532625818958e-03,-2.113216683431159114e-03,-3.730066637588488714e-03
1.737206587049540396e-02,1.624371319077391393e-02,1.635545232273850555e-02,1.505322755034656408e-02,1.326542242405778262e-02,1.094592609928686337e-02,9.790662440791209412e-03,9.771924360400394832e-03,7.512966540235043594e-03,5.842960408293762856e-03,6.912843344652996359e-03,4.536503538377750257e-03,4.318935430864933450e-03,5.522265426880878028e-03,4.548014940144530331e-03,4.369079069260554428e-03,4.368921897658953682e-03,3.692124956223352857e-03,2.862494123680553795e-03,3.274724778920822497e-03,3.151121135946708535e-03,2.077539886301116041e-03,2.028274623034963947e-03,1.679232655563424629e-03,1.381835413657861965e-03,1.394674650904748764e-03,1.392408112518405761e-03,7.579766683866015400e-04,5.442166802338015055e-04,2.463754103253258123e-04,3.454605255140896851e-05,5.850790205695148821e-05,2.095169490471902049e-04,-1.153832049872593069e-04,1.028811724121261542e-04,-8.954928681748456102e-04,-8.324601654562649358e-04,-7.129345900552476380e-04,-8.186309091158933387e-04,-1.915830995446441733e-03,-1.460895228654299520e-03,-1.969787356832071023e-03,-1.543827139526658026e-03,-1.688679594290419181e-03,-3.189912218715161910e-03,-2.513925822253258724e-03,-1.885388516458275229e-03,-1.906439617142575765e-03,-1.179711089876971054e-03,-1.277758158630056071e-03,-1.074027381746929391e-03,-2.809431710856703183e-03,-8.061919504643457303e-04,-1.426102228405834666e-03,-2.198080237112313550e-03,-1.474289020532032176e-03,-1.522856114460448664e-03,-3.681872992224963313e-03,-7.925539051269894037e-04,-2.769518220974742304e-03
