-2.925218830297637330e-03,-3.480998936450137825e-03,-4.907489910936573690e-03,-3.692841527082012677e-03,-3.688149169405190338e-03,-2.544159966896687112e-03,-3.669254161880652378e-03,-3.303320428693872716e-03,-6.141995798670094389e-03,1.699690007759848548e-03,-1.198530633840871711e-02,-1.981284897556023685e-03,-4.225497705501134009e-03,-3.148424643183021527e-03,-1.826184131056834449e-03,2.056699666682007717e-03,6.065242772498550573e-03,6.959469072927651143e-03,1.184529229847384492e-02,5.807220010196013395e-03,1.524831928136183724e-03,9.415577977728089524e-04,2.107892138989409924e-03,1.732899975829490982e-03,1.808276156727281481e-03,2.251367389348073091e-03,1.517446848442924844e-03,1.645191109335201974e-03,1.981128139311895322e-03,2.196584605261051471e-03,1.311539728439556525e-03,1.367141253735765574e-03,1.099426906152919329e-03,7.465099494466285405e-04,1.768445123647224620e-03,1.816327147040615428e-04,1.116722394045765315e-03,1.105041123333113003e-03,1.966789121132616995e-03,-1.616317514004737680e-04,1.424896634000222479e-03,2.840870095806787314e-04,-2.488397222345386075e-04,6.704675754488633951e-05,-7.423582075878587235e-04,-4.144808788644493449e-05,-1.458845168867872386e-04,-5.104103539914307732e-04,-1.920552072949842631e-03,-9.041375113060445487e-04,-2.698832862397400421e-03,-2.811122216952841209e-03,-9.878383899786893126e-04,-4.634401421891218807e-03,-2.249688473683236854e-03,-3.883638726133996702e-03,-3.417263199658359535e-03,-4.506725360340459348e-03,-5.686015254728770188e-03,5.043987941688222836e-03
-6.536633329099231400e-03,-1.475447104179784114e-02,-1.622528779190061943e-02,-2.390793167458983223e-02,-1.797967827693793680e-02,-1.738788577372649483e-02,-1.168596764025965629e-02,-1.735703394835766758e-02,-1.515581037556017543e-02,-2.899872879482015553e-02,8.113638625517411579e-03,-5.750813029620716055e-02,-8.678023612879920412e-03,-2.023642708798633130e-02,-1.436827405204786114e-02,-8.029901187922329486e-03,8.737633113474673960e-03,2.790124115044298123e-02,3.074977936772999715e-02,5.180245519063313153e-02,2.551862466924055550e-02,7.818817038724687127e-03,5.284887587816808514e-03,9.961000267413805745e-03,9.080153220399778818e-03,9.766263035738208254e-03,1.112531007560437976e-02,5.945193525988995940e-03,1.035615228609833467e-02,1.064784172807583910e-02,1.088818613170431521e-02,7.319578536819039936e-03,8.631694749780234946e-03,6.794883808043520809e-03,6.021401783613194308e-03,8.679185771665574173e-03,2.989678156128260447e-03,8.315651321125284642e-03,8.421640648283060249e-03,1.062352197506162728e-02,1.029291985005346272e-03,9.137085571754587771e-03,4.404181326343980553e-03,5.510554897093913017e-03,-2.024748070244399099e-03,6.385206794069907092e-03,2.088307701547323023e-03,3.416420343877745597e-03,3.677467177171264007e-03,2.852414858319829221e-04,9.418255475770594088e-04,-2.454548770163096465e-03,6.062141273101894021e-04,-5.537872490559328075e-04,-2.531618524231825720e-03,-8.482712160612370517e-03,5.618727037161977932e-03,-1.889939537353369035e-03,5.036136517563423627e-03,-3.433850468332665107e-02
-1.011243584288947991e-02,-1.090937376794946269e-02,-9.528979342014789675e-03,-6.910295680203278577e-03,-5.768327710229236710e-03,-5.118537660490665026e-03,-4.310360411531777465e-03,-3.052293596741981543e-03,-2.791103988432402840e-03,-1.602456244614948455e-03,-2.421638640172616569e-03,-1.674497985797276760e-03,-3.618852963556694379e-04,-1.504840664200019114e-03,-1.409710327286478083e-03,-1.761788205078404371e-03,-2.023590969917565992e-03,-8.015172718744436025e-04,-4.468572541966714644e-04,-3.569537897189886851e-04,2.517907061196785162e-04,-7.782861694727759771e-04,5.105394185114986352e-04,3.248128901470043986e-04,6.970849484994888533e-04,7.348221417306721129e-04,1.538271941285975994e-04,3.683990932145207319e-04,9.181298328083763562e-04,2.401993206418531789e-04,8.037667503948260584e-04,1.351738970910175723e-03,8.286399509943826814e-04,6.882157047945136000e-04,6.211743512177059050e-04,8.700885553913711122e-04,7.709577720235398892e-04,8.610966752198197238e-04,1.010638488987165330e-03,1.024795977988430260e-03,8.425008854109789511e-04,6.085361513021558246e-04,7.075443058052563895e-04,5.708740029651962001e-04,-5.044962028334718093e-04,8.665659294985191908e-04,-2.667851880496549099e-04,-5.356294027176242807e-05,2.167500487097392416e-04,-1.858447973982168622e-03,1.495492000012009449e-03,-2.489646605728169752e-03,-3.050173262637313580e-03,-1.623050427103030257e-04,-4.158956962726688411e-03,-4.980123208813982960e-03,-1.783719945631047007e-03,-5.063917021251559784e-03,-5.343828088428413149e-03,1.545707417977318018e-02
-8.779338700039456336e-03,-7.717070217433568032e-03,-8.511991749383350514e-03,-7.090268920597429282e-03,-4.430430882671415951e-03,-2.889127037537059413e-03,-2.090422010689142046e-03,-8.718137324784341717e-04,4.777856969477302612e-04,1.212980846344371109e-03,2.246261864655059188e-03,2.198586305567074017e-03,1.239795009846953681e-03,2.580242013994842130e-03,1.102680448925152240e-03,2.136159533502189362e-03,2.196870601256386332e-03,1.805236614557829099e-03,3.220478299597746927e-03,3.610438991905444601e-03,3.448633401305435491e-03,4.176163400478429162e-03,3.204086799907295002e-03,4.547991853511807597e-03,4.806909318626957986e-03,4.717446902348422684e-03,4.578128781311782518e-03,4.594652832843271195e-03,5.040526754260756317e-03,4.989145822046588304e-03,4.461548589132949098e-03,5.442862326520969685e-03,5.637450919722034222e-03,5.219484798162450125e-03,5.122480306890363384e-03,4.639117085851166347e-03,4.978976988447507412e-03,4.331234344252386792e-03,4.632136055112182418e-03,4.775562462702110690e-03,4.997403598054805419e-03,4.255292555093824133e-03,4.155455067093810281e-03,4.773329493327893927e-03,4.315841245150345284e-03,2.684242244203194436e-03,3.695640680854960555e-03,2.947879969348534638e-03,3.561365419275742527e-03,2.254410784571276097e-03,1.178262491730989060e-03,4.288074644904013230e-03,-1.167326195249771426e-03,1.378696872541414122e-03,1.308476611750612013e-03,-1.998357885354324660e-03,-1.865208064219119315e-03,3.091458727617681004e-03,-5.750918511617959632e-03,-1.164313198711039747e-03
-1.029915690499092970e-02,-8.991972587227663183e-03,-7.687135502043892891e-03,-8.839976579491726563e-03,-7.174316376502251277e-03,-4.516804841428899778e-03,-2.919409863902513308e-03,-2.149643276310199240e-03,-9.232849458910258973e-04,4.669768708532556875e-04,1.166600982061917957e-03,2.361130002549957987e-03,2.012988300319805326e-03,1.243710293534888971e-03,2.705333200404606408e-03,9.752255107211755571e-04,2.105963561555484163e-03,2.136486112785871295e-03,1.866251131739409073e-03,3.030397290602942963e-03,3.711191314008265105e-03,3.305549620441611356e-03,4.372407535043894636e-03,3.185106606519974050e-03,4.375374895446785747e-03,4.816796855083282751e-03,4.696737046176860386e-03,4.784306428570731309e-03,4.514858345923005584e-03,4.634240407198914752e-03,5.392546867415020685e-03,4.135080541775863067e-03,5.344926878029317499e-03,5.695706040279874954e-03,4.883259355588190007e-03,5.268451491583650038e-03,4.951254905213902519e-03,4.776025431735358984e-03,4.624617388864390478e-03,4.584330221338543156e-03,4.840377079260202442e-03,4.609703596387287362e-03,4.293746196657207206e-03,4.535207025887871141e-03,4.349802009729670030e-03,4.268870576126507742e-03,3.116707068158497320e-03,4.122323184070289179e-03,2.656219368100059576e-03,3.093471166025849733e-03,3.131715852310418616e-03,1.083961575723130233e-03,4.155360212653120243e-03,-8.129785419785645747e-04,1.680587663192512722e-03,1.715494893926125530e-03,-8.610188016952845550e-04,-3.000198691094861387e-03,3.229706165876527514e-03,-3.976041370476152831e-02
-1.292509135590062808e-02,-1.300859302198504111e-02,-1.170309468294352534e-02,-1.051966128235437732e-02,-1.118340213771866487e-02,-9.984976669129164845e-03,-7.026621698654467868e-03,-5.913732868689462047e-03,-5.223856511064557673e-03,-4.571657306012423538e-03,-2.954264133976408375e-03,-2.777620219623749484e-03,-1.662225248629080245e-03,-2.503686715992592231e-03,-1.637227782359674871e-03,-4.527979865619472704e-04,-1.522180015258101354e-03,-1.453027105252565308e-03,-1.785916690346687390e-03,-2.204408981486561444e-03,-7.462104092559359702e-04,-4.479549994778847608e-04,-6.932113691360855231e-04,4.604118396905823455e-04,-9.396160023906147216e-04,5.071369733222324270e-04,2.331906606927288609e-04,8.969415022701784142e-04,1.834973476711384557e-04,4.247861712062332945e-04,-3.910413873274309779e-05,1.036398651371595123e-03,2.003305492062044957e-04,7.882489962810390778e-04,1.337620284354121281e-03,5.460168225077742087e-04,6.337100655244670396e-04,5.078442899300680434e-04,1.184917628639290755e-03,-1.582738405737100910e-04,1.782447472631191500e-03,6.851069577301172140e-04,1.094695200956922240e-03,2.379100076365511720e-04,5.401464852633233683e-04,7.937002497631885862e-04,7.201426327096903087e-04,-1.315837894123052113e-03,1.007496145202311415e-03,-5.835085816220964569e-04,-1.013289057650804684e-04,-6.105612532523967259e-04,-1.001259017586021618e-03,-2.588257107602668478e-04,-2.388860677483909279e-03,-3.882958905458816588e-03,-6.230004780644213475e-04,-4.654837515881296225e-03,-8.068095197406689040e-03,4.954783388031897343e-03
-1.482305632965137156e-02,-1.315233100832463239e-02,-1.328916641916272692e-02,-1.177917185638511360e-02,-1.057851873342190510e-02,-1.147546068029628094e-02,-9.999853311652984189e-03,-7.175454047501725156e-03,-5.892947661436787228e-03,-5.313201856298507830e-03,-4.393661841957962645e-03,-3.089495568155123904e-03,-2.967960835730482170e-03,-1.558640526067553694e-03,-2.517188991918577288e-03,-1.709109798401530541e-03,-3.011206963576618448e-04,-1.591054191554961946e-03,-1.530760071928428208e-03,-1.741601100379861931e-03,-2.362636229006669520e-03,-8.056992586278064524e-04,-4.922368684906028476e-04,-4.614860502498037680e-04,3.256409520680003168e-04,-1.185682228382613571e-03,6.988733205116351649e-04,1.316236967774142867e-04,8.464983488850301311e-04,3.806043657299293501e-04,2.930128560117145885e-05,2.810678918160405284e-04,8.007666185626869217e-04,-2.781190526892437674e-04,9.787808240862747554e-04,1.236539887982725369e-03,7.234107294029779728e-04,3.257228994891723508e-04,3.130986924899850491e-04,1.167939685818370410e-03,1.308013966363420939e-04,1.462443820275906130e-03,1.344251463772924227e-04,6.835397941286819106e-04,1.443110628694444810e-04,1.576829599713063575e-03,-1.891449949102752082e-04,4.070519020813697156e-05,6.095333150154474500e-05,9.246358584007102538e-04,-2.213886263133907871e-03,1.272006288452189277e-04,-2.215628852645832279e-03,-2.292821814399586839e-03,1.128458799017934163e-04,-2.393082933029879854e-03,-3.089572446506122939e-03,-2.588578387934002863e-03,-6.333998354895371309e-03,2.776086720011881892e-02
-1.527801359576440830e-02,-1.510245417486508895e-02,-1.339401108746813424e-02,-1.341745884137010222e-02,-1.198524091828236104e-02,-1.059695761733023094e-02,-1.169115561806433751e-02,-9.999531715884742850e-03,-7.305259897756401048e-03,-6.094215964492424344e-03,-5.139195832228325364e-03,-4.602576309014809984e-03,-2.997539235301451086e-03,-3.062467653985947134e-03,-1.613097866583913104e-03,-2.414842788949835960e-03,-1.858304313619849133e-03,-3.816526076339896308e-04,-1.540431834957671671e-03,-1.639238038822477461e-03,-1.658353235936259242e-03,-2.325947824192777045e-03,-5.532015480606813831e-04,-5.803781806224854933e-04,-7.805056106188224549e-04,4.793740201686986016e-04,-1.050211932006698493e-03,3.978060495350813379e-04,3.337620247961881271e-05,6.840375373127698761e-04,3.571286737912286085e-04,2.316359214504385756e-04,-1.324667573700015683e-05,7.074054025488642856e-04,-3.124270314410230662e-04,1.261512300844249692e-03,8.753156983194145457e-04,1.396320402930624529e-05,6.429356472971888004e-04,7.905997924177872145e-04,4.638382711623807573e-05,9.728953718659695375e-04,6.102686357013085072e-04,7.773468633473665191e-04,-1.315815752669117155e-04,3.205912129261704636e-04,7.960589885728355580e-04,-1.899141003006691762e-04,1.013934802571314934e-03,-1.325683721390476244e-03,5.305678434233420358e-04,-1.561950217736537234e-03,-5.772277247878723327e-04,-6.386799821674608206e-04,-1.459694969910652106e-03,-5.411152505023667869e-04,-2.719869620774274625e-03,-6.675494132336793132e-03,5.976035885540109107e-04,4.531956089701469521e-03
-1.484552120393502379e-02,-1.550736450983486274e-02,-1.545358116465886736e-02,-1.358776067721418832e-02,-1.362291319656811633e-02,-1.212476850085291748e-02,-1.081099488028569068e-02,-1.182001473853499032e-02,-1.018896686906889046e-02,-7.256182130993799051e-03,-6.126177358028305799e-03,-5.268073820579249368e-03,-4.415374473946227438e-03,-3.252773971807578456e-03,-2.950529942951467689e-03,-1.680597915010901720e-03,-2.464898630192844612e-03,-1.738885909598205260e-03,-4.263807242514301710e-04,-1.596619660985088571e-03,-1.407729477059445908e-03,-1.975918430111618315e-03,-2.198508225411543657e-03,-1.051151561200307097e-03,-2.792430351977613005e-04,-6.683157519429667147e-04,3.193563058602289320e-04,-1.157178656407526884e-03,7.962099660388036182e-04,3.649174235380761008e-05,5.712155504149021585e-04,6.595812484735235617e-04,-1.541428907734198315e-04,2.469055922998377654e-04,7.805515596587455501e-04,1.159752221396822457e-04,7.093318032009636410e-04,1.113003929115460346e-03,2.953796021243260583e-04,5.639496552329468972e-04,7.662961659402749452e-04,4.570554437026280183e-04,4.190463661925403877e-04,6.801501813568595683e-04,1.028815388644336746e-03,1.618095574631851872e-04,4.076841366807718524e-04,1.178419264447551958e-03,7.602502950158037450e-04,-1.432656194346742943e-04,-7.898702189667090477e-04,1.043196931448526089e-03,-1.832580090157008915e-03,7.048641256705597121e-04,-2.052341370287794845e-03,-3.591436403904586360e-03,1.468036833155402128e-03,-2.096721071591259138e-03,-5.268022415001477436e-03,2.017979077066977406e-03
-1.103110135273224941e-02,-1.505119150434458021e-02,-1.587675702382141188e-02,-1.565049120894705659e-02,-1.376781201857482997e-02,-1.385945727794616993e-02,-1.228703070308564266e-02,-1.095721395563359520e-02,-1.199586149420339698e-02,-1.038525858272405789e-02,-7.337064583256113458e-03,-6.240611327906153694e-03,-5.190865195894758984e-03,-4.602035374881676896e-03,-3.081288007923529623e-03,-2.892389558317897541e-03,-1.811919473153513057e-03,-2.502196477357995948e-03,-1.782893884835340002e-03,-4.894558896647966621e-04,-1.516527372989662529e-03,-1.503652721230747504e-03,-1.789203266949683123e-03,-2.300065563393846775e-03,-8.868542240291497946e-04,-5.905550844799926490e-04,-6.487984309466112050e-04,2.811041107246936392e-04,-1.197209709852063058e-03,7.125483517061063183e-04,-1.368803785293835689e-04,9.208454758573851769e-04,1.902379909052231109e-04,-1.211395235801158613e-04,3.663365199749712129e-04,4.426960906464225695e-04,2.856067237343305927e-04,5.243356110099514156e-04,1.207054150203855803e-03,2.110594287080608180e-04,5.637407828792205099e-04,4.035824197581961781e-04,9.713319242529297795e-05,1.002819447671457042e-03,1.451064949648404358e-03,-3.008496227320578745e-04,1.442055590044088922e-03,-7.224591994493858834e-04,1.174673707660016950e-03,3.040291375038870598e-05,6.590299024000601620e-04,-2.157957317963999158e-03,1.234341146934320524e-03,-7.651505295324477615e-04,-1.334951224002698137e-03,-2.034838063312409753e-03,3.258291793336427441e-04,-6.827481878961316536e-04,-3.855895925615501155e-03,2.817690544235687891e-02
-8.086384282856974234e-03,-1.110867750715984446e-02,-1.547827295481729246e-02,-1.613060132232634059e-02,-1.602835319342943432e-02,-1.388974377525000609e-02,-1.398636624342053728e-02,-1.252065275626427880e-02,-1.107255644795312154e-02,-1.219487422553645894e-02,-1.042189266337235215e-02,-7.382747580050307533e-03,-6.328525123297036419e-03,-5.227952950763022251e-03,-4.673109034003107565e-03,-3.167208185374449213e-03,-2.963788492044604900e-03,-1.750593650670601107e-03,-2.512299895762510563e-03,-1.916807394959972469e-03,-5.073840043142869302e-04,-1.360514818338498261e-03,-1.724082483169787428e-03,-1.908206590561752894e-03,-2.458540789835189384e-03,-8.714163715823580562e-04,-5.168715294950159940e-04,-7.789340963826533841e-04,5.322008218727559753e-04,-1.250650893338593923e-03,4.023937150264708337e-04,1.198448065573146971e-04,8.628659936880988049e-04,1.241114467355658761e-04,3.730328810285408553e-05,-2.872793378957533544e-04,1.320938524580149518e-03,-5.468127646726610560e-04,1.033230339352733847e-03,5.058931398051905257e-04,6.537868973947998054e-04,3.895542750003137171e-04,3.207535602989545955e-04,6.264545488279378788e-04,-3.282200399550217656e-04,1.513919647665791512e-03,3.306249922146582113e-04,1.575339246301875416e-03,-1.402515597546979140e-03,8.105766922849859824e-04,1.377140085829687546e-03,-4.573544845607873137e-04,-2.303652906738462309e-03,1.207657877562210835e-03,-3.040171810699071175e-03,-9.238712924567228386e-04,-1.086828412153012426e-03,-2.921023248922706254e-03,5.782561004930681595e-04,-6.829326722307961506e-02
-9.519493362019208413e-03,-6.883796134575723147e-03,-9.346463789241424985e-03,-1.189109904952619437e-02,-1.136647993161554217e-02,-1.190055818330569559e-02,-1.062111724988677557e-02,-1.079593814615266781e-02,-9.276050259102870330e-03,-8.336770977085765019e-03,-8.697827566687165932e-03,-7.982676348869136018e-03,-5.728976636063330685e-03,-4.652410578558083439e-03,-3.938294392593289645e-03,-3.655447427805034923e-03,-2.234263110904350161e-03,-2.155254967253386871e-03,-1.685305936839697188e-03,-2.026207908596611498e-03,-9.743820699462233835e-04,-6.161101912256650853e-04,-1.386785656028539622e-03,-1.551101130457877833e-03,-1.603398459876075391e-03,-1.944573493790336532e-03,-8.060945007125863400e-04,-4.659676860691280148e-04,-9.569442011883727561e-04,5.701456724330658098e-04,-3.098802460350540459e-04,6.765333067750891596e-04,6.702616885360662821e-04,1.179533858298975049e-03,1.332063900465085392e-03,5.983596975805873918e-04,9.683117114206294578e-04,1.420870433025264376e-03,4.473811985535322902e-04,2.278979320158479142e-03,1.890264169885754342e-03,8.531854545487267943e-04,-7.506984838886767146e-05,-1.132214644313475388e-04,5.877757071564942938e-04,-1.841096648169765980e-04,4.834181424208785832e-04,1.145029747086548540e-03,-3.624176151163323507e-04,-4.277531169586588450e-05,1.476642231648297564e-03,-1.918877676455136736e-03,-5.632375590941482175e-04,-1.945499985283102992e-03,-4.184724867200172909e-04,-2.720205172669511780e-03,-1.350850038725459482e-03,-2.684859608968826698e-03,-2.519619268268580379e-03,7.105725896801200377e-03
-2.790870090975052994e-03,5.311794405471166949e-04,-2.737034653203261180e-03,-1.700427680726948349e-03,1.993600992496412632e-03,7.090846662884092710e-03,4.049653642305624766e-03,2.635195503016809094e-03,2.422924808645040163e-03,2.749339505768357700e-03,2.496482449101866327e-03,4.232607825497155217e-03,2.116217765585813593e-03,8.384728714955812581e-04,1.617918340870566889e-03,1.026439910029245187e-03,2.993130301381772716e-04,1.645562637712159925e-03,4.873756903076657539e-04,-7.338749923030201631e-04,-2.224326325981820904e-04,1.347979605193002717e-03,-5.797201161106701637e-04,-1.074752505642300382e-03,-1.032150266279539775e-03,-6.278939395268534791e-04,1.546163578031264539e-04,-7.877968035663666631e-04,-9.403822379459294764e-04,-8.197998925426459816e-04,2.164985522977723974e-03,2.148922164616791277e-03,2.604207294485169199e-03,2.974880795109537297e-03,2.826958778164001193e-03,4.125810548526497382e-03,3.977961013268565410e-03,4.521403800139207722e-03,3.955726312091822558e-03,5.767857195747218280e-03,5.840456637661637848e-03,6.595248407350556667e-03,4.996866322282941851e-04,-1.016656746976999249e-03,-8.814178074336124916e-04,-6.809471631009609031e-04,-9.965929222902729367e-04,-1.604448958317141643e-03,-4.262827814148234138e-04,-1.093485074791435358e-03,2.229476928702688412e-04,-1.161420042879945285e-03,-3.234066973369263513e-03,-3.820130954485171596e-03,-4.420141527951208620e-03,-4.357284452875199478e-03,-6.117341535161972994e-03,-4.660677289441980155e-03,-4.254550288921323670e-03,-3.835095700032127575e-02
-4.987386261954771145e-03,-2.761164216619127997e-03,3.429074030109456215e-04,-2.570815049883403564e-03,-1.787159299042427943e-03,2.075954462150523226e-03,6.943260293224430557e-03,3.989620630869792316e-03,2.712144015083148372e-03,2.454851269013100072e-03,2.695489571125158149e-03,2.531779720531931923e-03,4.252553858010056295e-03,2.062719354918650209e-03,1.059652977587228302e-03,1.226709533909048789e-03,1.073203096857546510e-03,4.159975372986367704e-04,1.596870746305549061e-03,5.277948998499571841e-04,-7.449572050517544149e-04,-3.660588333357046929e-04,1.609424967305934494e-03,-7.430543521274119096e-04,-1.560799199173547530e-03,-7.563707798198573669e-04,-6.889591254162827751e-04,2.167811143018891988e-05,-6.363303864344007016e-04,-7.613534579489132604e-04,-1.035156775910771581e-03,1.762106394675068714e-03,2.262582414820924533e-03,2.840285162526137632e-03,3.163894431119017650e-03,3.036008815606662265e-03,3.956847462030651900e-03,4.092586263392614630e-03,4.100357357969648502e-03,4.630938601479211297e-03,4.889332689231667105e-03,6.719452209981146076e-03,6.258977726637887651e-03,2.625934522269730842e-04,-1.048441439679808403e-03,-3.303491823147599324e-04,-7.606993780360761731e-04,-2.500610331845161492e-03,6.548144126402871289e-05,-5.812468795143604277e-04,-1.906038185323107698e-04,-2.305642850724759843e-03,1.186747069187444714e-05,-5.326294118672938310e-03,-2.609204216526808152e-03,-4.399690142353691706e-03,-4.294859782431383402e-03,-6.436910987943746457e-03,-7.124182515463896130e-03,-1.823366652790125650e-02
-6.910321221416199262e-03,-5.217185738161930070e-03,-2.896677484211916068e-03,4.996712449271120465e-04,-2.623715659401068892e-03,-1.676438283615989564e-03,2.067756816839851856e-03,6.827783615080596294e-03,4.082511933487440597e-03,2.534937065982414972e-03,2.524428394317091134e-03,2.591033383943381826e-03,2.461241880446191944e-03,4.412552398225069381e-03,1.906524140972563203e-03,9.488279718968495270e-04,1.441766543336983836e-03,1.131834043846625514e-03,3.946069776683041523e-04,1.456166946704315476e-03,4.522651768992715245e-04,-7.691125267797488006e-04,-3.478272078505018810e-04,1.414220640769124496e-03,-5.132824228461428618e-04,-1.567919286662809025e-03,-7.475142663354938195e-04,-8.931130428624498756e-04,-4.934016746085111984e-05,-8.220609609313970622e-04,-5.877605440306202461e-04,-7.721623735148225439e-04,1.766292228759135802e-03,2.034422077655099071e-03,2.561058352583567115e-03,3.308086909204247493e-03,2.840752892052891398e-03,4.322149800146746559e-03,3.631528091767660064e-03,4.431151611480522827e-03,4.168268997777568180e-03,5.543681826328691192e-03,5.998910854334946197e-03,7.297467854668477673e-03,-2.887821282652312956e-04,-9.785210802693792426e-04,-8.586315160536722333e-04,-5.813592186183488353e-04,-2.231771966469041097e-03,-6.816304670519560474e-04,-5.465596938351962837e-04,-1.116464118453711855e-03,-6.835621443332052984e-04,-8.731855726324832699e-04,-4.172003904107359808e-03,-5.041433493523542024e-03,-5.302698866047380298e-03,-2.166359804854463538e-03,-8.768102026970002461e-03,-3.497546963013601403e-03
-9.369852486108210671e-03,-7.086663767628941304e-03,-5.220858091588301275e-03,-2.801730471840894153e-03,5.277513461289531048e-04,-2.685031135980465652e-03,-1.727305352639378795e-03,1.987213083730195781e-03,6.899459254382101468e-03,4.018036654311902406e-03,2.586615861332678800e-03,2.457831214689453880e-03,2.658699584910349800e-03,2.506115820214885326e-03,4.095116051703988520e-03,2.228800026298137678e-03,7.369929225004895248e-04,1.422222151287730720e-03,9.833482850434098737e-04,4.523092021505137989e-04,1.616387754079553953e-03,3.584492399345787120e-04,-7.631134970633192665e-04,-2.910786366415632053e-04,1.259439996985088454e-03,-5.192056985924230726e-04,-1.642066296604370156e-03,-1.118964995252111263e-03,-5.300797283262529639e-04,2.134845907458879214e-04,-9.887186861672050617e-04,-7.752619524833058396e-04,-1.024447856536318596e-03,1.795159758797345651e-03,2.254264549749999177e-03,2.674022938988150546e-03,2.877440487513377096e-03,3.290142988101851448e-03,3.821572323953234974e-03,3.570077147963363843e-03,4.523505004529051327e-03,4.744050852642139708e-03,4.857734657740949216e-03,6.167447579858153194e-03,7.094600084653011549e-03,-2.684761263761310996e-04,-9.037314339123118543e-04,-1.540297744041025773e-03,-8.131548659363535070e-04,-1.601059402712192315e-03,-4.507998838193882723e-04,-1.315420211030977069e-03,-2.214188695089508701e-03,4.464015200755086705e-05,-2.738085879573807363e-03,-2.713708911862391156e-03,-6.218222343493336884e-03,-6.594564337722271831e-03,-4.405704760619117040e-03,-1.739164401399423410e-02
-1.057056759354806780e-02,-9.615713232171970576e-03,-7.082430401042362315e-03,-5.296148243224173963e-03,-2.697261336935468084e-03,4.213061966840428397e-04,-2.688179903051889520e-03,-1.666946961630343810e-03,1.951094233079546988e-03,6.883932484540875030e-03,3.898604276693770718e-03,2.720408142146952309e-03,2.491315429162652053e-03,2.586531066588294760e-03,2.412408637860451090e-03,4.319588643771151912e-03,1.948183346220199244e-03,8.836904219676631946e-04,1.443338189954430613e-03,1.126353401874996465e-03,1.900068350628501639e-04,1.553772398753689712e-03,5.521846823152131703e-04,-9.754455960863509835e-04,-4.120035836766619943e-04,1.405531617323981007e-03,-5.398750643481449668e-04,-1.867266863355666060e-03,-9.291066700190342507e-04,-5.849028322481730378e-04,-2.188116224096591747e-05,-7.140174619352319865e-04,-1.025257263965780128e-03,-1.110556279044874403e-03,2.019484072188871843e-03,2.018656443648423303e-03,2.795228040155299954e-03,2.774971909117312022e-03,2.763273306802986780e-03,4.711362324383017164e-03,3.267034227865501031e-03,4.318342702872137416e-03,4.607732146181602213e-03,5.722453005504250442e-03,6.388390637708582856e-03,6.643560596054274257e-03,-1.861406960525064345e-04,-1.672837374880008915e-03,-6.845390390168181642e-04,-8.399880062366391975e-04,-1.997271592565244384e-03,-1.578003852920035945e-03,-3.691842854618317929e-04,-2.452878035773309578e-03,-1.161084122448945242e-03,3.517435782227352190e-04,-6.184977416580323545e-03,-6.161735190755222163e-03,-6.434699153493025903e-03,-4.614166712961872974e-02
-9.927368849587640473e-03,-1.079859787527886160e-02,-9.752978220175427190e-03,-7.026060746748223791e-03,-5.368430290431079784e-03,-2.841232510981664492e-03,6.883882916583436993e-04,-2.809014945000251097e-03,-1.721455171387164650e-03,2.072974800815623447e-03,6.713416783753126463e-03,4.017662645554226364e-03,2.565024346288346472e-03,2.504635924734936042e-03,2.503932726651228284e-03,2.340679549206293314e-03,4.327681957218968908e-03,2.072002282113316086e-03,7.648572975297513506e-04,1.346572016933037094e-03,1.264130155600002962e-03,3.862224117416637975e-04,1.349889392354539216e-03,3.461525021626964778e-04,-6.874816305791257940e-04,-4.122372032180955941e-04,1.289857153836141248e-03,-5.051240555328296612e-04,-1.793094477113714707e-03,-1.188011608629746529e-03,-6.581820220982247203e-04,1.550891003896499810e-04,-1.052170949064478323e-03,-1.257994616933152477e-03,-6.309018346992600239e-04,1.563653964239828309e-03,2.203001429629510791e-03,2.869593491950879482e-03,3.024662921860703235e-03,3.045053374806342035e-03,3.924517936891963946e-03,3.943618237298633297e-03,4.142336328232668410e-03,5.101737249968265990e-03,4.798282328782152613e-03,6.648443099797940285e-03,7.071931559412956980e-03,-9.936707364757624197e-04,-1.624211620930447004e-03,-1.095613190844775368e-03,-4.850218054788482560e-04,-2.157369160080181009e-03,-1.429735628932019215e-03,-1.669309962639120874e-03,-1.156416481323133431e-03,-4.883002926059842527e-04,-1.144074194597626990e-03,-7.050507719657189871e-03,-5.583580228752109582e-03,-7.320226972297000714e-03
-1.059205595265414954e-02,-1.010964353310495924e-02,-1.085174264636449594e-02,-9.705066144118005764e-03,-7.195489736370339930e-03,-5.348012088711494826e-03,-2.893713602925588810e-03,5.281059451733821197e-04,-2.710997096561061376e-03,-1.726073007458579604e-03,1.995185647301770792e-03,6.657772389441758525e-03,3.906623805156395242e-03,2.733227054432769889e-03,2.409722584849541185e-03,2.633095992964783541e-03,2.449387097792308024e-03,4.121068294664560414e-03,2.095643013584423849e-03,6.849695031955793960e-04,1.499208779187298154e-03,9.362871607835810588e-04,3.645857264604030704e-04,1.499606566618449975e-03,2.662412946899298622e-04,-7.013455962204156232e-04,-4.396226481236957984e-04,1.239553893303765603e-03,-6.608316929186061357e-04,-1.704924851990309922e-03,-6.712691648731256228e-04,-1.068875453427635663e-03,-1.644211444328380481e-04,-9.192742055972541546e-04,-8.225360269967684412e-04,-1.309300971485307784e-03,1.956603591732111562e-03,2.440361570629723861e-03,2.248036697263766821e-03,2.801101176203308740e-03,3.239488074631066087e-03,4.299499612933313508e-03,3.776645783354436788e-03,4.560734546880938420e-03,3.783353837612953973e-03,5.685072167102958422e-03,7.190044471132076530e-03,7.562285385255207264e-03,-1.778203932054871770e-03,-2.386047604151836712e-03,1.337401750714073260e-04,-3.543364135338802900e-03,-1.021394865909937191e-03,-1.069659859181885508e-03,-1.663482666786782454e-03,-2.178022653304116478e-03,3.815231289423189390e-04,-2.046913450737189357e-03,-7.194486267990476101e-03,-4.795128675024160764e-02
-8.672845695935169075e-03,-1.057638665826216365e-02,-1.022460678321124306e-02,-1.095027062437332020e-02,-9.868347432378141507e-03,-7.315306281799114144e-03,-5.397542527463683806e-03,-2.764208523642962961e-03,5.072655843090043007e-04,-2.827110684462335634e-03,-1.693236484342057870e-03,2.022008760757536879e-03,6.638197843107106026e-03,3.941409493772707502e-03,2.651570804115950270e-03,2.460622785809594027e-03,2.514016557315000566e-03,2.315200610122468937e-03,4.300834152360078454e-03,1.686085182930997317e-03,9.991049153571793847e-04,1.466256280025882890e-03,7.856294855232763509e-04,3.136888440056728690e-04,1.570746570442028934e-03,4.203886253446375643e-04,-1.045561200491919480e-03,-5.520220608537853299e-04,1.413386585480776690e-03,-9.008375044648785426e-04,-1.601404756301284902e-03,-1.276457153091193958e-03,-5.108549067727128365e-04,-3.692548615007298159e-04,-1.295503800071705000e-03,-1.148084392898708096e-03,-1.366614441201065636e-03,2.124788843984982013e-03,1.832300312440198744e-03,1.873919935960993753e-03,2.717987465925990331e-03,3.062004942825150532e-03,3.969079049739254739e-03,3.873805177084504742e-03,3.952513220705041429e-03,4.349604552281199910e-03,4.832196552087097800e-03,7.116110734601477014e-03,7.098052176179484724e-03,-3.031053746316049458e-03,-1.420534337705030813e-03,-2.183840605992814782e-03,-1.043102461406701003e-03,-3.431171568837158587e-03,-1.989198699503311304e-04,1.052300770032436460e-04,-2.785050471518299518e-03,2.188608889175821387e-03,-1.054329791148086396e-03,-1.354319906565852084e-02
-1.047013649905724486e-02,-8.605345934650216952e-03,-1.079480159823209030e-02,-1.025734090156033701e-02,-1.112836613909780337e-02,-9.972153294793121431e-03,-7.339289751756105859e-03,-5.377436112954750783e-03,-2.904593606118549901e-03,5.347920940945428926e-04,-2.809029619666869246e-03,-1.755269250924154341e-03,1.988818239139438556e-03,6.664713907462538334e-03,3.961134571288819038e-03,2.633619501217870831e-03,2.307682369035018825e-03,2.662105649997709416e-03,2.393962879077964415e-03,4.093801411259813741e-03,1.904108005322637139e-03,8.109708058227423511e-04,1.363338108633234966e-03,1.037103895440137777e-03,1.589110653305009886e-04,1.708200904358997624e-03,2.896612605823610043e-04,-1.075851923049971374e-03,-3.460198979639607657e-04,1.435432702883165674e-03,-1.114089516005063079e-03,-1.606883128441194452e-03,-1.155769812976212459e-03,-9.686899495612133048e-04,-4.380319986216747946e-04,-6.236915940214539898e-04,-1.008475740710829691e-03,-1.203999073504529805e-03,1.765030502940946383e-03,2.315250588482549183e-03,2.079593520444527558e-03,2.873942088231403510e-03,3.740709545545809964e-03,3.660234708451120308e-03,4.798816742905723069e-03,3.815055396956557824e-03,4.917833433628585223e-03,5.563025897455044395e-03,7.126203922167229955e-03,7.937244515377051349e-03,-2.184695669398289790e-03,-2.510114731447732166e-03,1.176591938140621364e-04,-4.144682166105807287e-03,-2.678823116898158569e-03,-1.596045718041990379e-03,-1.689896451707114397e-03,-1.824979976455370564e-03,-3.210481189079630697e-03,-7.953542750317930954e-02
-4.204688875997703024e-03,-8.204016021424244062e-03,-6.869861083822021916e-03,-8.342798300793220420e-03,-7.527024413921291554e-03,-8.314523390970711414e-03,-7.217186239777493434e-03,-5.236075847323854934e-03,-3.455178148506060469e-03,-1.658633356171304108e-03,4.097217120230174127e-04,-2.103087958773586143e-03,-1.095387060356690749e-03,2.055382850871683136e-03,5.017609714452326425e-03,3.406354095640073010e-03,2.343427466376615202e-03,2.361980111807726775e-03,2.356404404205301485e-03,2.319371069460863469e-03,3.114628433591655563e-03,1.926121969360274381e-03,8.436852710169789838e-04,1.516710295585403266e-03,1.042355706446002409e-03,4.286783849764334809e-04,1.497033983418609177e-03,4.074596175478484598e-04,-4.001155615873870403e-04,-3.815749719605842722e-05,1.232179250942772551e-03,-5.564794809023117022e-04,-8.426186205115025881e-04,-7.830405561607650493e-04,-1.311786122236288589e-04,4.782961653223768305e-05,-3.733115969819880177e-04,-8.716784613615433412e-04,-6.196601869724832450e-04,1.317801878879195504e-03,1.284341465585059697e-03,1.256459582104456785e-03,1.350618770923415861e-03,1.853188708765778460e-03,2.809132091705416473e-03,2.484099895292625221e-03,2.175847825941796577e-03,2.568719430916110644e-03,3.142756706794642366e-03,4.244777236918214139e-03,4.787805431348549773e-03,-4.058653900358431647e-03,-2.519465507533989474e-03,-1.295964388822162328e-03,-1.485702101609568402e-03,-4.558893105028792581e-03,-2.219062066778851490e-03,-3.595622870922677867e-03,-1.125267974166230429e-03,-2.427339229799720111e-02
-4.197788605456522631e-03,-4.854650129357222267e-03,1.685692169205129862e-03,3.023433674169182894e-04,3.488123468998731436e-03,4.779760526295416187e-03,4.119503727217931760e-03,4.843323093470530867e-03,4.769909490817933299e-03,5.025346609972055484e-03,3.250524283985787438e-03,8.641577703804797866e-05,8.307094521045571382e-04,2.488587781219317105e-03,1.998761910666778472e-03,-1.633819473286174037e-03,7.239519490394941484e-04,1.935187355661063422e-03,2.040059700901941404e-03,1.651706720900498766e-03,1.580947575480195046e-03,-7.133659265080656738e-04,1.212646432785000061e-03,1.611530718228520618e-03,1.563284746555651354e-03,1.907473217817685571e-03,1.396645910283030338e-03,4.242563522374159096e-04,1.564186131903774974e-03,2.493096255900772128e-03,1.551357429651330959e-03,5.858148172093169664e-04,1.132987577102319071e-03,2.388552428135355676e-03,2.029378720415007248e-03,2.381357849305837208e-03,2.181516917700268739e-03,1.763490288633101080e-03,1.589933435117830843e-03,1.210818477747047876e-03,-1.677162090436948999e-03,-1.787752800373820696e-03,-3.073671109056427559e-03,-4.892415403401968732e-03,-3.853689285610169615e-03,-6.158439356973211334e-03,-6.111196530493420188e-03,-6.740296991284253254e-03,-6.841702042827791513e-03,-6.951538475536487953e-03,-1.055136891021872872e-02,-1.296179833868987656e-02,-6.426121592536629054e-03,-1.660508222405819448e-03,-1.913666162502576347e-03,-3.473652328399509225e-03,-6.778683003965790127e-03,-3.987950470045431052e-03,-3.368460617581886443e-03,-7.899567121249057369e-03
6.858974619011848177e-04,-4.110494185982499493e-03,-5.059141573626563422e-03,1.736184892270878268e-03,2.784297871428218028e-04,3.425789366485982018e-03,4.870486492297527656e-03,4.066466770133056637e-03,4.789343613760068535e-03,4.730924413066224521e-03,4.986012106874710206e-03,3.429816178939008170e-03,-4.238738166261529560e-05,9.381010045156155247e-04,2.226165286849704581e-03,2.103330894920390440e-03,-1.633781339716087458e-03,6.786414003955040884e-04,1.905030434869681329e-03,2.014657067953198183e-03,1.780967666300873470e-03,1.549936220745799049e-03,-8.228932283840435531e-04,1.105493625043587778e-03,1.680612194941473502e-03,1.465161310684936309e-03,1.982292257259501110e-03,1.394054012718355705e-03,5.234233037298065706e-04,1.731958088498520816e-03,1.992958737169775712e-03,1.849698150640668223e-03,2.686294873573471251e-04,1.200835075538452153e-03,2.473493818418460392e-03,2.159612894067352261e-03,2.409349947234662968e-03,1.740338857164894096e-03,1.926355564987717673e-03,1.900507347856875747e-03,9.416380913350323777e-04,-1.717860378613499583e-03,-2.483571950392384972e-03,-2.463276703679659601e-03,-4.868251183523285633e-03,-5.373771094405969430e-03,-5.398901949398216514e-03,-6.842337232307720354e-03,-7.534813298323900753e-03,-7.190446690302290667e-03,-7.489318980445529468e-03,-1.122495655520438541e-02,-1.424374692477010235e-02,-6.230813266104189875e-03,-2.484627747078071817e-03,-2.535724875522626237e-03,-4.474798417812463763e-03,-4.307355119144137823e-03,-7.249286800381995674e-03,-2.702717827933041016e-03
7.188364382297346596e-04,7.118980662844006909e-04,-4.124984268928330935e-03,-4.923959785146208787e-03,1.557765643866919000e-03,3.109988361159894796e-04,3.393080214776836214e-03,4.842756341955298423e-03,4.114576445075737547e-03,4.804493846268179623e-03,4.662497061560989635e-03,4.964269985768496665e-03,3.247743618871425878e-03,-3.563654426483470747e-05,8.679142354449201910e-04,2.412776851057729655e-03,2.058612396976909707e-03,-1.639330437316947019e-03,6.742343271448374880e-04,1.814100039224827727e-03,2.101749667544123255e-03,1.643581493287033912e-03,1.451923437470650780e-03,-8.872090796559669581e-04,1.239786428480851594e-03,1.598243551173407105e-03,1.238237355032747013e-03,2.111181722623285597e-03,1.518936034532306512e-03,3.760262906399424593e-04,1.562834661496042329e-03,2.148567816030110770e-03,1.854693903194133122e-03,7.989829680362020421e-06,1.544934073133258758e-03,2.462693912752263268e-03,2.075399238149671331e-03,1.915634967972959860e-03,2.229274473597431944e-03,1.630966236398242531e-03,1.425556348204603738e-03,1.624695455170724898e-03,-1.777031857592299788e-03,-2.808153333187710359e-03,-3.511096296082724319e-03,-5.187251018518813581e-03,-4.248353557069835425e-03,-6.578162746860740165e-03,-6.820792698053738945e-03,-7.541166006935037802e-03,-7.860867900456631682e-03,-8.923698474159266411e-03,-1.176486876377341381e-02,-1.406204944406821457e-02,-8.373233230060663987e-03,-2.522071913736768835e-03,-2.407772137165317596e-03,-2.097437457086820823e-03,-7.171077074511221505e-03,-1.480643571536666495e-02
-6.407363208298495977e-04,8.293803891975600352e-04,7.084489710420577204e-04,-4.146631645631436783e-03,-4.959599488664807702e-03,1.662288681568152874e-03,3.315574760510516710e-04,3.323058230496063470e-03,4.796507718855693922e-03,3.996126900815339007e-03,4.848861660166183321e-03,4.664231586419383124e-03,4.998025014995081255e-03,3.321855369264807394e-03,-1.469549451765600413e-04,8.729782583884583645e-04,2.297584206117107841e-03,2.058779296453232786e-03,-1.648183279740320214e-03,7.676256897139664649e-04,1.724960279352198266e-03,2.093266493575679770e-03,1.574902527867594456e-03,1.425932026498618601e-03,-7.642062903613359081e-04,1.238504868929909226e-03,1.482252491554157496e-03,1.476312693020334068e-03,1.855567989404601024e-03,1.478292494129772447e-03,2.378059401908763832e-04,1.626668296189448569e-03,2.146031988168282511e-03,1.884458711135829790e-03,4.540085563263239916e-05,1.213415576409764343e-03,2.305961149610437789e-03,2.532016595985695038e-03,2.029939996030627903e-03,2.074798670776764956e-03,1.917584875149071222e-03,1.157614365049071652e-03,1.567998752529615797e-03,-2.414766053915482370e-03,-2.648006868611547764e-03,-3.536403151917603092e-03,-5.633923411498906880e-03,-4.800926291296660903e-03,-7.014329627705158388e-03,-7.068835246820211714e-03,-8.344856184560392465e-03,-7.598699671595973704e-03,-9.801917774461176014e-03,-1.287486121527449921e-02,-1.639355151437602715e-02,-7.200904376558655076e-03,-4.159098868775732739e-03,-2.050777221084331987e-03,-6.280433440725495357e-03,-3.179051417231962967e-02
-1.867047785358558936e-03,-6.778422852105723964e-04,9.539813578833217320e-04,6.299457926994034328e-04,-4.129573833858024394e-03,-4.987438130076018820e-03,1.620174377583807369e-03,3.239745943944853852e-04,3.386839752503192132e-03,4.601380135388667691e-03,4.090002511925966595e-03,4.868254435566442100e-03,4.565292316557258145e-03,4.861612993240064379e-03,3.384695339640555762e-03,-3.069749580152894997e-05,8.494460895550007967e-04,2.333513369573320031e-03,1.879229020565914912e-03,-1.730709748382731417e-03,8.433824920494431250e-04,1.641174973102259814e-03,2.179964924083008845e-03,1.441410734949178079e-03,1.756012062385228214e-03,-1.204644396375671809e-03,1.280254645443814265e-03,1.597740463524220797e-03,1.317899323667125634e-03,1.763257678735637417e-03,1.391782233488732083e-03,2.561211285505798994e-04,1.700129752716485155e-03,2.098316145773763096e-03,1.878806232698084768e-03,-2.307356392795853830e-04,1.468048014784715128e-03,3.033441137914588172e-03,1.799029495255607958e-03,1.921242946875909800e-03,2.020895372242076989e-03,2.123057016490243008e-03,1.002124589522084431e-03,1.387157979438658406e-03,-2.553301082503316253e-03,-2.696618877253855514e-03,-3.288633943293997608e-03,-5.881316124869463875e-03,-5.717086596227738751e-03,-7.347863375237776232e-03,-7.716264494391516029e-03,-9.496075416880642509e-03,-8.561227591269777309e-03,-9.072200639738885880e-03,-1.549442274751615042e-02,-1.599309083230211065e-02,-9.126128953388854687e-03,-9.011335910766731004e-04,-6.278688658982720106e-03,3.122879581058398205e-02
-2.593596543494345978e-03,-1.721907065320410707e-03,-7.883837179256752113e-04,9.342684002007141820e-04,7.204700351396617613e-04,-4.153681843988885937e-03,-5.089912301380283832e-03,1.614826241918051325e-03,3.081607839926651981e-04,3.317155038997002259e-03,4.743701901674605981e-03,4.114501366299318577e-03,4.701372070958003031e-03,4.564449694893164648e-03,4.914277203157887963e-03,3.180602204569056395e-03,-4.374716042830132626e-05,9.361867434170228043e-04,2.409411054982017394e-03,1.978022005951489588e-03,-1.975766602536502790e-03,7.480330296534969418e-04,1.806131946524588191e-03,2.034109927717320156e-03,1.475294317871508236e-03,1.741940798926581557e-03,-1.157199049177778634e-03,1.187889334721552691e-03,1.412524603507442876e-03,1.401413686528859377e-03,1.950442667426281924e-03,1.203284200892184609e-03,4.812806857254148187e-04,1.220404607511490352e-03,2.433937359325467984e-03,1.257914852061883023e-03,3.366652267893820768e-04,1.226041264369192750e-03,2.789031943735995576e-03,2.046255689104921425e-03,1.457482843281702675e-03,2.298563267107635050e-03,1.855375767271727526e-03,1.385222196014629847e-03,1.276003120424299385e-03,-2.321209061635947073e-03,-3.222374072346255360e-03,-4.022466056517591537e-03,-6.782508890191257106e-03,-5.633611914935231918e-03,-6.892438146791884067e-03,-8.028029411420820050e-03,-9.663664377273764941e-03,-1.057282321871100272e-02,-1.019926728173010597e-02,-1.690183834846429103e-02,-1.789267123208521451e-02,-9.565446194533871668e-03,-1.158189080861384652e-03,2.413878244533101611e-02
-2.852723922184519003e-03,-2.631969480583346184e-03,-1.822749280537904783e-03,-6.043592673722650126e-04,7.802888942556841182e-04,7.101789512728277649e-04,-4.224309707435077409e-03,-5.057013093194336756e-03,1.647674631705981158e-03,2.707332120844295519e-04,3.349575519391022414e-03,4.751218580918725211e-03,4.007012267165486682e-03,4.607808690637937160e-03,4.658468974129375932e-03,4.826471348091356667e-03,3.266900757408703563e-03,-3.262550729735836367e-05,8.904746344469271092e-04,2.272585152252241773e-03,1.926235064935502388e-03,-1.707800561412892290e-03,8.407484185737833758e-04,1.613415341962053063e-03,2.101910510834310852e-03,1.524936662998968399e-03,1.502137845124206254e-03,-1.100008005889237207e-03,1.254958253518428284e-03,1.497509652715219280e-03,1.507159756101389934e-03,1.877871388980197802e-03,1.396266152066432970e-03,9.787299919579026326e-05,1.482679547053948350e-03,2.446553199962223611e-03,1.694838384606878407e-03,-4.127454733115041864e-05,1.048234708997140829e-03,2.190123801911168962e-03,2.170517963867801391e-03,2.869093995494692399e-03,1.477867474225612017e-03,2.498638053224799642e-03,1.340654585265675701e-03,1.318194880138608008e-03,-2.048602954801005249e-03,-3.518186850024888120e-03,-4.368788610412339783e-03,-6.546586774961135266e-03,-5.816817351943405143e-03,-7.892173721978444634e-03,-8.684142102503287705e-03,-1.051393117509696364e-02,-9.047245712787845007e-03,-1.326896647244895852e-02,-1.588349207724637502e-02,-2.165187764154040059e-02,-9.001575821769369073e-03,-7.160210804696448984e-04
-3.198507827910218853e-03,-2.835137520968607390e-03,-2.649006517024682372e-03,-1.755606058439515430e-03,-6.373649364697835194e-04,7.559262165169184072e-04,7.520821911667907849e-04,-4.240502897817357078e-03,-5.107637693096081337e-03,1.574276241945715953e-03,3.817013314983446945e-04,3.329657853216721423e-03,4.632692044928250243e-03,3.984411761040001186e-03,4.673408464562460972e-03,4.505312687879055832e-03,5.036689977142128072e-03,3.185605485335335930e-03,-6.154739900042263917e-05,9.469007265392795619e-04,2.133392601822639047e-03,2.127221878656156834e-03,-1.859961083652363935e-03,7.394058022980374125e-04,1.586873281876120248e-03,2.139332276985989132e-03,1.628210577154236022e-03,1.468908380603177336e-03,-1.272380307395968961e-03,1.183325607313416399e-03,1.629784403979531258e-03,1.361865029931191070e-03,2.059160998705208360e-03,1.135810552873558251e-03,2.112396147403356502e-04,1.782047574048799092e-03,1.993919125828396994e-03,1.740162251273516276e-03,8.962605231159060488e-05,7.395295648308046867e-04,2.604045227364409562e-03,1.859264568057526160e-03,2.604348691630529577e-03,2.184055569052149003e-03,1.764557167538772500e-03,1.841407483986197890e-03,5.502471077934192835e-04,-2.093472907970229686e-03,-2.807254550109785762e-03,-4.715394868691501033e-03,-6.810958263647768317e-03,-7.244775747447052341e-03,-8.558240309089078929e-03,-8.595081050761220823e-03,-1.120026975583635412e-02,-1.151173095619212328e-02,-1.203026508260449795e-02,-1.813786768220622056e-02,-2.511376230340527441e-02,-1.360775840644838945e-03
6.517746396338126857e-03,7.184418273010004068e-03,8.125211714145614411e-03,7.731427051741490350e-03,8.683721892877221959e-03,8.245188330572111868e-03,9.737953303417475753e-03,9.671975028665602200e-03,4.147171630105561321e-03,3.302108562119638376e-03,9.038355080168380268e-03,7.771077795112765925e-03,1.021573100307996557e-02,1.116010132770659663e-02,1.024149598644853720e-02,1.021826891907220980e-02,9.530857856481436338e-03,1.019537034294696123e-02,8.112777113989541600e-03,5.033740208702067002e-03,5.724279298643547911e-03,7.306834698710166880e-03,6.505732396481493651e-03,2.543915411000450145e-03,5.062525018237273682e-03,5.824163637227768205e-03,5.889166465750014443e-03,6.171526952170845737e-03,4.756479150941960408e-03,2.302610460843667120e-03,4.301111955514443433e-03,3.698969844133678190e-03,3.850767070921373107e-03,4.463082864371462587e-03,3.153310493517317171e-03,1.860987769153645650e-03,2.455998810126382246e-03,3.388801464561549265e-03,2.583124972886601586e-03,-2.270838788968468694e-05,9.236816516487451455e-04,1.025124497174227873e-03,5.623359791815169722e-04,3.858708991870254197e-04,-1.979136895576459555e-04,-2.900488521717246772e-04,-6.984831046080329162e-04,-1.934060649636629462e-03,-6.101014649562145481e-03,-5.558549843169421738e-03,-7.889940471225268676e-03,-1.050616935741334641e-02,-9.839512398647337274e-03,-1.268812203359729641e-02,-1.391232905312176672e-02,-1.666493273852233392e-02,-1.627663034265488043e-02,-1.886952865862853712e-02,-2.492252313924162369e-02,-4.175569471606783989e-02
-9.790892052137246601e-03,6.707223189572879968e-03,3.969809434020639231e-03,1.958751385493168878e-02,3.624128303621521920e-03,3.240140974506042128e-03,1.914484025606817685e-02,3.305223848724921868e-03,9.730506591021525001e-03,-6.382972866408077872e-03,1.217474671096047643e-02,3.292009167502345690e-04,1.759390897877741514e-02,8.078032017023249745e-03,3.718624976235313656e-02,-2.692102869953842681e-02,7.443176599865073762e-04,1.102803835247060001e-02,1.519652911591140576e-02,-2.075301257486295708e-02,1.645299973026442472e-02,6.337561204540491551e-03,4.585624376920123535e-03,1.004799066711337639e-02,-6.312787114440925745e-03,1.246329249103936970e-02,-7.990259558770594454e-04,1.194747204363677713e-02,1.306638027934909642e-04,-4.499370611752210453e-03,2.122828743567528945e-02,-8.669656648781155078e-03,5.097531058235869883e-03,1.073821342969828382e-02,-8.829353898262220319e-04,7.687900420698449283e-03,-4.358391880626906988e-03,1.128425305931752762e-02,-2.134214684660862976e-02,1.939527161382419845e-02,-1.019202268269421736e-02,1.168798766319679473e-02,-1.784251323415667750e-02,-1.890209291611369413e-02,-1.050129807821849857e-02,1.113874633743236128e-02,4.524048605313565896e-03,-1.088696179565488628e-02,1.854409928857980033e-02,-2.455223778799225584e-02,1.399883902559302847e-02,-2.954946701638085788e-02,1.083359741891650949e-02,-2.819464095074340065e-02,-9.236664553210609599e-03,-1.801723246830575983e-02,-1.232216629093596701e-02,-3.392950047542248049e-02,1.481673984376705340e-03,-3.635392818697524842e-02
-2.203713526783036402e-03,-3.039840486472183967e-03,-2.433928338638749987e-03,-2.222618337977974590e-03,-1.973112455409391144e-03,-2.107829400556916928e-03,-1.385915448049247593e-03,-9.548011861890767652e-04,-1.447768692973010023e-03,-9.664285636904532259e-04,-1.448714942905830055e-03,-1.350756434950195917e-03,-1.550696492429383139e-03,-1.549629208650129576e-03,-1.589078021261282727e-03,-2.134040404768158036e-03,-1.254623849194396075e-03,-1.420931444341806031e-03,-1.579423596360075410e-03,-1.316504701467032488e-03,-1.399603586192630809e-03,-1.495730732331269864e-03,-1.585555825675937554e-03,-1.008811538066886051e-03,-1.154977472615341784e-03,-1.740214319909448885e-03,-1.124484400564249118e-03,-9.510057454837457991e-04,-1.041746853544519647e-03,-1.131089484223752944e-03,-6.792828075125433972e-04,-8.120242799749786966e-04,-1.211247317541139581e-03,-7.801597223656451608e-04,-8.060343156950098079e-04,-2.189445556753438858e-03,-7.018279751711827648e-04,-7.867536396175601500e-04,-1.049929405195182104e-03,-7.571104477612597850e-04,-1.053310999705749183e-03,-1.423034388167034861e-03,-2.031750368385491518e-03,-2.034910374272590368e-03,-3.201800360111048925e-03,-1.972348288333352923e-03,-1.928367467515461082e-03,-2.200491110165895669e-03,-2.830912415825758907e-03,-2.145249834268777005e-03,-2.619168312334584255e-03,-2.288646094050427252e-03,-3.908273093946457687e-03,-4.002760520771403603e-03,-4.148075570683135496e-03,-4.296753574432286837e-03,-4.729670616745021428e-03,-5.682118153235187451e-03,-6.585807896752558441e-03,-9.727792648062588698e-03
-2.017334851022841141e-03,-2.453549528831567260e-03,-3.018041218387555388e-03,-2.409859364631583480e-03,-2.155871694051214680e-03,-1.801447937539539567e-03,-1.815448113327065936e-03,-1.016320683737862579e-03,-8.165568294945289114e-04,-9.664034671100210291e-04,-6.477635262712756747e-04,-1.041678238401941726e-03,-9.894687897530067729e-04,-1.220448259733321284e-03,-1.185379325461629078e-03,-1.228674218488975088e-03,-1.576774199763918268e-03,-9.168667795688777806e-04,-1.098234034250522790e-03,-1.340299664116566519e-03,-7.367044287836601885e-04,-1.336744803844314633e-03,-1.129256520973706589e-03,-6.523189515343460381e-04,-9.128525947571827608e-04,-1.060253893598512610e-03,-1.388430994568937800e-03,-1.024431186625143850e-03,-6.289888318743355050e-04,-9.318825352135942349e-04,-3.550082631922949167e-04,-7.038563085024066631e-04,-5.385692913255084487e-04,-1.108848440220405870e-03,-5.111658933578849037e-04,-7.052443477585052054e-04,-1.462145920381964200e-03,-2.430054658432719656e-04,-1.035767812896640130e-03,-1.274778447129954601e-04,-8.325791855203541368e-04,-9.982587644580803027e-04,-7.606979890985659208e-04,-1.745860243941721327e-03,-1.895859541379765626e-03,-2.221754850147407163e-03,-1.931643255418000801e-03,-1.367094543995719686e-03,-2.206265338912776104e-03,-1.592447291584560406e-03,-2.257748908961740471e-03,-2.490878172878237956e-03,-2.887745489449519698e-03,-2.306385022346249623e-03,-4.671530804653654598e-03,-3.710704105960376323e-03,-4.726405827401354391e-03,-4.205540546887411024e-03,-5.412183783319194329e-03,-1.115911473276582147e-02
-2.751805480054832654e-03,-2.176057355360154835e-03,-2.489238162212878934e-03,-3.041307809398224697e-03,-2.276890477156345415e-03,-1.933594116632712020e-03,-1.419913287912729326e-03,-1.574531741011498363e-03,-7.318284027029019635e-04,-4.145979587533362180e-04,-6.858580310321029045e-04,-4.075407644869352003e-04,-8.001693291079286152e-04,-5.277657190561400695e-04,-1.042433014902467876e-03,-9.178674461490303168e-04,-8.732687187186471663e-04,-1.272406939621223291e-03,-6.055038188272261496e-04,-7.797480893917979215e-04,-1.077369512180860120e-03,-7.613288367790921156e-04,-5.884830207789929976e-04,-7.368817793473396958e-04,-6.549007248661192033e-04,-8.149566237059521550e-04,-8.765460877142044636e-04,-1.145729201691836254e-03,-6.400784517188235672e-04,-4.184934675196858131e-04,-5.798333827920286281e-04,-3.332845200740947272e-04,-5.805070496386756200e-04,-6.456560344923349725e-04,-5.233807227030040426e-04,-5.585162948189765272e-04,-4.697830156440475653e-04,-1.066706436138237669e-03,-2.555235798210880741e-04,-6.428986832539603912e-04,-3.838244111067765541e-04,-2.809403088269522689e-04,-4.364990691634715769e-04,-1.136398847528683571e-03,-1.591867924736172684e-03,-1.323303165776095174e-03,-2.259609500944470030e-03,-2.185125363670915432e-03,-1.121597032553320501e-03,-1.868016563412875069e-03,-1.556080656147648417e-03,-2.975116467646835190e-03,-2.518431304139273456e-03,-2.210398169667971216e-03,-3.621655338699791404e-03,-3.797255919647853778e-03,-3.936832522290048368e-03,-3.805553192639637462e-03,-3.570760571762747904e-03,-1.437711064252510974e-02
-1.753807764904897039e-03,-2.766577263465177725e-03,-2.257699135679296955e-03,-2.319075502164271406e-03,-2.903187434859722665e-03,-2.014851237493469564e-03,-1.592930991719923627e-03,-1.133942598377066192e-03,-1.094024222924320361e-03,-5.393990792844486661e-04,-1.140719680189472129e-04,-3.688027803038920272e-04,-1.838417768687480055e-04,-4.930985964998604388e-04,-4.849635869860190207e-04,-5.261019371633782150e-04,-6.204235726549222263e-04,-7.565714341719912642e-04,-8.758406550438752785e-04,-3.106965629606979235e-04,-4.043072506457685887e-04,-1.000712087963749955e-03,-4.417662320947093489e-04,-3.030036565550723389e-04,-4.931314636808986412e-04,-4.643529141148206377e-04,-7.909612413014595724e-04,-6.766102210447900176e-04,-5.722414605732471012e-04,-5.508561618314480489e-04,-5.914000686592607407e-04,-2.746183320151004362e-04,-5.948301351539400368e-05,-2.587857998731226891e-04,-4.519953450195237591e-04,-4.312420619585155502e-04,-4.809763873607606930e-04,-3.029263771915886925e-04,-7.322842096316285005e-04,-4.840607380008225325e-04,-2.288145202372212305e-04,8.226648897608941093e-05,-2.316535573890604301e-04,-3.220775436944268142e-04,-3.256307433428757897e-04,-1.890809120521293055e-03,-1.678395796375639539e-03,-1.537525448428134992e-03,-1.660437545473680398e-03,-1.589597705826959482e-03,-2.180191430086969671e-03,-1.705152763005107807e-03,-1.866502155598169467e-03,-3.948472991589933173e-03,-3.377708406185434345e-03,-3.107431243012562672e-03,-4.326399822498412130e-03,-3.848929410825620550e-03,-6.138805356118579720e-03,-8.145979436464350146e-03
-1.518672801653030624e-03,-1.709625043083783059e-03,-2.742575334069426336e-03,-1.933815146533994110e-03,-2.272750418015687199e-03,-2.457389440358879931e-03,-1.692977744497269846e-03,-1.131843801231655240e-03,-9.037443730550927300e-04,-8.417510175144433037e-04,-1.873406210048595474e-04,4.751056415185117462e-05,-9.924559896595943438e-05,1.290294354663625010e-04,-3.182673063594615697e-04,-1.379367679920186554e-04,-5.236759686552712586e-04,-4.013152507552737659e-04,-3.883905207500718210e-04,-5.194709474853926191e-04,-1.692786313304495355e-04,-3.253342256821560542e-04,-5.897999008650498844e-04,-3.745038853145080934e-05,-2.790835900227423721e-04,-2.917077380080639395e-04,-2.301792010325437270e-04,-4.265934359918366683e-04,-4.997868208198340875e-04,-5.946015594263308291e-04,-1.529481148392197851e-04,-2.056928580210632654e-04,2.767954318205044251e-05,5.955402869805560931e-05,-3.238872049232242476e-04,-1.846183108587566232e-04,-1.339912925755923053e-04,-9.279980748647895803e-05,-1.132775906233465015e-04,-7.746095990026481519e-04,-6.823649197702285685e-05,5.447667631169467173e-04,-1.589079116791785901e-04,3.746634938810195371e-04,-4.531096842600936697e-04,8.259505966214301487e-05,-1.631543342353244767e-03,-1.017302219956419708e-03,-1.514681546079490798e-03,-1.220189507742154740e-03,-1.085076438736917379e-03,-1.889170149938619375e-03,-1.906421261615259778e-03,-2.299209427861317965e-03,-1.313835525230654935e-03,-3.357229331361775895e-03,-3.124423752098857456e-03,-4.830944985269623911e-03,-4.176653951164750918e-03,-5.807576845946852556e-03
-1.168723310491130837e-03,-1.525329632199878783e-03,-1.515672082476347826e-03,-2.438397242943717794e-03,-1.774551553226401618e-03,-1.896773876458796634e-03,-1.981378801912959866e-03,-1.251645322377293928e-03,-7.615126813416653751e-04,-5.064678383217255430e-04,-4.532246119587108745e-04,-1.173030534648333210e-04,3.799163647373948001e-04,-1.384667757105019515e-05,3.515176216734046248e-04,-3.798998026418302947e-05,6.983703226911384281e-05,-2.948777670787840395e-04,-2.505046315733600428e-04,-1.731720044066751673e-04,-3.678641633677266548e-04,2.148674250683695421e-04,-6.606308734522185614e-05,-2.490342929846109388e-04,9.010436276256144497e-06,-6.466434378623524097e-05,-2.386451636604599159e-04,-3.149896486875341920e-04,-4.934858364977866968e-05,-3.484879359184431410e-04,-4.175279214901085590e-04,-9.239262807502232166e-05,-3.514823908012849184e-06,1.595631370924647101e-05,8.665284636300384763e-05,7.393348346062328586e-05,6.555891411950314027e-05,-1.202625263413273696e-04,-7.110138532543643032e-05,1.901081113432953997e-05,-5.438401642405741275e-04,4.488493442606447019e-04,3.208613796933185375e-04,4.470256871995960390e-04,3.557824845433878516e-04,-1.810962158494409436e-04,-1.946663853133521300e-04,-1.141381673057754401e-03,-1.256967312541955751e-03,-1.783534241119951727e-03,-9.229877043744081971e-04,-1.358530269838163470e-03,-1.483746848130709306e-03,-1.557741050978968733e-03,-2.218076669056358741e-03,-2.691692217709163934e-03,-3.724408054999173417e-03,-3.730288741285623603e-03,-2.735790142475312461e-03,-5.758000225343460135e-03
-8.035185456046911199e-04,-9.231643680806073072e-04,-1.096899280665751628e-03,-1.142644010279023027e-03,-2.127855743875373302e-03,-1.297237079469576665e-03,-1.323355124049749223e-03,-1.471722579284989729e-03,-7.764012311311401827e-04,-4.469175568558174968e-04,-2.852291694548127741e-04,-2.410468023748994757e-05,7.223199209413550166e-05,4.803288229455181268e-04,3.014087099584965854e-04,4.646981234442478675e-04,9.591852245860703956e-06,2.949908274045062576e-04,-5.492921479711468765e-05,-1.088607327246109233e-04,-5.272923004920118130e-05,-1.345820349716155590e-05,4.265180839443840212e-04,-1.820160760267966747e-05,-1.097806156055190308e-04,-5.927744112904686016e-05,2.151224272791655721e-04,-3.753097149363637938e-05,1.751118902753831291e-04,-8.496738235644513170e-05,-1.096419919013320285e-04,6.587937472306450550e-05,2.496552166634348545e-04,-4.902555061891916515e-05,1.970291781953658391e-04,4.115319381669888389e-04,1.640622442600731077e-04,6.039843824729256277e-04,2.533160693584111706e-04,1.512463898460669764e-04,1.187074877783202175e-04,2.979420032305603381e-04,5.757344203118656620e-04,8.010211719083015726e-04,5.601682909942493072e-04,7.079028463055007762e-04,7.000017403814070161e-04,1.872695809341725921e-04,-5.479986358280434892e-04,-8.397807223941953928e-04,-1.185023699697734540e-03,-5.443430160326432872e-04,-8.677319637947271359e-04,-1.867142481338879582e-03,-1.003080127823027063e-03,-1.008590716037526761e-03,-2.089565972222165446e-03,-2.977788316761156677e-03,-3.122321985104855278e-03,-9.218246339375778600e-03
2.185106697893617435e-04,-3.770007518261709288e-04,-4.919928146825382426e-04,-5.974542586288843432e-04,-6.863655847755128223e-04,-1.564238469455631617e-03,-7.613468709083315474e-04,-8.411114819073364822e-04,-1.026585691321785839e-03,-3.860152396404987118e-04,-2.797822215719131326e-05,-1.997130374548269363e-05,4.985139960833218385e-05,2.861255932783934560e-04,5.698419711129535823e-04,4.752112917162686686e-04,5.978339625935370858e-04,2.339061336521491418e-04,3.182091703216156594e-04,6.154404134428029997e-05,6.312134618246771077e-07,3.496175455306065657e-04,1.522603517079390676e-04,3.252087808325333502e-04,1.213002493388635556e-04,5.871713991534007002e-05,3.068961946520264009e-04,3.123040795869334624e-04,1.582344264635265646e-04,-7.295165171384215353e-05,3.806900590185597223e-04,-1.253614106716555577e-04,-1.758733372937084543e-05,5.349972268442290029e-04,7.890451092520370420e-05,5.413284547249702346e-04,6.941784332927639122e-04,2.520442418750449914e-04,4.754143354951632927e-04,3.720861840090510398e-04,3.668026022567460499e-04,6.374922697154421745e-04,3.038060358736138647e-04,4.393435914393928744e-04,1.068483280367629133e-03,1.412060526678691466e-03,3.867299366278141972e-04,9.987600223977017612e-04,3.593753809891740545e-05,-7.309303995485371287e-04,-7.055426708201162269e-04,-1.295338828748313510e-03,-3.158758520327711265e-04,-7.935916289270827885e-04,-1.115734640899974537e-03,-1.732817562089040888e-03,-6.116024312398492127e-04,-2.434435448430968124e-03,-2.929246548447356907e-03,-3.277815144540981076e-03
7.539778047697778037e-04,1.087810161935371398e-03,4.154634284141842717e-05,2.298542369467561732e-04,-1.289571548292868888e-04,-4.320068414583421563e-05,-8.065209923244404154e-04,-2.904223357810292077e-04,-2.401365773018234579e-04,-3.685908316761641007e-04,-8.739527089932184068e-05,2.627256588898121254e-04,1.486754069973980727e-04,3.943372654141222419e-04,3.629607027756734383e-04,6.919546033681178883e-04,5.659296591752715046e-04,7.558608864691830154e-04,3.675236721811052897e-04,3.890221564654027984e-04,3.038968897121325325e-04,2.926079957854666293e-04,3.834485647972820147e-04,1.884573523584674108e-04,4.479718018610397232e-04,4.365661130614751067e-04,2.806681352318885317e-06,4.818561075928277839e-04,3.387363478526064916e-04,2.121835291869520010e-04,3.183402111080356933e-04,4.434582466196041145e-04,1.605201381905098043e-04,2.384130866372442630e-04,2.957042732112732529e-04,5.167703859429289290e-04,3.334391701967230246e-04,9.882448928514950964e-04,6.844646359364048522e-04,6.436042415399732299e-04,5.382393127004303631e-04,7.682045533786122267e-04,7.246576247011202307e-04,3.343190789359748579e-04,9.687222694597970177e-04,9.950801549820488621e-04,7.348786410475262668e-04,1.071886046831663957e-03,1.106258358625282620e-03,5.095554325769223849e-04,-9.139565133629120241e-04,-9.360368236896859104e-04,-9.555499066196081453e-04,-8.518282765768361983e-04,-3.931172619936502011e-04,-1.132387952189613071e-03,-8.797999667889040438e-04,-1.032329232420637439e-03,-1.753985983109011739e-03,-7.787402325244448253e-03
9.304357181481211214e-03,9.691944327594272102e-03,9.843810981004818758e-03,9.095564716128080873e-03,1.044779889796282508e-02,1.012734235628110803e-02,1.013290192026702896e-02,9.519349933348268331e-03,9.558964750371351515e-03,7.973515032248589679e-03,8.763139383033495197e-03,8.494650051507192032e-03,8.067313080067054984e-03,7.349492297121416884e-03,7.585572149061396534e-03,7.952055944200479495e-03,7.568983228456992521e-03,6.992402544710943010e-03,7.236582462694679529e-03,6.637618186347179518e-03,7.673044678415824778e-03,7.177346730428204279e-03,7.312508644599494123e-03,6.655464630680022788e-03,6.326947172486678886e-03,5.169000690644515519e-03,5.172923305734233347e-03,5.262735188419034871e-03,5.480418811244590523e-03,5.386797511219449178e-03,6.609318490620019748e-03,7.066832167348071486e-03,6.288524916780708837e-03,5.416508471905817808e-03,6.327564655040959773e-03,6.414377783367087096e-03,6.075201283186008189e-03,7.120720042035611624e-03,6.331009155281550060e-03,6.427999826255256267e-03,6.853842488939920416e-03,5.964091930007919123e-03,5.909077570897172844e-03,6.296666176372214818e-03,5.775765950720946826e-03,6.391352499848148433e-03,5.840442824739315412e-03,5.324499403554358232e-03,4.710505255950754762e-03,4.333074962953005656e-03,3.720347289181320967e-03,4.216894797513102327e-04,2.033211390794227699e-04,-3.538183104596207430e-03,1.569341976036035119e-03,1.787919659550911942e-03,1.575318447028909363e-03,2.031470412107382571e-03,2.058411257805840052e-03,-8.774877959364813657e-03
-1.722962623715487002e-03,-1.266401558303055378e-03,-8.402710324566575522e-04,-9.338226229586651808e-04,-8.380193882059146400e-04,-7.140938093491928712e-04,-4.789701696861718553e-04,-7.691528767391780539e-04,-2.029822146176575917e-04,-2.045682692438351505e-04,-1.777702935269202453e-04,9.558246686283504694e-05,-1.046453706241641968e-04,-1.871022525884752808e-04,-4.396323123290464367e-04,-3.962433454641629263e-04,-2.555293834595130566e-04,-5.048975358572597430e-04,-3.012508638001413098e-04,-5.194988925351941549e-04,-3.468240478437925925e-04,-4.790844774336894892e-04,-4.369698796417727216e-04,-9.476621451210871794e-04,-1.104860116372146771e-03,-1.421852202527307133e-03,-5.024771853458371825e-04,-8.172900478364980310e-04,-4.446979002060471578e-04,-5.970422312892230106e-04,-8.020498172856077796e-04,-4.901295734143485110e-04,-5.825303079398240795e-04,-8.226972411184495888e-04,-4.524594375338525181e-04,-4.838802396683612294e-04,-4.723029141629986284e-04,-5.956052438090835184e-04,-7.237166342830343062e-04,-1.094154853127862368e-03,-7.423129491423615658e-04,-1.268149538719026736e-03,-8.828734895551585121e-04,-1.420478347593560897e-03,-1.512490181748552855e-03,-1.887261177073073538e-03,-1.887332793534237914e-03,-1.885612326731305691e-03,-1.734706515653915973e-03,-2.058046546071821449e-03,-2.005966356960580538e-03,-2.999567949265720141e-03,-2.208560565145059693e-03,-3.064026022087486430e-03,-1.869511415263713956e-03,-2.365544072074455152e-03,-3.502861728807917571e-03,-3.564719553165204662e-03,-3.623430830039579137e-03,-2.094003284230082709e-02
-4.625218652720666421e-04,-8.125373703644229442e-04,-5.152789456145557157e-04,-3.212696127269257869e-04,-4.711404082587521548e-04,-5.776531808790743260e-04,-2.330463797130859975e-04,-2.889103807490366526e-04,-4.631294781508645008e-04,4.034204680980385717e-05,1.815715972697602070e-04,-1.950128557011002509e-04,3.717652798764443153e-04,-1.508059523154260787e-05,3.151222717642542307e-05,-4.773837228399824837e-04,-2.143649967919866213e-05,-2.200511548717542533e-04,-3.468146995388888144e-04,-2.966924599456994042e-04,-2.624482818788544916e-04,-4.149697175724686255e-04,-2.693908768096213760e-04,-3.648734494633877742e-04,-7.154683440448694450e-04,-9.203091015435373732e-04,-8.243049109312810228e-04,-5.155667263678028909e-04,-5.249998018903097481e-04,-4.925824537564076457e-04,-6.879995569472425673e-04,-6.559671807869861060e-04,-5.836224446063829636e-04,-2.460304144186591124e-04,-6.112183070404532447e-04,-7.876776852402796398e-04,-8.085359977147876147e-04,-2.491486149284427814e-04,-3.595578405376707019e-04,-9.714787631753236214e-04,-5.337265934519956536e-04,-7.464305255396589582e-04,-1.167407044225267625e-03,-1.022547517845527913e-03,-1.524877717670825982e-03,-1.406268839217694700e-03,-2.139249748347741599e-03,-1.227172460522033817e-03,-2.161730712750073533e-03,-1.074749630264267702e-03,-2.525868795700615763e-03,-1.774733379094936775e-03,-3.280598366385709553e-03,-3.133767359408478649e-03,-1.542552729210704392e-03,-3.642226508457505844e-03,-4.229778752039216501e-03,-2.701963496761390204e-03,-5.706748549423947513e-03,-7.514817885102245860e-03
-4.535353916775837317e-04,-4.903219766707680744e-04,-1.050119849925535949e-03,-7.628452998368166760e-04,-4.154137879243545613e-04,-6.612833463508216436e-04,-7.999470259663168416e-04,-5.906201105064663162e-04,-6.020899566436680242e-04,-7.555753210352786310e-04,-6.170393718731686237e-05,-3.639557372188130898e-05,-2.990982085446640426e-04,1.580780473002594005e-06,-2.017353827883613981e-04,-3.221367665831842940e-04,-7.952464323165640532e-04,-5.955561818336299823e-04,-5.821596974568448357e-04,-8.765802330148554167e-04,-4.768295603611284956e-04,-5.814809814173174185e-04,-5.476604870440021861e-04,-6.555036069764825189e-04,-6.600121766229158056e-04,-1.149407857813414128e-03,-1.234571859431562871e-03,-1.576799731584014111e-03,-7.268746424248093878e-04,-8.806797356395692144e-04,-6.159569620177880993e-04,-7.721083597298564454e-04,-6.043691223386517958e-04,-8.288424032460809396e-04,-5.563192331803087183e-04,-4.125443656957620696e-04,-1.115795029867462174e-03,-3.692266716800236717e-04,-2.055892452691303904e-04,-8.118427167448758093e-04,-6.162287067644746591e-04,-5.466607339744300898e-04,-7.992375423632193908e-04,-1.382849501351478359e-03,-7.198150332070160813e-04,-1.418461134214693813e-03,-1.534204383901112889e-03,-1.608300801222754600e-03,-2.052975004457898746e-03,-1.697028455218850193e-03,-1.909602358253914859e-03,-2.264124773596325624e-03,-1.973464436563498754e-03,-2.717307679092857871e-03,-2.450388324893228165e-03,-2.964546330896334399e-03,-2.804035501689184848e-03,-4.361012782426120470e-03,-2.209686088319399739e-03,-8.346102111869485238e-03
-3.292849945034363626e-04,-5.782816052931800954e-04,-8.463417693499745900e-04,-1.270333235563191575e-03,-8.559289596909892698e-04,-4.381608237144738469e-04,-6.546915748113581223e-04,-7.464127140164916654e-04,-5.204052722216520556e-04,-6.501908785726570432e-04,-7.028787290313640197e-04,-1.069036117063701846e-04,1.502977827723990653e-04,-1.895910029827144931e-04,2.909867508126062828e-04,-5.733164543482512397e-05,-2.290085494283774419e-04,-6.914889986415372796e-04,-4.479210961493427698e-04,-3.347367544239439720e-04,-8.119790504442821058e-04,-4.734216657119995428e-04,-5.392792072046717535e-04,-7.269511191325960268e-04,-3.391138442378331696e-04,-8.582493761454075207e-04,-1.066422264157486930e-03,-1.310921299905993317e-03,-1.731513906486700002e-03,-6.488142519655616409e-04,-1.000250581817756787e-03,-7.839373516820649385e-04,-8.348305213097379461e-04,-7.076205976680585491e-04,-9.872411677349279737e-04,-7.880415745947070595e-04,-6.175085221773169136e-04,-1.192569306930601255e-03,-3.471415414123450532e-04,-7.026337043238863565e-04,-9.526790063013971252e-04,-7.968114787791795222e-04,-2.444479793837165543e-04,-7.564619311268858202e-04,-1.465747382768452017e-03,-1.061620395642824156e-03,-1.501863511317975573e-03,-1.732157151893121789e-03,-2.152919477835780158e-03,-2.419676365047417586e-03,-1.690818983198434308e-03,-2.154354599342225840e-03,-2.063891126310118604e-03,-3.174342187446235319e-03,-2.378257430945916479e-03,-2.145987047173419492e-03,-9.250668763847782203e-04,-4.351241369850536098e-03,-4.790970803632485508e-03,-1.302571016738403135e-02
1.024907617332600218e-03,1.789435083151990800e-04,1.129020576356862601e-04,-1.615435944155253951e-04,-8.481341628964702466e-04,6.437695253167649502e-05,3.776499805408362726e-04,3.446190263094174683e-07,-3.603831928853106783e-04,-3.138060829090565432e-04,-1.503555845097361238e-04,-9.008172159052824134e-04,4.875171869468711522e-04,4.427030975640419892e-04,1.883916215602318245e-04,4.513545163631661489e-04,1.954060292234487128e-04,-3.741900519415367586e-05,-8.632794936490538170e-04,-6.239350818810485404e-04,-4.556779616798046183e-04,-9.370600266925052787e-04,-6.468080916920083880e-04,-9.197924240549763602e-04,-4.925472430257036996e-04,-8.376114373003544977e-04,-8.330767472307571732e-04,-1.706943805950649146e-03,-1.920557907244907925e-03,-2.079951397841917418e-03,-1.036585428130159820e-03,-1.590931344614921958e-03,-6.906324038191322644e-04,-1.429042235820291839e-03,-9.453843019482125951e-04,-8.478643092374000493e-04,-6.137242341214381187e-04,-1.525847401705359395e-03,-1.137370391046178039e-03,-9.287372264875327302e-04,-1.469292687104771164e-04,-1.279581242373975178e-03,-3.694272829175853268e-04,-8.611544262792648593e-04,-1.193139926124882691e-03,-1.353076536177856819e-03,-1.141666918799012515e-03,-2.052414640607647892e-03,-2.161132418156274434e-03,-2.559644070358520467e-03,-2.602856019371259984e-03,-2.547332250471215625e-03,-3.135886410762541657e-03,-3.040718695721895872e-03,-1.686162900915874402e-03,-5.575659488194119849e-03,-2.501620397001710558e-03,-2.356417908619884167e-03,-5.104442451126127607e-03,-1.003089772711232390e-02
1.010923194238287507e-03,1.156524942370387157e-03,1.819270337534292456e-04,-2.143272714818413439e-04,-6.656144139053357060e-04,-1.061473176220305119e-03,-8.992231527117666191e-05,-9.002970309815450101e-05,-3.137184662946900827e-04,-7.120091313337456292e-04,-2.388032191724084906e-04,-4.577088998557109168e-04,-9.364891627832157110e-04,3.606945456225531602e-04,5.234366847030063772e-04,6.695099346890005581e-05,6.591499696417464941e-04,1.978723538413245189e-04,-1.564962951876604756e-04,-9.199362413537575051e-04,-6.171256697251674113e-04,-4.268557800927868812e-04,-1.119570231742800367e-03,-4.964073347004837244e-04,-7.996006251084774880e-04,-6.541799617103915112e-04,-8.117180487959307390e-04,-1.028206537897697129e-03,-1.684660416019826594e-03,-2.088290747051329676e-03,-2.225673283423302683e-03,-9.835321829600601490e-04,-1.478983080433513486e-03,-9.640302245302783193e-04,-1.427429822080731204e-03,-7.841011463209516044e-04,-1.171949726818167972e-03,-7.548789839377197716e-04,-1.019363258396761797e-03,-1.434256536023265560e-03,-9.746764920236667675e-04,-6.981302293006232335e-04,-8.991546348880539042e-04,-9.446512197787747343e-04,-1.073453488731709437e-03,-3.212241936366850279e-04,-1.658660297941545519e-03,-1.342917727262654508e-03,-2.189379512217396514e-03,-2.523747244730346027e-03,-2.940945368034118736e-03,-2.276176637247222852e-03,-3.405518706330077066e-03,-1.576070692638774405e-03,-4.518168720814561175e-03,-2.795756635511981517e-03,-4.972119773451483087e-03,-2.986626032727049841e-03,-2.807073314783626889e-03,-8.955350454881301839e-03
1.084242656174167537e-03,9.263007898878203175e-04,9.515768155518233243e-04,-1.362401280511381981e-04,-1.759717443735268471e-04,-2.798245629790990720e-04,-1.162536082201838039e-03,-4.911619982083534819e-04,-1.101336212190745241e-04,-6.137347759575070187e-04,-9.690215761231841304e-04,-6.396057713127889337e-04,-5.805536148908337080e-04,-1.025693654113104874e-03,-5.053107075719186171e-05,1.357063363073248211e-04,-2.771346372227518934e-04,1.801805893292202706e-04,-2.744692294984287829e-04,-3.739694037570655792e-04,-1.050797059531163868e-03,-6.479889069892893951e-04,-7.770719712261261623e-04,-1.108353239088926898e-03,-8.602752760323138402e-04,-8.167137631371119326e-04,-7.223193525950773967e-04,-7.217620782076632517e-04,-9.209214398676407931e-04,-1.625475819032732184e-03,-1.949382718245362646e-03,-2.416459137778173127e-03,-9.357547468251743066e-04,-1.412424965165757877e-03,-8.861383329047951667e-04,-1.249851634989310439e-03,-1.080778862342021912e-03,-9.408389748213132368e-04,-7.297756999379717297e-04,-8.717695977437395910e-04,-1.260477608864568220e-03,-6.373359930967583071e-04,-2.614766731684782779e-04,-1.177570245206485938e-03,-9.615807194156956008e-04,-3.955042444821086842e-04,-1.501698797960941776e-03,-1.635021166590351930e-03,-8.166128262796418019e-04,-3.131969858889012068e-03,-2.323121590872404430e-03,-3.557515239862097441e-03,-2.244791947868568678e-03,-2.992673300996112531e-03,-3.807235572524484812e-03,-3.796595365802546505e-03,-3.785186327555192885e-03,-6.136191500608532100e-03,-2.041952800096943649e-03,-8.441050213039766673e-03
2.589535013661372828e-03,1.941412455238140152e-03,1.436444482399921486e-03,1.476053321415843767e-03,4.215592059918067897e-04,6.678572164018617072e-05,-2.559610218830915551e-04,-7.900522592357082756e-04,-4.321360885234194001e-04,-1.071903856980530538e-04,-4.954609177262925051e-04,-8.455752932976419185e-04,-6.724752983987119506e-04,-6.255877646583374481e-04,-1.071806705182181763e-03,6.509061068178193248e-05,1.354140827505737152e-04,-2.589877331044465256e-04,2.248905586877645050e-04,-2.096129652387635357e-04,-3.900264589338616936e-04,-1.300893653075926035e-03,-7.892293253550722179e-04,-7.738909932052109517e-04,-1.358302954584818126e-03,-8.012848630307081851e-04,-1.046691334798489047e-03,-8.549873546756984024e-04,-7.788850296255790022e-04,-1.218515338972421189e-03,-1.529830710903862072e-03,-2.193292811095938141e-03,-2.290756763904940735e-03,-1.278160764934648365e-03,-1.414968986905621199e-03,-7.825324961067617454e-04,-1.458929776650145105e-03,-1.168261612148777497e-03,-7.644033095173940074e-04,-8.056282179229151382e-04,-1.161821691719115311e-03,-1.378151208682868497e-03,-5.546990963914595618e-04,-8.934995651666053198e-04,-5.490227455715811743e-04,-1.143342395595150704e-03,-7.323877393596557811e-04,-1.281673061450766885e-03,-2.247031983974726813e-03,-3.771619018712390830e-04,-3.816389370980887829e-03,-2.604454998892049341e-03,-2.666279452298356018e-03,-3.828329552773754828e-03,-4.130822566987407685e-03,-3.644846535993901369e-03,-4.089055720243740810e-03,-4.060519712058023069e-03,-6.108167047256809860e-03,-1.235006494366376606e-02
5.084273738830909911e-03,3.449082534038562953e-03,2.360939293808982185e-03,2.073904792947305151e-03,2.222539105897267889e-03,1.095899191325092926e-03,9.248547050397882890e-04,3.342887057992428032e-04,-4.122594484257771402e-04,2.423046251105462421e-04,3.007407519329121184e-04,-7.330398654013658294e-05,-6.182519007934089402e-04,-3.239906286443062274e-04,-3.996779818622213311e-04,-8.621267536006511261e-04,3.545359183601235224e-04,2.871614975455173972e-04,1.428649155679257614e-04,4.694271685760918506e-04,4.948922025668720399e-05,-1.639392370189587033e-04,-1.074461681064000198e-03,-5.743794637752941802e-04,-4.603675135518750625e-04,-1.163870152107946906e-03,-5.808571989937523017e-04,-6.413533160530941746e-04,-7.347099513180457711e-04,-6.566518454185457827e-04,-9.423265473281213596e-04,-1.681981651931750482e-03,-1.981903283840190638e-03,-2.034128625498647300e-03,-9.647558355164154685e-04,-1.657542595353752755e-03,-7.303776433619625988e-04,-1.347677729899156990e-03,-7.707641295591350760e-04,-8.889001806236775582e-04,-8.227371749521473132e-04,-1.234678424341409137e-03,-1.436315172029277833e-03,-6.625128528420562825e-04,-3.076206261388420948e-04,-1.159646104694065120e-03,-8.848828511754253112e-04,-1.078601501674559312e-03,-9.270983033476100582e-04,-1.329342829161545697e-03,-1.182754325841329449e-03,-2.601818291535943056e-03,-2.387080435046620014e-03,-4.361728395061733807e-03,-2.424516815126240201e-03,-4.863703537701411644e-03,-2.776854368932001743e-03,-4.377124203917706104e-03,-3.900815423802862780e-03,-1.713514467469554048e-02
4.691001342629072014e-03,4.149719844713102915e-03,2.881059459716309775e-03,2.518983875510306860e-03,2.296356097199258022e-03,2.428152559062767696e-03,1.669437430166595231e-03,1.434657050014436809e-03,1.661141953345826204e-03,1.784309870618183648e-03,1.153337558645982277e-03,1.013756701142287230e-03,6.412502802890282082e-04,-5.765978914865807188e-04,4.006086736244767257e-04,2.080872105527835705e-03,6.326747314221250768e-04,1.005448943173156261e-03,1.057303193664481259e-03,4.755343509633049720e-04,1.132062272992934117e-03,6.284316901981185349e-04,5.572608672855462915e-04,-3.437324144133974461e-04,9.791426448189639691e-05,-3.877243668601882136e-05,-6.937441567379549080e-04,-4.234910572121289838e-04,-6.018270309524866501e-04,-7.464543528564003680e-04,-7.018378124191742206e-04,-8.132249368796026301e-04,-1.505901557382641372e-03,-1.451215102176458107e-03,-1.829627315830048648e-03,-9.269120908036325218e-04,-1.452612710264930464e-03,-5.771872683843068050e-04,-1.338591219621830574e-03,-7.587803064214368584e-04,-6.571051331778421855e-04,-8.499272609015628283e-04,-6.848401762041127520e-04,-9.292074047875500866e-04,-6.717256535103816300e-04,-2.312857573242490400e-04,-7.274725833847463848e-04,-6.943034745878518292e-04,-8.384159391225077477e-04,-4.511948949485611446e-04,-1.775999287972200450e-03,-5.819264725204152363e-04,-2.147673810734624950e-03,-2.549956155740664646e-03,-2.151811759695788483e-03,-3.007548140819542304e-03,-3.262660486745780093e-03,-7.950208368814305759e-03,-5.377844064534266499e-03,-1.255602556582660796e-02
-1.233345967681025212e-03,-7.939868979722504829e-04,1.285173969456300091e-03,3.231187604414484556e-03,4.812504762168171892e-03,5.542604100361451375e-03,5.268410732290580885e-03,6.647575361885224229e-03,7.376172692410786109e-03,8.560245941913017381e-03,6.082099105743271443e-03,6.032485233606976402e-03,5.301266117355872207e-03,2.545075679644569731e-03,5.285209547532064740e-03,8.895167033279490973e-03,7.195043418478868670e-03,5.391141686422079235e-03,5.077377016921124329e-03,4.528991627214374628e-03,3.737091466281502235e-03,3.977568159374611501e-03,3.822798270294701633e-03,4.082774772452663417e-03,4.053013921944172322e-03,3.480956998263336471e-03,3.224168117226111976e-03,3.113847268792888871e-03,3.065829138713523690e-03,2.219938599608874130e-03,2.096357861596550697e-03,2.061046290288110795e-03,2.249596980675849095e-03,2.647786994347531026e-03,3.112019426934056841e-03,3.277632065534582910e-03,1.945957829832919723e-03,2.758227498985649923e-03,2.301111067319764995e-03,2.577660192142723888e-03,2.181076872509659249e-03,2.224621748627760021e-03,2.027025212247921069e-03,3.003849234948828464e-03,3.746909952870507415e-03,1.888263606724461087e-03,2.162241583825442928e-03,2.156676372966705429e-03,1.580912462273614859e-03,9.133136330649829380e-04,4.681410300917856874e-05,4.810201938401906154e-04,3.397116488601620255e-04,6.686900133454130955e-04,2.728350502983923221e-03,1.329968376215002893e-03,1.861695747943845980e-03,3.271260653052844233e-03,-6.401592046239436978e-03,-1.126765016833132342e-02
1.065107391304392741e-02,1.299172096935957699e-02,1.743650272921240182e-02,2.060247894562810753e-02,2.271345098836679427e-02,2.401499898408850434e-02,2.458889345724329933e-02,2.361267736991713023e-02,2.470915969625554764e-02,2.407799115077589869e-02,1.993075154835358825e-02,1.676856220468641440e-02,1.571204429727808896e-02,1.078605328206916000e-02,1.297408898018375702e-02,1.615670206328999325e-02,1.144314818355020129e-02,9.873729995446684643e-03,1.002876662970637704e-02,8.469977478847288271e-03,7.978929848255586488e-03,7.238290371825974179e-03,7.742948511566678273e-03,6.828683511273632260e-03,6.239273654312377758e-03,6.870410186009568397e-03,5.844016571555640110e-03,5.002406974710415719e-03,4.756059760741861847e-03,4.243464517048735167e-03,2.969635219593004787e-03,2.950386507696285340e-03,2.916928834115502852e-03,2.967222629759024705e-03,2.752534715615374307e-03,3.614870082523697140e-03,3.142708352109197401e-03,2.101894751527975252e-03,2.276610862144983101e-03,2.580923185145742212e-03,1.963203723142599791e-03,1.804031901730323217e-03,1.925192618842357182e-03,1.510438281703094677e-03,2.414964167610187794e-03,3.292108476340072174e-03,1.077379660938475444e-03,1.295134772712849304e-03,1.172444469118032748e-03,9.494450162267361422e-04,-8.036208184271653471e-04,-8.530255222736802352e-04,2.843054819566237490e-04,-1.647001214535026830e-03,-1.261368964765484206e-03,3.156160403574349155e-03,7.261200041243133518e-05,-2.082453115321924000e-04,2.923044633433123738e-03,4.840891388043802140e-05
8.123574758648536079e-03,1.041361798029733464e-02,1.245534258711915136e-02,1.502466702733440407e-02,1.853969305485683380e-02,2.061055138714220150e-02,2.170464308167601580e-02,2.152402103644646819e-02,2.137198284080216518e-02,2.178691472682923319e-02,1.740671419630754682e-02,1.482709547948168373e-02,1.323842152566567787e-02,7.422542839923754535e-03,1.034051322169906965e-02,1.604175830983008838e-02,1.317371777677698967e-02,8.768104393118982334e-03,8.976027536477236904e-03,8.451491545902729483e-03,8.022725202043298406e-03,7.435220650370246570e-03,6.822245089199742429e-03,6.819329534368922217e-03,5.877428608122914518e-03,6.254700971557735495e-03,6.253424726821788134e-03,4.910624322745533142e-03,4.487131072090863766e-03,4.150237113649223909e-03,4.188411891200709107e-03,2.841523519575772910e-03,2.597604812349732072e-03,2.598743049890388408e-03,2.378531311491505467e-03,2.789177378326158484e-03,3.265186138430937936e-03,3.244867079716627634e-03,1.409312676461617429e-03,2.503355910110514806e-03,2.454602412346115325e-03,1.617893077960789105e-03,2.003908290287387001e-03,1.858224751111362894e-03,1.595154905740300572e-03,2.895518084211638234e-03,2.078486703351077949e-03,8.221163698855264105e-04,2.793994395491465913e-04,1.454523151733897682e-03,4.434885911081513791e-04,-7.596054495835209133e-04,-1.119210773189210613e-03,-2.821696737189110377e-04,-1.169925643938429967e-03,-1.126619616539514682e-03,3.222778483055470551e-03,-2.808113379304360809e-04,1.124042030678685730e-03,-1.471029516927393858e-02
2.498551624520626083e-03,2.291051377504907220e-03,3.014152321819078741e-03,2.668235227878873461e-03,4.094139416593587863e-03,5.909965653798684992e-03,6.872356577880109688e-03,8.769786368955177075e-03,9.743368779729448190e-03,9.252944579756457177e-03,7.811255463532936448e-03,5.233104414388397435e-03,4.532026417049754737e-03,-7.044069199689365112e-04,3.073172199730827246e-03,7.761401698395453685e-03,6.942239418839073889e-03,5.023754143962817428e-03,3.692304936072762691e-03,3.524775138637803885e-03,4.356984664291849337e-03,3.838706064064805867e-03,3.661129740885217271e-03,3.081085562241754790e-03,2.959142298518185540e-03,3.491660569438719865e-03,3.350246265206028445e-03,3.601786155722602831e-03,2.976544532376412724e-03,2.548561925748865122e-03,2.630145761014416814e-03,2.146040414692847436e-03,1.545312298425767679e-03,1.774917354115719591e-03,1.295472448759138126e-03,1.875223828031553127e-03,2.008251333555633594e-03,2.567689240796334430e-03,2.731891319628725577e-03,1.105508093966868412e-03,1.971205764160377950e-03,1.585079742439893507e-03,1.816299263115879513e-03,1.229605677659423519e-03,1.144980954963983628e-03,2.139877049234758296e-03,1.609826375740549100e-03,1.776652662795999166e-03,3.001456704454253397e-04,-2.375119350807463508e-04,2.725675887652993597e-05,-5.142167656532962549e-04,-9.528235699357430174e-04,-1.541937295408467388e-03,-1.664663749804180803e-03,-1.447117169255113548e-03,-2.223861661145707345e-03,1.832007836780195562e-03,1.138094540945849831e-03,-4.024832536119841986e-03
1.972902182745832692e-03,3.262806874700849551e-03,3.383855967202375331e-03,2.535807509570462380e-03,2.370227059912682378e-03,2.504886007045154395e-03,3.070496543537355998e-03,4.552455110940553142e-03,6.257288886997602710e-03,6.362823193882624455e-03,3.575742215049739110e-03,3.517618136383143627e-03,2.113085350302277860e-03,-2.263138593050295980e-03,3.285683470124119718e-04,6.058477845188104012e-03,4.406400115280081908e-03,3.747257612736937509e-03,3.770878082911194914e-03,2.188831393938224512e-03,2.676665582289698610e-03,3.342930490137195187e-03,2.898688390620292581e-03,2.679164916561359300e-03,1.461619784732202552e-03,2.463463277175476519e-03,2.254586038487141689e-03,2.579580103365075767e-03,3.001978481618107573e-03,1.915551887601292958e-03,2.312126001180457927e-03,2.140221319209660317e-03,2.139872652462686004e-03,1.250423729862762531e-03,7.123641702206477428e-04,1.478660621513866978e-03,1.866964914976052426e-03,1.640249315265526449e-03,2.792288970830605552e-03,2.528963507706820987e-03,1.670794594432362676e-03,1.710108760407432664e-03,2.067571466063169647e-03,1.478646635610993219e-03,1.505193677181789966e-03,1.460886650587630642e-03,1.287982763379359090e-03,1.221908484425160424e-03,1.957295219839998157e-03,-2.171099511273311350e-04,-1.482539476505854939e-05,-4.843703948043322108e-04,-6.452980671659814225e-04,-1.011434810437105954e-03,-2.211819898762710807e-03,-1.310460403961824548e-03,-1.498750586112882486e-03,-1.952588612397852808e-03,2.449520738980543160e-03,-1.220806247930152815e-03
1.806356677441935468e-02,1.946331814810607977e-02,2.096754297955416221e-02,2.004718442494949140e-02,1.963034401810633683e-02,1.896015005536621709e-02,1.958343652647515781e-02,1.878956418121516259e-02,1.898352250468292313e-02,1.921337992308174217e-02,1.627229344120909027e-02,1.296277598469691011e-02,1.131543549296031362e-02,4.882565999936813207e-03,7.407809384721835561e-03,1.197628015137324788e-02,1.146512506194805048e-02,9.416099638231307037e-03,1.034182803529435334e-02,8.927781494809730600e-03,6.051062342328450590e-03,6.074720642031229863e-03,6.459562596703914000e-03,5.840258135145839913e-03,4.802978352450971468e-03,5.029492787746792266e-03,5.346765902178494088e-03,5.257334397823084163e-03,4.775240019827617886e-03,4.638117955257117092e-03,4.095983557027709637e-03,3.685756736066139998e-03,3.511871091010869157e-03,2.774869177848195492e-03,1.637944538279672690e-03,2.088344419330299007e-03,1.753389167359487759e-03,2.215226582481702022e-03,2.016233005616975722e-03,2.108785037955497859e-03,2.711161166722478397e-03,1.507748854277469455e-03,1.633126768888377382e-03,1.812174886727957067e-03,1.883750949588677446e-03,2.306249904771975022e-03,1.496460649647117589e-03,9.557540690452684829e-04,1.027356161033638349e-03,8.691811367997997985e-04,7.217590339289276598e-05,-2.953767833157334294e-04,1.516675480813640085e-04,-7.198798477092874064e-04,-2.668961424505456471e-03,-2.661219249399110129e-03,-1.173976167273914090e-03,-1.123946179467881328e-03,-2.880971048862321273e-03,1.659108385254095308e-05
1.786614732303367162e-02,1.803369331949681437e-02,1.916916042723651459e-02,1.995087084292885768e-02,1.938286759992858058e-02,1.700576730782801110e-02,1.606534738833020892e-02,1.553891277721222534e-02,1.494165092135530185e-02,1.596493592354545493e-02,1.304865424973675886e-02,9.871572528913770753e-03,6.987257562472030947e-03,1.446087277123744288e-03,3.365950293735543632e-03,8.775660057107118744e-03,7.285963426036613441e-03,6.480445072022867313e-03,6.143040518362988603e-03,5.560441805398398316e-03,6.102819494555880402e-03,4.247896953401259119e-03,4.122384284171406663e-03,4.563458039537688499e-03,2.909568867362062345e-03,3.175073693338210240e-03,2.776359052308701152e-03,3.305735439289931871e-03,3.013703883152275224e-03,2.376065484192039882e-03,3.491831186484691766e-03,2.823418770363449962e-03,2.569900342937682120e-03,2.285143405905202575e-03,1.396174654314140439e-03,1.272572555699716954e-03,1.153082896665252183e-03,1.973823994727626641e-03,1.851728377915738168e-03,1.579597659161854515e-03,2.383936320908418022e-03,2.564071111405808855e-03,1.615491552156009649e-03,2.010316886066950554e-03,1.985534234062255859e-03,2.589812550254906240e-03,1.270988642684326569e-03,1.884678528917917584e-03,9.118043278540762442e-04,7.351420267758341977e-04,1.709820955997592637e-03,-2.236072135455747394e-04,-5.084384976734082889e-04,-4.249502132856879956e-04,-1.456066439044790542e-03,-1.972865885295493893e-03,-2.599841440818284957e-03,-1.905084453425052527e-03,-4.136682219091728299e-03,-4.807809982048006844e-03
1.110783913840759744e-02,1.233486067959343666e-02,1.264763637991993088e-02,1.234556631718745391e-02,1.363121671005071249e-02,1.202572475706088773e-02,1.000986807999037359e-02,7.563063233244679724e-03,8.233937186717724815e-03,7.029017972275842553e-03,5.752641994504293331e-03,4.291130893549366214e-03,1.937183071885958865e-03,-2.513906149228450123e-03,-4.497963075553941038e-04,4.652980655916441957e-03,3.342886514134573665e-03,1.827457542866463801e-03,3.176741651483584814e-03,1.638153861966701406e-03,3.078009708695486017e-03,2.818179170525961490e-03,1.626740474083993200e-03,1.685840908364411549e-03,1.195694472143588082e-03,1.690743070467572292e-03,1.374661780725866230e-03,1.049111971913905834e-03,1.156820861369935692e-03,7.795022468248367789e-04,1.237394406487821218e-03,1.881283054708811570e-03,1.192713109143182532e-03,1.048351447013383874e-03,4.527376713276080726e-04,9.746395025494099815e-04,5.950122494294153694e-05,7.517458125468140734e-04,6.043376485071822379e-04,9.482151793499819965e-04,1.343815930299718277e-03,1.806602582992751982e-03,2.067711867974415720e-03,9.553817556134874085e-04,1.708497192827736861e-03,2.401703325759297833e-03,1.349550889359861939e-03,4.494649998901532645e-04,8.084887011539722322e-04,1.313335111454179004e-04,3.258621304584986638e-04,1.163096696239268027e-03,-2.378281184436545782e-03,-8.144702250086017841e-04,-1.693638530109691735e-03,-1.607653721944304588e-03,-3.152884297572478706e-03,-3.705922957224035228e-03,-3.233431292234398291e-03,-3.817659022589450432e-03
