-2.059964927408340293e-03,-9.962347696855443878e-04,-2.208350128055463785e-03,-1.601619935713759820e-03,-1.855689010583315033e-03,-1.464926354515297836e-03,-2.418130033568867410e-03,-1.120757978708399050e-03,-3.603859543789899016e-03,3.764879352903683762e-03,-1.035730129425795759e-02,-1.011141781771871754e-03,-2.370867690516089213e-03,-1.685085224631106913e-04,-5.625831192334063147e-04,-2.136050425454404794e-03,-3.770903891307721026e-04,-1.461754714728634138e-03,-1.882020029754818058e-03,-1.109700583401517556e-03,-5.895383696278447359e-04,-1.426692537239521554e-03,-1.080448524555652299e-03,-1.242514716359581581e-03,-6.065458477525155403e-04,-4.337035307950513766e-04,-1.569299326985035097e-03,-1.195819197106514796e-03,-6.462413246041524579e-04,-4.143435839570308024e-04,-1.270088050201097999e-03,-1.539388593973885526e-03,-1.514034700014262090e-03,-1.136846419457334485e-03,-5.411404013417295299e-05,-1.591006944463613714e-03,-1.392363882276450009e-03,-1.042119724874625156e-03,-3.563657976043113542e-04,-6.038172214095920316e-04,-9.796276252083094445e-04,-2.986945745801874758e-04,-7.715972119720653942e-04,-1.822137032993609296e-03,-7.813295196280323207e-04,-1.416699966595852183e-03,-1.604631738289647109e-03,-2.357186160408462818e-03,-2.434909049453394796e-03,-1.307298108139267430e-03,-4.626493430276132184e-03,-3.113087623404253192e-03,-3.777867026295412319e-03,-3.513197058300808213e-03,-3.685477190942177371e-03,-2.932402452236538767e-03,-6.520423434222839994e-03,-4.235306974862526087e-03,-1.980080883486097162e-03,-8.260644811718481639e-03
-1.613404174377463347e-03,-9.891729309887341628e-03,-5.275270143807075061e-03,-9.812988307796154802e-03,-8.026481598535611939e-03,-8.922479589789783505e-03,-6.566387847004529800e-03,-1.101027797310291483e-02,-5.338099136513037649e-03,-1.686687801237075207e-02,1.665178572299853138e-02,-4.957138500951605714e-02,-4.852621836263067145e-03,-9.960780417225785846e-03,-9.970627711659830160e-04,-2.466111902599332079e-03,-9.855101374055472152e-03,-1.807717513821953219e-03,-6.630876619578298346e-03,-8.429858517875254975e-03,-4.165890008140276865e-03,-3.676792286084381786e-03,-5.864646802267701325e-03,-4.962624262249514320e-03,-4.487334454120191912e-03,-2.500131104876473446e-03,-1.735623553524796034e-03,-7.126557407423003698e-03,-3.384494147993370641e-03,-3.043789620075266610e-03,-1.377031281156620686e-03,-6.208544116147582739e-03,-3.729400697656253851e-03,-6.334179802237209500e-03,-4.319697470789339751e-03,1.135835925774132671e-03,-6.894254736185117041e-03,-4.160732262301834218e-03,-3.462456199957452546e-03,5.384384390938220903e-04,-2.256012159052021935e-03,-1.082059334482070095e-03,1.967259000999632950e-03,-1.487431262942821159e-03,-5.217823320677956317e-03,1.261786922108139829e-03,-1.665187642719307510e-03,-3.957393874077490097e-03,-2.254499907547823437e-03,-5.726252538570642328e-03,-1.429625221884546667e-03,-1.153645850065416686e-02,-3.695683028074364402e-03,-4.764614257518310844e-03,-7.158012717993001914e-03,-9.325230100237237238e-03,-8.194761428589456735e-04,-5.053681948708036581e-03,-3.256348498559590802e-03,-4.297656966619295416e-02
-4.323579104202167865e-03,-4.776945120158773879e-03,-3.333818547053800808e-03,-3.290852088765530009e-03,-3.348015611461865708e-03,-2.800522748385161301e-03,-3.230049152519843571e-03,-2.225493590567495343e-03,-2.538509420400857346e-03,-1.739313927642617379e-03,-1.959538218270539048e-03,-1.454471852923999156e-03,-8.900800767369398438e-04,-1.450209327432306142e-03,-1.479819576593244560e-03,-1.829564300043772049e-03,-2.633382562645222597e-03,-1.371110096719999668e-03,-1.420034866238003343e-03,-1.346170311874605834e-03,-1.035299558996791587e-04,-1.772412710837104359e-03,-4.093320925735805188e-04,-1.253079795519191145e-03,-7.732765494548159970e-04,-7.000718401961703681e-04,-6.071074825245877365e-04,-9.200222584998222911e-04,-2.366390182359792639e-04,-3.545931842653078170e-04,4.325603679967950023e-04,-1.754502681838969740e-04,-6.791434376593419265e-04,-1.024857548481285458e-03,-3.683146088111438165e-04,-1.446491023070461826e-03,-1.354922846825098266e-03,-1.547390583693597033e-05,4.029040653413662595e-04,-1.935427307992813037e-04,-3.191447414229181426e-05,-1.283213252622408080e-03,-2.225717507641468692e-05,-1.810147602495941824e-03,-1.331778853503465644e-03,-1.125177880664637127e-03,-1.893099071780135739e-03,-4.962334045700802403e-04,-6.453526639897223327e-04,-1.353520505885156665e-03,1.681818884478327673e-03,-3.904360101235329530e-03,-1.710814402618121956e-03,-8.121123148498429539e-04,-2.584104745835901981e-03,-2.317034776077712445e-03,-1.743376293025353371e-03,-4.557965311978321409e-03,-4.452301881720291052e-03,2.327061341025106478e-02
-2.851436341750818778e-03,-1.897174250996465318e-03,-2.238689496210159637e-03,-8.773982729701537957e-04,-3.550025449683559108e-04,-3.022562755094497142e-04,1.851988960286867110e-04,1.743644480812094109e-04,1.792322648753603195e-03,1.526474163026270321e-03,2.237784408814951550e-03,2.534093551205378065e-03,1.431339533565969624e-03,2.117600897269955682e-03,1.051616320055322748e-03,1.995676693446513366e-03,2.117990345891375588e-03,1.355630179522479594e-03,3.119910403755696889e-03,3.123770406987276885e-03,3.071890009567238358e-03,4.385986819777865954e-03,2.711142057864557049e-03,4.084476795139181139e-03,3.199219607702078871e-03,3.915513018456112312e-03,3.506889656251905695e-03,3.875906907081228848e-03,3.554205143203643339e-03,4.241954001247913268e-03,3.986910743525550783e-03,5.134862755149162405e-03,3.513364389715562062e-03,3.695403878301375521e-03,3.930280992357847343e-03,3.273777711556469412e-03,3.001189188663426054e-03,2.700356312803365352e-03,4.018929749320513702e-03,4.242825003668863372e-03,3.730379851120508086e-03,3.578387661898817587e-03,2.758992988931422037e-03,3.896497969914360700e-03,2.598643818349306162e-03,3.292490607709655948e-03,2.447957642807785470e-03,1.954548920529627747e-03,3.710644651582235571e-03,3.307127136674447784e-03,3.456547503379679871e-03,6.042819199961664903e-03,-4.229003887443265309e-04,2.591733170055763452e-03,3.687526997937472673e-03,1.294788705545514432e-03,1.682891894304822849e-03,3.094326586777303070e-03,-1.441595460532090615e-05,1.469360685910285668e-03
-3.446385909858816054e-03,-2.920527264704054268e-03,-1.888699951003518099e-03,-2.278260245126182207e-03,-9.206635050372836450e-04,-3.826879171278542826e-04,-3.179416718856455061e-04,1.675061827031634081e-04,2.187118407463727900e-04,1.700824817662233363e-03,1.510457386725321026e-03,2.242173368687033676e-03,2.496308713996367706e-03,1.440869687623305521e-03,2.121384121116555183e-03,8.913181221510788500e-04,2.061898250436134446e-03,2.052760215415663000e-03,1.338944807285805810e-03,3.098705580749644330e-03,3.153224885656153061e-03,2.970644124620704096e-03,4.368564024199110725e-03,2.700503677691197361e-03,3.982370133423775334e-03,3.333852049584012673e-03,3.705669448090286207e-03,3.521597924302385073e-03,3.876544265811271862e-03,3.610249266254323981e-03,4.187415944168064799e-03,4.027451155133176738e-03,4.951088339264044999e-03,3.835186677019541100e-03,3.442422393261718432e-03,3.694821525857182494e-03,3.530261864979226515e-03,2.884333688736461301e-03,2.905152590787030229e-03,3.461207494364397941e-03,4.440155879965010030e-03,3.611155526416643356e-03,3.711752294314669010e-03,2.743879907427335379e-03,4.109546011767631520e-03,2.863891195545492045e-03,2.428171926062477372e-03,2.688605722536519926e-03,1.931699203914932295e-03,3.817412148321822334e-03,3.587836104107912458e-03,3.309261201458660491e-03,6.217631274102576946e-03,2.486405809946901340e-04,2.437242561737781345e-03,2.955035078277268301e-03,3.395225546810383410e-03,1.198003259703396160e-03,3.254084527008547448e-03,-2.477870282120723036e-02
-5.922736236985682440e-03,-6.059309040283334530e-03,-5.413935194866166534e-03,-4.420880688358688054e-03,-4.780835812485650579e-03,-3.425459170266516654e-03,-3.358072351766895267e-03,-3.386722887337372413e-03,-2.813535991893984303e-03,-3.340520025691517524e-03,-2.268508557558047284e-03,-2.469385654146383485e-03,-1.748529161171573669e-03,-2.042158655009530203e-03,-1.519475765571924814e-03,-8.250022856793312381e-04,-1.594913542541620891e-03,-1.404349372849279061e-03,-1.821870295550171099e-03,-2.839795636072409580e-03,-1.196498858265862076e-03,-1.443253124400752313e-03,-1.486927506802334775e-03,-9.952737208257992740e-05,-1.714897243944589087e-03,-5.164427297310017397e-04,-1.133674945072269237e-03,-8.074789421098068709e-04,-8.958193786260862769e-04,-6.292877306146985907e-04,-1.011957264878696628e-03,-3.090923959264669195e-04,-2.966118512997547121e-04,5.356630697801481556e-04,-3.227441151526654235e-04,-8.957584205544695836e-04,-8.715147795212863785e-04,-7.202347309604498725e-04,-1.522047284923464926e-03,-1.612969521709417976e-03,1.676584420212057431e-04,6.226432818142222216e-05,-7.078675868441615263e-04,-1.043624088971999549e-04,-9.665260375295157318e-04,-1.571779313496867716e-03,-1.193527095215398499e-03,-1.161115693697337744e-03,-8.719132909814520261e-04,-3.359695545495854866e-03,-1.177575257443476842e-03,-4.550694802778421305e-04,-2.298554110268373387e-03,8.777407119093885452e-04,-3.468572642203873041e-03,-2.047358114578550197e-03,-1.083254426615286358e-03,-3.888646452750351475e-03,-1.662620145577030535e-03,-7.185529401564862487e-03
-7.717199858897481023e-03,-5.856898377305674690e-03,-6.092940758593222775e-03,-5.544112732144273505e-03,-4.367280322791198578e-03,-4.870792686856315404e-03,-3.409193078522074292e-03,-3.420967881394988697e-03,-3.346061375095844576e-03,-2.845906122976802396e-03,-3.364229746534641661e-03,-2.315568219087398884e-03,-2.439780484159619848e-03,-1.716659019985788568e-03,-2.113366728511849573e-03,-1.457349256024870936e-03,-9.424891670630350859e-04,-1.525547398653060794e-03,-1.468955765566868233e-03,-1.978228533348983745e-03,-2.580827956541456233e-03,-1.397392770614908812e-03,-1.364428299640602039e-03,-1.515668646340273366e-03,-2.162922286835401308e-04,-1.735189141527020400e-03,-5.094747692140441262e-04,-1.336545546044476960e-03,-8.220962966007357500e-04,-7.723700439307613517e-04,-6.876693091498109131e-04,-9.111268141806336696e-04,-2.969680384577302662e-04,-6.821931382493586762e-04,3.058832236689085476e-04,1.022786693359771862e-04,-1.118446688197744388e-03,-8.501208749937650506e-04,-7.520341786570974201e-04,-1.723696759214524837e-03,-1.369296365770873323e-03,-3.598471785468343258e-04,-4.532384018597263356e-05,2.788607264359451126e-04,-1.065809460261560879e-03,-1.524080990590795295e-03,-5.047005874884517287e-04,-2.001836576052265677e-03,-2.827701399851425580e-03,-1.863970821336274983e-03,-1.828407667189761330e-03,-1.627677590780741935e-03,-2.284204261180944676e-03,-2.451207466577300402e-04,2.910507275509062297e-06,-4.882525986216961801e-03,-3.813205022075834717e-03,-1.183016991619675537e-03,-5.040154745258319281e-03,2.706401296378989352e-02
-6.610128951094061851e-03,-7.764088274127789631e-03,-5.976498592201909266e-03,-6.052724731807375760e-03,-5.568997784503365925e-03,-4.441740004868481063e-03,-4.896811252660364031e-03,-3.369194807671153750e-03,-3.400971160939022988e-03,-3.431751084272722727e-03,-2.855612901174315287e-03,-3.310277516117293792e-03,-2.278233321940398553e-03,-2.606856483408062555e-03,-1.810870682415330205e-03,-1.951492770797939131e-03,-1.560469367314243350e-03,-9.152343900614075571e-04,-1.538894274131453934e-03,-1.604929810776292189e-03,-1.846282933631037586e-03,-2.550832002701671191e-03,-1.589083839415815318e-03,-1.351364698860257505e-03,-1.383894861243316343e-03,-4.214321194341194001e-04,-1.753007262766066721e-03,-4.546901136245454266e-04,-1.239700220043132850e-03,-8.340709204023206719e-04,-8.530075223738792060e-04,-8.371668172206960358e-04,-9.725098429255389209e-04,-1.597643319514380547e-04,-6.068057082374215920e-04,4.692285661180191901e-04,-4.082313287050053823e-04,-8.569345188077947444e-04,-1.132832683555441049e-03,-9.677230624368375785e-04,-1.377494731743191805e-03,-1.813169535329594347e-03,-6.346988173403458498e-04,1.512193906117908408e-04,-8.765761528776143266e-04,-7.323383598868595922e-04,-6.377355243888156331e-04,-2.122982338329498786e-03,-2.300867785114657157e-03,-2.273412111697999637e-03,-1.497376773519966744e-03,-3.642446019685591403e-03,-9.218508044516500336e-04,-1.641660714381515613e-03,-2.930099325976584079e-03,1.991237578161514626e-03,-4.254737351398561913e-03,-3.282475368880880678e-03,-2.152606846444265858e-03,1.888347741783285910e-03
-6.441255292713337841e-03,-6.693185253131735124e-03,-7.723441386668932276e-03,-6.025828609691545948e-03,-6.089844857720951195e-03,-5.598848324002651117e-03,-4.523862945034105680e-03,-4.921153905991316850e-03,-3.446116535681631801e-03,-3.340659528409485601e-03,-3.482331282617871782e-03,-2.804485845755598592e-03,-3.362269888372204554e-03,-2.329193099291888315e-03,-2.523867791842838645e-03,-1.806807794439163010e-03,-1.997496120476727633e-03,-1.561610978896934600e-03,-7.942096281677477835e-04,-1.786214323025421677e-03,-1.375949105787902102e-03,-2.023604712338437396e-03,-2.598983878020222089e-03,-1.446484415162836018e-03,-1.367726409603066190e-03,-1.534193586173130536e-03,-5.355763347189745118e-05,-1.917309158638733513e-03,-6.636290689487441734e-04,-1.347672961147271427e-03,-6.730081331926296732e-04,-9.514429764757783171e-04,-4.474703099302379376e-04,-1.045260423973902106e-03,-3.306257610891188384e-04,-6.148651030942356519e-04,5.142150269782503041e-04,-5.945391553171732336e-04,-6.422455742373200764e-04,-1.157088411352546553e-03,-7.443036278721719846e-04,-2.009362481837291634e-03,-1.314344408234428092e-03,-3.986135385117444471e-04,1.106885494581277948e-04,-8.997760943030770923e-04,-9.021799563431247239e-04,-1.049764619623503236e-03,-7.347658746174463547e-04,-2.292514439936219235e-03,-1.960754033211566192e-03,-2.072893710344914965e-03,-3.257847572060592820e-03,-1.644497578760454898e-03,-1.658088652733494478e-03,-2.354778121527391962e-03,2.092609487935252581e-03,-6.935840286753585694e-03,-1.689440475394203989e-03,3.882494767768005645e-03
-6.157115446403868195e-03,-6.480534699624761370e-03,-6.758744693279151658e-03,-7.824020316520984009e-03,-6.120434393573416162e-03,-6.104230347545653267e-03,-5.584329780562017655e-03,-4.505758275021483350e-03,-4.837306992662581025e-03,-3.606446280371162615e-03,-3.387524839544063006e-03,-3.387690870867437684e-03,-2.939034375937372469e-03,-3.350260690939487786e-03,-2.292429736188017573e-03,-2.618959908809653098e-03,-1.735811554790139474e-03,-2.121433045618643671e-03,-1.408845823801105389e-03,-9.347856969525356573e-04,-1.614413208396623615e-03,-1.493888864478939245e-03,-2.051033160608969983e-03,-2.645824673699402000e-03,-1.466922358853990421e-03,-1.576391274166631142e-03,-1.306286147793358100e-03,-2.535358420111942122e-04,-1.835292761608614369e-03,-5.607187116430385320e-04,-1.380323502630286707e-03,-8.231299790084554936e-04,-1.090025602508934129e-03,-5.403232219556155591e-04,-9.475595313407613731e-04,-3.804273295250539129e-04,-5.281189970107245772e-04,2.495821487674406780e-04,-3.033365980964419719e-04,-1.047268994151999508e-03,-9.697907100670345726e-04,-1.052718267696591469e-03,-1.623155144683225944e-03,-1.974723930357924224e-03,-5.677327979916281173e-04,1.493607440792127882e-04,-8.591529957801481883e-04,-8.797232860071631634e-04,-1.512121589855865492e-03,-1.161665371531416619e-03,-1.966572147359129438e-03,-2.326144740602573233e-03,-1.836888298043752935e-03,-3.635503063039339806e-03,-2.146889117130065111e-03,-1.642464889240895709e-03,-1.148730581525646147e-03,-6.111341450416353255e-04,-4.812157356938144039e-03,2.782569914833293856e-02
-5.497846988341745060e-03,-6.182827943670234951e-03,-6.483794500288097597e-03,-6.816148196261577474e-03,-7.963441687564014326e-03,-6.147773076586001903e-03,-6.163303917099054868e-03,-5.641074248121362260e-03,-4.460654052614320547e-03,-5.005386995412149098e-03,-3.530068707307414816e-03,-3.399723844754622051e-03,-3.418203324526793326e-03,-2.973388249778682532e-03,-3.375403507137670744e-03,-2.324642411414668420e-03,-2.594391425601554144e-03,-1.749428696549154214e-03,-2.076740903087378846e-03,-1.513547716487638820e-03,-9.032321711231305460e-04,-1.665618629587877495e-03,-1.490676256661342377e-03,-1.875357042278770134e-03,-2.858066816321911795e-03,-1.587995620463853938e-03,-1.196038911756313640e-03,-1.563032189393756110e-03,-2.809226526760130261e-04,-1.877265317171319730e-03,-4.871040978181464631e-04,-1.490094068925929167e-03,-6.550690907976982301e-04,-1.102252943977646447e-03,-7.453121859751841820e-04,-9.187523060951064031e-04,-4.484657888278801826e-04,-9.050780490424880850e-04,7.523945262940276522e-04,-3.971299892617470898e-04,-1.228593434748171320e-03,-1.313446563019622908e-03,-7.911428229641399726e-04,-2.278727526252411796e-03,-1.218271504469787712e-03,-9.382913135540875936e-04,-2.614077145040373832e-04,-9.648411732793015253e-04,-1.115872485915945025e-03,-1.308549038206550117e-03,-1.215529014378400295e-03,-3.021392461173979995e-03,-2.481800710581842651e-03,-1.639056596780275217e-03,-4.772482002878762099e-03,-1.853045529868750652e-03,-3.098686596105052708e-03,-2.541078329843464607e-03,3.557225470146576848e-03,-6.554710603880717357e-02
-4.494517356357763567e-03,-4.237469723929941819e-03,-4.984369972487913761e-03,-5.357737931617627229e-03,-4.758374460567319636e-03,-6.332052511517772923e-03,-4.875185911312335252e-03,-5.182908955661383321e-03,-4.711442321767339916e-03,-3.820244413766897031e-03,-3.875972739168151264e-03,-2.907424811682016337e-03,-3.066721353016634271e-03,-3.074661413595450657e-03,-2.702038807550146034e-03,-3.123448950678675562e-03,-1.930412138514943279e-03,-2.417107814776147095e-03,-1.732869890374480470e-03,-1.980672593230057687e-03,-1.149773735432069394e-03,-9.369121871643591292e-04,-1.747164300919396007e-03,-1.496431907651539755e-03,-1.894478276882330652e-03,-2.553438214646613739e-03,-1.463173587233022746e-03,-1.689227988409180634e-03,-1.537521479336537069e-03,-3.566908672501321702e-04,-1.181102747268819152e-03,-2.157863879651062322e-04,-5.765235836435666453e-04,-3.913709684281071717e-04,-2.137541447866123871e-04,-1.805334379774731646e-04,-5.908338214537984422e-05,3.217218514753911900e-04,1.256108670598294914e-04,8.501530404219345477e-04,5.677721088521829346e-04,-1.123527737445314699e-03,-1.277436855015469082e-03,-1.489714681565137717e-03,-2.194328489335577431e-03,-1.724535556031085888e-03,-1.357088375065123925e-03,-2.481511746353898110e-04,-1.714952316928313727e-03,-6.049318241640034947e-04,-7.849867962557644440e-04,-2.210636874626458696e-03,-4.017602540180756354e-03,-3.503655606267587399e-03,-1.135642588975248855e-03,-5.505372900639123740e-03,-1.528252729054933303e-03,-2.643065815294853328e-03,-2.067849980183355130e-03,7.506276338271334649e-03
-2.815999711119181789e-03,-9.031740083692746163e-05,6.312644976401539983e-04,-3.986648938177985465e-04,-8.590315472700724760e-04,2.934362139615402394e-03,4.000328295881994405e-04,-6.589300220383487476e-04,-9.184162540556493719e-04,-1.306329409039217382e-03,-1.416148037983877648e-03,4.828829083046709677e-04,-7.903174580966493886e-04,-1.784847262139466163e-03,-1.488630830663929252e-03,-1.914445805418250185e-03,-1.908046822246462805e-03,-2.628311837869285383e-04,-1.465262466182033242e-03,-2.310632163964412324e-03,-1.589307137049738184e-03,6.065504093056592154e-04,-1.053600486907748518e-03,-1.915190769121972265e-03,-1.886661831572692847e-03,-1.672304995002250405e-03,-1.403605435465041457e-03,-1.850385850424724095e-03,-2.326740539642712779e-03,-1.888774021054798712e-03,2.976079207625395424e-05,8.925571566018994027e-04,1.472346854649662484e-03,2.184929625468623026e-03,1.796680466539694833e-03,2.312821265638386782e-03,2.028225229871274179e-03,3.228153520794475786e-03,3.171054690614029913e-03,3.111115038766300300e-03,3.426808200676876096e-03,3.914540484162793398e-03,-8.903747937060624458e-04,-2.598332277811172143e-03,-1.747021174077744918e-03,-2.818419103206229979e-03,-2.640905306053582032e-03,-2.528427645108792966e-03,-2.374667152914786746e-03,-1.488768691475770645e-03,-6.556907970491937954e-04,-1.936855887269892888e-03,-3.240475861545525499e-03,-5.565679236057867289e-03,-5.013246498605395535e-03,-3.472970974656202671e-03,-5.783774921430947374e-03,-3.099420793034481265e-03,-5.928935198249246641e-03,-1.705731959282468652e-02
-3.757651892687732635e-03,-2.901708646285280305e-03,-8.239619751452929722e-06,7.183866694298975857e-04,-4.929783256114948341e-04,-9.000655091868866881e-04,3.076147699831148757e-03,2.844199310431186887e-04,-6.733383193166003929e-04,-8.986932077668229480e-04,-1.269483234892892533e-03,-1.344918593161774107e-03,3.665454445591862518e-04,-7.768674285470115581e-04,-1.679657334950440195e-03,-1.653966211197838284e-03,-1.815627312090963095e-03,-1.873552227598604576e-03,-4.298421423476690749e-04,-1.525991643286068924e-03,-2.240998898905738595e-03,-1.569245596543803432e-03,6.761909973181036600e-04,-1.294718159551171794e-03,-1.808565712325900998e-03,-1.916071898699591184e-03,-1.727310509103316708e-03,-1.392195042213553767e-03,-1.834389486416221392e-03,-2.102304149070774973e-03,-2.013928895912643884e-03,-1.339210835771592254e-04,7.885859746340443278e-04,1.558276418734421851e-03,2.185644412245937515e-03,1.740963595454649449e-03,2.390968200566157692e-03,2.240825370488743092e-03,2.939489377119095925e-03,3.072235937958231466e-03,3.247699181523255787e-03,3.306547703092050251e-03,3.780388870450945241e-03,-4.762147311903237065e-04,-2.951304922164413053e-03,-2.117879773169990300e-03,-2.903723691047824847e-03,-2.313374082480435228e-03,-2.188219965060128527e-03,-2.751242869406005185e-03,-2.356983037868441884e-03,-4.597342898200331525e-04,-2.179809862129815888e-03,-3.054212491988755884e-03,-6.320269263837693767e-03,-3.613184069394246613e-03,-3.660356478127294293e-03,-6.640438504842183925e-03,-5.662408040263263928e-03,-8.105956985108197371e-03
-4.507016513187958248e-03,-3.783282328242844154e-03,-2.906013747213176141e-03,1.115632953818927758e-05,7.127006628155998537e-04,-5.117787350901689160e-04,-8.161129614606207764e-04,2.911677455973715484e-03,3.625165541652240276e-04,-5.744046763305755672e-04,-1.027515969499204988e-03,-1.281229704256089908e-03,-1.440291983279664949e-03,4.338227459678925405e-04,-7.194548034269723173e-04,-1.783362367449702751e-03,-1.597877603439382815e-03,-1.873022955119461614e-03,-1.891720414151054977e-03,-4.138629300248538169e-04,-1.584110309195045120e-03,-2.107393182953088383e-03,-1.695584454152373240e-03,6.676017974258268480e-04,-1.198633724005723593e-03,-1.924405190429495649e-03,-1.987539457757740973e-03,-1.687804680040397905e-03,-1.547647485449940531e-03,-1.659096609872572894e-03,-2.353078305567084423e-03,-1.939662552598060610e-03,-7.216447238603512348e-05,8.459963931598206812e-04,1.538077596142763516e-03,2.059846967953195621e-03,1.775250473766335759e-03,1.876276200201612305e-03,2.501396645290579132e-03,2.939962141604618613e-03,3.274890001901663641e-03,3.201544081437838855e-03,3.282944640753766765e-03,3.831265805175601471e-03,-1.246055036202655926e-03,-2.254131470271758531e-03,-2.748370256980602142e-03,-2.548079660864756551e-03,-3.475341921324307491e-03,-1.801167721088755332e-03,-2.648760103141957652e-03,-3.005159159922416324e-03,-5.827212383638803034e-04,-1.113025842907794469e-03,-5.202132235573625647e-03,-6.075554799021989569e-03,-4.102756397708942973e-03,-3.844901547655587507e-03,-6.729427968516003139e-03,1.812121478412385750e-03
-4.781490269507237059e-03,-4.548033572331222282e-03,-3.737991972039648829e-03,-2.935793720548488840e-03,-5.683751792247363079e-05,7.106625431269683471e-04,-4.093435692783789406e-04,-9.699150251691930234e-04,3.010795052863596451e-03,4.057466209407843737e-04,-7.498021173053897280e-04,-9.236633435332361692e-04,-1.282955463817951614e-03,-1.420494532509154403e-03,3.693017123045401061e-04,-6.737574465811884588e-04,-1.762268037108546698e-03,-1.669919608556382764e-03,-1.960528803718883124e-03,-1.789393445148631081e-03,-4.542258042851933454e-04,-1.544177852282761386e-03,-2.309028061658821140e-03,-1.591567347672196266e-03,6.632063725180459843e-04,-1.258326780624571210e-03,-1.904134714037733489e-03,-2.032354281728346920e-03,-1.550743331696630709e-03,-1.479191348017616387e-03,-1.993938217035880808e-03,-2.155177037611002294e-03,-1.897120537032223565e-03,-1.133263636000217194e-04,7.808928741018380474e-04,1.600794660949074119e-03,1.887632624705001252e-03,1.747207325271577004e-03,1.780785505531179641e-03,2.463905496258360101e-03,3.124334918479966874e-03,2.724345145650088323e-03,3.300814537657910819e-03,3.319962634987397385e-03,4.009937057954008656e-03,-1.593181269282958716e-03,-2.620445933568432088e-03,-2.316274715533950344e-03,-2.902297174315477280e-03,-3.963540272795786600e-03,-2.730951525310487942e-03,-1.863125837270657734e-03,-4.232635287701825254e-03,-4.703447147968237629e-04,-2.346275183003314422e-03,-4.249164922953625571e-03,-7.602182947254482182e-03,-5.121449106975774733e-03,-3.986893025369173810e-03,-1.454205904275943269e-02
-6.248054875374265543e-03,-4.887157043230979173e-03,-4.530423200557635172e-03,-3.847132001113489578e-03,-2.840554251997327428e-03,-8.737382517628334698e-05,7.102780101319500260e-04,-5.091657350018862936e-04,-8.473758412419147082e-04,2.991562964694669761e-03,3.224048511297309154e-04,-6.819808789484698873e-04,-9.344133861364890348e-04,-1.407667132030979065e-03,-1.293976882167217814e-03,4.304293303569640288e-04,-8.092800861695894797e-04,-1.719495284003783519e-03,-1.683151269150691453e-03,-1.871364225139060750e-03,-1.876645481568975154e-03,-4.145785146666831054e-04,-1.607032990621791836e-03,-2.215110152933408294e-03,-1.843609674777789594e-03,7.671028257762548593e-04,-1.352976785296880567e-03,-2.152405027219017001e-03,-1.734895622754340470e-03,-1.774810077583515713e-03,-1.493345674034650666e-03,-1.660018839886697383e-03,-2.354072106755939180e-03,-2.134960346305772669e-03,-2.147630401840012581e-04,1.055125531901545668e-03,1.433288008651026303e-03,1.905317163481250794e-03,1.828192928964605078e-03,1.972330068442198960e-03,2.345638942889477583e-03,2.854043480299307389e-03,3.485325944512512961e-03,2.938115961601680485e-03,3.032403922047652561e-03,3.659044723472181654e-03,-1.185234478203432435e-03,-2.729311056963329343e-03,-3.157289102429787931e-03,-3.253825251698410498e-03,-3.575929556087139270e-03,-3.334505555552032957e-03,-2.262526032800497942e-03,-2.282898381258192770e-03,-1.633018705277396133e-03,-2.429446514054917159e-03,-5.722478149431981138e-03,-7.171898592235992353e-03,-5.298087045943391388e-03,-2.625696427465167709e-02
-5.417916556004158564e-03,-6.346283745351946268e-03,-4.952374651111456257e-03,-4.523508800049366035e-03,-3.801848246938792798e-03,-2.896707673753629812e-03,-7.525512988416335801e-05,7.355123613310435510e-04,-5.334404894922660989e-04,-8.962976904837543753e-04,2.981640961581685616e-03,3.888178041487123145e-04,-7.123284470260263582e-04,-9.623265770838381828e-04,-1.294920797429969465e-03,-1.379294049420106121e-03,3.879828726572034296e-04,-8.317416671930004911e-04,-1.699431122947183629e-03,-1.739362501501177114e-03,-1.800010819172895640e-03,-2.019866124804986594e-03,-3.223661695366260402e-04,-1.610811563336562264e-03,-2.180105830098870608e-03,-1.848703890898478622e-03,7.358208454011189951e-04,-1.344929434611824527e-03,-2.261433809996928664e-03,-1.804866415344809349e-03,-1.768921225244077635e-03,-1.391492694303697250e-03,-2.009504273780397723e-03,-2.230383629554849936e-03,-2.079780179417433858e-03,-2.547198765597047973e-04,8.919980888756984336e-04,1.461160457796869183e-03,1.843852543037380462e-03,1.815724935179328838e-03,2.204029210394713081e-03,2.342454706986872148e-03,2.754512801252701100e-03,3.289692099788456888e-03,2.782107045863517654e-03,3.491303011128793921e-03,3.690459423357305042e-03,-1.846604922199088965e-03,-2.894449064846312241e-03,-3.141806738535685758e-03,-3.515606351593753356e-03,-3.725935413110858987e-03,-3.160987798830397748e-03,-3.847231115931269360e-03,-1.751163079955688146e-03,-1.666929660461946355e-03,-2.425898797866287912e-03,-6.835842637219361438e-03,-7.108410100583167565e-03,2.830459019479058570e-03
-5.584810040954814141e-03,-5.415997724755261533e-03,-6.511196020032456941e-03,-4.848236068256241496e-03,-4.555999707343850839e-03,-3.857614646479759143e-03,-2.905687234666675528e-03,-7.575126981518300019e-05,6.731340544801596784e-04,-4.565955456417427412e-04,-9.021420736820816863e-04,2.884402839406097901e-03,4.005009566882323548e-04,-6.385619761397568622e-04,-1.033757873651894700e-03,-1.243936407732923986e-03,-1.475583794214771352e-03,3.740550929204721885e-04,-6.907868079859346517e-04,-1.810842423632450741e-03,-1.662437185568272453e-03,-1.973104243377706273e-03,-1.933453277718913095e-03,-4.298819645746393046e-04,-1.600457597207799064e-03,-2.244038750493072484e-03,-1.708532418792102362e-03,6.702067292346889239e-04,-1.418324533348171504e-03,-2.004648333912151335e-03,-2.025491041045913120e-03,-1.764144104598447784e-03,-1.398363241050055474e-03,-1.990294346307946820e-03,-2.304246424304346244e-03,-2.122733052346657736e-03,-1.477145093498051607e-04,6.417030520986691071e-04,1.434257142293304723e-03,2.004186865997356105e-03,2.071735676279439463e-03,1.926867376548786152e-03,2.132236089771755595e-03,3.119234129809116823e-03,2.623451659678101809e-03,2.875168467021318314e-03,3.354300528201113653e-03,4.200918163042562624e-03,-2.440541957269566197e-03,-3.396563529699890300e-03,-2.684036031118546429e-03,-3.681959219138150174e-03,-4.723737005170565786e-03,-2.840780841578430856e-03,-3.803648711027995781e-03,-4.079005825411936847e-03,-2.317770426617792609e-04,-2.902346541977958265e-03,-7.470741800755098874e-03,-2.129784754628949797e-02
-2.648912276252493331e-03,-5.524647968558423286e-03,-5.512373878770503513e-03,-6.440899289467224426e-03,-4.978520691601722239e-03,-4.532834493993324020e-03,-3.926303887894786251e-03,-2.934573035735697603e-03,-1.188284101455183592e-04,7.532849632177011359e-04,-4.620265510216286999e-04,-9.019628471417844235e-04,2.927439917776185341e-03,3.491870724749227537e-04,-6.836386049381012152e-04,-9.388914767652257890e-04,-1.333896979932118303e-03,-1.551741639577657907e-03,4.570341028658046756e-04,-7.831288130115042706e-04,-1.706870828506763934e-03,-1.759904395812174772e-03,-1.918461015405581969e-03,-1.985372131371187805e-03,-6.485003502532419792e-04,-1.431096626290862678e-03,-2.368486151748497824e-03,-1.732087536012469862e-03,5.225186902432075618e-04,-1.343884064057208590e-03,-1.943624215112749144e-03,-1.724976042555017046e-03,-2.101199333487368572e-03,-1.425792897842525098e-03,-2.240011137349181593e-03,-2.478936101789439017e-03,-2.134715055613495716e-03,-1.165866440883142028e-04,7.089958231562790581e-04,1.234741084872259965e-03,1.713718426380070065e-03,1.592502758358036070e-03,1.986784367183322061e-03,2.240058472111850114e-03,2.401588153769345420e-03,3.067202462045508834e-03,2.231959442136003963e-03,3.317554706064153227e-03,3.472267542832898225e-03,-2.564668670945288893e-03,-3.654200015334389817e-03,-4.452788481959735201e-03,-4.381846340314509217e-03,-3.790978006495724067e-03,-4.505397762508978228e-03,-2.771900366635178265e-03,-3.269960584699534590e-03,-5.646751379944508781e-05,-3.605414611478723053e-03,9.260356504622660467e-03
-5.039491561503255460e-03,-2.622251726546989160e-03,-5.567476904123826176e-03,-5.483124500522493922e-03,-6.634696245770394310e-03,-4.925509231754840803e-03,-4.644936713193079797e-03,-3.841823199810337833e-03,-2.844609516703447936e-03,-1.693848334055945255e-04,7.086403230617150393e-04,-4.447535447932110747e-04,-9.006215132843915479e-04,2.805451576264026553e-03,3.790481602903827941e-04,-6.336898266985182323e-04,-1.012478337206760594e-03,-1.313146983424284342e-03,-1.441542257391432687e-03,3.710174211011697917e-04,-6.825460463933823206e-04,-1.935944753698680063e-03,-1.694360357410494219e-03,-1.883058990952612890e-03,-1.977569184493842280e-03,-5.117362171936071149e-04,-1.659092750816433363e-03,-2.232908640846538624e-03,-1.819395415962320921e-03,5.070996677530458961e-04,-1.065795200360494062e-03,-2.271663992715545338e-03,-1.805934034817724583e-03,-1.837478823653513260e-03,-1.408775026953264188e-03,-2.195787561002269638e-03,-2.559635711690759919e-03,-1.892376823093452638e-03,-1.759078545093833859e-04,3.156680012996258941e-04,1.643426600017159787e-03,1.637414243679193374e-03,2.045983103633852718e-03,1.688743416785859659e-03,2.675067194690300930e-03,2.688218622024026935e-03,2.957944874185431186e-03,3.048690662834717836e-03,2.924972768200812933e-03,3.757177454597189752e-03,-2.627134429179576579e-03,-3.867561604671348411e-03,-3.710540855065838899e-03,-4.577438658030138705e-03,-5.095507639276445136e-03,-3.483666050592883028e-03,-3.936831345639147522e-03,-5.162567154014343664e-03,-2.316623972121518559e-03,-3.994794997568496681e-02
-1.882058128150098644e-03,-3.599662406809760792e-03,-2.170617066571128503e-03,-4.052921401415746257e-03,-3.835414255353694884e-03,-4.766410348020418478e-03,-3.497978317755986132e-03,-3.250870806578997924e-03,-2.682773575128075214e-03,-2.039003933598427035e-03,-2.091285515117355528e-04,4.176545150942749551e-04,-1.763584527475416542e-04,-6.258214566206807576e-04,1.832736258812659629e-03,3.196942340350019686e-04,-4.163890480827601862e-04,-6.100199669145704934e-04,-8.797081972140111681e-04,-9.514992092432478015e-04,2.703539817920355063e-04,-4.721079996913318702e-04,-1.303174638196203175e-03,-1.064351189472961248e-03,-1.417394198064016999e-03,-1.424451244710105884e-03,-3.522904034099923177e-04,-1.098617021488304708e-03,-1.620829272773688249e-03,-1.292820974487522440e-03,4.189421060722488049e-04,-8.648882765940202203e-04,-1.605942148332131910e-03,-1.731490448187060407e-03,-1.225643612202275204e-03,-9.441026963917122485e-04,-1.232740133303263140e-03,-1.948445571624920179e-03,-1.526989677241268788e-03,-6.521306538547628736e-04,5.799197628667881067e-04,1.897439575928173538e-04,7.031500946124073607e-04,1.235784376430331538e-03,5.888881154607458670e-04,1.018665180363543307e-03,1.377208121548919358e-03,1.460244093858209481e-03,7.952932783981369854e-04,2.490206264508864047e-03,1.426187329711906633e-03,-3.468447986442628472e-03,-3.957754207386816013e-03,-3.727425001945319262e-03,-4.542882967560944382e-03,-5.066484333104151472e-03,-4.564975269501503341e-03,-3.949426935039893408e-03,-3.265656659307352230e-03,7.504036860368815641e-03
2.636969949392823764e-03,-9.772858579892886033e-04,2.509113172319916030e-03,-1.657544822211394562e-04,2.819527069183313649e-03,3.513340412867183363e-03,3.231815557868866415e-03,2.814690119760433241e-03,2.846112966861874018e-03,2.805250199640030220e-03,1.850723668785801126e-03,-8.743264917581965862e-04,-5.186994852778916169e-04,8.253750235339079406e-04,6.612394905529570769e-04,-2.653121783832864972e-03,-4.068036035062695910e-05,1.013495228197104116e-03,7.698658470602108214e-04,1.360974075449949494e-03,1.133534340166550587e-03,-6.284909068652674456e-04,5.192482391444356313e-04,1.303096627827759514e-03,1.487047015549566647e-03,1.669402213366036379e-03,9.307425932240769853e-04,-2.507736959845592974e-04,1.194799308086660862e-03,1.799076288576618261e-03,1.301087895056282596e-03,-5.384426805306918905e-04,5.969157638904103993e-04,6.981596392565720018e-04,1.075792128756615073e-03,9.926994659929559098e-04,1.422941385669646008e-03,1.391550933378650490e-03,1.459115762933867752e-03,8.710693748267801058e-04,-7.158150115889331177e-04,-1.890162334296250756e-03,-2.683826438797961341e-03,-3.797818406821279903e-03,-3.636943129728298970e-03,-4.137437038992813204e-03,-4.747483472185020509e-03,-4.988596637296744546e-03,-5.684081540070520105e-03,-5.682600125105812319e-03,-5.592962515944815451e-03,-7.701992774535620923e-03,-4.158553283921558735e-03,-2.188885518617456494e-03,-3.096015848053060640e-03,-4.479799924133445570e-03,-2.622757120490091728e-03,-2.118675214060369242e-03,-1.448936951696458680e-03,2.159796245678733892e-02
2.856716378271293658e-03,2.646910746352013327e-03,-1.021640403538470309e-03,2.514934315671030901e-03,-1.932623583506366881e-04,2.854156819862620990e-03,3.524206687142764777e-03,3.251878881841421213e-03,2.677532396230611518e-03,2.929238446042739443e-03,2.768938681777489801e-03,1.752565101052985623e-03,-8.343934921572841159e-04,-4.377952621649259905e-04,8.003099263633393608e-04,7.345200877495011412e-04,-2.771513896839853004e-03,-5.187649318653908233e-05,9.171606201448513586e-04,9.184896749741081621e-04,1.352398394571100934e-03,1.149412606321111420e-03,-6.891316007797676762e-04,5.772941051781384485e-04,1.041418724345451142e-03,1.777787901725426606e-03,1.438354810906120875e-03,1.137066949211362884e-03,-4.356579049237998408e-04,1.349709566373929245e-03,1.645822684226110142e-03,1.419172797350299730e-03,-6.561176900734280943e-04,6.378490457768684185e-04,7.204368436917415498e-04,9.697619301638174712e-04,1.016071755186664840e-03,1.503878907652362500e-03,1.254531714528454986e-03,1.246441893301103703e-03,1.316685538197606004e-03,-8.104024003805350386e-04,-1.956882079954686167e-03,-3.048912246919303556e-03,-3.936337147611358722e-03,-3.361955401782251805e-03,-4.591862747134369503e-03,-5.218205251629123853e-03,-5.425259759638726038e-03,-6.334010244323188578e-03,-5.258967914508347330e-03,-5.400588673064447495e-03,-8.784979590783654688e-03,-4.865015913713180949e-03,-2.632363451953744372e-03,-4.757616970669502343e-03,-2.814070391793156191e-03,-4.540333231780100884e-03,-2.480210535686083653e-03,3.371888558107302009e-02
2.164471999067550754e-03,2.779983270681055021e-03,2.635490230443998400e-03,-9.505704512862429411e-04,2.451416751530908784e-03,-1.849293149286045611e-04,2.822955400740346545e-03,3.538022757692314314e-03,3.199515585861218911e-03,2.762379177751289952e-03,2.810809534275280318e-03,2.828330782651269307e-03,1.746437713903254427e-03,-7.763165689717551124e-04,-5.293329324301433844e-04,7.821418857708001098e-04,6.839751972267818590e-04,-2.735048884026426621e-03,-8.932538025858814966e-06,9.174883972881344059e-04,9.005146456562286138e-04,1.398612950240839823e-03,9.896712384194204012e-04,-6.429315427059779367e-04,6.535696993124378218e-04,1.055882218407343384e-03,1.659970660176569423e-03,1.493010870027798630e-03,9.715336775606893144e-04,-3.030609445474033610e-04,1.202803954334560931e-03,1.822374760260520423e-03,1.359635820866048625e-03,-6.131040740101966835e-04,5.534067866086567851e-04,4.782765975739767107e-04,9.730221502308869031e-04,1.152670845869732501e-03,1.463297193226737033e-03,1.023591005275968375e-03,1.710316924290548098e-03,8.982547989807460618e-04,-1.110829872896976732e-03,-1.837012904686149625e-03,-3.165791792819486108e-03,-3.961528553667055530e-03,-3.915170038110620497e-03,-4.054902596587047110e-03,-5.840514235233722901e-03,-5.563992149029231907e-03,-6.576295441768196907e-03,-6.026225421020312868e-03,-5.447180073590179340e-03,-9.527437849554589583e-03,-4.628731985114899021e-03,-3.569999886209097341e-03,-4.478583161086365991e-03,-3.961807385118342080e-03,-4.519298787225185798e-03,2.135254373534604608e-02
1.795392147436100693e-03,2.142414104606821940e-03,2.833751657270309598e-03,2.606064646339266346e-03,-9.918434140491231774e-04,2.459795927466753001e-03,-1.207963712415826684e-04,2.766175470510894626e-03,3.538758891515217039e-03,3.147581565963381619e-03,2.769688537042663129e-03,2.895397264006052337e-03,2.673053816726705684e-03,1.793126287930485799e-03,-7.842529832619951928e-04,-5.937203389272000540e-04,8.914100450946877818e-04,6.577076648771148408e-04,-2.734605255218263819e-03,-1.227805191032223622e-04,8.624324605605956278e-04,1.014424254673780426e-03,1.340095547619965565e-03,1.103790002192431459e-03,-7.306339053648675582e-04,5.748634565376768051e-04,1.164331433479176819e-03,1.657759330156476562e-03,1.568706658296902022e-03,8.740403313056476029e-04,-3.033563408938631193e-04,1.254155070211066415e-03,1.827041898175254392e-03,1.206782358122146515e-03,-5.152124811176252584e-04,3.777490070477895756e-04,5.383080345048392359e-04,1.114114095555262520e-03,1.131707714853797926e-03,1.193908232296227862e-03,1.391450870371117214e-03,1.354139288017866581e-03,9.759579903287611156e-04,-8.638263149526599193e-04,-2.026064214524673796e-03,-3.352813873164335601e-03,-4.208402589786157388e-03,-3.751987060903749522e-03,-5.144676204883800834e-03,-5.664068649681832171e-03,-5.491222372133734882e-03,-7.146353111841577919e-03,-6.741082043702421693e-03,-5.318995238060237295e-03,-1.066381392921498562e-02,-5.996162973284497461e-03,-2.360296706935428174e-03,-4.469665586110808594e-03,-5.639987490311641066e-03,1.821144234946965937e-02
1.358615534435207760e-03,1.793583686687275037e-03,2.125016067403066172e-03,2.761507281528365141e-03,2.645288903350140330e-03,-9.506627641043900170e-04,2.426119703867583594e-03,-1.446143190358938893e-04,2.773827878009105068e-03,3.482626067970898825e-03,3.234226277404927356e-03,2.698461436979064133e-03,2.874029623725013211e-03,2.742533494829609269e-03,1.731923592049241243e-03,-8.073265596202048059e-04,-5.379972793086508802e-04,7.823375751270974501e-04,7.262469367152599902e-04,-2.697456211415697868e-03,-5.920936535583300517e-05,8.042356347033639092e-04,8.733399009829274744e-04,1.465965771170914950e-03,9.820987311137698277e-04,-5.573625557346510544e-04,4.682479430855181310e-04,1.120680383948429891e-03,1.537728808049991427e-03,1.488883479024312494e-03,1.033616679941367538e-03,-3.109722994068654200e-04,1.212137901888111786e-03,1.710902613369763006e-03,1.505441777267654260e-03,-8.238036874744321045e-04,4.702833234607573616e-04,7.158740708194245676e-04,8.685027948612374310e-04,7.553892725030590454e-04,1.452634584624422397e-03,1.307033088817291825e-03,1.117175483059564553e-03,1.205244537875820770e-03,-1.083755266614902513e-03,-2.460417126138603802e-03,-3.095886886594540789e-03,-4.545010788032806913e-03,-4.080226164032398073e-03,-4.489004290217491963e-03,-6.478154719003595234e-03,-5.963253090525870610e-03,-7.345695511771838625e-03,-7.140391798922016489e-03,-6.046362145562401112e-03,-1.135239336558528135e-02,-6.083054565602644646e-03,-3.255429200198737150e-03,-6.227056619524154110e-03,5.329823363309491024e-02
1.041895040590063576e-03,1.341493944047259012e-03,1.770918034934423207e-03,2.096900984864042815e-03,2.829020323408815152e-03,2.646702568659459274e-03,-9.770836058621617734e-04,2.381737053884300757e-03,-1.498635229712760376e-04,2.783053863626365042e-03,3.449112323414634321e-03,3.226621656580359356e-03,2.685500721736249711e-03,2.858006675885116712e-03,2.760215742757333827e-03,1.668828729146750378e-03,-7.302994571248538208e-04,-5.177443694366708118e-04,7.599261563348532270e-04,6.223836251981390349e-04,-2.678503294075118470e-03,-1.365249150773065006e-04,9.448069980328784208e-04,9.136088330180489612e-04,1.235549649132928031e-03,1.211831150710062505e-03,-9.220754873929915907e-04,6.843363392912258812e-04,1.278605281691206968e-03,1.427186165485074638e-03,1.507624837549393065e-03,1.017232869661982911e-03,-1.599263883999739531e-04,1.086404425529223202e-03,1.692897293624462049e-03,1.222491071108679954e-03,-6.793514783847086043e-04,3.482347981958902432e-04,1.290113454986141928e-03,4.557817017585243297e-04,8.422846327763112767e-04,1.646585147420179251e-03,7.726757946909122623e-04,1.613211642977951726e-03,6.490837638268850485e-04,-1.167346258553770286e-03,-2.168690532720907345e-03,-3.690128991161552557e-03,-4.605395185014634664e-03,-4.009473329807075256e-03,-5.650168155590586105e-03,-5.926318692537281725e-03,-7.024058565577482108e-03,-7.341880518274297024e-03,-7.671782045415570864e-03,-7.264426536910241136e-03,-1.103890348417076520e-02,-6.636620202527424711e-03,-3.938638181643570359e-03,5.866873381190516878e-02
5.934964620905821588e-04,1.036282991787919935e-03,1.385005287541101306e-03,1.770180702834238395e-03,2.104438155913293702e-03,2.772219049446278914e-03,2.629053632334248016e-03,-1.006120256230091502e-03,2.452983905764120117e-03,-1.862269926745934064e-04,2.799959468402533208e-03,3.465718779504009962e-03,3.110050893343178566e-03,2.752767304344578767e-03,2.918416570337967458e-03,2.622824282490037601e-03,1.828156630281206185e-03,-8.207432957241406766e-04,-5.225814655641034803e-04,8.446284750952062770e-04,6.323432731406395009e-04,-2.853904293140756450e-03,-9.176919738206531780e-05,9.612421776314694936e-04,9.849176182048170660e-04,1.338410342442720178e-03,9.900378047827131621e-04,-7.173132770784840934e-04,6.371536148560925841e-04,9.858522847469336665e-04,1.689954897982520830e-03,1.556358657355855820e-03,1.174540874105293965e-03,-5.149818831798602670e-04,1.189279290295069784e-03,1.843101793606571935e-03,1.162293413097120537e-03,-3.957819356725744654e-04,7.400107610348207582e-05,7.185887923138364322e-04,4.743836368081428808e-04,1.381076774618779238e-03,1.294245110512975364e-03,1.541512635205038182e-03,9.022594371442105689e-04,1.126045080304953440e-03,-1.312470292771548150e-03,-2.435437991813418218e-03,-3.362523338405560593e-03,-4.922413416963438218e-03,-4.364644776031907994e-03,-5.084039369180766085e-03,-6.733247213852150762e-03,-7.011671804889358858e-03,-7.934228728784275750e-03,-6.944786692653252130e-03,-7.271584754538564649e-03,-1.373818419275831676e-02,-6.159720328084269426e-03,3.572841339276402323e-02
1.070044651195128883e-03,5.605621123688241158e-04,1.028148455179989616e-03,1.363320868506291954e-03,1.761868177736711834e-03,2.117205869816268099e-03,2.835692917973298838e-03,2.602747409406711530e-03,-1.047992854905041484e-03,2.489041520932830723e-03,-2.094728469267617297e-04,2.807687215619782996e-03,3.420292656741803425e-03,3.153239116649124776e-03,2.759650372658073014e-03,2.824987254625433743e-03,2.637831395351965778e-03,1.809945130779752999e-03,-7.977424066887594308e-04,-5.927826941041953752e-04,8.446947105676499675e-04,6.850558849343957877e-04,-2.786867643132877846e-03,-1.454069673654919336e-04,8.248438662958629698e-04,9.910080227875360005e-04,1.431889999509296718e-03,7.971597514554237948e-04,-6.763738803010051290e-04,6.333343587296289467e-04,1.116303389040441702e-03,1.657477606642041804e-03,1.498467832638511379e-03,1.188673087542152246e-03,-6.260626700524110546e-04,1.439228550141910187e-03,1.780954989101163777e-03,1.200919648275839639e-03,-7.793893472647449696e-04,2.305645698988120036e-04,5.564372816740825083e-04,9.461655713830039588e-04,1.045583898091611815e-03,1.457948593565534324e-03,1.203736888430985853e-03,1.183712086024813533e-03,6.797496769232892321e-04,-8.825480232475863994e-04,-2.682314549677864736e-03,-3.782069880368274691e-03,-4.595667578349091169e-03,-4.892662919039278586e-03,-5.831492507627154473e-03,-6.874332917238179866e-03,-7.677796643005062142e-03,-8.157041897206476072e-03,-8.049826280079417501e-03,-6.737135029012113890e-03,-1.476368842364318180e-02,3.464432810550747976e-02
4.489344153298889355e-03,5.441266518417841799e-03,5.103475513947468463e-03,5.526987117313487616e-03,5.317832766429203724e-03,5.734370185896288732e-03,5.611181261865694735e-03,6.258162480991307820e-03,6.124281991244288556e-03,1.935208703095818873e-03,4.892673991277074474e-03,2.299933936179230157e-03,4.814917928538700945e-03,5.427096039598048108e-03,4.678570861227231842e-03,4.618941656291853000e-03,3.861415586587513358e-03,3.745377173204199502e-03,3.206448988747036700e-03,2.347337098361362037e-04,3.183418792257675838e-04,1.792964038155610155e-03,1.751335524066087966e-03,-2.412386457571157050e-03,4.806265852181758965e-04,1.368083477204988605e-03,1.856035254935287093e-03,2.407176019960259594e-03,1.921703781447988866e-03,-6.696585969565253945e-04,5.799858935187538703e-04,1.232431305219798849e-03,9.675148171565355190e-04,1.519626559424531488e-03,9.204836775542190458e-04,-1.001823880264719616e-03,7.818426700288738955e-04,1.195714277253145637e-03,6.588034146730198945e-04,-1.737134699041539701e-03,-1.034966087032060606e-03,-2.082341679847349997e-03,-1.698832466543407152e-03,-1.393742341656842472e-03,-1.599347628609940671e-03,-1.278813728659422251e-03,-1.277102707756575797e-03,-1.952342290785863410e-03,-4.206453571078371846e-03,-6.023215904259608330e-03,-7.635381947768449772e-03,-9.509456860720487403e-03,-8.460960358490461283e-03,-1.115964937934490857e-02,-1.182094887291016555e-02,-1.460461385791293580e-02,-1.304744428221658870e-02,-1.452196814881647792e-02,-1.479391357488209040e-02,-2.845521758379860114e-02
-5.918267895026977504e-03,3.144463975548184020e-03,1.604540063502802845e-03,1.567895823089649268e-02,1.815129100212086854e-03,-9.582666673545549079e-04,1.613605070607480527e-02,-3.464485503487920847e-03,8.806157975000231813e-03,-6.230021940526629318e-03,1.069304149413584197e-02,-7.123343632558435182e-03,1.350299402327831237e-02,3.110319035850576583e-04,3.446497351982405477e-02,-3.200231997367757042e-02,-3.950690383170586163e-03,6.654770022020544198e-03,1.112021913075812718e-02,-2.675165703312430004e-02,1.504963581918863924e-02,-2.596703505962214735e-04,-1.089631319238516024e-03,4.819177718720474637e-03,-1.088772061359646187e-02,6.999679298009033220e-03,-5.092376866966160341e-03,7.056748516182024915e-03,-1.943991682942006497e-03,-7.866439003323070361e-03,1.955676185922312210e-02,-1.297903581592682425e-02,-6.959871020788625231e-04,4.881642111827081722e-03,-5.124246570651169383e-03,6.077636827838055027e-03,-6.063611331505776823e-03,3.115239312493038072e-03,-1.640375170338578478e-02,1.767413871253823918e-02,-1.071252290923549975e-02,1.275964798433872407e-02,-1.370573050011848586e-02,-2.857785275285637527e-02,-1.213014155954421358e-02,1.097213995106888912e-02,2.258568276793021957e-03,-1.166019179127534590e-02,1.526064352526857772e-02,-1.781170133738063308e-02,1.250494419686190052e-02,-2.943036424506749113e-02,1.155390788125673987e-02,-2.347937940880719110e-02,-6.169596807821402067e-03,-1.851668960129217514e-02,-7.438593562450006996e-03,-2.674596147735733634e-02,2.156167669312874288e-03,-4.131761995173992980e-02
-9.733164321980118661e-04,-1.039567650220974424e-03,-1.069988619332515193e-03,-1.152391069890480778e-03,-1.355913731179557262e-03,-1.054119522501226159e-03,-1.252936623175312635e-03,-7.540977000934281221e-04,-1.038312681012310782e-03,-8.758180183536424948e-04,-1.085423559489604676e-03,-1.013891796302441358e-03,-1.636421846335874963e-03,-1.532577691984306472e-03,-1.472552628964267406e-03,-1.523062936862662042e-03,-1.386069362220503998e-03,-2.018413507524091481e-03,-2.556173633071417029e-03,-1.049935689672805731e-03,-9.382148387097017728e-04,-1.414764815788129102e-03,-1.928235341653526148e-03,-1.757828101257361778e-03,-1.728478053643119332e-03,-1.386105994474639896e-03,-1.416386663621126314e-03,-1.434625066687199735e-03,-1.297469942787664006e-03,-1.248090086622760274e-03,-1.383403046494163400e-03,-1.304215607838876733e-03,-1.755371677203203381e-03,-2.020118102275937286e-03,-1.662139856792847585e-03,-1.542180440063752782e-03,-1.872171309409596199e-03,-1.995518435309746094e-03,-2.162604145720181410e-03,-2.178716688242051704e-03,-2.384407258053060103e-03,-2.323826119956645068e-03,-4.673748030125025009e-03,-4.140371191011752751e-03,-3.331377373802953817e-03,-3.990322401719474665e-03,-3.588000180207656133e-03,-4.407995384667527487e-03,-4.651756304971275610e-03,-3.929847900887665883e-03,-3.357935445741597972e-03,-3.511458557447555417e-03,-3.725800544460229104e-03,-4.455437822860196240e-03,-4.410200005726819597e-03,-3.852169140827908268e-03,-3.862809473794128097e-03,-5.277865572300130537e-03,-5.532742560572368254e-03,8.771067801050703647e-03
-6.528927723030007084e-04,-8.932969075454047329e-04,-8.641112857275558539e-04,-8.158237916202039841e-04,-8.783781398489033708e-04,-1.006587453650446612e-03,-7.374973209638140560e-04,-7.279736993218238967e-04,-4.721925589394682988e-04,-7.528948530826644510e-04,-5.148665872109148755e-04,-7.455079696271770147e-04,-6.548076804473431994e-04,-1.216142112191173586e-03,-1.129462559114569227e-03,-1.197914824499414499e-03,-1.155942767382792807e-03,-1.491399690290683144e-03,-1.522998182579956596e-03,-1.031214824272398949e-03,-8.575492692931273872e-04,-9.478966084304654531e-04,-9.906824397042678955e-04,-1.751850091704028160e-03,-1.409980466742010840e-03,-1.502241650638302213e-03,-1.166694520092274607e-03,-1.223243145900731977e-03,-1.047152918060328909e-03,-1.162618777448888065e-03,-9.320040649040090908e-04,-1.208660110835301296e-03,-1.068073022998099414e-03,-1.736369621443680346e-03,-1.395618896637440239e-03,-1.634743618484583126e-03,-1.058417871427650174e-03,-1.881112530712618922e-03,-1.860339224210909087e-03,-1.592051500115521621e-03,-2.109740932642542761e-03,-2.102429911625559172e-03,-2.318760119398802916e-03,-3.514168475671122956e-03,-4.319283648574243073e-03,-3.470797320834976499e-03,-2.801316408417786879e-03,-3.818300011295655549e-03,-3.941725433175829497e-03,-4.448702088326498584e-03,-3.628255169274232153e-03,-3.063933044269765392e-03,-3.406127657109750406e-03,-3.856816990036771205e-03,-4.675954118049867152e-03,-4.524264998578305177e-03,-3.451106505304652513e-03,-5.000032412839759514e-03,-4.837539781375426243e-03,1.060669888307520098e-02
-8.269373271316061199e-04,-5.143015313858120829e-04,-6.192314011338377697e-04,-6.613714386961347651e-04,-5.454299717699365993e-04,-5.408684042007095910e-04,-6.808333417788770556e-04,-5.024058099805393850e-04,-4.494925311310427507e-04,-2.054494182536370647e-04,-3.795448196555748009e-04,-2.509565278536255426e-04,-4.484049608130378129e-04,-3.517044185962566079e-04,-9.161013554286677289e-04,-9.111342603135209233e-04,-9.203391017596326742e-04,-1.177766689582961492e-03,-9.334294806939538768e-04,-5.983485793978008532e-04,-1.029682423963042054e-03,-8.657751858321599331e-04,-7.057154204528681479e-04,-7.528227786703427194e-04,-1.470219033366899344e-03,-1.222397385270479865e-03,-1.079603728134378255e-03,-8.822011993587727547e-04,-1.131710821339820122e-03,-9.549625871628139844e-04,-9.233107406304153896e-04,-6.750959366042411178e-04,-1.050212196699533418e-03,-8.321549913805806982e-04,-1.528727592059381463e-03,-1.393944848727666748e-03,-1.388375692330850271e-03,-8.802484374297131443e-04,-1.566941837906336192e-03,-1.817643459477211133e-03,-1.270720557997947250e-03,-1.952348031746706843e-03,-2.066532169173373925e-03,-2.116124479427777903e-03,-3.582780622292266581e-03,-3.659681949845933809e-03,-2.864028710750083154e-03,-3.200792866264879320e-03,-3.127679511900263894e-03,-3.964320771129345618e-03,-4.215258373987141108e-03,-3.847584435239833137e-03,-3.153058796586890450e-03,-3.406882022471875021e-03,-3.734487312625169985e-03,-4.576182393989649752e-03,-4.160832911326283259e-03,-3.905065076645864233e-03,-5.642851834763727703e-03,7.982417262328154323e-03
-5.349731658423095056e-04,-5.631604714092135807e-04,-2.794263542439747480e-04,-4.078248968306164880e-04,-3.570060715260766639e-04,-2.548655517217594856e-04,-2.040501020578493945e-04,-3.544653080266151621e-04,-1.897801852443575755e-04,-1.707186857251765256e-04,4.605306623042464907e-05,-1.197827479159060867e-04,-1.008750994440363582e-05,-7.484686169479946622e-05,-2.086784477765546691e-04,-6.568888855039430692e-04,-6.427860499498684686e-04,-9.818180843781249001e-04,-8.205115481061214756e-04,-2.581529904008539301e-04,-4.675830477779757341e-04,-8.586313528246917711e-04,-6.466572477777372645e-04,-3.854973067080755484e-04,-6.777593600485137901e-04,-1.152200065730638956e-03,-1.028944450331990617e-03,-9.405462456263103104e-04,-6.741261104920542434e-04,-8.734586819307127697e-04,-8.751053370202126723e-04,-6.525489176762989648e-04,-5.946590851399583292e-04,-9.048529098655863460e-04,-8.998743075763958278e-04,-1.040582904304049360e-03,-1.225407335591835326e-03,-1.338043410626665614e-03,-9.330388290739853206e-04,-1.222400622294945180e-03,-1.650720272574388676e-03,-1.321046876790799886e-03,-1.758170207878782419e-03,-1.495593847881617052e-03,-1.923859828768911991e-03,-3.725323543576869716e-03,-2.957366189501695920e-03,-2.861675796261533861e-03,-2.515377557867301897e-03,-3.460519065579255142e-03,-4.056840147218966110e-03,-3.733875370141609418e-03,-3.908494632467361674e-03,-2.735485746627502619e-03,-4.183176250572772856e-03,-4.525786300620282532e-03,-5.000517915122173682e-03,-4.906165396584528764e-03,-4.291028289601651370e-03,7.872422590272499729e-03
-3.888612743849548096e-04,-2.748436826512927369e-04,-2.832627322443207873e-04,7.791803256143971842e-05,-1.494447031674009212e-04,7.371019737947300627e-06,3.034635494964472977e-05,2.812840889799568585e-05,-2.877994708767055000e-05,1.806394393341492500e-05,1.055106826809938729e-04,2.481823958419349715e-04,3.241909560844512039e-05,2.001826622453220321e-04,6.014216081177789829e-06,7.304320835010675130e-05,-4.288149021779824035e-04,-4.734191706557914071e-04,-6.574362233385031397e-04,-3.021674314681448452e-04,-1.526508294118776089e-04,-3.537661144533647958e-04,-6.481985044187897269e-04,-4.038517559289975050e-04,-2.501214858699588625e-04,-4.953338457908957985e-04,-8.359666154026865453e-04,-8.389341576587951458e-04,-7.383813491101215388e-04,-4.380477921101964475e-04,-6.274327388545095086e-04,-6.158046417726573303e-04,-5.460205802069481671e-04,-4.638599044623126135e-04,-6.300143066682816189e-04,-6.050460348345623523e-04,-9.788446353495858579e-04,-1.095331762357326742e-03,-7.693268061795964681e-04,-6.763106602569692776e-04,-1.088928831875784261e-03,-1.272431203817297974e-03,-1.108984127626747203e-03,-1.666480216777096188e-03,-1.465157667118282409e-03,-1.779654500854917307e-03,-2.704693652601742812e-03,-3.303489490421113173e-03,-2.025142786150214546e-03,-2.455914745343180418e-03,-3.321079164241868588e-03,-3.537333716574580633e-03,-3.924148723440911042e-03,-3.719449538465102473e-03,-2.723993539991869436e-03,-4.176361530641546291e-03,-3.850753831061790727e-03,-5.859212795843422340e-03,-4.385740670741161348e-03,1.040223771858855839e-02
7.298086385533354822e-05,-7.024219372078008164e-05,1.370432039702618187e-04,6.722869507691930783e-05,4.043722563652788426e-04,2.372322351317042357e-04,2.445645790335522918e-04,2.455879462342865820e-04,3.141543855915960616e-04,1.641400097426257436e-04,1.904547162720295929e-04,3.468040026746284040e-04,3.596266763508652224e-04,2.747241706109797245e-04,2.739708872721861779e-04,3.379165610966522763e-04,2.338689434608070422e-04,-3.988465541415801255e-04,-2.764836750993472495e-04,-1.973073062316738351e-04,-1.662644806218853139e-04,1.588955958588269223e-04,-2.855320992820366017e-04,-4.596122467315569824e-04,-2.294247773641337751e-04,-2.117757972453705620e-05,-3.088303486988450358e-04,-6.253801472132527973e-04,-6.863290632506980357e-04,-5.259117086779049877e-04,-4.147613751091915198e-04,-5.331842934541362313e-04,-4.395015880567108217e-04,-4.047521922538152204e-04,-1.220484582123330475e-04,-6.751240096115739431e-04,-4.955013553007814970e-04,-6.407598557073059800e-04,-6.645962715201038633e-04,-1.006433040875000587e-03,-6.130294078844634705e-04,-7.656326379424932419e-04,-1.207812769389417359e-03,-1.213876623035197236e-03,-1.116391347445253555e-03,-1.213795430323240301e-03,-1.992347769210828061e-03,-1.842087769009287520e-03,-2.903226227398786503e-03,-2.886191421085163022e-03,-2.382372639964293586e-03,-2.683381804351216149e-03,-4.004916061213913137e-03,-3.180668671679139168e-03,-3.641733798960342626e-03,-3.849743117182562353e-03,-3.763101143673966854e-03,-4.443952938358888133e-03,-5.781228387850522767e-03,1.967280081367556513e-02
3.157339972244343844e-04,5.254271492804716333e-04,3.363756809109021292e-04,6.195117182573246003e-04,5.025130388693841701e-04,6.950644833085840293e-04,4.455881903154783460e-04,5.150014740459507795e-04,4.122188837738758617e-04,5.459630949756637307e-04,3.544925785908478472e-04,3.628900439497010732e-04,5.022287016086427825e-04,4.751854676378117594e-04,4.179941987577516136e-04,4.384376887184556555e-04,5.198678435475078069e-04,5.248482458379223527e-04,-1.260149812925053729e-04,-1.785229598595520868e-05,-1.247594772679664970e-04,4.165976382647258714e-05,2.703174940416474973e-04,-1.713809811154756214e-04,-1.628379033545085874e-04,1.261655758390524623e-04,4.066015585123745381e-05,-1.128601850342145267e-04,-5.299158567742337511e-04,-4.211949611766336254e-04,-3.899243598452309671e-04,-2.310041219832937860e-04,-1.820123075727992116e-04,-2.856948274797557427e-04,-6.084957953499560825e-05,-3.858943841263984297e-05,-3.396946151775844685e-04,-1.709062782071496935e-04,-5.271028925298234819e-04,-6.599581964766291142e-04,-5.527372651087927510e-04,-5.045027131043845585e-04,-6.255834213767389254e-04,-1.007846990891682034e-03,-7.226280895659410427e-04,-9.568150591473589600e-04,-9.903866371601733644e-04,-1.050534600325903458e-03,-2.457943391104314059e-03,-2.644190740179351226e-03,-1.512825217412167456e-03,-2.596267305024429085e-03,-2.333646129802978246e-03,-3.568133647589463633e-03,-2.997765858821332518e-03,-3.542409542547509359e-03,-3.656415701532720903e-03,-3.675614062952515821e-03,-4.805862221101647562e-03,1.832201298846799012e-02
1.126425262351127277e-03,7.740518334027500155e-04,9.859427412082890415e-04,8.025874978606611226e-04,1.093402825919783565e-03,8.406454958854699469e-04,9.604048888960132081e-04,6.949036630732256369e-04,7.138818426886251291e-04,6.669830325369583779e-04,6.225373395167126426e-04,5.205746094086723900e-04,4.906653610846783715e-04,6.292123527308699903e-04,5.737054926355081080e-04,6.494314869992952842e-04,6.108256537881587636e-04,7.489003846807088796e-04,6.706014616981865713e-04,7.465537414446278954e-05,1.061815193131065201e-04,8.855353576883007562e-05,1.375058145279710374e-04,3.827841844125103813e-04,1.224927083333438623e-04,-1.004307675309737538e-04,1.214471797530142764e-04,3.225083786823653006e-04,4.736886706243833862e-05,-3.210837061788705360e-04,-4.156723628178458224e-04,1.581215832181001157e-05,-1.038645518919182676e-04,5.179061751411405545e-06,-4.257044138953402037e-05,-1.407013570808077598e-04,2.566207685100352245e-04,-3.010584029009188891e-04,2.257617731495812719e-04,-3.746300923286264976e-04,-4.357065803044900135e-04,-5.584268465498862851e-04,-2.452649719947945224e-04,-5.383741288082581058e-04,-7.775517886843934245e-04,-6.994185741302033849e-04,-7.298142571938837737e-04,-1.067358950178280263e-03,-1.093032928566442996e-03,-1.797815199329481440e-03,-2.874583043912038935e-03,-1.160473509243295509e-03,-2.230957299351585613e-03,-2.608544329896913573e-03,-2.323976111896863470e-03,-3.818194998456355804e-03,-3.226988422255116368e-03,-3.795845878663303957e-03,-3.963801865110308346e-03,2.317975719409783725e-02
1.648135984302629862e-03,1.868848759735208332e-03,1.294698082550831781e-03,1.512586181384643642e-03,1.288630515255986993e-03,1.472044221156187807e-03,1.183687103001571138e-03,1.231717132194248181e-03,8.798050088327742440e-04,8.681264790136449276e-04,7.479663195343397167e-04,7.275369012800687873e-04,7.431016097038269487e-04,5.811027428604400528e-04,7.153863774169749896e-04,6.640695173987963204e-04,6.889998044423451288e-04,1.017822914692640248e-03,9.442614665545780162e-04,3.503609610151191267e-04,1.826658843338153915e-04,2.037026870567613869e-04,2.560352742326293864e-04,2.058899016608553610e-04,5.028997353500999417e-04,3.510162486553466401e-04,1.049247946230769742e-04,2.140111775663993364e-04,6.206349991894815959e-04,1.592674910801161384e-05,9.829488605145299750e-05,-1.779737022118453376e-04,-1.178282112777994658e-04,1.591564212367786182e-04,1.498974182900300595e-05,2.136137177376519209e-04,1.671987350247669838e-04,2.023953767472835602e-04,1.059005991347362072e-04,-1.224748572688648298e-04,-2.933714515402617923e-05,-2.139772641329014109e-04,-3.921847420095161247e-04,6.895674628786778850e-05,-4.081344447910734315e-04,-5.770488673119734697e-04,-4.190967274702803451e-04,-8.579562074869854886e-04,-8.554217952472583254e-04,-7.785132237762889401e-04,-1.794563616985489279e-03,-1.900801594416915135e-03,-1.768689250004634988e-03,-1.583163286107434247e-03,-2.458754965894597872e-03,-2.977476026498811126e-03,-3.462857350508027725e-03,-4.010262336206659416e-03,-2.579471901225225804e-03,1.715060516680605093e-02
1.139247469447863918e-02,1.122114144346978391e-02,1.143930287685709750e-02,1.079230035944833688e-02,1.088179648774366577e-02,1.105284062555497542e-02,1.082961660910581464e-02,1.038860039415593142e-02,9.770758058336964647e-03,8.462847860538772957e-03,8.964236006051482658e-03,8.466390357543681147e-03,7.810904186453511075e-03,7.275365113120582129e-03,7.544034679732886974e-03,7.858411187544758411e-03,7.317922821826932170e-03,7.711248981925564704e-03,7.409015242787444361e-03,6.643547723179822097e-03,7.057523737989964720e-03,6.708899677606653886e-03,6.697711725368660392e-03,5.678205250131096796e-03,5.647818049043027214e-03,5.340601049070285537e-03,4.899819865574923071e-03,4.827198697919757135e-03,5.050324472412485131e-03,4.979860435963932505e-03,5.435382999230013723e-03,4.856996692449182772e-03,4.920729206715390019e-03,4.055443497835289207e-03,3.969492958475525322e-03,4.578518444132060293e-03,4.444381751886695986e-03,4.105572478841874179e-03,4.537500230332452630e-03,3.706667498589111698e-03,4.322511000514694425e-03,3.788767876177294523e-03,3.524679048531102060e-03,3.331549713485816924e-03,3.041834945782694987e-03,3.445504635167590674e-03,3.053949185659897425e-03,3.206591274334366377e-03,2.958326135700511863e-03,2.099651127193087781e-03,2.541011440125022502e-03,-3.142847515590957343e-04,-3.040733520568284116e-03,-1.591718873794594185e-03,-1.309203045499131909e-03,1.533369009618866172e-03,2.125901546245523343e-04,-1.024239354967708198e-04,8.741739977728056827e-04,1.264439624686175025e-02
-8.817538636967596054e-04,-4.218560228147318417e-04,-3.657043344848295982e-04,-5.306670498238545350e-04,-8.065147255542494224e-04,-4.974174995646314136e-04,-6.138482281002636751e-04,-9.130938308474439253e-04,-1.925695656388961197e-04,-1.765924284252608906e-04,-9.694601750388597136e-05,3.103429270553162119e-04,-5.214098583343766864e-05,-4.836657976325127581e-04,-9.083083546362107292e-04,-4.814209858750010296e-04,-2.668907913539409686e-04,-4.912632097669724848e-04,-2.574515531605962794e-04,-1.836287083401493372e-04,-2.273974439770839160e-05,4.743806063592796897e-05,-4.641076191491786567e-04,-1.047451270758564899e-03,-1.076645907473251697e-03,-1.344955642645673764e-03,-8.010846913663910874e-04,-6.884924349333078689e-04,-2.549477697736763303e-04,-4.477176228456867385e-04,-2.030868858237173567e-04,-2.630515771766145936e-04,-2.719511376602439749e-04,-6.105543408359589801e-04,-4.201680564176901874e-04,-8.443947826741145853e-04,-2.771591800153384719e-05,-1.273417405276045682e-04,-1.920067471977305457e-04,-3.924804192665703648e-04,3.152191258918394796e-04,-1.673753836643407920e-04,-1.701718662706040448e-04,-4.373286252354316363e-04,-7.174055242181244822e-04,-1.033074117047013503e-03,-2.621543780542902498e-04,-4.253078373680438677e-04,-1.462574803222126466e-04,-1.240582146912367744e-03,-3.119474138566895598e-04,-9.047091578913762575e-04,-6.122173153947752617e-04,-6.855185393297090176e-04,-8.744858168927354628e-04,-1.311222700582756213e-03,-1.578353534189313014e-03,-1.450881666800699944e-03,-1.125280359750595403e-03,1.524854755209260893e-02
4.215666047124341071e-04,3.099999999999721902e-04,6.350356144170459351e-04,5.775922444778052237e-04,2.263707941770222031e-04,-1.327705852798674493e-04,-3.814663167847228261e-05,9.021287813175339794e-05,-2.664016316677100403e-04,2.580201371867483703e-04,1.960896212607518671e-04,4.308097447048562546e-04,5.427387380538200657e-04,1.837400741647245725e-04,-7.222328270709677629e-05,-5.015030810471669560e-04,-1.090645487086429734e-04,1.392645766707544634e-05,-1.302185860089237110e-04,-6.116632887445024578e-05,9.938729980812808726e-05,3.182436585279870868e-04,2.455676128163609452e-04,-2.175905594333502394e-04,-5.604754209305205315e-04,-7.891883630592110791e-04,-6.395298943088738178e-04,-2.995330592794902724e-04,-3.221439312567347534e-04,8.074994750096170504e-05,-2.657561632513301192e-04,1.943497918821481441e-04,-8.370620281233712970e-05,-4.272118319967757545e-05,-3.045058560717875135e-04,-3.573799457629487047e-04,-4.451453190754728383e-04,7.638320968770532691e-05,-8.659675082428589161e-05,-3.729374573533462186e-04,-4.899667363785094841e-04,3.964827245918221203e-04,-3.353699831291941775e-04,-2.374380339158067127e-04,-4.948511383537111197e-04,-9.652641089961399874e-04,-8.979780923054399983e-04,-5.628249627675149802e-04,-9.030770092758991273e-04,-5.470118448716336165e-04,-1.320916653447092330e-03,-2.989203583774679919e-04,-1.670344230352807397e-03,-7.676970308688918802e-04,-1.281763711612851978e-03,-1.237026277412114992e-03,-2.496762274451114205e-03,-1.634490514942598923e-03,-1.712480664606172995e-03,2.038909980611692749e-02
7.814487019622543993e-04,8.474868127760264375e-04,6.923803774400865991e-04,9.492679818583120519e-04,9.208920182623668571e-04,5.058365392968533361e-04,-9.588013337052901370e-05,2.717851099826736785e-05,9.197525529498862631e-05,-3.244260498985712237e-04,3.088035910347169542e-04,3.953466463317525286e-04,4.184776535992718169e-04,6.708615897721086725e-04,1.898684485278810880e-04,-2.144149110469629788e-04,-7.029581541263701418e-04,-3.568518178947500171e-04,-2.135077567355734424e-05,-4.158778768063431234e-04,-1.443337454115385535e-04,3.778251231133230524e-05,2.779738009095730268e-04,2.813696954433932032e-04,-4.698797292889672476e-04,-9.137403975683710362e-04,-9.623304661275490588e-04,-9.027117314893843072e-04,-2.387620243611358591e-04,-4.096857746167264125e-04,-1.507396415967464560e-04,-6.227508828452257839e-05,1.089286754751618184e-04,1.449549869150931140e-04,-2.012844599158115499e-04,-2.442693390801205103e-04,-4.357223921409315837e-04,-4.414237403659303249e-04,-1.561717600059666475e-05,6.482751899102126873e-05,-1.935945903699027616e-04,-1.407202027749815604e-04,2.269300264187109120e-04,-1.043208097254804501e-04,1.045031480729788988e-04,-3.378951972653611671e-04,-9.881467191909082924e-04,-9.878866220072205721e-04,-3.873668072769675410e-04,-1.052026094236224469e-03,-5.541677450534368554e-04,-9.425922336370698863e-04,-5.583472953287354785e-04,-1.110781306448980696e-03,-1.345954653422620382e-03,-5.921201415958995181e-04,-1.237558615346709716e-03,-2.008134637955681298e-03,-1.530216027740750927e-03,2.050626051978653858e-02
9.974562936237425879e-04,6.934978397982438083e-04,8.540707480922222431e-04,6.771791222895344855e-04,1.036556203141337845e-03,1.045033760734602165e-03,4.813682449739876859e-04,-5.659372152009578425e-05,1.612585752981754989e-05,1.815016941179990902e-04,-2.842421677604761178e-04,3.192348593948730277e-04,4.422225248906967525e-04,4.584519440382071095e-04,9.061335372746268536e-04,3.762217634200576270e-04,-3.333739554316857883e-04,-6.175376991366557204e-04,-2.479362400278800377e-04,2.508837259709312346e-05,-2.819536629562002881e-04,-2.796981242442141374e-05,6.682538482719106677e-05,4.483375709555783759e-04,4.571894153928194151e-04,-2.401913333350312672e-04,-9.689434364995033137e-04,-1.069470847225563459e-03,-1.194587979383713444e-03,-1.935730363553128013e-04,-3.537986918537934966e-04,6.290717509812699629e-05,-1.282471480569506586e-04,4.089798314130853123e-04,3.435311043277288574e-05,-6.427560317524402193e-05,-4.243906000674083274e-04,-9.769016673937312798e-04,-2.814465171398840585e-04,-1.258034771352391028e-04,-1.728649820159935372e-04,-4.286886912547401745e-04,1.207956707008965390e-05,2.976822038823216839e-04,-2.829911112836168310e-04,-4.516230082412762688e-04,-4.676532756114731544e-04,-1.289724972932265040e-03,-1.194951958016142630e-03,-3.683771182050669100e-04,-1.052161966971133181e-03,-7.523184401821165351e-04,-1.907396636993063553e-03,2.676939846038783551e-04,-2.293017664582763446e-03,-6.414354178582299922e-04,-7.396992425532892147e-04,-1.962588986829337349e-03,-3.280095709430992483e-03,1.866784742340196757e-02
2.876273804454402335e-03,1.984928681377450075e-03,1.649010348789079665e-03,1.969381039099091669e-03,1.493394178888615611e-03,1.828526799297013799e-03,1.917626847501710920e-03,1.019674335983801472e-03,1.850671487375995974e-04,3.682026610857945417e-04,4.047871035012562705e-04,-3.405224598472628649e-04,5.562415112649411525e-04,7.443428996848887053e-04,8.544849260961411529e-04,1.478196121799504490e-03,6.860179845804790242e-04,-3.324874027263259916e-04,-8.446934611129182325e-04,-4.818387101715010368e-04,9.040823758200496496e-05,-4.351017001000656689e-04,-3.278466430118003315e-05,2.037420690251066230e-04,7.404561711098860393e-04,7.043014989756814703e-04,-5.260364531112447220e-04,-1.318760667579308441e-03,-1.641459469077326304e-03,-1.380241925661044059e-03,-3.013929287435214779e-04,-6.629323086639929939e-04,-6.791334937982221787e-05,-1.023505418948387287e-04,3.381329934287403060e-04,4.710023114750391620e-04,-1.171078140248306713e-04,-5.556157723490491628e-04,-1.249981457270462866e-03,-2.863966219157937799e-04,2.571892064615538065e-04,-2.471255070119517398e-04,4.266871498321834528e-07,-3.947648706365873236e-04,4.084411897278272005e-04,-1.441241311796754979e-04,-8.057377523289419832e-05,-5.781042990608226215e-04,-1.457055055567064690e-03,-1.605155494472716065e-03,-6.072531552779950872e-04,-1.224522365824704320e-03,-9.153940361207874975e-04,-1.333474833232346692e-03,-4.884573142030445257e-04,-2.003729946091340353e-03,-4.319136834870510510e-04,-1.113894680320575738e-03,-2.616783485357688198e-03,1.193862776617613322e-02
3.007653148948972836e-03,3.397946515829006458e-03,2.379444816903245660e-03,2.149112883449884326e-03,2.192087342164845184e-03,1.638473860583746725e-03,2.031569170094779404e-03,1.782373877343251074e-03,1.055964157482806474e-03,2.065078573485045615e-04,2.246069801181392611e-04,2.783827008189791621e-04,-3.692486534240374519e-04,5.135466040852842149e-04,8.027761274641810824e-04,9.333349116016568647e-04,1.569336888201833214e-03,5.224841053697814024e-04,-2.656289110202701394e-04,-8.603116563544416055e-04,-3.819223230008015951e-04,1.718212339017316764e-04,-2.966033513751675072e-04,-7.999446438884920006e-06,2.617739514278302130e-04,7.745448577386206384e-04,6.924096401058040320e-04,-3.844311567551475647e-04,-1.126864583967219407e-03,-1.656472607411393731e-03,-1.301275108230821181e-03,-2.782887150558168744e-04,-6.452160400700720404e-04,6.757570578181350198e-05,-1.132114064632977975e-05,6.482711728797742583e-04,2.751485487511098893e-04,1.020627034974341075e-04,-7.294855507131228767e-04,-1.025631842164030942e-03,-4.105457352327744093e-04,1.140223555024555988e-04,-4.316136027341433193e-04,-3.241590494951260130e-04,-1.740778529102328379e-05,4.647582985349465036e-04,-3.444137790918783430e-05,-2.030033044933303107e-04,-7.052335718932704672e-04,-1.976410088877863895e-03,-1.683793635560728447e-03,-8.035620540140949158e-04,-1.381955256838494081e-03,-1.329585023106733856e-03,-1.077669253088719969e-03,-1.074408494766787223e-03,-2.015257500139081091e-03,-1.181172707636050749e-03,-7.865481321838476130e-04,1.639185771522328611e-02
3.257405240368507759e-03,3.386057912821590059e-03,3.653905865685436356e-03,2.489516809780254782e-03,2.001757754215189276e-03,2.160377598671521428e-03,1.625252400637902835e-03,2.088756654758031853e-03,1.979983219601912005e-03,1.235407228605098174e-03,1.125276215171855789e-04,3.510891278679485012e-04,4.472875729711459948e-04,-3.422677839484417474e-04,6.161284524264765659e-04,8.089028767186288082e-04,7.422557227261541383e-04,1.364023116237538923e-03,4.871740657130040975e-04,-2.013073584308794209e-04,-9.292607221896666877e-04,-3.945855437410962876e-04,1.536457514176852324e-04,-4.304509929332945325e-04,5.696620635880891620e-05,1.882951231597505717e-04,6.757467800872905177e-04,9.094766646132966797e-04,-5.422889257625525912e-04,-9.865289262251215278e-04,-1.397330421473138738e-03,-1.573722727328513661e-03,-1.628629201123155763e-04,-2.838119164005691681e-04,5.335488847582416002e-05,-9.124071239658535404e-05,7.888888536134867121e-04,3.636875884900171501e-04,3.056473150148288884e-05,-5.854773463219505470e-04,-8.277317446278457730e-04,-1.502521608261706291e-04,-1.403287360501859725e-04,2.692427501787051120e-06,-5.000730622429159751e-04,1.675462592934094143e-04,4.187072501182784526e-04,-1.433528717477808333e-04,1.614345941673303673e-04,-9.269328593948011940e-04,-1.710586929246386920e-03,-2.094454539260110024e-03,-6.605420453343689279e-04,-1.763284604966702113e-03,-7.633098632849845064e-04,-1.944560710550045143e-03,-1.349839801743511671e-03,-1.869258974556085732e-03,-7.989318759407656794e-04,2.061403093251297156e-02
3.533379189110176857e-03,3.459007168329945522e-03,3.726335845163265218e-03,3.642101268801580406e-03,2.508491561230841594e-03,2.129267831793538786e-03,2.249767880524834642e-03,1.526280851578607628e-03,2.092074316831346072e-03,1.669692819623165309e-03,9.573439634624435462e-04,1.227261436062263404e-05,1.211231056011031646e-04,2.195982682367096932e-04,-4.179815642365104821e-04,4.696171797111428582e-04,6.097621726584766212e-04,7.456316105119485758e-04,1.303953449272064052e-03,3.005789727033014985e-04,-4.760247070003344378e-04,-1.068340507947376740e-03,-4.893910736939501840e-04,5.327671474068752973e-05,-3.695800814056755443e-04,-8.392246691252412043e-05,2.432647755675932820e-04,7.804190233926558374e-04,6.989620893920273298e-04,-6.440253777959669291e-04,-1.074056937148648496e-03,-1.591355003597550452e-03,-1.447781475797169006e-03,-2.898331870611102284e-04,-6.090203665122231793e-04,-1.442378027987425710e-04,6.373244202252504697e-05,5.776160577560456944e-04,2.874345084805631965e-04,-1.061551965175563944e-04,-6.859182153314905819e-04,-8.146164974935041778e-04,-5.524696511339293120e-04,2.003707951624413518e-04,-4.287949603016845542e-04,-3.756647832692561499e-04,-2.469854162988860099e-04,3.678112524539138995e-04,-4.549634689382625846e-05,4.416875816778921202e-05,-9.542920479410361544e-04,-1.825488767475561946e-03,-1.867774525852840435e-03,-1.027258221024187311e-03,-1.481033254280854274e-03,-1.688337370303416227e-03,-1.731731833777228492e-03,-1.309637116136570627e-03,-2.141862183853384793e-03,1.506113445654815031e-02
6.495337682283279686e-03,4.764384871119657291e-03,4.437751952080975018e-03,4.446548580495052021e-03,4.435362093838961760e-03,3.249222808332581820e-03,2.702807719720262767e-03,2.539400296014778045e-03,1.847290752347590607e-03,2.126405407660045092e-03,1.890011096257842877e-03,1.102282702313941163e-03,1.868056868703346824e-04,3.281109909848961949e-04,3.528340663022573620e-04,-3.019877888424500004e-04,5.113406373315934183e-04,7.977335347405145778e-04,8.758049672518321152e-04,1.410489370160752324e-03,6.111542305736466932e-04,-2.431350114417066678e-04,-8.575270133820711311e-04,-4.332376885092574189e-04,2.888420092365331796e-04,-3.765222460445235252e-04,-1.745842130352878434e-05,2.687576948549560735e-04,1.012015273515702281e-03,6.424925816023870605e-04,-3.677707746151270981e-04,-1.109502544282228937e-03,-1.483105907846048524e-03,-1.275127116967360742e-03,-2.676191314628361957e-04,-5.845516972321966685e-04,-2.512469981876725870e-05,-6.399730646099695080e-05,7.012264937283068256e-04,3.568662569995443754e-04,-2.637315426242051305e-04,-5.151929766259894265e-04,-1.019279381584676722e-03,-3.960102629890575312e-04,5.682761040215395562e-05,-6.218894785984883228e-05,-5.017050502848097041e-04,-1.878833314387323521e-04,6.854302532114766363e-04,-2.974703865063929543e-04,-4.692508974870407347e-04,-5.128004824404883795e-04,-2.099968303287844725e-03,-1.962003051394279815e-03,-1.099549833469349973e-03,-1.698121959408745727e-03,-1.242899139919035343e-03,-2.305930153579033911e-03,-7.523662530311128532e-04,7.372068637771910654e-03
6.545494448772847668e-03,5.828106385050064314e-03,4.547938087452070392e-03,4.322460661223467664e-03,4.439282286175386463e-03,4.438251859227562192e-03,3.394299501385492079e-03,4.311845312273854258e-03,2.770049876861194887e-03,2.516367277484369506e-03,2.100537553044613554e-03,1.222015137672452338e-03,1.907030946087176146e-03,2.791056109095606773e-03,8.732767019498763501e-04,1.109080345666853566e-03,2.596927462807916732e-04,8.660926717079297848e-04,9.955556555178970892e-04,1.048400543831883285e-03,1.424571984352513906e-03,7.071445887482212273e-04,3.109200854887637575e-04,-2.838567053524419011e-04,-8.161959550310158868e-05,2.207885813451767243e-04,-3.557842397424616082e-04,4.811004513941713885e-05,6.920602940973993042e-05,3.161086204037849351e-04,3.211781736912481589e-04,-3.643370268739537510e-04,-1.146072021910366032e-03,-9.126691139981026914e-04,-1.095517041534278249e-03,-4.389822755835599659e-04,-6.647382946319000448e-04,2.449695304758202204e-07,-4.669723817325302029e-04,2.380323060541167293e-04,1.904255468430466822e-04,-3.443652036465334612e-04,-4.593342478915855040e-04,-6.079108293295392047e-04,-6.909285408449679280e-04,-1.728804484151799724e-04,-4.855164841486916960e-04,-2.246675562533729620e-04,-2.725890790205917754e-04,1.879026020351956398e-04,-2.170915046343097478e-04,-4.098978291092531998e-04,-1.296607498262448196e-03,-1.504771077897178958e-03,-1.837659367520791745e-03,-9.846527189261451013e-04,-1.842036430377034595e-03,-9.395331804500595086e-04,-1.263403006580589337e-03,-2.052723579459068189e-03
2.098184573904524931e-03,3.970890342248724510e-03,6.331332828033263763e-03,8.203812567144565249e-03,8.350221654382329259e-03,8.662571370301484774e-03,7.856035476417234584e-03,1.027975667413992891e-02,8.217217300226379098e-03,8.424284566959847759e-03,6.847576890284041984e-03,3.461749611255632991e-03,6.830436986606343991e-03,1.199003061604241201e-02,7.438436582657210333e-03,7.470481889082679176e-03,4.601684105824554831e-03,4.901687722497996384e-03,3.865184858627679614e-03,3.116274826109471669e-03,2.247125058510127723e-03,2.275597655118069464e-03,3.007801287302968793e-03,3.558235523067367935e-03,3.709359281762400484e-03,2.520921875489290191e-03,2.072949627386331400e-03,2.265669060860151223e-03,2.308244552513606142e-03,9.383782363271162084e-04,7.170292314015242396e-04,6.911301508475305166e-04,2.232254532667178951e-03,2.768722586492535897e-03,3.175698860983038573e-03,2.621102288884080440e-03,1.481645402497078386e-03,1.859086769043722396e-03,2.432345735791116657e-03,1.324702441723905151e-03,1.417193011997871198e-03,1.121979057153992638e-03,2.053677725688413287e-03,2.263024030055049360e-03,3.300962967332215798e-03,1.376507257685334997e-03,1.560372590432572383e-03,1.916192088071065787e-03,1.886308656944773055e-03,1.016042572415841710e-03,2.662962128430993326e-04,6.254327941947460849e-04,1.146708696719927600e-03,1.572390755585076176e-03,1.882378963834358768e-03,1.917376002573152995e-03,-3.263597120084380182e-05,2.150325798989265614e-03,1.910362763590983063e-03,4.025925306436676024e-03
1.079331755189532824e-02,1.350287460660607418e-02,1.680019184839906532e-02,2.014047198766032165e-02,2.239973231066225839e-02,2.337654938984617611e-02,2.260279849427894103e-02,2.445646055817786782e-02,2.080176764152045360e-02,2.068621796987749062e-02,1.709949649874357991e-02,1.200446796875960682e-02,1.322949781026178454e-02,1.665190019539653649e-02,1.407947656723601733e-02,1.473162751283208817e-02,1.157211327431068720e-02,1.099560417949828686e-02,1.156244076354604952e-02,1.065124705487594491e-02,1.060273456629042682e-02,1.034273663740469668e-02,1.054923339855132897e-02,1.119328923565683642e-02,1.167257210519562910e-02,1.184674851218600611e-02,1.018513819271940103e-02,9.300231854557113390e-03,9.175539178870855545e-03,8.277760414688854762e-03,7.086987887537447503e-03,6.202666172318784150e-03,4.889694733476294443e-03,6.145446922058012997e-03,5.566702236672074061e-03,5.361182931781780132e-03,4.335526526877180910e-03,3.002359321766557426e-03,2.982599711863819902e-03,2.633208199466502072e-03,1.528000666209843213e-03,1.461780394124688595e-03,1.072941039909928226e-03,1.950376340948609165e-03,2.537923236023385820e-03,3.180978863864400690e-03,1.250228495051297411e-03,1.185625925106506854e-03,1.386537490264614031e-03,1.014426629269370031e-03,1.560737537913034457e-04,-2.957585530627816848e-04,-2.756169509487884218e-04,-1.683032255328919407e-04,4.806837592402089300e-04,1.032832482577757290e-03,5.068572755466682622e-04,-1.774258216716471611e-04,3.546906915440101063e-04,2.059587661349616006e-03
9.524765361671272065e-03,1.225278757226058550e-02,1.407299374640004833e-02,1.597248283705455033e-02,1.749122082168960007e-02,1.992597148908012081e-02,1.939842751202597304e-02,2.246647416658539148e-02,1.645809811419337784e-02,1.655672724144167246e-02,1.244220198561429153e-02,7.835332930303534268e-03,9.489998738478539961e-03,1.477660042466799779e-02,9.628716788728931830e-03,1.122064417526824447e-02,1.024082248768306246e-02,8.700843963588906355e-03,8.282912269409416564e-03,8.546586870174760486e-03,7.964170782081557085e-03,8.117163812470984743e-03,7.544947328011554315e-03,7.654132111804466850e-03,7.915255929491077369e-03,8.462888857521366423e-03,9.091642648396779450e-03,7.154331279031810563e-03,6.768544670580634026e-03,6.047212604834188536e-03,6.125107308034006583e-03,4.851185525097913981e-03,4.756387555189919153e-03,3.420237412466112931e-03,4.632367667135768585e-03,4.508214834860705712e-03,4.537559279778161613e-03,3.866875705963391998e-03,2.402281038433041940e-03,2.734712572470635386e-03,2.217410502133582931e-03,1.721627790610168142e-03,1.372449941114154467e-03,5.245338849118594878e-04,2.068510199747489783e-03,2.646657397651474859e-03,3.019425818795616005e-03,1.017489055252433165e-03,9.473407605522381246e-04,1.094125950761623339e-03,8.547385680171274347e-04,2.976808643897028636e-04,-3.872380844034128966e-04,-7.553134256202477829e-04,-2.299695876630820761e-04,1.953975618879223524e-04,1.252760235226616512e-03,-2.774371155370364880e-04,-8.426649947533861301e-04,3.028749534703418654e-04
9.183429332500700482e-03,1.003189929872138307e-02,1.031613452891447756e-02,1.040264243062329758e-02,1.062687245860484062e-02,1.366313807987024759e-02,1.369564492015791328e-02,1.709600752846829677e-02,1.216968175558662095e-02,1.035931637512507199e-02,7.936056930482288801e-03,3.088882580436259212e-03,5.020499651476600413e-03,9.462822563069043721e-03,5.710723665666457734e-03,6.148017468489405668e-03,5.557072225950685819e-03,6.091335085020575454e-03,4.607468119201639858e-03,4.181472944819325521e-03,4.706743630696760654e-03,4.006639924942027690e-03,3.666080874387035379e-03,3.087934442653295173e-03,2.739271651989412699e-03,3.720529902863112595e-03,4.132725749590148052e-03,4.406850852993295271e-03,3.564442712367694045e-03,2.544071952238912034e-03,2.699318663468527977e-03,2.907386142048434298e-03,1.660740284261067552e-03,1.069729531163151389e-03,6.307028798921170869e-04,2.168745143981311383e-03,2.676310468610613742e-03,3.028998281558057445e-03,2.774666510855061229e-03,1.265007407931044263e-03,2.314446049861900150e-03,1.472868987901467235e-03,8.834908750374150443e-04,6.174715805689487890e-04,7.217583965250768492e-04,1.416050528169411496e-03,1.726406238896168246e-03,2.519018727203752982e-03,4.673857287731434068e-04,4.782351570435475771e-04,9.111788981015396527e-04,5.655032642089364908e-04,-5.947811522376446466e-04,-9.023738717311598472e-04,-1.543583657615704360e-03,-4.994050700514431279e-04,-1.215792314437278397e-04,1.182693982495309029e-04,-3.078437815772969415e-04,-2.922644371280871348e-03
8.655465920592889453e-03,1.098600032540045061e-02,1.152455334574944978e-02,1.039363209752882516e-02,1.007389554377365916e-02,1.052488192842730708e-02,1.098288170133741685e-02,1.449272198898923954e-02,1.065563120147969972e-02,8.679200239416696300e-03,5.371577491560699039e-03,2.212690912736548464e-03,3.600123936603708431e-03,8.149839378612407786e-03,4.286054324283661635e-03,5.236037360747746588e-03,4.000610758272358895e-03,4.744932414886983592e-03,5.365089968714868707e-03,3.152274552427158320e-03,3.755192693852853290e-03,4.288930374690348019e-03,3.155933689451597898e-03,3.104855297955658525e-03,2.071421072529582106e-03,2.832331669072622824e-03,3.375108941904422875e-03,3.367039302550907560e-03,3.817429299548166007e-03,2.243537817886900876e-03,2.883465695890347069e-03,2.732130049472900751e-03,2.533909280229809831e-03,1.453871871226387067e-03,4.996803184852449719e-04,8.843953287721086640e-04,2.275042265651816206e-03,2.468768369560904105e-03,3.037745311718945910e-03,2.268905519771154383e-03,1.210126654942986733e-03,1.758173398957411622e-03,1.652777506521671850e-03,7.592432878797652140e-04,6.243154608005274707e-04,6.091718527971483679e-04,1.284113382998608227e-03,1.766730538142809821e-03,2.320867931909381156e-03,-4.704551476088093928e-04,5.560875527814639714e-04,5.222760310082969620e-04,1.982117412581442246e-04,-5.269388859619954062e-04,-1.631414330980305097e-03,-1.497789485449143362e-03,-9.712781266960461308e-04,-4.178106746170122767e-04,-3.083481870642649668e-04,-9.522437125829801138e-04
2.266133559410173429e-02,2.661741180193832879e-02,2.826896243956931662e-02,2.629608158427244186e-02,2.702915032105137477e-02,2.581901183972664868e-02,2.558035042622479674e-02,2.877105328302265522e-02,2.357553820707933637e-02,2.116146994825823108e-02,1.786145409909419696e-02,1.150143994984000398e-02,1.286055834943962244e-02,1.696158400546467909e-02,1.297137944692790083e-02,1.356696146916600877e-02,1.268142936064688489e-02,1.230800301506761694e-02,1.383879400579888543e-02,1.336262626497406597e-02,9.406354344378711763e-03,9.407938658752718411e-03,1.007670824388251854e-02,9.679839710026462082e-03,9.133534535453190911e-03,9.245142686466688645e-03,9.034460647713628625e-03,1.017903995664487006e-02,1.053708923128751467e-02,9.262253236983764015e-03,8.255623542311968030e-03,7.891417374705360019e-03,6.516010825655755602e-03,6.050426591210026489e-03,3.668043328108086878e-03,3.074880695205128595e-03,2.609614162689112300e-03,3.642152501846767330e-03,3.579313022830349789e-03,3.316490152640020478e-03,3.303475622826640250e-03,1.426646036537342326e-03,1.924661098109700088e-03,1.540734678410308599e-03,8.447426164815848536e-04,1.036330689680251948e-03,5.713787339342237155e-04,1.065190860991179107e-03,2.034793385817820852e-03,1.670643722531081491e-03,-3.256305653064909877e-05,3.553530153983204065e-04,6.516974810014703346e-04,2.586941136700524968e-04,-1.378427851615365678e-03,-1.260309805634917757e-03,-1.648517795110901116e-03,-1.054384345572024996e-03,-1.466799818474579095e-03,-7.326793062595898147e-04
2.413760948471291648e-02,2.341335392643588073e-02,2.455877398824175134e-02,2.518259888542954267e-02,2.431471974692164459e-02,2.330783405991900675e-02,2.100792137462537124e-02,2.403270670873154310e-02,1.867519815616868611e-02,1.772613086333980903e-02,1.289623744828885359e-02,7.112602892324145984e-03,7.700743160990145171e-03,1.360721347867154332e-02,8.854500122526561337e-03,1.011467002183228520e-02,9.104296881688228940e-03,9.148579898038106117e-03,8.722688959833411679e-03,8.942233108478052014e-03,1.003586192015369118e-02,7.202609836899333262e-03,7.683525907120199346e-03,8.120777890743967331e-03,7.469616919452513361e-03,7.506939790228098902e-03,7.544841047633367784e-03,7.469362393224874760e-03,8.396931474484335342e-03,7.837895869156813466e-03,9.043619820383853869e-03,7.317615142780236823e-03,6.639280484397476131e-03,6.407533209186091171e-03,4.918990026125818343e-03,4.282499581001329887e-03,2.965298702758932970e-03,3.054801434548593507e-03,3.933202304611869808e-03,3.351319199680994568e-03,3.938766722661987338e-03,3.473750610928005942e-03,1.980962303862271456e-03,2.890308007060997907e-03,2.024432789733089308e-03,1.903264241015093948e-03,1.500836394230536204e-03,1.156172946600866067e-03,1.662965907090851840e-03,1.919295850952317624e-03,2.524267532557283172e-03,6.824598081813514376e-04,4.264452878776078338e-04,1.876502880356167142e-04,-5.795141980792580146e-04,-2.968738512385326396e-04,-2.367643946116906178e-03,-1.990471900471835719e-03,-2.117970968498371614e-03,-2.694343083678373777e-03
1.781756996737161522e-02,1.999853866223315693e-02,1.926601063960226359e-02,1.886512532166931613e-02,1.980049440750625625e-02,1.747598555562198883e-02,1.503730749517219814e-02,1.521921712321495750e-02,1.050530775118115739e-02,9.699405476433865803e-03,8.502362461377541494e-03,3.844739817720666582e-03,4.573769731738658480e-03,8.539360463523515757e-03,5.459510158149643438e-03,7.187941625262584538e-03,6.518250960329277643e-03,6.033607480997436184e-03,6.095605423342279235e-03,4.695319889990602798e-03,6.842705054812675373e-03,7.158606148082147756e-03,5.565418606829329769e-03,5.367529876871413377e-03,5.365912153354364389e-03,5.150209515406464246e-03,4.899384238502896803e-03,4.865603839380930676e-03,4.765636448575511115e-03,5.244480692775226223e-03,6.269085809784766782e-03,6.854261954168491128e-03,5.485754502268817487e-03,4.735626006528186570e-03,3.623070093758693454e-03,3.944805989479894734e-03,2.506931421506658573e-03,2.319350664193556462e-03,1.790079997097008451e-03,2.411851419717296954e-03,3.112663271650560875e-03,3.389145304140851484e-03,2.688779761868227008e-03,1.495714274420311546e-03,1.685727417355359402e-03,1.864375660181252043e-03,1.262989560443027225e-03,7.846990241405808406e-04,4.189807298312784776e-04,7.714086178643914972e-04,1.495621783581398698e-03,1.238025392381072098e-03,2.158650045088097015e-04,-1.907320116202496736e-04,-1.791951553295117257e-04,-8.965444882938797093e-04,-2.449997972721175508e-03,-2.469760267049914398e-03,-2.861507754450110571e-03,-3.298962862008665738e-03
