4.236606207616531138e-03,-5.132251227428800619e-03,1.522094479100228551e-03,-5.813891613725382865e-03,-2.657168168951238533e-03,-3.374671764048922315e-03,-7.904492250703836972e-03,-1.938963874646343344e-03,-2.603331790572665019e-03,-4.951007479121876179e-03,4.045705119125784892e-03,-7.878841524492278744e-03,5.066031291923636659e-03,-5.283828027333144391e-03,-2.758355275435381412e-04,1.737625752278886123e-03,-2.827284588573185636e-03,-1.151210190438035517e-03,1.724258093881768459e-04,-9.041456218981339804e-03,4.840085029283186166e-03,-5.992804973262182665e-03,3.506181042398290749e-03,-6.254313642488972674e-03,-8.653375934791707408e-04,5.003180964114314726e-03,-1.320028160716559635e-03,2.512845254771604083e-03,8.877447401704350455e-03,-9.142553171475643892e-03,1.198603481148892598e-02,-4.871779207738895223e-03,7.662288031482826500e-03,7.759024002498972165e-04,4.869253154729196939e-03,3.047500503126686876e-03,-7.309126951689334968e-03,-2.567993994627560186e-03,1.418487110891136771e-02,-1.979382300844904560e-02,1.802353066067902132e-02,-1.791812408538510232e-02,1.261397604984428912e-02,-4.069925239821235198e-03,-5.155701113659249928e-03,2.188796958395257321e-04,-1.550693838759621170e-02,-6.872293987428762692e-03,-9.087496876257882689e-03,-1.557761008363978995e-02,1.886130768533239577e-02,-2.897107546511986514e-02,9.686460774582995870e-03,-4.204280941692192450e-03,-9.728302872637560605e-03,-2.699826979803058137e-04,-1.502766079212409199e-02,-1.541156303779256734e-02,4.229146012653652031e-03,-1.219997473202757976e-01
-5.824348193109626405e-03,4.085053743384503208e-03,-5.105974971514263237e-03,1.542980080480295824e-03,-5.860057333604309221e-03,-2.624533918210417496e-03,-3.455968675501261932e-03,-8.040492702414863899e-03,-1.792064740939052631e-03,-2.958178867292188263e-03,-4.586856436827086055e-03,3.664588513699774432e-03,-7.675462127656340443e-03,5.031521372874247708e-03,-5.482527455852355056e-03,-1.197981075722553507e-04,1.721094126434605893e-03,-2.929330252186134777e-03,-9.353997311966089643e-04,-2.637260528483780604e-04,-8.563482187157743161e-03,4.115939923964836815e-03,-5.575719567735634360e-03,3.525580023818780662e-03,-6.671554871052472017e-03,-6.163243454430501582e-04,4.934603806752380258e-03,-1.513255441522667845e-03,2.989721567010829653e-03,7.968202045203954045e-03,-8.179898756789316661e-03,1.092716377658091605e-02,-4.220860416246662028e-03,7.466086121194992660e-03,2.853871457845449282e-04,5.160266128777784601e-03,3.098954089558804501e-03,-7.426059462705580060e-03,-2.025497786742033735e-03,1.172061803738366596e-02,-1.713430268532085271e-02,1.519807882528879245e-02,-1.721806064356853905e-02,1.307122427655959228e-02,-5.622439095741798079e-03,-3.197307174041281747e-03,-2.470933473867539202e-03,-1.445714090059509703e-02,-5.374214566905137838e-03,-1.673351635941633733e-02,-6.026695324771751475e-03,8.380849124190178218e-03,-2.462359043093974992e-02,1.033187063637710373e-02,-8.305894555146140293e-03,-6.384003618772408385e-03,1.160806029201636455e-03,-2.439133298463231139e-02,-1.708547572724895434e-03,1.634829781546573782e-02
-4.820156711368522818e-04,-5.977633004856621607e-03,4.126266279471313241e-03,-5.132948831974948160e-03,1.474364593335700593e-03,-5.911025715959801301e-03,-2.594301853372683094e-03,-3.497091326286461740e-03,-8.009950502610708317e-03,-2.061733040820198405e-03,-2.568896944139865881e-03,-4.933745046359895754e-03,3.858685470753313654e-03,-7.832715202385006834e-03,4.919377241487526975e-03,-5.432223845414531696e-03,-1.381387720133186135e-04,1.651548660123600175e-03,-2.812912433676646121e-03,-1.228859181893950754e-03,2.104922405196819467e-04,-9.279549401547005499e-03,4.571897301303444114e-03,-5.717546051237854671e-03,3.206778008124111599e-03,-6.358880419515711147e-03,-7.491422379806824197e-04,4.723627638299200161e-03,-1.238279205374904482e-03,2.520070317987197026e-03,8.774964307989307349e-03,-9.465404429152998039e-03,1.168196208896662806e-02,-4.638439387186240812e-03,7.404636013321828913e-03,4.122611205759808698e-04,5.324862153534409663e-03,2.635116799094564238e-03,-7.154358590164656279e-03,-3.547685158228758295e-03,1.427335767951489094e-02,-2.102226080313314774e-02,1.692820270767148028e-02,-1.808614105834687596e-02,1.187660315540993439e-02,-3.705142886139623296e-03,-5.655728693646925112e-03,-1.398482413774257416e-03,-1.373780836871313360e-02,-1.102294137166981089e-02,-8.220002673643840921e-03,-1.731443623126121753e-02,1.398469168060176814e-02,-2.661686818442204547e-02,6.603221216000962172e-03,-5.321940502863666336e-03,-4.946084090775921399e-03,-9.096950107764055840e-03,-1.114505558321012869e-02,-6.862619642284033261e-02
-1.400968923248295571e-03,-6.260433189960764710e-04,-5.978969532223508097e-03,4.122153508652750056e-03,-5.207126261752874873e-03,1.485659375980159401e-03,-5.980738523820763874e-03,-2.585256387544671453e-03,-3.427087144459235041e-03,-8.339584572599855264e-03,-1.734107396773709514e-03,-2.851252164152315739e-03,-4.766288840440290747e-03,3.777320872614226780e-03,-8.040855800036675327e-03,5.053419235331553690e-03,-5.463151989317102490e-03,-2.312538226533803973e-04,1.758441435594802326e-03,-3.118658914639188019e-03,-8.086008644384825228e-04,-3.211401624632178242e-04,-9.019872462243984368e-03,4.606156965972899031e-03,-6.043595363268902503e-03,3.366129451375715273e-03,-6.473127781832504514e-03,-9.038593013132969253e-04,5.032392777333576962e-03,-1.731894185670946815e-03,3.207198806689597146e-03,7.872990915627438302e-03,-8.870930061609536010e-03,1.120520149496061213e-02,-4.613238881772336979e-03,7.310558326851901434e-03,5.142353737349493860e-04,5.282457776929997718e-03,3.144084068160475209e-03,-8.914964209136436515e-03,-1.035514111544049787e-03,1.175450984036261436e-02,-2.052104420982221733e-02,1.705986123144056371e-02,-1.964399605613756025e-02,1.420124745410693973e-02,-6.983591087833248418e-03,-3.879928574948457269e-03,-1.388800608402217208e-04,-2.028163492432584133e-02,-2.792463034038385195e-03,-1.854721714553439482e-02,-1.243037507644949129e-02,1.505000287507433920e-02,-3.156653410221844924e-02,1.125150671608388803e-02,-5.333892288431627340e-03,-1.344322679966068225e-02,6.407907411927180746e-03,-1.999496758437020183e-01
-9.106001192508580110e-04,-1.547034068978900582e-03,-5.434741799830558650e-04,-6.077797390144379711e-03,4.098650668899242976e-03,-5.188014165958824281e-03,1.516738328239875498e-03,-6.024089718875282919e-03,-2.617611120668453251e-03,-3.633687171938004227e-03,-8.008266489804920577e-03,-2.148438514945717054e-03,-2.630375969629443478e-03,-4.867948484892167631e-03,3.687460876397836290e-03,-8.012754039870659262e-03,5.029362608263099506e-03,-5.624499734709147505e-03,-8.966629823635553851e-05,1.556610116495964723e-03,-2.703133204298253586e-03,-1.370045745515964574e-03,1.010863212135144061e-04,-9.140459103090827625e-03,4.281901643299801732e-03,-5.876410052336617125e-03,3.392107149388511652e-03,-6.802566640532368807e-03,-6.777211250777428119e-04,4.701058424671861191e-03,-1.108553548839964764e-03,2.396568153050281612e-03,8.417521456289950993e-03,-9.255420614641783963e-03,1.123202222267327341e-02,-4.745027226077134196e-03,7.457919439057412309e-03,4.782247774754874400e-04,5.389409972357308773e-03,1.868788937600619239e-03,-6.653220314099816089e-03,-3.521755441228779752e-03,1.311761787457563395e-02,-2.161746210639859875e-02,1.673834751038860355e-02,-1.900466410818759180e-02,1.197376671594994890e-02,-5.049809041095754993e-03,-3.724521555591288422e-03,-4.868085773301238442e-03,-1.269600706314376326e-02,-1.214131654110913762e-02,-1.383476709001119770e-02,-1.284792121511815592e-02,1.386602114462978999e-02,-3.208214890186120161e-02,1.480497814837710216e-02,-1.402381841798098008e-02,-1.064647319561802530e-03,-4.002617649966674906e-02
3.254152930787331172e-04,-9.854537942314313403e-04,-1.548495669046921590e-03,-5.389058575276490463e-04,-6.164507377426867163e-03,4.129384999980058660e-03,-5.274518002004796244e-03,1.519935002563341719e-03,-6.011753764910873245e-03,-2.775219498774610799e-03,-3.436088002359276306e-03,-8.457313852836172499e-03,-1.837410235242840657e-03,-2.737259541700915160e-03,-4.962562006155420147e-03,3.808750421619300306e-03,-8.128446390295399407e-03,4.965198718145585194e-03,-5.568593033325961068e-03,-3.371485171009334209e-04,1.923327096797074979e-03,-3.227880559304098073e-03,-1.042054159642897583e-03,5.108934597246526764e-05,-9.600398128842934156e-03,4.625627723944606730e-03,-6.051665944036018104e-03,3.258761205136164341e-03,-6.651226321147353168e-03,-1.025586921393806510e-03,5.378594287945609627e-03,-2.031645468934114955e-03,2.955827299831188804e-03,8.275443231190244414e-03,-9.681697464962956551e-03,1.158274966641576614e-02,-5.024594946190703328e-03,7.356688591452767087e-03,6.638021961566734899e-04,4.176815040869657006e-03,4.015905913286093622e-03,-9.344267852433148225e-03,-2.092526787753931031e-03,1.279786328363900251e-02,-2.321464502225585591e-02,1.849310276344631049e-02,-2.258066695658427631e-02,1.376501943217936334e-02,-4.640465311301294506e-03,-8.780210466129060795e-03,2.205223823341317946e-03,-2.211563090442552476e-02,-8.068419957893009989e-03,-1.576744472643470951e-02,-1.586767304949817173e-02,1.838756110862016166e-02,-3.526488752260417692e-02,6.658444405189976531e-03,-6.998359636494987362e-04,-2.841093488139148984e-02
-4.616962148000230623e-03,1.857121524651794925e-04,-9.027997543911994932e-04,-1.483774733541419434e-03,-6.168773958866649717e-04,-6.146066888344290866e-03,4.123337360592538824e-03,-5.349545428439233564e-03,1.527124508353968225e-03,-6.191913860303671462e-03,-2.545352495566909415e-03,-3.660581086419485274e-03,-8.405314869903470973e-03,-1.899009036577718615e-03,-2.781508162683763406e-03,-4.956309823385410956e-03,3.821629900689285739e-03,-8.295479622847145088e-03,5.046596374293585256e-03,-5.774569942609461201e-03,1.297993393405509915e-05,1.493890157206563627e-03,-3.018975231777496198e-03,-1.103268721809499888e-03,-1.798684087774792256e-04,-9.425765483376674636e-03,4.572456795483979819e-03,-6.272006683752073299e-03,3.352253188746007022e-03,-7.144930768597580403e-03,-2.626489018257508324e-04,4.656632105928624338e-03,-1.591681873461869845e-03,2.709194733963202120e-03,8.144393054910669533e-03,-9.440267359710090289e-03,1.119994568264645086e-02,-5.149937549021435350e-03,7.561441770810326500e-03,-2.854170765638421210e-04,6.182716681153936633e-03,1.901276894218842340e-03,-8.581978034540693745e-03,-2.443805018254426899e-03,1.246473866583479133e-02,-2.322668551694849828e-02,1.718787304865024290e-02,-2.271828418374134337e-02,1.501060892331312902e-02,-9.248669901169754431e-03,-1.557289287569850423e-03,-4.907747781920791634e-03,-1.970018277060484740e-02,-8.345504376672089469e-03,-1.886236319726439237e-02,-1.518888906930374039e-02,2.078113766861917205e-02,-4.568688801053338855e-02,2.148016076766506507e-02,-3.195243484984931076e-02
-3.803204515202783347e-03,-4.670041641045508986e-03,2.351852128925842637e-04,-9.217305613481869544e-04,-1.607755826115211603e-03,-5.204576195238363057e-04,-6.209638797573538427e-03,4.088657845838824210e-03,-5.335237764319118031e-03,1.452513508347381879e-03,-6.102037946502592708e-03,-2.722014315878806216e-03,-3.592013009147820325e-03,-8.491550086935684832e-03,-1.967245562698323545e-03,-2.695482063337733408e-03,-5.058755141339241375e-03,3.679754941197846147e-03,-8.281366284432023148e-03,4.876910253283486124e-03,-5.506390206835344754e-03,-3.574024162533051443e-04,1.730784077037958229e-03,-3.040013069223925033e-03,-1.127908988445904936e-03,-1.233764185305815221e-04,-9.643711664242502271e-03,4.296452387433759637e-03,-6.019747729318166395e-03,3.034472247176479235e-03,-6.647499734032552045e-03,-1.058275563112815723e-03,5.091206112562064734e-03,-1.745911405946633244e-03,2.764088699902148005e-03,8.323261505970448032e-03,-9.952156213868634804e-03,1.112736345623963584e-02,-5.036966307396232093e-03,6.680096127573153381e-03,1.029643958873806319e-03,4.718409618224236358e-03,2.656509791827018491e-03,-8.719630945094305682e-03,-2.759695036471851524e-03,1.311719551040928938e-02,-2.591149396838876226e-02,1.817650626290913396e-02,-2.363397216715586169e-02,1.219106349127507295e-02,-4.229364847568497371e-03,-7.742618875286409047e-03,-1.819266027813392804e-03,-2.184008791109933248e-02,-8.953294000845629652e-03,-1.918739211834611172e-02,-1.621003757300826589e-02,1.623287087123568770e-02,-4.338273015602100990e-02,1.351327840648046952e-01
-6.349630808093345916e-04,-3.829889461002102327e-03,-4.686112914058561570e-03,2.493462199275204303e-04,-1.017896552984468884e-03,-1.564309902586992831e-03,-4.647128743917990296e-04,-6.291331652150499235e-03,4.071739375640140088e-03,-5.463948940657196822e-03,1.572980453557462069e-03,-6.224705484057068382e-03,-2.656885379426370854e-03,-3.694865249436246699e-03,-8.600986530720907894e-03,-1.951256181763612796e-03,-2.738010635172176931e-03,-5.064817288045086151e-03,3.715071647736320221e-03,-8.440877680839160499e-03,5.027605407485279121e-03,-5.854159393121412432e-03,-1.850788934909120681e-04,1.619807364309373051e-03,-3.116792170494379205e-03,-1.106224241229177745e-03,-1.461615384194200364e-05,-9.966666895786738950e-03,4.507585928306597975e-03,-6.275780224229610474e-03,3.333180824908444761e-03,-7.186730120143544100e-03,-7.447545598726059909e-04,4.928606333103594493e-03,-1.846072943792101580e-03,2.887537353693767333e-03,8.170234604346415103e-03,-1.027429332011412302e-02,1.141610739356858396e-02,-6.043126687997972188e-03,8.025784622784517749e-03,-6.786482574572768093e-05,5.375720673519338022e-03,2.384968633279051058e-03,-9.354903864559459964e-03,-2.501663380867016635e-03,1.307882342056624313e-02,-2.746619322196307278e-02,1.881144341778873824e-02,-2.753502738141927822e-02,1.701109495610208730e-02,-9.431618453717462158e-03,-5.123521694424299118e-03,-2.362135585232098042e-03,-2.380702520723336837e-02,-9.574659672005776667e-03,-2.002846151815696960e-02,-2.082076704264457928e-02,2.491395921331907362e-02,-2.119092731330186330e-01
-7.416983614935151667e-03,-6.473025826665410910e-04,-3.848977883968993010e-03,-4.704412214999327199e-03,1.962556356202222515e-04,-9.321769072589267862e-04,-1.622589372564860058e-03,-5.122477520019987204e-04,-6.310070900806318515e-03,4.011265865267774067e-03,-5.382174247958977989e-03,1.463138173710521123e-03,-6.239165939496650257e-03,-2.747923174472869951e-03,-3.609279612396815509e-03,-8.782282039750493458e-03,-1.907451498546560700e-03,-2.773540646631331066e-03,-5.085156514724012942e-03,3.530099600067353530e-03,-8.376633539639855019e-03,4.904267613714007046e-03,-5.834018780285692672e-03,-1.764142970429161789e-04,1.590759697170608753e-03,-3.097188920454617758e-03,-1.113621581244719641e-03,-2.949123863899853672e-04,-9.938179109281273377e-03,4.145349109152066287e-03,-5.771863128004300209e-03,2.874236279422174266e-03,-7.035353236668090773e-03,-1.024917679758334229e-03,5.001780651290992433e-03,-1.871340871856613363e-03,2.785097840516395900e-03,8.242905410654897264e-03,-1.036118024167071230e-02,1.039067597476430252e-02,-4.790453941979471060e-03,6.932853129732292723e-03,5.026559575556634142e-04,4.807389175986344874e-03,2.348154890483419074e-03,-9.481368104977768232e-03,-2.770174845155644501e-03,1.271546335638593789e-02,-2.850720425620786869e-02,1.735571288685059180e-02,-2.616973615197402611e-02,1.402830391038560436e-02,-8.335653646998479258e-03,-6.119569530669593388e-03,-2.693219060184443535e-03,-2.611070235084126875e-02,-8.806952593122139780e-03,-2.609498732884655073e-02,-1.638414360256735397e-02,-2.171838488789396351e-02
-1.677500433784347156e-02,1.645412847529685238e-02,1.666904904242933610e-02,3.543452256200051512e-03,2.424873083001517077e-02,1.811473290237773301e-02,1.690640328773985665e-02,-1.476637699437083166e-02,-1.206220800624580383e-02,1.955119262950974750e-03,-2.033858631724752217e-02,1.601071213715711712e-03,-6.115784465170802028e-03,2.355432098522106804e-02,-1.654102471789921759e-03,-1.634680358013205007e-02,2.031440976194096720e-02,-2.225234446333165805e-02,-3.022202235960182257e-03,-1.536799959730015055e-02,-1.942803990071030606e-02,-9.074892526043713131e-03,-3.594578922425904939e-03,6.806381209835551081e-04,3.330463078573554433e-03,-1.144732880957394575e-02,6.176950823564794635e-02,5.339841590569140845e-02,6.708388639804357956e-02,2.124004707423160845e-02,9.641069778735626705e-04,3.221391258626186537e-03,2.631637455492072050e-02,2.804629287291512951e-02,1.586476238994737401e-02,-1.811500932986925133e-02,6.392724991589483936e-03,-9.989022667084368826e-03,1.402442809699630186e-02,3.972897110574574319e-04,-2.382739121942787502e-03,-1.287682467711533628e-03,-2.624782790488365720e-03,8.636065882027173799e-04,-1.488583044129392335e-03,-9.455126451540953395e-03,-5.002689724430833080e-04,-5.156518135609204981e-03,-6.106967428567231654e-03,-8.076601350371385643e-03,-2.409843070849784080e-02,-2.323355078522555683e-02,-1.479894191657336183e-02,-2.333607152750254848e-02,-2.645078938954005532e-02,-3.848338540379688671e-02,-2.385231080383860836e-02,-3.837836968143935878e-02,-2.464053123982613835e-02,-2.287623055933316486e-03
-3.826650802032527214e-03,-1.915265718365860917e-03,-4.631581298993552205e-03,-9.211497598289180048e-04,-1.782074239002559091e-03,-5.304230736585766612e-04,3.576399324749312907e-04,-1.500119201139882156e-03,-1.633612315291218696e-03,-3.738685832503419230e-04,-7.718067401036861168e-04,1.661807486911798162e-03,-1.031979013274733235e-03,-9.477302514550066728e-05,-3.808910791221803774e-03,-9.442834709286394260e-05,1.919590348435636995e-04,7.164519834819383596e-04,-6.191771148902286762e-04,3.295070759108496426e-04,3.359738199092201518e-04,-1.021861422282020759e-03,-7.917032563479640614e-05,-1.274453739107509614e-03,-3.179870892069905797e-04,-7.742341059706063142e-05,-1.513951599964389510e-03,-6.918499951798328784e-04,-1.885745731660591574e-03,-1.309375289295391671e-03,2.424004643496831452e-04,2.466323018254101438e-04,1.464300430835867393e-03,-4.554815279481204925e-03,-1.446134300439837553e-02,-9.502205220703029967e-04,-8.986636550456953776e-04,-1.091151321259269244e-03,-5.280351630767115591e-03,-3.729753108312651964e-03,-1.949475030586214110e-03,-1.471910216324360220e-03,-9.023990799813655291e-06,2.919386553244847880e-03,1.033746208395104442e-03,1.537035872948246855e-03,-1.482151338412205505e-03,2.108585298991282042e-04,-9.328377811858704939e-04,-6.697669052515882330e-04,1.345545955744725190e-03,-2.457327563434428923e-03,-2.116836950024252820e-03,6.775135637907891278e-03,3.041017422297537676e-03,4.268559142194613618e-03,2.665209959545736034e-04,-2.945608995837979520e-03,3.916174122906803355e-03,6.561754143232961800e-02
-2.457907848010012098e-03,-3.161498992566713281e-03,-1.580796925200372675e-03,-4.031723124656390322e-03,-8.732234805932640896e-04,-1.098819464807011467e-03,-3.870330713122296191e-04,3.730892366662538198e-04,-1.296834698501302336e-03,-1.094902854955585089e-03,-1.790642848988508812e-05,-3.623882859677856933e-04,1.617406628655430282e-03,-2.585374224243078083e-04,-1.910157785302295415e-04,-3.073779926744458119e-05,3.724205347690967235e-04,1.979448042888402274e-04,2.696508678459767446e-04,-7.400598836511910073e-04,5.009485864485763076e-04,1.110095329502349900e-04,-9.387626673834632667e-04,-2.402900454863632907e-05,-1.203566285220036272e-03,-7.751848337141732702e-05,-3.421207594493739504e-04,-1.147857599432486461e-03,-8.962501098804319215e-04,-1.988261885985688308e-03,-1.274948188455037523e-03,3.404083580972274326e-04,5.975561561171625555e-04,2.353206293660880383e-03,-2.756873113780256230e-04,1.492894430215450062e-02,-1.535355999101271733e-03,-2.192270465372517067e-03,-6.980446049816065729e-04,-4.554566604225556976e-04,-5.624492909143147083e-03,-7.377299067120451914e-04,-2.008808234570974571e-03,3.760084136006630997e-04,-1.266988237707211912e-03,5.363728562422970291e-04,-2.541227716633214211e-03,-4.320709977295411099e-03,-9.959660239336925232e-04,-2.473205391791792173e-03,-5.976944715833931721e-03,-3.695811307131736945e-03,-1.538617335043739043e-02,-1.852553160049067588e-02,1.051074116422902934e-03,-4.195803763414206536e-03,-1.526387505587340800e-02,-2.628208839687022624e-02,-1.958895434106003655e-02,-2.786069093389158258e-02
-1.825577188668367273e-03,-2.224522060544899867e-03,-2.112962279768117440e-03,-1.033301533682879280e-03,-3.143791288369741661e-03,-4.952163665457521213e-04,-5.767172132018725259e-04,3.064742364467893873e-04,8.389545861075133710e-04,-7.154374954531360657e-04,-7.680766267816773645e-04,1.096791419808496487e-04,-5.197277230498701869e-04,1.462942811869080706e-03,-5.593606346500569655e-04,-1.178190787465940485e-04,1.687501637591505902e-04,8.344272106585954652e-05,3.625084585629246041e-04,2.928819184598649016e-04,-5.583097375743727771e-04,1.788577999711307460e-04,7.448963837928453146e-05,-9.754521800262749452e-04,-2.323526318124974625e-04,-9.798401658034027427e-04,-2.248111556502961454e-04,-9.701117396003146223e-05,-1.286790562862731146e-03,-7.572691843843456583e-04,-2.031113287453647880e-03,-1.524767867813948312e-03,1.088149896336273060e-03,9.590942242454079036e-04,2.099531960765451972e-03,-6.474083238011427242e-04,5.320721922466039146e-04,-1.491008890923844078e-03,-4.943314040505192818e-03,4.558046768029685699e-04,-2.688296812682723809e-03,-4.519891102038696776e-03,-8.907416511571012092e-05,2.062779213146776424e-04,-5.236783798250747900e-04,7.307778920680460056e-04,1.445407620077837445e-04,-7.053447928137144196e-04,-8.380860539648512034e-03,-5.201560209256820026e-04,-2.882885000612357349e-03,-2.665962280953207766e-03,1.572111613876676711e-04,-6.499542600318299057e-03,-9.435475408604478836e-03,-5.037375052363585876e-03,-1.338614905263748114e-02,-7.950467921002204313e-03,-2.421689643438511980e-02,-1.252415668817677928e-02
-4.073577488328897493e-04,-1.349717359183735983e-03,-1.207814859833548091e-03,-2.459106454623311618e-03,-9.087670002133411669e-04,-2.468446604506970964e-03,-1.535922069965038161e-04,-3.203879585408449986e-04,3.810497368789641007e-04,8.323081374418198888e-04,-8.782387823403627839e-05,-3.474194862351590312e-04,8.469005929220949254e-05,-2.577288779206338512e-04,1.351821881093364080e-03,3.669136255358085996e-07,9.865904761894050718e-05,3.342421396282290120e-04,3.776276694424985140e-04,4.561411106018884018e-04,5.098227360307616739e-04,-5.365397435202203750e-04,4.458230347052190897e-04,-1.482234389933661984e-05,-8.762251049708654491e-04,9.705501337929148807e-05,-1.082256794915707017e-03,2.146119636220956061e-04,-5.261515116856283278e-05,-1.007510179857787607e-03,-8.366348496664402327e-04,-2.121146183476126622e-03,-1.313400451851372448e-03,1.683546007169814613e-03,7.145859983899995830e-04,3.141529031996616837e-03,9.553798782917406751e-04,9.027363539961835064e-04,-1.074333912279869501e-03,-8.804389339391539750e-04,-1.763716781240430012e-03,-1.728170901128888966e-03,-3.843722628367216270e-03,1.681196735529384180e-03,-6.286510571661043517e-04,1.877566905432529083e-03,1.732523872837985509e-04,2.102240471577822417e-05,-1.060606738293915982e-03,-2.823790906548248863e-03,8.453835168908961943e-04,-2.036715936937689032e-03,-2.277532592247135963e-03,-2.088914003203452135e-03,-7.121586182506825687e-03,-8.979174012840610009e-03,3.001744446611181397e-03,-1.541160749711638876e-02,-6.157210861548694132e-03,-1.933777449809781154e-02
5.190377591728548680e-04,6.860677919074054847e-04,6.496571019124507997e-04,3.535827541713903403e-04,1.031565589945423182e-04,8.196914413468468687e-04,-9.318178422369602278e-04,8.137398731184601912e-04,7.547349313112808756e-04,1.476975453665905569e-03,2.162087044976727674e-03,7.661771780380980919e-04,4.053999114897880243e-04,4.530602617349310129e-04,-2.864550730047169848e-04,1.656173235224598630e-03,2.555809826976016127e-04,2.605056794139497560e-04,6.458989440605767849e-04,6.194469471778112860e-04,9.663561604410211749e-04,6.133816697083348778e-04,-2.393818337454503553e-04,6.751789642634415745e-04,-5.525465522856465962e-05,-3.134308995650260518e-04,1.649106824604974211e-04,-3.278400583222195364e-04,1.211694082818591967e-03,4.976971798830439686e-04,-8.040672587302579192e-04,-6.851083502583266019e-04,-1.551412542593412318e-03,-3.477699562455399966e-04,1.317511088028143745e-03,2.447311730820168462e-03,3.045334705405333773e-03,-7.647170033814210013e-05,1.168819126292291706e-03,7.124850407485808397e-04,-3.744912067378674235e-03,9.673707135718772894e-05,-4.694897826636152500e-04,-1.442573667326967719e-03,9.496100181567229074e-04,1.036478391948870677e-03,-8.691374842423614565e-05,5.509547763698709362e-04,5.516351475096147386e-04,-2.391535796300292007e-04,-4.135911418908010638e-03,-1.504083139185491012e-04,-5.803026930374784132e-04,-2.478052251720719475e-03,-9.628031142690177818e-04,-8.220753111995210763e-03,-1.378884310254623741e-02,-6.342542548276902670e-03,-1.172315853085347144e-02,-1.863036662225690809e-02
1.445325191751644419e-03,5.477060555039796851e-04,1.549503715204691729e-03,8.339692725760392651e-04,-9.572347192111297287e-04,3.579753631923163643e-05,1.056703887374916368e-03,1.463780797023145320e-04,1.579475021635306500e-03,2.142304530516585346e-03,2.125226919495780756e-03,3.001164831243107508e-03,1.996193970415479583e-03,4.856881697418412042e-04,7.137443472190937435e-04,1.272492300985369996e-04,1.051436238052198824e-03,-2.880102508874322507e-04,-2.444842968183815043e-04,5.885215328460218073e-04,3.081969272523636520e-04,-1.191586194030271056e-04,2.717930890764210352e-04,-5.140671494593565625e-04,-3.466145273159727054e-04,-1.579927472065711675e-04,-3.564814892592810562e-04,7.720463479918823540e-04,-5.262051394851776070e-04,1.095747091237712044e-03,2.730659523325152174e-04,-8.617611563003608425e-04,-2.714614368759631351e-05,-9.540803076883235499e-04,-1.005327207368520662e-03,2.222270710506682716e-03,2.252771138523752999e-03,4.059492262883690125e-03,5.973516050316292694e-04,1.854107019070726789e-03,-1.182349142100971471e-03,-2.585398875234352477e-03,1.986066806207451366e-04,1.660283333140954954e-03,-3.044230217809531028e-03,2.569462948094402253e-03,-8.785442379286525659e-04,-2.485507142564418034e-04,2.921138455174492475e-05,1.082288147643184614e-03,-1.601370317545883811e-04,-4.403263285118419468e-03,3.911996581478454737e-04,-4.247274112158293605e-04,-2.531553904889359812e-03,3.344141878039665408e-03,-7.846210506562771927e-03,-1.733732863796602977e-02,-3.835153854797092592e-04,-1.547027733001044882e-02
-1.534531026917522684e-03,1.336066637257190604e-04,1.793715904651136317e-03,9.687815351582339642e-04,1.408961751721845602e-03,1.195921681515698439e-03,1.663621595568614501e-03,6.719411963488831257e-04,-1.400067517919735809e-03,-8.484316728557959506e-05,-1.094311924745338185e-03,-4.433498048769146833e-04,5.325891933958600694e-04,-1.393218299825855220e-03,-1.702249617997928302e-03,-4.584756520662879725e-04,-1.064287884127286272e-03,7.901760351210257351e-04,-6.277105489868059583e-04,-2.676816362321772676e-04,5.760644806407433979e-04,1.058388345995319666e-04,-2.574820264169696985e-04,5.154625458081213071e-04,-7.028940945793827602e-04,5.795767513745524700e-04,-6.565707634899003542e-05,-1.663734351588029407e-04,3.220251174697070650e-04,-2.416894341597105255e-04,-1.499826879127905349e-04,-4.340973836079118622e-05,-7.704385321854405983e-04,-5.628095769184213995e-05,-1.233652454335724437e-03,-8.809247847915789966e-04,2.021294647150427299e-03,3.621634471992536512e-03,4.600764420243400217e-03,-2.070160889940386717e-03,-2.938849821370273768e-03,-6.570796676686333545e-04,-1.437746306664057158e-03,2.048738458605166898e-03,-5.201728366391295639e-04,-1.476133737780096697e-03,6.762213153489738922e-04,-6.168295849974899563e-04,-6.039178135897073488e-05,1.380095184362245108e-03,1.591632316987052652e-03,7.722645288425413097e-04,-1.684923563521277447e-03,3.088943092081754792e-03,6.452281455085173137e-04,3.507137205177236652e-04,1.216634784963557147e-04,-1.056846596356674807e-02,-9.953216997899489576e-03,-2.733081438729179774e-02
-1.672336167129926396e-03,-1.802857781369934841e-03,5.277861143002434286e-05,1.362273653691044653e-03,1.369720658853645955e-03,1.020488714036870597e-03,6.318958519822023921e-04,-3.918248905217938059e-05,1.320696018716380551e-03,-7.922843533606926817e-04,1.109015529538842984e-03,2.256160503760111860e-04,6.454168211763119554e-04,1.160235082132072323e-03,7.068287189387464833e-04,-4.263641808174845060e-04,6.745936237178084367e-04,-3.120790214769230417e-04,1.091916158492867118e-03,-5.768724332851733402e-04,-2.738781218844382206e-04,2.794264289162810637e-04,-3.161284478434852165e-04,-3.198949571941195227e-04,-1.992664365819423909e-04,1.045791939726995455e-04,5.963111684903680642e-05,5.567353172700054489e-04,-5.061814271455092546e-04,5.861304647108225852e-04,-6.981611660911262980e-04,-4.663025250991047503e-04,1.626063377639324725e-04,-5.650525519907926165e-04,-6.177499470517320776e-04,-1.813168127995003036e-03,-1.320880530706689503e-03,-1.353942188216219859e-03,-1.861701116654784684e-03,1.357367272318040895e-03,-4.581036759024220348e-03,-2.019346696401364515e-03,-3.404086264618787889e-04,1.102094389437429647e-03,4.630426105916164822e-04,1.029760758646878615e-03,-3.209449779685943915e-03,8.206301385175328745e-04,8.235237128540891759e-04,2.287307193068239923e-03,2.290657230811429627e-03,2.486559523954112467e-03,1.024562746121823525e-03,-1.214972031930126872e-03,2.948044484076677973e-03,2.348108196652688284e-03,1.817851810067215828e-04,-4.892452112951226756e-03,-1.198731064729805689e-03,2.987624443289581613e-02
-1.520585823325824914e-03,8.921372195246159197e-04,1.441628957825828825e-04,-5.798054694529362375e-04,2.622283680952472462e-04,-3.178388557200076316e-03,1.478621222388565954e-03,-8.596850586428385300e-05,7.831224098362823439e-04,1.802112688475407789e-03,-3.464580154774406950e-05,-1.624834337542939693e-03,-2.544439819915189464e-03,-1.041046278131171421e-03,-4.570274154391134463e-03,3.371689491029990411e-04,6.518139948399623643e-03,-3.169188149835225256e-04,1.039060142663411103e-03,-2.479273069441287943e-03,6.790182773572489127e-05,1.829001951736086934e-04,-2.189532281341790686e-03,-4.146398639595594510e-04,-1.843213265298464200e-03,-1.303750142642800354e-03,1.953897313792966016e-03,2.497224843066447094e-03,1.037013249404985854e-03,7.751886415061459527e-04,-1.439276580009959299e-03,1.126033328698391664e-03,1.017312276281012208e-03,1.202151068013411787e-03,1.478484773743207704e-03,-3.286505089878825198e-03,-2.714256514473694943e-03,-1.228497492799377963e-03,8.138371085266597532e-04,2.553635560045340678e-03,-9.646853237664261907e-03,4.862570926325569289e-03,-6.394855658917431539e-04,-2.093777257826647057e-05,-5.471527366929457639e-04,-2.243737610270163819e-03,-7.804803551929062914e-04,-4.559352968545535463e-03,-6.492291364281017538e-04,-5.316995739162325672e-03,-5.030829208628606261e-03,-5.712177321511838560e-03,-4.730849541617467534e-03,-6.535997672124433354e-03,-7.090473473729039418e-03,-7.651060236110883775e-03,-7.506796078684459597e-03,-1.773442724500917667e-02,-3.792101859752016520e-03,5.761251234400776439e-02
-6.035616593653428975e-06,6.867251578566204709e-04,5.427329934575846233e-04,-3.488101674108862226e-04,-1.399807007430580114e-03,1.625432473159247302e-04,-1.774662308244877090e-03,9.104225580044247087e-04,1.026580052789897697e-03,-4.325302405228036401e-05,1.211222425366773351e-03,8.596664379335140294e-04,-5.832166083449725168e-03,-2.656796294401260645e-03,-1.781378866692281439e-03,-3.793436001347803236e-03,6.326354770110841595e-04,6.338656204232355658e-03,-4.125208245945901882e-04,8.730501940006837880e-04,-2.150922280059823413e-03,-1.476990182961344608e-04,-1.609889929997103831e-04,-2.018426978287874568e-03,-6.222043328792484793e-04,-2.188128514646012993e-03,-1.833455269121870733e-03,2.066890798338876824e-03,2.317761636559887914e-03,6.405241408117684498e-04,1.067233755332926094e-03,-2.122622167599353456e-03,1.049395590151922832e-03,9.406759663563822593e-04,7.996527515417218472e-04,8.351182514176110506e-04,-3.144210199606449572e-03,-3.231219532054459536e-03,-1.610448422873134730e-03,-3.591872713765093873e-04,3.331698962966765480e-03,-1.007354190031847438e-02,4.899352864317531656e-03,-6.411192574667396588e-04,-5.948895952024468208e-04,-9.354835511240448126e-04,-3.075095136322847887e-03,-1.499907669755126986e-03,-5.149325796592264977e-03,-1.882780651058306139e-03,-4.716463854241026606e-03,-6.424861689413976021e-03,-5.494604466430906206e-03,-5.930140146820543981e-03,-7.567709230427218693e-03,-8.174361479792641161e-03,-8.744579138939646834e-03,-1.009858559726321131e-02,-1.799428216554749618e-02,-3.398367771493752965e-02
3.194549438304317840e-03,3.110159955852401497e-03,2.625305511577331907e-04,7.337229656749458435e-04,2.123743366597861048e-04,-1.324670219879881027e-03,-4.816573712651460405e-04,-1.039674480997142270e-03,2.479690253457942674e-03,9.588437986294958901e-04,3.773681804744676146e-04,1.805799086106480962e-03,-1.025527251601121266e-03,-1.215815529592082942e-03,-1.890498539018422566e-03,-7.995207296500961367e-05,-2.518326546711228790e-03,6.354030866388252251e-04,6.135378055947552506e-03,-3.581439966985499766e-04,1.093916463519361247e-03,-2.550657492045293843e-03,-1.658929706936507881e-04,-2.203651435279758357e-04,-2.946727898520145120e-03,-1.143594963535695622e-03,-2.586335664014809219e-03,-1.849819452585243313e-03,2.341107352056430706e-03,2.071274753014302507e-03,7.177032036918107967e-04,6.979386193885613260e-04,-1.914100165847617500e-03,9.376217825730242053e-04,5.584590679800841007e-04,7.015727043484472130e-04,1.292259360344931874e-03,-3.606038745931933621e-03,-3.003011699875214949e-03,-1.796118682168821624e-03,-2.465598008535818913e-04,2.793071670777265165e-03,-1.048177057378108130e-02,4.643363889009279565e-03,-1.388172521586952248e-03,-3.471398887733953727e-04,-8.476229775421040367e-04,-3.280588598373136277e-03,-1.181037088368726415e-03,-6.021080928126761912e-03,-7.240417517922232305e-04,-6.024958935302858996e-03,-6.463677437843363266e-03,-6.412336890396997703e-03,-6.167842329079474377e-03,-7.566880215907386374e-03,-7.611669368222475675e-03,-1.002256874320133981e-02,-8.950571647664721381e-03,-1.117340582254391923e-01
4.945148653423187858e-03,6.175178147268526284e-03,9.386458959427065873e-03,3.953218129167768158e-03,3.058575315259192025e-03,2.839807777665664251e-03,2.193689001983521823e-03,-7.229058334436476788e-04,2.465102756434578001e-03,3.125034952194800605e-04,3.131297460112606769e-04,1.743869459264154155e-03,1.417401660710815910e-03,-8.608751769348562928e-04,-3.666384676015421989e-03,-2.526927117089266227e-03,-1.514005251000692144e-03,-3.376423405357950255e-03,-3.527264295843521237e-04,5.569384330439460656e-03,-8.933532652740125510e-04,2.585633645949470720e-04,-3.272026483551922389e-03,-1.129420151292605517e-03,-9.220086106520726217e-04,-3.259758319731626344e-03,-1.471926735784042988e-03,-2.947084939805372401e-03,-3.311723360270667389e-03,1.740281978206233236e-03,2.281116465426910687e-03,3.946113304553760148e-04,7.236348915019040007e-04,-2.308235886182163302e-03,5.573636897810178500e-04,3.992419979548852819e-04,5.549555113945423696e-04,6.918263104271308184e-04,-4.018544826689897723e-03,-4.026109739552715880e-03,-2.170109769585786951e-03,-1.274689071290777609e-03,2.254435506908584932e-03,-1.131903241802509688e-02,4.140377538170422929e-03,-1.757504896406343045e-03,-9.836306014610691952e-04,-1.328147198883742816e-03,-3.532310959579031129e-03,-2.289761539695677871e-03,-6.284230373671623182e-03,-1.843480445491531240e-03,-6.269191162186808601e-03,-7.515214485365444112e-03,-6.971033789030280092e-03,-7.055952376886452486e-03,-8.002368421052600059e-03,-9.344177035912962226e-03,-1.042708945611086659e-02,-1.024583310900289146e-01
2.037128589137631503e-03,6.065554596751087692e-03,6.558472086826422874e-03,6.547243750529696885e-03,3.568620218558177411e-03,2.484132619354139163e-03,3.809415302868641214e-03,2.761434232653780033e-03,3.010874688038150948e-03,1.517934141806763244e-03,4.769950342934219448e-03,1.644214997191286321e-03,1.635363339493007846e-03,2.266608232199411859e-03,-4.167414503049856689e-04,-9.057771442873937444e-04,-2.393571200408106496e-03,-1.917059378352372907e-03,-5.278797899285643351e-03,-2.036450430025313080e-03,3.514517335290942134e-03,-2.296486715343252116e-04,5.973476664277889555e-04,-2.317333387901410191e-03,-1.007767465328022766e-03,-7.330161648269651904e-04,-2.949906788058908897e-03,-9.427256479859029425e-04,-2.619994932165913525e-03,-2.340564272525777392e-03,2.036308728290235539e-03,2.578581766300136989e-03,7.059104740091548666e-04,9.370692805391456345e-04,-2.445144661420856676e-03,1.082073602666765253e-03,1.006127910208223135e-03,9.397204018447884643e-04,1.104226401699683752e-03,-4.143575870777803198e-03,-3.833991275557523982e-03,-2.259459630759156398e-03,-6.861350268901362116e-04,2.444765457718415039e-03,-1.157406437204201548e-02,5.145301348379776110e-03,-1.037316888190896198e-03,-1.694684588288617431e-04,-8.652523979556521038e-04,-3.544848721330731440e-03,-9.338389185228195303e-04,-6.615572209577800546e-03,-7.780331481986287392e-04,-6.293180026187161595e-03,-7.484338033977617696e-03,-6.748049320870699690e-03,-6.271787736870258409e-03,-8.692718987948959072e-03,-9.044813944082130686e-03,-6.384506000835118988e-02
4.551767379071594392e-03,3.027834299695043602e-03,4.478980571917066250e-03,4.402710633666162728e-03,5.634326236260464582e-03,1.597288518726961001e-03,1.758952910867956189e-03,1.593346695370283532e-03,8.548322239769456368e-04,1.452614828684229602e-03,2.628843307252489033e-04,3.731207203346526523e-03,1.635981972033427384e-03,1.464513025939109987e-03,2.802804625288232102e-03,-3.397523069644138170e-04,-1.515832832528034302e-03,-2.049654010074091447e-03,-1.226300028169745879e-03,-4.939018424541721103e-03,-6.211029817199582598e-04,5.064004413206916154e-03,-4.204179592621394720e-04,7.560713859639096824e-04,-2.312967455214668452e-03,-7.521773972962725189e-04,-4.117607811530310416e-04,-2.713068983796002465e-03,-9.483896618997372796e-04,-2.684004258102558240e-03,-1.946408877910484059e-03,2.311021402287184810e-03,2.762599520352733255e-03,8.519380899959349673e-04,7.429062590009102287e-04,-2.226606130105267169e-03,1.618154266994145662e-03,9.467895889724567068e-04,1.110388412893572110e-03,1.111011730296140691e-03,-3.352618094367353259e-03,-3.621914496361552070e-03,-1.763106410745363898e-03,-3.226169591155533247e-04,2.905701451883762297e-03,-1.138978121296859228e-02,4.948086095604919792e-03,-1.424845597594725762e-03,-2.714023702816536067e-04,-8.027372477696018008e-04,-3.147987571436370972e-03,-1.598241426550090199e-03,-6.974968078419062703e-03,-8.343278133441377501e-04,-6.807818142949836199e-03,-7.648162906022705661e-03,-7.197727367784067208e-03,-7.280087117173339797e-03,-9.314072398558271085e-03,-3.952213474115632424e-02
6.759023293354494630e-03,5.702247069983580260e-03,4.322419628173369312e-03,3.607628371850680332e-03,4.211809359937064914e-03,3.344318322561676358e-03,1.421824086238062832e-03,1.889538819306200426e-03,1.560967886285920649e-03,6.509803599750946593e-04,1.907630168919183331e-03,3.240598092362289391e-04,3.713289887595474376e-03,2.053818504692794290e-03,7.013168176128608839e-04,1.858437044788682204e-03,-2.606214017765177602e-04,-7.395889455585929117e-04,-1.892232685080653867e-03,-1.144860913117105730e-03,-3.923569847748050593e-03,-3.543685202172092955e-04,5.675231277066449843e-03,-3.415516229406782720e-05,6.011658324531181244e-04,-2.262416310813945061e-03,-5.042198750788386878e-04,-3.435514061845994552e-04,-2.572835292931191769e-03,-6.415680666696031275e-04,-2.653068933724479859e-03,-1.706561039198671755e-03,2.650474251413374813e-03,2.843402579769085253e-03,6.759018063805294265e-04,1.660425960419379971e-03,-1.931634045750843000e-03,1.880034271716847418e-03,1.305134182846513649e-03,1.150803381093712299e-03,1.342361448502107663e-03,-3.676629257694043890e-03,-3.202249759354622478e-03,-2.074343575101478352e-03,4.064851838633018032e-05,3.113260649582593950e-03,-1.178613437246223659e-02,5.224513181988129501e-03,-1.061051280812501212e-03,-4.249783601524013466e-04,4.983084768474223747e-04,-3.696456554870994077e-03,-2.803963921265316883e-04,-7.004166113254018181e-03,-1.596782622926640541e-04,-7.321308194886603712e-03,-7.456231802619994568e-03,-6.790962962962930095e-03,-6.663750654037965682e-03,-6.448905457891067339e-02
6.296862742690916871e-03,4.081093828660707808e-03,3.021780812225787448e-03,2.517775826109768574e-03,3.988109512073337824e-03,4.349850714625740251e-03,4.892842888048225779e-03,1.024291796372178145e-03,1.958256752016878256e-03,1.875360941144158661e-03,1.641519296792652062e-04,1.095984841629632457e-03,-2.283699277152628955e-04,3.462722430065266060e-03,1.567991278398749499e-03,1.380374192410261302e-03,2.206158756872711804e-03,-3.208397443396405514e-04,-1.608428431817878401e-03,-2.422046562147781197e-03,-1.313050348181323684e-03,-3.950504772308620349e-03,-1.217609962759089171e-03,4.992441841194450274e-03,-5.412806755193744820e-04,4.806798227949343684e-04,-2.583067564226747444e-03,-7.113230007925366426e-04,-2.137539143848743342e-04,-2.535313930958715042e-03,-9.562485652138690180e-04,-2.284514786519782105e-03,-1.760000565832667459e-03,2.405124431504305181e-03,2.285875091287778264e-03,1.271595024748897306e-03,1.576405951557111659e-03,-2.138936044007192991e-03,1.995070043351818492e-03,1.276189949500668250e-03,1.447627233226531345e-03,1.269892046552786478e-03,-3.211471487385793647e-03,-3.556713445278555322e-03,-1.525650982448154870e-03,1.956692455354799821e-04,3.501586975101255057e-03,-1.201772637557409554e-02,5.608950407056337989e-03,-1.466097170867298365e-03,4.525337061403572592e-05,-2.069713824606766993e-06,-3.487606147332748732e-03,-1.887193370772592867e-04,-6.785412792826191197e-03,2.249046272551467494e-04,-7.264158068736126760e-03,-7.455030788105695798e-03,-6.621091350228994199e-03,-3.088766283543192825e-02
5.339203827606151843e-03,4.281812107078498270e-03,2.849356590318474595e-03,1.887312941783262201e-03,6.907777383398875509e-04,2.686446425831577351e-03,2.670906549337730054e-03,3.782626295509539452e-03,1.584954773137480432e-03,1.807567870616667675e-03,1.553077337116998092e-03,1.860509865678764069e-04,1.125968373311904153e-03,-2.797804852797432912e-04,3.243527978391837555e-03,1.658284102564152153e-03,1.177498081452182368e-03,1.721588056651260747e-03,-7.281717986182857649e-04,-1.611662832724111705e-03,-2.499510001873863404e-03,-1.268699201367909628e-03,-4.029013050646976755e-03,-9.288307772185382897e-04,4.938179994132856770e-03,-7.030044703264931583e-04,4.998571585118048461e-04,-2.618836865809921841e-03,-8.451240488039715466e-04,-7.812537014240881735e-04,-2.718347880696252335e-03,-9.067416235910262263e-04,-2.686568861101456488e-03,-1.969177311697612506e-03,2.166739820440705816e-03,2.409734720537627141e-03,1.305318781125151947e-03,1.263346799369772025e-03,-2.397455804902571402e-03,1.892668181192761444e-03,1.247103932169262193e-03,1.009026281514591259e-03,1.240837890086264952e-03,-3.804704361950875420e-03,-3.908577705824703256e-03,-2.217293030198640418e-03,-3.985948029093696861e-04,2.730057499001343427e-03,-1.305465224370162998e-02,4.761132431066749521e-03,-2.409570337616252864e-03,-1.422968135683386117e-03,-5.739225019010236019e-04,-4.938710237849666847e-03,-1.506492690341135719e-03,-8.985148717238060703e-03,-3.844304770517439234e-04,-1.020182927845359432e-02,-9.663154465428416481e-03,-1.639321534480086412e-02
1.423869288227770993e-03,2.907210591834518375e-03,8.131318825781164161e-04,5.524740108132819745e-04,-6.651284189710432622e-04,1.351605594068859941e-04,2.208282645776861453e-03,2.385147241846268060e-03,3.574624719610557545e-03,7.265559135408588848e-04,1.574682187069565992e-03,1.416144511002787867e-03,8.666548827102011710e-05,9.283119964803034606e-04,-2.680657247870121482e-04,2.854767303612504737e-03,1.220853845450223761e-03,8.980012444232420054e-04,1.524823319663657761e-03,-1.066814649117028488e-03,-2.009175018016033740e-03,-2.654935145674324360e-03,-1.320947579465007711e-03,-4.782355099149468436e-03,-1.274043453201403582e-03,4.670324690972554350e-03,-7.632941463414430602e-04,9.249705894538109595e-04,-2.469257898975330684e-03,-8.257487496201142011e-04,-9.893257379961749049e-04,-2.826067856316575623e-03,-9.630694047457932956e-04,-2.302960472363423279e-03,-1.517112471913496059e-03,2.803325807097729102e-03,3.874262076729501070e-03,9.035838614178672793e-04,1.407194847985669814e-03,-2.487895742863667665e-03,2.234813906835651266e-03,1.208160586219740725e-03,1.576773020042423513e-03,1.058703072042293820e-03,-4.182250720492610221e-03,-4.669966908807889408e-03,-2.150002642628621140e-03,-5.827575714409040809e-04,4.920723022816085070e-03,-2.023661939846119889e-02,1.117388142468508233e-02,-3.756047941022876580e-03,-7.268330031228715073e-04,-3.254650519299310141e-03,-4.562229548688612017e-03,-5.609781147600679391e-03,-5.792888508386950970e-03,-6.662932938910126612e-03,-9.380074030702831300e-03,-3.602686578497905912e-02
-2.011804983825058162e-03,-1.356604095115691551e-03,-1.085699170611001971e-03,-1.191819815441406884e-03,-1.186218868055478144e-03,-1.629481619123604929e-03,-7.466252911562843049e-04,-5.735144594328811822e-04,2.598616954784111396e-05,-6.303407572750719810e-05,1.004103307191380736e-03,3.277279486760382673e-04,6.290345619881881857e-04,5.886793157470858592e-04,9.087907567562257495e-04,5.017662487656468148e-04,6.080868940663770091e-04,4.819557817889410416e-04,5.844687736607873324e-04,1.084404802490390621e-04,6.764721828116631707e-04,3.498367453767580533e-04,7.308390769316648692e-04,1.788858537229873972e-04,-7.792933439022584172e-05,6.784398196410602920e-04,6.563682190781530538e-05,8.265150125358881232e-04,3.920970477960833856e-04,3.199875543860811341e-04,4.490888431523843306e-04,2.529375696766229397e-04,4.658945067481042078e-04,7.922484161415985649e-04,7.332358373468575918e-04,6.824617704939010864e-04,1.180220153955717369e-03,1.242524837811306718e-03,9.012627056379469504e-04,1.337739115986050524e-03,6.640821019650124720e-04,1.135647224110391098e-03,5.901500539853087425e-04,7.466319049697599242e-04,5.488494183496505789e-05,1.004910777688955469e-03,-7.497369294240889938e-04,4.914493881961865305e-05,8.011539659069755290e-05,1.463181241839410344e-04,-3.188057305090376790e-03,2.025650198804969816e-03,-3.276178555762486629e-03,-2.572335195835042006e-03,-1.086392317219819683e-03,-2.543343720702849389e-03,-4.367520788790177876e-03,-4.780774604838688470e-04,-7.071813519930164604e-03,-1.668996411402145922e-03
-2.109705997057487051e-04,-8.043397823311799252e-04,-5.458302079334117780e-04,-7.120243287666345880e-04,8.399753755936227931e-04,1.439380960731745981e-03,1.181808951319784353e-03,3.120214809102133877e-03,1.641040755873301527e-03,4.241530271765472405e-03,1.912134538545934423e-03,1.319768362369651673e-03,2.402542276681998625e-03,2.143834749183450798e-03,1.882609634124615379e-03,2.179405809066632411e-03,1.439066099810968648e-03,3.080417969297316247e-03,1.789327054700688268e-03,3.233721281898645650e-03,2.275022451115746129e-03,1.908190438800475702e-03,2.305663842197792305e-03,2.062647720469322574e-03,2.565309512851295277e-03,2.373767345949115426e-03,1.918392030589648103e-03,2.670896706849112956e-03,2.168260083155214030e-03,2.465091322587296269e-03,1.896609022709462404e-03,2.126510369329551176e-03,2.234545441013322756e-03,1.723133160139453954e-03,2.209875386954856212e-03,2.520305025101731052e-03,1.835237893080196797e-03,2.751601118357776057e-03,2.448729777203651446e-03,3.098926679611667401e-03,1.474715474044714430e-03,2.387200312673234438e-03,1.724458094641468818e-03,1.383028337567949843e-03,1.629650991525624691e-03,1.135061744159050713e-03,2.411234519353100403e-03,3.235101061237343639e-04,1.272138092483471967e-03,4.853229932842408815e-04,-3.253720222663540260e-03,3.124456484027828516e-03,-4.481896259244733290e-03,-2.857237977126249589e-03,-7.461360942648815990e-04,-6.203025043561792009e-04,-7.598230325352192758e-04,-2.722109317772836590e-03,-3.331759113338741279e-03,-2.219408730271591607e-02
-1.505075429074133759e-05,-4.307276697574994803e-03,-2.882988119774670174e-03,1.769747274718851571e-04,1.094078544509137821e-04,2.233128978197122718e-03,1.381520027427421242e-03,1.208692085228494761e-03,3.230300850277794972e-03,1.482786300623421382e-03,3.257038946314701807e-03,1.169361974428278139e-03,7.843370797711814906e-04,1.517515830741729844e-03,7.261162078780942532e-04,4.722713953011992366e-04,6.923762042525269736e-04,6.312241487394214950e-05,9.974902210965904369e-04,1.180894948271358640e-04,1.388001216487982307e-03,7.766379905824823040e-06,-1.054953461943186198e-04,3.312910701205893445e-04,2.861978775615954039e-05,-2.370500034036102002e-04,-2.810439141048283701e-04,-7.643328455938237483e-04,2.482245699509882746e-04,-4.467296424494604772e-04,5.429809641931068482e-04,6.534154906478819333e-05,3.150910040163952715e-04,-1.945198165778515731e-05,-2.610239784357464162e-04,3.592768824890839319e-04,4.158784292572518192e-04,-8.392432682429683526e-04,3.651492633627702279e-04,-9.018021572234754461e-05,9.278940042942070967e-04,-1.057076543581897702e-03,1.270440815021706658e-04,-5.296501631000709916e-04,-8.177955231664799313e-04,-7.195020629565272632e-04,-1.517476829968947760e-03,-1.027193247376757780e-03,-2.268960577893064986e-03,-1.314878874707058531e-03,-2.133871856977325333e-03,-3.703572080958571038e-03,-1.726896890356983353e-03,-3.275746196592868673e-03,-6.822111702234724857e-03,-4.962201156715667638e-03,-2.232212990183976824e-03,-5.039932880318182505e-03,-5.600819953455969495e-03,6.438360690148856209e-03
-8.409610160903125547e-03,-7.861037990119983804e-03,-7.631173776986903412e-03,-7.219505149022545365e-03,-5.333575962661298887e-03,-5.136303947762704304e-03,-4.398446109996803632e-03,-4.123281026772687707e-03,-3.743702884269162028e-03,-2.533678645136410584e-03,-3.212532318082783785e-03,-1.909352090267743812e-03,-3.259861007473138610e-03,-3.284673161285573545e-03,-2.721309522973411419e-03,-2.923510541568614864e-03,-2.865234837225842397e-03,-2.303507851126656344e-03,-2.983127225351131766e-03,-1.896956185652865032e-03,-2.522878622590127989e-03,-1.907146002495349818e-03,-1.955091761786628950e-03,-2.150380549661480740e-03,-1.748355115682065754e-03,-1.026918192380429657e-03,-1.918687768740562176e-03,-2.978196196994424040e-03,-3.649083775104492756e-03,-3.326708970225043371e-03,-1.990247107494047627e-03,-2.514386988887938948e-03,-2.334806388739980344e-03,-2.688657284495957287e-03,-2.400132467505367451e-03,-2.870900195040481176e-03,-2.983973386253567332e-03,-3.177172725936400211e-03,-3.878746665412804041e-03,-3.562133639842295346e-03,-2.361352325514189544e-03,-2.296263653652670395e-03,-3.446354767973026749e-03,-3.090093951978253092e-03,-3.171495562681719664e-03,-3.391617232658962391e-03,-3.728277956253757928e-03,-3.955033838243762756e-03,-3.608300418377777350e-03,-4.820186251409971576e-03,-3.942960671300217365e-03,-6.164357012875762605e-03,-7.735334811501783266e-03,-4.845349492551228633e-03,-6.850408940295074980e-03,-9.995540035532735415e-03,-8.223589461374412532e-03,-7.264561443734740033e-03,-7.395009977920443539e-03,-6.369523092151539723e-02
-4.622440567524784341e-03,-8.794848371741935053e-03,-4.548092892862467228e-03,-4.781157572232077116e-03,-4.259894295812281968e-03,-2.981767339885378707e-03,-3.687995166721356674e-03,-2.772555889833609039e-03,-2.657041555574541844e-03,-1.781092332208412867e-03,-1.463423126903498498e-03,-2.318591683397937687e-03,-5.497789560008950992e-04,-1.693713418325068715e-03,-1.754671494915473586e-03,-8.902714990571493261e-04,-1.208117461641468196e-03,-1.619906128950485439e-03,-1.260983076961923839e-03,-1.631509618427238843e-03,-3.764719059050977571e-04,-9.573645318065785283e-04,-2.319750659087618880e-04,-5.169419574399734775e-04,-4.142425521759808245e-04,-3.467151883154854825e-04,5.239602861399333261e-04,1.607453300622314050e-04,-1.812324543513231089e-03,-3.440079085165762864e-03,-1.588072955175989570e-03,-3.122560940629870137e-04,-6.397131692306314401e-04,-4.352127954542319224e-04,-2.659765838973078534e-04,1.944016229500132673e-04,-7.193995923865648384e-04,-7.580141834646929788e-04,-1.481365405032979490e-03,-2.919360725269160451e-03,-1.408879175790351494e-03,-9.576674034091456518e-04,-8.849108203674839425e-04,-1.825416796130369590e-03,-1.227864240517131120e-03,-1.542575378533102021e-03,-2.083772717420673010e-03,-2.018629583663458359e-03,-2.576617545866063085e-03,-1.380922255437543869e-03,-4.157883664511790450e-03,-3.179431738318538175e-03,-5.514764818687500729e-03,-6.529375261337320296e-03,-4.613667835242297316e-03,-5.571654244717304250e-03,-9.829322788671518429e-03,-8.181871097549310926e-03,-7.529385842548390849e-03,2.429849896981108731e-02
9.400176114757904239e-03,9.335789301152678035e-03,1.050479136745925343e-02,1.369642746962351949e-02,1.200081819238020021e-02,1.175426305593599806e-02,1.072434805842437111e-02,9.349792858002888354e-03,9.634294774668898317e-03,1.000007529096255329e-02,9.137210999079012005e-03,9.216427347434408626e-03,7.335373983202365077e-03,8.662646800321201213e-03,6.707127729181651052e-03,6.054981913135339122e-03,6.524011560324085440e-03,5.734752059970611889e-03,5.072026392749461737e-03,5.315297049807115974e-03,4.540312317580405890e-03,5.926879770483023217e-03,4.064767577514097688e-03,5.287702030285767844e-03,4.248265722634744779e-03,4.606475424312804143e-03,4.166422669316619844e-03,4.485770787893610632e-03,3.338150672789618086e-03,3.917763229178952179e-03,4.601123026303758148e-03,4.213295497540649887e-03,3.402050679279833983e-03,4.596084184634929154e-03,4.233786505122128820e-03,4.980014275462771138e-03,4.307106210371706816e-03,3.789849171880158626e-03,4.301085720946146163e-03,3.494473755315036321e-03,2.229959112199377501e-03,3.071425952733781214e-03,2.425577258499179035e-03,3.148957013529321298e-03,1.698965878328792273e-03,2.310769530510282683e-03,1.762888283832827465e-03,5.219420546035094966e-04,1.080278619768143111e-03,-1.930403440180420349e-04,5.678582046933289881e-04,-1.390349856184537689e-03,-4.902265456407581268e-04,-1.166045726125746005e-03,-3.287380215561167777e-03,-1.900841695659043510e-03,-7.188523238836523957e-04,-8.499725725002573243e-03,-5.344096696767886012e-03,-4.801581271765918008e-02
7.382953506969372991e-03,3.500120725075890615e-03,9.275318252592638923e-03,9.403889174358047442e-03,1.412317159763309786e-02,1.242694588381881328e-02,9.411987636604694438e-03,8.193504448047415900e-03,7.136979142484073044e-03,7.810288676473725426e-03,7.325778639378124901e-03,6.394629239221554656e-03,7.968197311532282390e-03,4.735489140515442875e-03,7.445950106817152137e-03,4.149335712945961471e-03,3.153457351068005964e-03,4.481886777184309126e-03,4.158889731569674446e-03,2.056222349540115079e-03,3.212658439469867361e-03,1.541864863003723817e-03,4.686577073834063793e-03,2.300374553519975510e-03,4.829422000723700495e-03,3.007055994264204619e-03,2.657139434447917080e-03,3.967469095546463480e-03,4.291951309668633197e-03,3.569212900231350828e-03,5.618385111909224988e-03,3.267893691588830921e-03,6.090189676684064010e-03,3.556981754990043865e-03,6.836904738241923740e-03,5.158249820741229487e-03,4.818669658842265717e-03,4.838816517159776065e-03,4.324120570024065149e-03,4.622203533476750698e-03,5.168482756837843549e-03,5.264889238197237135e-04,2.214852510998438669e-03,1.741080415110222339e-03,5.433366945716752543e-03,-7.924656297758241649e-04,4.530746859453260722e-03,-5.250223248428173068e-05,4.292906773984011301e-05,-9.667267434221414471e-04,-1.242607740310342282e-03,2.921945016223554304e-04,-1.686651192454492829e-03,-2.300945442386935231e-04,-2.018684511570580358e-03,-1.250559767693043035e-02,2.010319081111426945e-02,-1.434585352687543260e-02,-7.830985467469129754e-03,3.841542920213681604e-03
6.002576987782254347e-03,4.864752904287521565e-03,4.335559339156303850e-03,8.279248089310008510e-03,7.567451447967705677e-03,1.121211768399707660e-02,9.734158069617531925e-03,6.736223966775638228e-03,6.275781879358076180e-03,4.940192550169327998e-03,5.211678686451751315e-03,5.004725734208494148e-03,3.609432153255991323e-03,5.601167311148244968e-03,3.001801424220316115e-03,4.717018646422883009e-03,2.611234100696992882e-03,1.707088124787465569e-03,2.880349191979836906e-03,2.073672232991702682e-03,9.990916551444620295e-04,2.024530405580643368e-03,1.842728645649078926e-04,3.046610075382775919e-03,1.038089745629078731e-03,2.953762004242287478e-03,2.171991264560515274e-03,1.661563159241297898e-03,2.753961071014767066e-03,2.893250018264103326e-03,3.361334402096414868e-03,3.262961835612938639e-03,1.784148688632813473e-03,4.287510458264353133e-03,2.917566682870857426e-03,5.213151482617473832e-03,3.150096626745552391e-03,3.362808586020827467e-03,3.438841699975732098e-03,2.959200911989076643e-03,3.490706103189227232e-03,3.254312184729282308e-03,-6.029716103516214278e-05,1.829564664775046312e-03,1.637033731444905707e-03,4.188379319786782878e-03,-1.378221570911110925e-03,3.680535134353909912e-03,-4.933739781514627889e-04,-8.271341145269890064e-04,-1.085819151360078788e-03,-1.239382842664794090e-03,-5.065699118221392858e-04,-2.030793368522987221e-03,-1.101006922505425424e-03,-2.949864503293027004e-03,-1.089800440906575803e-02,1.510079769904853000e-02,-1.268776942799700568e-02,-9.044817220033085636e-03
4.320624121009015647e-03,5.190647654962013066e-03,5.575458133579438459e-03,3.540635263738292366e-03,7.238425293308340877e-03,6.214094882948353188e-03,8.979274233576112207e-03,7.753704362469780037e-03,5.548427279835186146e-03,5.102964598336350716e-03,4.260062030638406966e-03,4.556082242279443396e-03,4.567137612007855611e-03,3.534061548296927192e-03,5.074399421804080650e-03,2.763859468960779952e-03,4.995862099187564631e-03,2.544083933706263716e-03,1.622950738628020032e-03,2.724867657245173391e-03,2.351146884856124709e-03,1.159132586371728300e-03,1.804897682094812024e-03,3.596044384218675710e-04,3.096024940451213171e-03,1.316177095045062504e-03,3.184164350925798147e-03,2.166808850727269982e-03,1.728761939329702445e-03,2.801637740148757872e-03,2.920188525773344344e-03,3.010685174758566049e-03,3.284166954424035719e-03,2.120735916870386800e-03,5.548927275366482594e-03,3.046402004136748807e-03,4.676653736192182970e-03,3.203180793787639268e-03,3.754866371540568643e-03,2.922339330455412092e-03,2.707520804761181024e-03,3.582715710569043914e-03,3.119801825005602200e-03,-1.866092691516084597e-04,1.217149091831849685e-03,1.298164173463662793e-03,3.700363753075818201e-03,-1.286911346345731132e-03,2.766290584226748818e-03,-6.451610997464896037e-04,-1.038110558091557417e-03,-9.207486204158641784e-04,-2.461760883233762940e-03,-5.682044547769218466e-04,-3.220698051465349480e-03,-1.562932554767396467e-03,-2.827980375342757646e-03,-1.252957676450969053e-02,1.323406387946707806e-02,-6.976194740961037810e-02
4.993944912518525313e-03,3.800901600516098412e-03,4.462152079446705770e-03,4.729635207784229321e-03,3.312177979559108223e-03,5.718845796558452189e-03,4.896493659490123995e-03,7.579586727460754098e-03,6.365567799224106961e-03,4.725055162281041610e-03,4.202159107640496792e-03,3.323317582108200295e-03,3.555594126090771967e-03,3.688430817254720849e-03,2.869446182882061814e-03,4.383389072700321146e-03,2.211316796687532414e-03,4.230109168984025683e-03,2.159261088301658079e-03,1.120067838735070960e-03,2.321971540211164361e-03,1.932765013762341444e-03,9.445123606735400783e-04,1.468250006106174097e-03,5.730310554692021443e-04,2.694296111337964126e-03,1.229977728752357224e-03,2.514107349079982168e-03,2.119867190530035431e-03,1.443388658310564791e-03,2.398266079751598581e-03,2.813812111104778760e-03,2.115055310717368301e-03,3.420613498130433035e-03,3.252419081819864135e-03,4.252503507532338564e-03,2.651361080373091511e-03,4.058331689566918414e-03,2.619814660882033384e-03,2.840683328202399816e-03,2.805410553654850200e-03,2.444920016246346882e-03,2.637141471130280152e-03,2.504567495021147415e-03,-8.402101414367620221e-04,1.301259346771527214e-03,6.080578341455654011e-04,2.942644931372594835e-03,-1.126852368033720055e-03,1.654885663693771419e-03,-1.017908761790606601e-03,-1.159629464002094905e-03,-1.772099807100003654e-03,-2.660686536324569171e-03,-6.380190850962092451e-04,-4.073579494668392968e-03,-2.438449392353506107e-03,-3.778632717073247653e-03,-1.115807195657539559e-02,7.479162632375803421e-02
3.252355144068964400e-03,3.928214048435393034e-03,3.050610239243364743e-03,3.481098613020888136e-03,3.334074055873377778e-03,2.412317654656584778e-03,4.340183704516053197e-03,3.650980669004396436e-03,5.529931045214774715e-03,4.519073066375551076e-03,3.439058360069640816e-03,2.969057600837930397e-03,2.632195676858870969e-03,2.705788314392498350e-03,2.748193227460184705e-03,2.022403176571356369e-03,3.209308917633836664e-03,1.461412330219649409e-03,2.865353260423059156e-03,1.404390935937579760e-03,9.886364454301630085e-04,1.606061290324971953e-03,1.337689162012838887e-03,4.268703825214079789e-04,1.053111407107556021e-03,2.212944926279033673e-04,1.835979450552838914e-03,5.790651038833057387e-04,2.024402968438043966e-03,8.987662952123863904e-04,1.313309952961769960e-03,1.441242134453390175e-03,2.046573424955514236e-03,1.638169871764411610e-03,2.549313304721019784e-03,1.338538633892956799e-03,2.107518740225309065e-03,1.469187406433562423e-03,2.183062813447541467e-03,1.548890313539525321e-03,1.709674029354780762e-03,1.171065567281137209e-03,1.056617744261612556e-03,1.874781858724044190e-03,1.153246157375441587e-03,-1.567119926964063081e-03,1.409522776414952723e-05,1.841473188482430664e-04,1.669515260323170460e-03,-2.497647814745133747e-03,9.212013170346956608e-04,-1.474380331746303566e-03,-2.065576096686506415e-03,-2.951821637598277866e-03,-3.308861403920791092e-03,-1.916652364949321223e-03,-4.548488847858463829e-03,-3.651301964854154931e-03,-4.768422757206101231e-03,-3.372067343985604010e-02
3.914893060370184565e-03,4.914675185536121482e-03,5.480366015455659726e-03,4.302117413935920530e-03,4.752621230410519933e-03,5.024779359461307993e-03,3.394767643265229201e-03,5.907388410194794326e-03,5.703347169606098367e-03,7.495427051088595846e-03,7.222204924100143059e-03,5.501643613607470895e-03,4.939421772163857423e-03,4.196787783626229444e-03,4.282069237538117107e-03,4.550500121565517059e-03,3.605881288302361602e-03,4.379335172211729077e-03,3.018611306624728249e-03,3.900275527963526986e-03,2.369368227157418478e-03,1.530695893653519343e-03,2.358802898898692581e-03,2.020997231805534474e-03,8.237170757719423919e-04,1.847409991255754939e-03,4.360476789822130181e-04,2.445414783777580519e-03,7.037186943767219068e-04,2.236211743772181966e-03,1.866808259005568911e-03,1.775177876534057104e-03,2.065975789223789463e-03,2.894844362730824260e-03,3.028660857601398609e-03,3.656979137058685454e-03,2.429768159665143638e-03,2.914871773988313847e-03,2.385411813484190641e-03,3.148421677446285039e-03,2.054585337526239428e-03,2.380697838637054527e-03,1.656797345080026837e-03,1.983890239795240828e-03,1.616808945769536432e-03,1.920224662688383224e-03,-1.793425308275733467e-03,5.285132203337411473e-04,-5.620290749232359186e-05,2.306094741787766914e-03,-2.662567139673917196e-03,1.575770222595933214e-03,-1.933379855913575085e-03,-2.430725368782837501e-03,-2.849426996032642604e-03,-2.885706153348674505e-03,-2.570402847228731025e-03,-5.715915822967900656e-03,-4.086813888567872831e-03,-3.179740616969401606e-02
5.799234575652200720e-03,2.461183416710858562e-03,2.920227632813301392e-03,3.480991098953013004e-03,1.602536678863604545e-03,2.248823792991755215e-03,2.435622093391166029e-03,3.104770322777130839e-04,3.849110881598510545e-03,2.728379440916023704e-03,5.589209417358039986e-03,4.288809996886349708e-03,2.053868956578060179e-03,1.504922594390695201e-03,8.896829921538137878e-04,1.128038636411526604e-03,1.565300972123757515e-03,5.149200210179181829e-04,2.543246374736231503e-03,-4.619362609398239782e-04,2.352777315325298331e-03,2.263582687533981610e-04,-6.418789284483800497e-04,5.449210692551610365e-04,5.812511928649956571e-05,-1.112103495984624818e-03,-1.023230753553591759e-04,-1.846738963328631604e-03,1.275255673558914034e-03,-1.103315051721890337e-03,1.466821856037211266e-03,4.932545496654557743e-04,7.999772065580826243e-05,1.090183975788561709e-03,2.085259938694428074e-03,1.485158092712762692e-03,2.015236110487561919e-03,-8.011118494570847182e-04,2.258774122416650019e-03,9.421684772222000803e-04,2.997695966425762207e-03,1.496878887276315668e-03,1.865241229909745009e-03,1.333657532038860912e-03,8.687667707365782747e-04,1.558675196320803398e-03,1.483438622555343766e-03,-3.312814180429186645e-03,-7.205889868269505383e-04,-1.296465420427328052e-03,3.217549381613020801e-03,-4.984602593532457861e-03,1.570358584239902114e-03,-3.520431507884181407e-03,-4.688276095797598922e-03,-4.351713735825580263e-03,-5.814626100405654967e-03,-3.520425810760047843e-03,-7.121624588364558472e-03,-4.027198624495376481e-03
8.535440065634534307e-03,1.091457123662193177e-02,7.800088098159767801e-03,7.568929748286028908e-03,7.586978367602808734e-03,5.964507640467557430e-03,6.685189819015459854e-03,6.398087637770314209e-03,4.676579904627721843e-03,7.249197266808000799e-03,6.208228601925146542e-03,9.137592575212518178e-03,7.430173512376737378e-03,6.298829212101867032e-03,5.506068809066433020e-03,4.939971754387911980e-03,5.085559869291979458e-03,5.321280972929089137e-03,4.348125613630099418e-03,5.570588621475351665e-03,3.370072222509535968e-03,5.419769571089158230e-03,3.636594376377630389e-03,2.222683288541799865e-03,3.627772009050601442e-03,3.151315281743579007e-03,2.050107239727568757e-03,2.440781863376270591e-03,1.550443390015438438e-03,3.179875812098566321e-03,2.058675435458207515e-03,3.569043033394032807e-03,2.335523657451993827e-03,1.966726546068101999e-03,2.332553128727330241e-03,3.346494538302741996e-03,2.269260004471332533e-03,3.478114159031491567e-03,2.358898723348191572e-03,3.483015287113647857e-03,2.678364252825512180e-03,4.372901187559309448e-03,2.728415624916468493e-03,3.008729750497660463e-03,2.143596924702829715e-03,3.241311771352747492e-03,2.779618792976218302e-03,3.061552916227250256e-03,-1.060889393074198814e-03,1.011929444830034089e-03,5.770229897143474293e-04,3.750515874664283548e-03,-3.289867223643009632e-03,1.994974464099923909e-03,-2.897333641995158190e-03,-3.106213772490157374e-03,-3.167593448663168047e-03,-4.616440851593125311e-03,-3.286846743377669269e-03,-1.454754991936574142e-02
-3.585427953000989727e-03,-2.263476300468912281e-03,9.136041774900889242e-03,4.658608692564380691e-03,4.577259551539232876e-03,1.923304343016769748e-03,4.302179057971275075e-03,1.038441375681694104e-02,6.101231201338049026e-03,8.625547921883164326e-03,8.966305418718269627e-04,4.278164116460754333e-03,1.091317872930160256e-02,5.270824627225890492e-03,5.807152977024364511e-03,1.996505081160933424e-03,1.849326596363089215e-03,9.460974735406239844e-03,3.613590899269882809e-03,3.194684333040250044e-03,-2.034351665973034747e-03,2.535125138959851490e-03,5.763933404326587566e-03,2.810607609852497617e-03,4.044783981368404654e-03,1.822136817204964530e-03,2.924286843905312284e-03,7.141144052778047001e-03,4.834409951522731716e-03,6.024719989792470635e-03,1.262141083666385713e-03,5.853583774660933367e-03,7.385147450696758452e-03,5.692198846218732115e-03,6.965132262605568114e-03,3.718335015157922790e-03,5.479025153598604536e-03,5.948452450311380105e-03,5.106088462123953634e-03,6.010810093548941274e-03,-1.651387087047031079e-03,5.057837876030343675e-03,5.341015991308675076e-03,3.869628859273020315e-03,4.343827624787172277e-03,3.385214744806574159e-03,3.287197193547509132e-03,4.975859329909181582e-03,2.988793194109439465e-03,1.130146677721903612e-03,-2.591403341091083699e-03,2.009442574063528657e-03,1.627030448405867788e-03,5.888654959063289616e-04,3.268633711695302147e-04,-4.440830754968919244e-05,-1.518779837158142553e-03,5.032961917315779618e-04,-1.753546634840045257e-03,1.360277194264368841e-02
-7.319539247278569055e-03,-1.260717769273109710e-02,-6.068613251059621488e-03,5.457021375373309960e-03,3.417257913719282461e-04,5.906278952137916953e-04,-2.484240621124985185e-03,1.604223218299885383e-04,6.995843399014375213e-03,2.382038894394476834e-03,5.532145109851628259e-03,-3.765279356516298536e-03,5.376213265893487261e-04,6.639981303319300761e-03,1.111561497292030097e-03,1.544563335035798249e-03,-2.235997878952278133e-03,-2.346644172826796004e-03,5.676678501169821894e-03,-3.016622324562886061e-04,-5.657534607772256356e-05,-6.569396086241846046e-03,-9.461870361867447078e-04,2.753641067073720090e-03,-7.238235115217965575e-04,1.579974258687714527e-03,-1.091680623752517556e-03,1.843832850823315611e-04,5.496092070391301460e-03,2.326382071843004305e-03,5.054689127937983355e-03,-1.167761557177554111e-03,4.149791178059597345e-03,6.122179256870406185e-03,5.179446314381129512e-03,6.778133105352288947e-03,3.175443472230486935e-03,5.176864750260552241e-03,5.536960068614546829e-03,3.062696087102515039e-03,6.049037606022343583e-03,-4.618265185873001756e-03,4.369752490792986298e-03,4.031287519408490762e-03,3.131061697181930763e-03,3.556885725164066030e-03,2.918448874502663996e-03,1.884359104109304024e-03,3.719387430206606664e-03,1.497923396795623665e-03,-5.287978174378951636e-04,-4.825427121931766088e-03,1.490097891474005416e-03,-3.903689351511228662e-04,3.275541215441443526e-04,-1.277037551804244839e-03,-3.394512750961528884e-04,-2.266764369814584876e-03,-1.499941868741354160e-04,-2.869977289450553488e-03
-9.109035309452805096e-03,-1.007300746615214133e-02,-1.004961168526615108e-02,-3.943295130782957687e-03,5.796582181089742804e-03,1.176144717990158925e-03,1.331009259790070717e-03,-1.777936223928335436e-03,8.213396648991564894e-04,6.867602514736756252e-03,2.867919200311899470e-03,5.702620183475416542e-03,-3.041051172689574790e-03,8.857152188309219427e-04,6.465645597934130059e-03,1.467476763526057376e-03,1.916847131090368113e-03,-1.833461538461557882e-03,-1.588786055481250254e-03,5.126177434001229910e-03,4.271485098285056087e-04,-1.701435573858840170e-04,-5.646009855988745607e-03,-3.449037207750011813e-04,2.620140785173940157e-03,-9.954886781971989686e-05,1.921637086740255514e-03,-1.053551127555400497e-03,3.840949499604502811e-04,5.042616562322110516e-03,3.359297872786399380e-03,4.843500860778350223e-03,-5.894644716062485664e-04,4.478958428489766136e-03,6.679763283155015080e-03,5.324521040910744872e-03,6.869112470624640955e-03,2.717036636942372907e-03,5.041068446684821187e-03,5.889359756097567629e-03,3.153291981986910530e-03,5.950624088885286996e-03,-3.947622961850270028e-03,4.383622671636266781e-03,3.835681846598718719e-03,3.289315221776288427e-03,3.189731952853713370e-03,2.942952552269175251e-03,1.857390886165875485e-03,3.941485782655681364e-03,1.403471077006269085e-03,-9.665253237574212425e-04,-4.765637564100223648e-03,1.247589996549631130e-03,-2.868678131290699389e-04,-3.464678959308406807e-04,-8.332332295325511244e-04,-1.447924956705162530e-03,-1.875920146135841380e-03,6.839368395936954413e-03
2.166117790071815652e-03,-8.776473496595776566e-03,-5.458409555212044746e-03,-5.653046593576454594e-03,-2.190483142803932321e-03,5.551080842855373940e-03,1.622005762617372828e-03,1.858842118860034101e-03,-5.327901781145501269e-04,1.337570026188977367e-03,6.341897519119810492e-03,2.986154717091981260e-03,5.062192695930017687e-03,-1.788780957307622077e-03,1.318552392507568076e-03,5.933944825466745329e-03,1.769022108608244662e-03,1.931902499097282915e-03,-7.379951491532688078e-04,-1.248736792837577131e-03,5.051787951365090297e-03,3.008146392642281381e-04,3.453616311705041833e-04,-4.318523823825997331e-03,-3.731414561347102003e-04,2.603235040869649863e-03,2.394205942364851679e-04,1.811711312658184419e-03,-5.064829019851969753e-04,4.396973964194949018e-04,4.947233207655140144e-03,2.778287389146214762e-03,4.124137979699021503e-03,-2.768515119304125536e-04,3.992486377460548012e-03,5.836553486941301917e-03,3.827202850697951787e-03,5.227258776940526055e-03,2.186590458821859387e-03,3.972063696041554758e-03,4.087843588085481213e-03,2.283420450790324321e-03,4.340139958370841690e-03,-3.442349018017796820e-03,3.872893714584340133e-03,2.720629462462885711e-03,2.133267436912185573e-03,2.391528860999247996e-03,1.784397281365780350e-03,4.455110634153508758e-04,2.508322749485035995e-03,2.130234774527178614e-04,-1.668477873617955345e-03,-4.477419658359040738e-03,3.532494208364785992e-04,-9.985067478933103494e-04,-1.542936935274747366e-03,-1.829682077705578093e-03,-1.790194684892151182e-03,8.068819979548667518e-03
5.670331073724457771e-04,2.820830697568028813e-03,-9.998380506599964523e-04,4.270185519889701267e-05,-4.059152692601259338e-04,1.443534087588452990e-03,4.646071428571386594e-03,2.877433498912998142e-03,2.975946843582160870e-03,1.735297281202928792e-03,2.753503333179650563e-03,4.819812951214097647e-03,3.125905465536850825e-03,4.190605275188386859e-03,9.038633468854955638e-04,2.518023898183023059e-03,4.487733114649107742e-03,2.290031615655829800e-03,2.515280246514103781e-03,7.822066938924149065e-04,1.183644469631617855e-03,3.394722702930330887e-03,1.333315922730160356e-03,1.273703960609359797e-03,-1.068938018553113219e-03,1.010474045913982389e-03,2.290513353173633231e-03,9.761376911081324961e-04,1.596925396389784401e-03,3.577902419505712061e-04,1.343338097886781490e-03,2.638625297527379381e-03,1.956118274821284399e-03,2.574258681532148266e-03,3.369639532515582747e-04,2.530497991923908070e-03,3.084214663687729827e-03,1.915242813473269374e-03,3.168829245613450328e-03,6.788569579590739709e-04,2.860587178246645247e-03,1.567303102143686663e-03,7.467597863349710379e-04,2.477557270371437068e-03,-2.446637393543676584e-03,2.452704422718355540e-03,1.037840459064103080e-03,6.647464665472308833e-04,1.048456431965800496e-03,2.235464637121571370e-04,-1.680264061279305345e-05,1.076150988566423926e-03,-8.862676666905947021e-04,-3.184157777037251343e-03,-2.795936649049568599e-03,-4.566792248405388021e-04,-1.838144482509226473e-03,-2.726193497661919072e-03,-3.025444264998609391e-03,1.037221429445224496e-02
1.811748754200959025e-03,1.396453566530155661e-03,3.719566641294283407e-03,1.251479691608355441e-03,1.420823904455819145e-03,1.116411272416696068e-03,2.194229225791410973e-03,4.443658712406917816e-03,3.130163240238789408e-03,3.130801910411983979e-03,2.470010451847194123e-03,2.834583682187635269e-03,4.254547240335150235e-03,3.120187315770865579e-03,3.663896507727002622e-03,1.637390045203512227e-03,2.289987486940559328e-03,3.671892302413191662e-03,2.272437725546238522e-03,2.056386647263706065e-03,1.624136349232568628e-03,1.107028482357930643e-03,2.824238479780840673e-03,1.422701957028970786e-03,1.104926455745980666e-03,-1.273473160796417206e-04,1.043593832428426314e-03,1.945327797465275406e-03,9.439364172116519822e-04,1.380320469591488942e-03,6.676348644210019665e-04,9.752095687192260031e-04,2.064324676750059831e-03,1.600810792249726363e-03,2.117455289048160265e-03,4.889649311654308298e-04,2.007543125547812252e-03,2.125014043523235519e-03,1.343730833051957072e-03,2.447770742105487025e-03,5.199454538712322202e-04,2.240315853745377447e-03,1.047379102234817158e-03,1.677154781932350123e-04,1.580993981183993150e-03,-2.393105724465888727e-03,2.124172661870546343e-03,2.687460742239251746e-04,-1.040188527741126701e-04,8.847210785912887386e-04,-6.172187297869968911e-04,-2.363572905009504439e-04,-4.605285961879474458e-05,-1.350944770246948227e-03,-3.601877865064009431e-03,-2.853832386118122007e-03,-1.507030192390388691e-03,-2.120112790118839664e-03,-3.557689768122341938e-03,1.176705475922538643e-02
3.060607709598961966e-03,2.275942177720445981e-03,2.255054591183771034e-03,4.289657483174423754e-03,1.473199302416422322e-03,1.869249220771468725e-03,1.403579323222696289e-03,2.272446210655091475e-03,4.024116419226710963e-03,2.973959229589831933e-03,2.943184419043906076e-03,2.414521405768580396e-03,2.708031345256140584e-03,3.698740909062036859e-03,2.697316391359598324e-03,3.421950354575540362e-03,1.380652499667330523e-03,2.167889715041022587e-03,3.211231142176200221e-03,1.874753178052961100e-03,2.155467747942571045e-03,1.240136540142431623e-03,1.014673533885923759e-03,2.608647844001307607e-03,1.173856733013287686e-03,1.252635445714683684e-03,-4.767510557586467198e-08,1.070549503191850884e-03,1.720562688921278231e-03,6.299927462204349534e-04,1.568743027679522567e-03,6.316370825005356970e-04,1.048160610400842956e-03,1.983781768462593038e-03,1.769258535102072576e-03,1.964949505215454230e-03,3.719279044842104887e-04,1.490529179809214162e-03,1.869962562368625379e-03,1.237387001533894271e-03,2.239292302420281457e-03,3.504340698292094172e-04,1.799315609830125532e-03,9.575110039716122927e-04,4.306928178972834181e-04,7.827916085575780487e-04,-2.414639460909720221e-03,1.919204134211407922e-03,-2.133971118671136932e-05,-5.045179495435333280e-04,8.388945971117992093e-04,-9.950376581238243659e-04,-7.810536148818752111e-04,-3.706623799306083596e-04,-1.456648937919275289e-03,-4.107133261047796885e-03,-3.414203131257741424e-03,-7.565638224205013026e-04,-3.011009732837376975e-03,1.922381654746503979e-02
