1.942044887780538511e-03,2.793512820512737780e-03,3.657587085811481956e-03,2.060265183917794982e-03,-3.343824336687411473e-04,-1.832542986425307260e-03,2.782830523513769253e-03,6.515710455764043771e-03,3.071050691244129292e-03,2.734693877550051677e-04,5.371486199575353608e-03,6.139663699307559841e-03,5.235084577114420580e-03,5.853663793103534504e-03,5.335514223194641123e-03,-5.999580272823087273e-04,-4.310690423162942021e-04,-1.128004362050224162e-03,1.919302071963155726e-05,1.025304136253054948e-03,-1.218637992832606121e-04,-4.229213483145808847e-04,-2.619458128079319359e-04,9.112530712530703906e-04,1.040050377833843902e-03,2.585576208178533893e-03,7.886944818298222918e-05,-2.243540802212977501e-03,-3.579021276595833849e-03,2.562052631578868190e-03,-3.444216691068464550e-04,2.389751098096982486e-04,-2.581294964028752262e-03,-1.070995670995707498e-03,3.315271210013945313e-03,2.198857142857241036e-03,-2.366285714285750862e-03,-3.276712328767230221e-03,-1.927305863708432716e-03,1.509649805447576968e-03,4.675437262357481395e-03,-7.472784810126592223e-03,-4.582347826087006595e-03,2.106652360515120451e-03,2.221751527494847389e-03,5.826258205689272864e-03,-1.054475644699136988e-02,5.724229607250775655e-03,-1.558551319648094832e-02,-5.423144654088040209e-03,1.180402366863902291e-02,5.813293051359471122e-03,-1.770757009345788613e-02,-8.817365269461058253e-03,1.838456521739127367e-02,-1.297925373134341254e-02,8.755274261603807149e-04,8.988918918918942930e-03,-6.827797619047615285e-02,-8.440427769985979489e-02
-1.255288212927753617e-02,-1.287325463743670129e-02,-1.392890625000002026e-02,-1.294040517241385260e-02,-7.115185504745443791e-03,-1.448887546468407943e-02,-1.542079116835333094e-02,-1.345804680468051101e-02,-1.444153357531752571e-02,-9.100512104283066395e-03,-1.652651558073664137e-02,-5.814203208556161483e-03,-1.006894894894888072e-02,-1.010090634441091276e-02,-1.212852459016399570e-02,-9.975060908084148678e-03,-9.552760084925674550e-03,-2.477232142856777841e-04,7.803384279475913130e-04,-5.121420765027458058e-04,1.610000000000067540e-03,-5.808742514970677414e-04,-1.460789473684198083e-03,-1.664306930693008717e-03,1.937758620689599256e-03,-3.997465145753538213e-04,-1.608049999999963111e-03,-3.481818181818498322e-04,-2.826279720279767371e-03,5.517142857143296063e-04,-2.665073041168656599e-03,2.699647577092424092e-03,2.188149779735548174e-03,1.466522366522368063e-03,-6.223877551020270266e-03,-1.722867132867144909e-03,-2.779696969697004888e-03,4.790302066772668746e-03,-6.079723502302917344e-04,-1.365601926163742194e-03,-4.333518886680008675e-03,4.262669245647970895e-03,-1.340389610389603869e-03,-8.995495495495430330e-03,1.353561822125822281e-02,3.839275362318875923e-03,4.532293986638672790e-05,-7.429558823529405429e-03,-8.127009345794369843e-03,-2.150870870870782645e-03,6.935782747603707818e-03,1.345454545454424300e-04,-4.889190031152682719e-03,-8.636019417475649523e-03,-2.692817337461274330e-03,7.963121019108343468e-03,-6.748281249999932285e-03,-8.022366071428572651e-03,-1.462579710144921649e-02,1.215430745133138785e-01
-1.112119800332784028e-02,-9.560445468509939926e-03,-1.324947008547010946e-02,-1.357746478873237544e-02,-1.245205240174684577e-02,-1.319719160104985620e-02,-1.412999999999989438e-02,-1.862912757973723965e-02,-1.459485374771480465e-02,-1.296813247470101661e-02,-1.253883018867923624e-02,-1.377948275862075390e-02,-1.454098805646035844e-02,-1.331054822335029503e-02,-1.310343207354443262e-02,-1.497899999999996630e-02,-1.016544843049329606e-02,-1.378304207119741658e-02,-1.572800000000000933e-02,-1.646451612903226600e-02,-5.482213656387653969e-03,-7.515503685503670955e-03,-8.358535108958788443e-03,-8.605247148288959133e-03,-9.129223057644117456e-03,-4.842434782608647653e-03,-9.737455012853465583e-03,-4.025220680958395067e-03,-4.561287671232897196e-03,-4.484110169491549620e-03,9.383070301291195634e-04,-2.132176234980553791e-04,-8.386410635155408045e-04,-6.072821270309561792e-04,-5.153061224489749285e-03,-3.809676470588134987e-03,-6.480309423346860458e-04,4.081031866464306275e-03,4.587468152866297673e-03,-4.096739130434717997e-03,-7.240830618892530289e-03,-6.265863453815753844e-04,4.754883268482584802e-03,5.250588235294062489e-03,-9.394101382488504598e-03,-1.497114537444920075e-03,-4.731708860759548975e-03,8.938206278026942370e-03,-6.009667673715959543e-03,5.761469648562273296e-03,-2.765700934579424976e-03,1.198727868852454866e-02,-3.147784810126655255e-03,-2.573410000000005138e-02,1.627790000000004650e-02,2.055032258064578860e-03,1.337081967213116750e-02,-1.357941908713691109e-02,-3.788862745098033752e-02,-2.794554691220825157e-02
3.465025773195748796e-03,3.307585062240749486e-03,3.057103448275926613e-03,3.375447570332446370e-03,4.415578947368446576e-03,9.999999999999841915e-04,2.774925764192213550e-03,2.061451460886027428e-03,-6.874624060150093859e-04,3.811777575204981002e-03,1.401657458563010752e-04,4.825375939849590318e-03,-8.072552783108880026e-04,3.374225352112698601e-03,3.851626016259201263e-04,4.590184049080201466e-04,2.698113207547087836e-03,1.660000000000021701e-03,4.617494600432337729e-04,5.819004524886883974e-03,2.209888888888826824e-03,-7.140022050714265678e-05,-1.109729064039460854e-03,1.970000000000096240e-03,7.839962168978543630e-03,-9.874811083124279427e-04,-1.450187499999913135e-03,4.099922779922824875e-03,-3.205534351145014008e-03,5.609999999999934484e-03,4.183479490806216346e-03,-4.781057971014387835e-03,-5.388461538461506058e-03,-2.297771173848025812e-04,-5.289342301943273164e-03,-1.681058823529510676e-03,4.622418879056068922e-03,5.515297450425974248e-04,5.065902140673247522e-04,1.661153846153859935e-03,-3.447032967032888709e-03,-9.309031198686074050e-04,2.672000000000071453e-03,-1.743503937007845860e-03,3.253758241758227844e-03,-5.654588235294180296e-03,-6.628251121075904879e-04,-3.357887931034508108e-03,-3.274954128440403772e-03,-9.374156249999997942e-03,-2.273675496688695556e-03,-8.365806451613186454e-04,-7.178938356164375929e-03,3.833311475409946056e-03,1.265979381443288303e-02,1.492413793103459022e-02,-1.408350515463915702e-02,-2.389469964664313328e-02,-5.097964601769923790e-03,1.038791540785497514e-01
2.209758281110115689e-03,5.575897435897382223e-03,4.610247933884381762e-03,2.812385321100886910e-03,5.715852417302848092e-03,3.412598425196798103e-03,3.500914634146236326e-03,5.253869565217427970e-03,4.702300469483508896e-03,5.602918615528609987e-03,3.485200000000077125e-03,3.442920110192905937e-03,3.509653233364518413e-03,3.618660287081388281e-03,5.171283710895328324e-03,4.096291793312973641e-03,4.204587155963263219e-03,5.704187845303850674e-03,5.907812499999894919e-03,4.724434876210868196e-03,4.887080045095812744e-03,4.293659621801637974e-04,-6.665414364640494596e-04,-8.050370370369819718e-04,5.600242424243057852e-04,1.800000000000043102e-03,-4.500252525251986703e-04,-2.673366834170908066e-03,-1.004883720930241538e-03,3.560000000000067017e-03,2.994238683127631046e-03,-3.195163584636685197e-04,-1.426715328467173440e-03,-7.476169630642877720e-03,3.288002980625863870e-03,1.994639639639678337e-03,-2.778041543026662456e-03,-7.011869436209369679e-05,-1.633723252496354240e-03,-8.244930232558192462e-03,2.472797427652608741e-03,-1.138504792332262899e-02,5.597154605263087064e-03,6.495841784989855698e-03,-1.532159999999976223e-03,-7.604176072234768331e-03,-1.593599033816499744e-03,7.945296803652909107e-03,-5.601422222222254485e-03,-3.890000000000003698e-03,3.951437699680563839e-03,1.531730639730638846e-02,-8.103355704698032153e-03,-1.797314079422388314e-02,1.372037037037037409e-02,8.895571428571308337e-03,2.663636363636421363e-03,-2.177780669144978309e-02,-1.874599236641222300e-02,3.201925358153113327e-02
-1.239256055363249353e-03,-3.455645161289797518e-04,-1.121318493150702620e-03,-3.066997518611619378e-04,-3.447895944912175064e-04,-5.086078098472274775e-04,-5.353590192644953893e-04,-4.414646904968253806e-04,-2.798085291558003286e-04,-9.797742238946772000e-04,-5.519400187440641394e-04,-3.588342440801506631e-04,6.723437500000653587e-04,6.734240150093321513e-04,-4.347075743047690483e-04,1.614254859611658464e-04,6.835699797196918693e-06,-2.596326530612704637e-04,-4.955199115044154950e-04,-6.067486033519766146e-04,-6.170905172414242138e-04,-5.980699774266626202e-04,7.500000000000323248e-04,-1.498893805310760754e-05,1.689999999999925503e-03,2.440000000000040661e-03,3.029999999999977156e-03,-9.825095057040499871e-05,-9.956687898089211161e-03,4.380000000000031438e-03,7.962452107279984230e-04,1.971925722145778746e-03,6.654142857142427607e-04,-8.561168639053344173e-03,2.169230769230632932e-04,-6.438173652694620082e-04,-1.998006042296059104e-03,-1.523761194029920165e-03,1.063695976155036929e-03,-1.767982456140345174e-02,-1.023824451410610932e-03,7.000613893376468437e-03,-4.816520325203316882e-03,1.314000000000011686e-02,-1.206737500000005028e-02,-1.376543209876542745e-02,-7.938990825687872394e-04,9.804671532846708643e-03,1.578292906178484917e-02,1.794117647058837955e-03,1.628144578313252527e-03,-5.445132450331124918e-03,-2.950176056338038935e-03,-1.385517730496465573e-02,3.054043795620424787e-02,2.189356164383562953e-02,-4.082089552238783899e-03,-2.250778210116723826e-02,-4.833930327868855154e-02,-7.876558538078168303e-02
-3.174196350999237276e-03,-3.821789748045145707e-03,-3.757119711971223033e-03,-2.523298969072207670e-03,-3.982543640897705413e-03,-2.826367127496169640e-03,-3.137800511508984959e-03,-3.172172383465166751e-03,-3.102723292469368975e-03,-2.249117903930038589e-03,-2.472237960340076084e-03,-2.307478833490240761e-03,-2.130749542961636080e-03,-9.399447004607659533e-04,-2.461979264844395537e-03,-1.099307025986576494e-03,-2.291943539630783913e-03,-1.689561671763521560e-03,-3.000821355236076536e-03,-1.581777777777738838e-03,-2.008249158249173025e-03,9.334196332254414852e-04,-4.984615384615728121e-04,-2.671273743016802215e-03,-3.570723025584050976e-03,-2.440322580645173413e-03,-1.716808769792911062e-03,2.361944444444355820e-03,-1.959553571428581699e-03,3.660778061224479428e-03,-8.856697009102103583e-04,-2.674035989717000799e-04,3.739255172413793234e-03,-1.319387755102030720e-02,-2.785096870342380665e-04,-1.302493074792180315e-03,9.878915662651355494e-04,-1.406189024390245429e-03,-1.161841704718428667e-02,2.875892053973042300e-03,6.745747800586489318e-03,-7.632332268370557900e-03,9.117483660131012147e-04,-7.121144278606915574e-03,-7.680000000001048618e-04,-8.982515991471127365e-03,-2.800377358490565519e-03,2.129137529137585440e-03,7.383582089551451186e-04,-1.686258823529522728e-03,-3.315151515151722617e-04,6.496163366336693730e-03,-1.564189473684213239e-02,-1.554742424242437984e-02,2.671919708029192944e-02,1.555121212121216880e-02,1.538561151079011636e-03,-2.455967741935473000e-02,-3.207465811965812957e-02,3.193352601156066589e-02
6.434695579649787195e-03,1.084267411865868537e-02,9.961703958691841762e-03,1.028911764705884267e-02,1.068908163265300769e-02,9.536606260296559903e-03,9.588219178082120486e-03,9.766081081081082194e-03,1.009689895470380731e-02,1.094289428076267862e-02,9.213160173160196004e-03,1.094348598130827875e-02,9.268134328358181712e-03,9.210915684496693775e-03,9.605255941499191152e-03,1.113016806722684146e-02,9.794297994269252419e-03,1.107005382131325856e-02,8.832188449848099240e-03,1.085439918533610479e-02,1.263366336633667437e-02,1.165403781979980694e-02,7.881233905579442672e-03,7.792035995500500717e-03,6.251334816462755795e-03,2.579398663697055213e-04,-3.670997506234348774e-03,-2.051577017114880434e-03,5.945358490565974541e-03,3.310000000000051183e-03,1.953964194373281667e-03,1.665326370757118759e-03,1.054031007751977641e-03,-6.129888268156438898e-03,6.499999999999921639e-03,-1.643813813813835376e-03,-2.833798882681559141e-03,-1.934688922609961465e-03,-1.039877112135189187e-03,-3.097492307692321575e-03,-7.586875000000000736e-03,-2.262518518517498236e-04,-9.821035598705642015e-04,1.100399345335512612e-02,-1.074675721561967751e-02,-7.642857142857190783e-03,-4.506239130434832631e-03,2.217489361702098399e-03,1.942000000000004140e-02,-1.144443298969063591e-02,-6.329683698296944584e-03,-9.251065375302696195e-03,-4.157538461538478995e-03,2.120821428571417755e-02,2.556264591439692119e-02,-9.222713178294553171e-03,-1.964479999999980270e-03,-8.745900383141868087e-03,-3.581333333333330121e-02,2.124674384949350875e-02
-5.039522918615523331e-03,-4.366018440905288130e-03,-4.441987899740772877e-03,-4.416314878892771238e-03,-3.692784243509354778e-03,-4.374358974358921737e-03,-2.623537190082564710e-03,-3.207379679144437088e-03,-5.313576890399261676e-03,-3.701522309711435810e-03,-5.388544027898857156e-03,-4.468015665796312708e-03,-3.810704225352224989e-03,-3.631115276476029434e-03,-3.448724954462759496e-03,-2.395064220183418507e-03,-1.364943820224726219e-03,-3.220930902111464843e-03,-2.637059459459394333e-03,-2.251810783316370024e-03,-3.368802456499530619e-03,-1.505298013244999247e-03,-2.490469273743021236e-03,-3.332686084142346371e-03,-1.228724604966173342e-03,-3.229697986577273992e-03,-3.034826427771441983e-03,-1.987443609022635470e-03,1.077647058823553603e-03,3.889999999999949921e-03,1.994066496163644092e-03,2.218128205128212359e-03,-4.307747035573147518e-03,-4.312933507170720049e-03,4.399999999999986387e-03,-3.171747430249567679e-03,-3.443358547655112761e-03,-9.519101123595994198e-04,-2.613893129770590378e-04,-2.732065217391328130e-03,-6.889671361502397451e-03,-6.481242236024771682e-03,1.129525222551920269e-02,-1.973157894736749657e-03,-1.038486577181212817e-02,2.100412371134030912e-03,-1.895129533678679111e-03,2.792951541850284373e-03,7.269032258064574842e-03,-1.289484337349397491e-02,1.795778364116165432e-03,2.294937655860389801e-03,-2.374688279301726511e-03,4.599212598425173222e-03,-1.832631578947365933e-02,2.012350597609568331e-02,4.494516129032292279e-03,-3.513043478260875069e-02,-2.685609756097589746e-03,5.268510984540276942e-02
-4.155723746451055320e-04,1.504046728971962640e-03,5.399999999999202096e-04,5.299999999999835008e-04,1.383854796888536829e-03,5.100000000000782076e-04,4.699999999999825845e-04,3.699999999999509888e-04,2.400000000000985601e-04,-7.402465986393852015e-04,0.000000000000000000e+00,-8.726003490401396329e-04,1.827463075586394222e-03,2.433364573570668318e-03,3.030769230770339142e-04,9.401093892434832103e-04,-3.532658693652387743e-04,1.775332708528566672e-03,-1.294513955725592374e-04,1.440476190476209237e-03,1.073798370672135937e-03,-4.379794871794309274e-04,3.466298342540620361e-04,1.580000000000084809e-03,7.620734341251789948e-04,2.669683257994315642e-06,1.663292273236283885e-03,-1.901011235954581696e-04,-1.268891687657350623e-03,3.078282208588896916e-03,7.492424242423916577e-04,-1.332380952380944486e-03,2.028350515463127693e-04,3.163289299867824700e-03,3.641934640522836476e-03,9.436935933147603053e-03,-1.172336826347313704e-02,-1.011799691833597040e-02,-1.102297872340380182e-03,3.081950844854066882e-03,-2.260440251572307536e-03,-6.933757961783527414e-03,-6.593364928909896915e-03,1.032999999999992778e-02,-2.603631399317393041e-02,-1.847619047618898405e-03,1.543652173912683475e-04,4.846271777003420024e-03,1.808000000000003354e-02,1.238043478260868017e-02,-2.586318407960295964e-03,1.800983606557338135e-03,-2.739558441558458211e-03,-2.030693931398414032e-02,1.566510695187162128e-02,5.644573643410847989e-03,1.345637860082307333e-02,-1.525665236051502310e-02,-6.471960784313723902e-02,-8.668577121981303757e-02
-5.699126838235290746e-03,-1.963795066413769400e-03,-6.545574387947195386e-03,-6.634054054054090536e-03,-5.131173913043470848e-03,-6.026100957354224054e-03,-3.572266187050342386e-03,-4.249999999999904896e-03,-2.504063018242128243e-03,-3.891488871834219206e-03,-1.032436115843283174e-03,-1.949789473684105344e-03,-4.589631578947343457e-03,-1.941489547038341727e-03,-4.910857681432716920e-03,-1.979830667920970833e-03,-1.116788321167614382e-04,-1.985369003689960946e-03,-1.156582159624314383e-03,-1.317463837994127269e-03,-5.928927410617420559e-04,-2.512665985699640264e-03,-2.283950617283978576e-03,2.252765486726092208e-04,-2.299551066217736528e-03,-1.201300108341840850e-04,4.077185017025960275e-04,9.637752808988592343e-04,-1.144406779660983283e-03,-2.918730964467075670e-03,-3.597410604192097391e-04,5.140684410645573934e-04,3.357319587628857568e-03,-1.502983138780858603e-03,1.763978779840769248e-03,-1.152173913043493935e-03,4.787821229050311100e-03,-3.123454545454657904e-03,-7.424999999999888287e-03,1.019340974211872775e-04,9.319999999999793944e-04,-1.588598726114723997e-03,2.376811594206741613e-05,-1.122415999999975709e-03,-3.397198795180641964e-03,-3.871626297578432355e-04,-4.155216637781626761e-03,-1.548230088495485077e-03,3.339257950529922123e-03,-2.294672686230294582e-03,2.290178571429736835e-04,-7.025581395348886801e-03,-1.017048710601725810e-02,4.505913978494608535e-03,-7.386187845303788559e-03,-1.028325842696631298e-02,-1.973161825726134008e-02,1.097938864628826908e-02,5.594444444443840521e-04,7.862847514743041832e-02
2.299957060280760981e-02,1.618215384615390162e-02,2.125912639405204418e-02,2.102018450184493098e-02,7.168322147651067129e-03,2.396434634974534822e-02,4.000000000013063608e-05,-2.665031559963912042e-03,1.538598984771573364e-02,-1.559017691659636204e-02,3.025413476263397444e-03,-1.105689655172415603e-02,-1.938657117278426434e-02,-2.028978494623649362e-02,3.593848827106879695e-03,-1.844788664745437151e-02,-2.739875241779502271e-02,-8.632854511970511693e-03,-1.806345864661642459e-02,2.952389878163112248e-03,-3.229576271186441333e-02,-7.776641137855563705e-03,-3.701387461459403668e-03,-1.307385579937299369e-02,-1.722400000000005871e-03,2.860000000000030920e-03,-1.474029768467478331e-02,5.811717861205971218e-04,7.144144144143177704e-04,6.428040540540478145e-03,-1.197072164948448716e-02,3.879999999999934283e-03,5.360632911392454285e-03,-3.025350649350652243e-03,-7.862141918528183643e-03,-6.119382550335579658e-03,2.667976190476143393e-03,-8.239716312056694081e-03,-6.631999999999956506e-03,-4.571065182829808608e-03,2.154439093484415702e-02,-3.157547169811301870e-03,-5.125705024311158486e-03,-4.645655737704891368e-03,7.588566827697225577e-03,1.257291101055801191e-02,-4.709010600706717460e-03,-1.044939393939399268e-02,7.641681574239731281e-03,1.298849023090597327e-02,-3.217945238095228783e-02,1.870319634703249871e-03,-2.185904255319223027e-03,8.195219941349037029e-03,1.025516483516489795e-02,4.510284090909134208e-03,8.715116279069904520e-04,-7.433070093457941341e-02,6.996074766355177797e-03,2.448431285903663462e-02
-2.030363196125826390e-03,-7.973480432972603754e-03,-3.311898274296171899e-03,-1.668778827977322743e-02,-1.086033582089554819e-02,-9.836135593220314208e-03,-3.025860306643873929e-03,-4.766824146981643237e-03,-2.080768535262212792e-03,-5.998790459965965861e-03,-4.966508474576315432e-03,-3.570584615384597357e-03,-1.409853068280065170e-03,1.339999999999950172e-03,-5.800036101082993271e-03,-3.873048034934449459e-03,-1.446011560693716150e-03,2.534666666666664236e-03,-2.211386321626667220e-03,6.207337723424563147e-04,7.234709193246574533e-04,1.809999999999992171e-03,-1.685526315789705816e-04,2.149433573635390346e-04,-7.471383647798508039e-04,-2.931843575419020975e-03,7.570303712036016101e-04,3.179999999999919003e-03,-1.133561643835286298e-04,5.719370786516847840e-03,-5.478363636363651860e-03,2.349288486416598997e-04,-2.738534161490686208e-03,-1.335877862592758469e-05,8.093994778067944897e-04,1.431281373844132910e-03,-2.186517615176161115e-03,-5.915764075066954827e-03,-4.276040172166472968e-03,-2.271739130434729040e-03,-1.843782051282097248e-03,1.326344238975788294e-03,2.693817034700387355e-03,-2.266513911620196380e-03,4.534266886326179455e-03,1.036638709677412638e-02,-4.623225806451637145e-03,-1.891402930402923122e-02,-3.575766423357659880e-03,-1.018775137111548003e-03,4.729819494584824174e-03,-7.979310344827576090e-03,-3.920851063829676290e-03,-9.848022284122546349e-03,-1.049313664596267411e-02,-2.538908011869442372e-02,-1.550926829268293311e-02,1.853993957703917866e-02,-7.399595959596026035e-03,6.979658266513941167e-02
-8.583690987124463490e-03,-1.616814874696847126e-03,8.319467554076539302e-04,-1.101928374655647414e-02,-6.660323501427212363e-03,-2.455378858746538970e-03,-6.252047781570072710e-03,-1.043884582256676685e-02,-7.049523809523778987e-03,-8.398369565216553395e-04,-1.569376601195507804e-03,-8.460906757912660392e-03,-2.253858024691395706e-03,1.642884283246994056e-03,1.603819320214618311e-03,-5.743978201634871404e-03,2.282737576286041851e-03,-2.256695652174046940e-03,-5.943482490272300987e-03,-7.798703703702745960e-04,-4.723562676720093425e-04,-1.264097744359859500e-04,-1.945795795795793358e-03,-3.210055126791616122e-03,-6.215185950413224707e-04,3.142226890755942881e-04,-1.937934904601628294e-03,6.116572717024023730e-04,8.868839779005766900e-04,-5.795345622119784865e-03,-1.674334862385317910e-02,-3.972602739725528977e-04,3.410751295336804552e-03,-1.108062500000102021e-03,2.501836734693927127e-03,1.086351706036181120e-04,-6.617713903743359556e-03,-1.213287858117409338e-03,9.782109479305805752e-03,-4.063855072463674716e-03,-2.409216300940532959e-03,-2.065242718446691148e-03,2.393719599427811089e-03,4.027194928684613151e-03,6.665785123966863060e-04,1.091333333332992632e-04,1.799999999999942922e-03,3.666739130434689548e-03,-5.244390243902410237e-03,-2.686067415730280378e-03,4.235065420560748216e-03,-5.775464684013877342e-04,-7.863608247422713624e-03,2.514298795180714211e-02,9.888405797101419009e-03,-7.453488372092966982e-03,8.641009463721625178e-04,-5.186449511400664097e-03,-1.595436482084688218e-02,8.834475926292843784e-02
-4.536836120401390067e-03,-1.108301075268707621e-03,-2.020162206001712476e-03,6.200728476821137231e-03,-6.373006475485682581e-03,-6.050622605363919007e-03,-2.473302063789838568e-03,1.032361466325563753e-03,-1.505245901639380235e-03,-6.681811722913089807e-03,-6.513576642335741108e-03,-1.505770547945195969e-03,-1.409914236706585932e-03,1.090000000000008063e-03,-7.692003484320560427e-03,-2.717540394972951107e-03,7.400000000000262271e-04,-4.635284837861624631e-03,6.499999999999525905e-04,-2.129698149952051933e-04,-8.600556070447152809e-05,-1.752476370510365001e-03,-4.405273069680073475e-04,3.904185814185829988e-03,-7.701548672566807486e-04,-8.658091286307424955e-04,3.550000000000100818e-03,3.642229729730071049e-04,1.458497175141188883e-03,-6.852901785714214829e-03,1.269388696655101645e-03,2.090000000000047549e-03,1.079679999999955510e-03,-8.091547464239706722e-04,3.304130162703504490e-03,4.810625798211959001e-03,3.888300395256962926e-03,-6.115820895522318737e-03,-2.925895316803744776e-04,-2.481132075472475100e-04,-3.069794721407679942e-03,2.808012618296447816e-03,-1.898363338788859730e-03,4.271985611510755940e-03,-9.455128205123249096e-05,3.840734557595855934e-03,1.972972972972983786e-03,-6.322904841402333075e-03,1.871104100946389005e-03,-9.359729206963235404e-03,7.014285714285722895e-03,2.168738049713100739e-03,-8.460307692307695790e-03,-1.235579514824798782e-02,7.318750000000306781e-04,2.693764705882348634e-02,-1.426326241134755549e-02,1.933045751633987591e-02,1.300515463917479870e-03,-2.174884189325277106e-01
-4.456381668946630438e-03,-9.690675675675707382e-03,4.740685224839492201e-03,4.516833602584852288e-03,-2.939519181585675128e-02,1.671295723384891990e-02,1.073330805687210295e-02,4.166710280373863567e-03,-1.319015557476226584e-02,-3.348509532062420111e-03,5.834588859416363522e-03,2.699945305378248332e-03,-8.400276816609028585e-03,6.989829351535864141e-03,-2.286847405112217048e-03,3.952910512597745084e-03,-7.837010869565119719e-03,5.655641952983709621e-03,2.537982456140908723e-04,-6.439240506329144131e-03,7.508393030009568106e-03,8.039610389611436198e-04,-1.005492424242375335e-04,-1.067875354107586166e-03,-1.152671052631574697e-02,-7.941463414634103045e-04,4.331048805814555918e-04,-8.847133757961726450e-03,6.963139013452844008e-03,-6.546061643835688476e-03,5.080000000000036743e-03,1.443047508690649319e-03,1.919257078142697082e-02,-1.018145161290280641e-03,-3.024586070959207808e-03,7.299999999999914196e-03,-1.022253246753247573e-02,-2.589951020408169657e-02,1.029863513513514309e-02,1.416737704918040464e-02,-1.465182943603852289e-02,1.758910162002942992e-03,-3.833333333333346568e-03,3.557483552631617724e-03,-1.671211225997053587e-02,-8.055686274509763281e-03,-7.454624573378713405e-03,-1.588439790575918442e-02,-4.139025641025661541e-03,-2.916179104477613707e-02,2.944727799227800369e-02,2.500000000000066839e-03,-1.625831325301200711e-02,9.522834645669308803e-03,2.468560109289626159e-02,1.713554987212273159e-02,-4.626282051282041424e-02,4.835000000000003184e-02,-4.437032258064518842e-02,-1.290547928413827705e-01
-6.512060875079300759e-03,-3.598736263736373835e-03,5.973118279569991640e-03,-5.149612347451617417e-03,-3.462757502027682781e-03,5.699999999999523807e-04,-2.205775547445202982e-03,-1.378347578347719577e-03,-1.331647940074883211e-03,-8.173687881429927971e-03,6.000000000001162823e-04,4.171938325991168123e-03,-2.010228519195652805e-03,-3.560660295395358561e-03,-6.097560137456985163e-03,7.500000000000972685e-04,8.799999999999961282e-04,-2.502254545454640853e-03,-2.144392014519038922e-03,-1.694718309859070699e-03,-1.510723362658868921e-03,1.015858389912755854e-03,-1.736272134203174257e-03,1.695726495727078195e-04,2.959999999999990850e-03,1.849726443768916250e-03,-4.574638487207677317e-04,9.751821019770803194e-04,2.150712008501594764e-03,-1.916121758737224972e-03,1.079037800687293516e-03,-2.743937007873976323e-03,8.790803259604287531e-04,-8.306613454959695152e-04,5.326998841252157234e-04,-8.107549668874231095e-04,-6.354695431472144954e-03,2.065926892950367775e-03,3.382172131147470184e-03,6.909999999999940495e-03,9.104945054944507416e-04,-5.943217270195042326e-03,-2.919374999999983181e-03,5.049471153846058977e-03,-5.349333333333561660e-04,-2.061804511278129189e-03,3.728955223880593261e-03,-8.910422535211197717e-03,6.420035523978610652e-03,3.364273204903365632e-04,2.290508474576292020e-03,-3.712709163346539654e-03,-3.199999999999921223e-03,-2.062567796610169715e-02,-2.401390593047055683e-03,-1.562872093023258413e-02,1.027863636363629887e-02,1.187393939393945400e-02,-8.735692307692270731e-03,-4.124305444034043200e-02
-2.579280667951188485e-03,1.213346007604651413e-03,-9.193786407767051694e-03,-9.013405698778821640e-03,-1.119458242556290069e-02,-3.913474025974611795e-04,-3.838938356164382781e-03,-1.245279112754150465e-02,-5.147335243552934175e-03,4.438694029850758990e-03,2.539251523063527569e-03,3.460656871218630980e-03,-7.970799999999953270e-03,-3.637006427915599575e-03,1.787256944444395607e-03,-6.094740484428976500e-03,-1.517305900621217620e-03,-6.852872154115650233e-03,-1.300820419325348374e-03,1.553999999999756694e-04,-5.485998225377122957e-03,-1.846611001964669051e-03,5.718677042801955691e-04,1.268431372549089003e-03,9.825309229304483340e-04,-2.282210626185933195e-03,1.158002028397580718e-03,-1.450167224080500014e-04,-9.446972860125635524e-04,-8.508102345415394230e-04,-5.142352272727376480e-03,-2.421244239631307332e-03,2.161512415349817781e-04,1.334819136522804239e-03,-8.649484536082134231e-04,-3.305472578763180014e-03,-2.408466666666754519e-03,1.287796178344019797e-03,-5.812089356110980865e-04,-3.133204419889421954e-03,-4.038082191780706029e-03,-3.969874476987471194e-03,3.394358251058505788e-04,3.823157894736907165e-03,-4.599148936170164778e-03,2.598984771573702428e-03,-6.117334360554683645e-03,-2.850322033898310559e-03,9.077932263814592062e-03,8.333756805808258767e-04,-6.949223826714819030e-03,-2.651041666666347591e-04,-6.463422680412429441e-03,4.612458333333317381e-03,-7.516821192053003628e-03,-8.938653846153844437e-03,2.796121212121120518e-03,4.541904761904799054e-03,1.333253521126770251e-02,4.843439911797142727e-02
-8.659838129496409687e-03,-8.699876863253387660e-03,-3.415267175572496688e-03,-1.224551966292129583e-02,-9.281114130434685869e-04,-6.892216532553016931e-03,-6.083006535947723011e-03,8.142735768903850216e-03,1.452871652816314137e-03,-2.291896551724141064e-03,-3.231372549019878972e-04,-1.354375110326573595e-02,3.134784482758614602e-03,-3.066458519179304353e-03,6.853859489051020507e-03,-4.584535186793383538e-04,-1.302357019064041225e-03,-2.573582554517143614e-03,-2.712126537785511902e-03,-1.498829981718370575e-03,-3.734917733089591126e-03,1.203756660746065120e-03,5.764960629921629361e-04,5.186341463408231214e-05,-3.710197368421115378e-03,1.039027645376615523e-03,3.965004739336509820e-03,1.143922764227668903e-03,-5.608638920135000303e-03,-1.667911857292752632e-03,-2.854849785407692457e-03,5.040635641316648999e-03,-2.308399071925837723e-03,1.990736126840360158e-03,3.477230046947900528e-04,4.990482204362835759e-03,-7.157772511848329959e-03,-3.844594594594631567e-03,-2.369032258064532499e-03,1.028000000000000615e-02,2.644623955431685616e-03,-4.191655076495216271e-03,-1.359364406779557362e-03,4.617118402282710857e-04,3.367830045523617904e-03,2.663890728476924537e-03,-1.199756521739128202e-02,-4.467241379309450002e-04,6.925862068965607824e-04,1.103799999999947358e-03,2.526740740740849277e-03,-5.036319702602343532e-03,-6.895483870967685121e-03,2.020021186440625408e-03,-1.315555555555548463e-02,1.107952595936795293e-02,1.858278145695440838e-03,-1.096346153846147059e-02,1.392840236686362790e-03,1.395259182078668198e-02
-6.152246256239711844e-03,-1.519437271619969096e-02,-2.927782376501999323e-02,-3.484822134387349085e-02,-7.974164305949054884e-03,-3.558980999296271208e-02,-1.171153960029612529e-02,-2.155979966611014376e-02,-3.029756567425561167e-02,-4.816852367688069167e-03,-3.455822906640996107e-03,-1.328781990521325090e-02,1.417146469049697724e-02,-2.541328609388828971e-02,-5.264052111410578647e-03,-1.213217391304334709e-02,-1.432255957634604067e-02,-3.937847222221790844e-04,-4.305184025058787604e-03,-1.470079295154091276e-03,-7.933284132841359956e-03,-1.365976168652597829e-03,-1.208244824482455383e-02,1.590000000000034528e-03,-5.053781925343855605e-03,-1.956754716981244993e-03,-3.630498561840948997e-03,-5.071394460362840632e-03,2.195971515768048183e-03,2.988502252252204887e-03,-5.369522799575903588e-03,-3.944745395449580569e-03,-9.695098039215728838e-03,1.157665127020789976e-02,1.294817767653737208e-03,-5.137387173396714725e-03,-4.947862950058135381e-03,1.594751173708916156e-02,5.268027210884450740e-04,-3.655352480417695376e-03,-1.035738955823298744e-02,1.363131761442437639e-02,5.395084269663306302e-04,-2.712607449856794303e-03,-1.012564963503645617e-02,-1.152394080996884708e-02,-2.384932432432426436e-03,2.162152777777788873e-02,-1.016666666666669189e-02,-4.181560283687873504e-03,3.967411545623805366e-03,9.105103969754241994e-03,8.750342205323126052e-03,-1.232067415730342223e-02,-2.211865168539328338e-02,7.278108108108054773e-03,3.418352941176796157e-04,-2.542355658198626293e-03,4.930101010101070255e-03,-7.085437483121785618e-02
-2.412111436950151178e-02,-3.154924441900401610e-02,-2.769458985598001813e-02,-1.785586675730804068e-02,-1.152436000000003902e-02,-2.203852280955838003e-02,-1.753168338108885074e-02,-1.549489473684200966e-02,-1.158148648648641386e-02,-1.404731793960922043e-02,-1.499890669180012868e-02,-6.722538759689971645e-03,-1.332699327569639505e-02,-1.390337754199817352e-02,-5.826301247771822032e-03,-8.400199456028965145e-03,-7.518218283582085021e-03,-6.103999999999966224e-03,-9.525894736842083904e-03,-5.408565799842400372e-03,-8.021244444444568245e-03,-2.699999999999944632e-03,-7.017199630314161114e-03,1.690000000000049319e-03,-7.476103379721728455e-03,-1.478854886475774013e-03,-3.957034220532377848e-03,-9.763877551020358481e-03,-2.142939481268054443e-03,-1.887755102030978885e-06,-1.152271186440699752e-03,-2.582736954206648998e-03,3.769848156182142645e-04,-5.079768786126911094e-04,-5.396763678696119872e-03,-1.714524627720440120e-03,-8.079687123946997090e-03,-2.056803278688448030e-03,-1.488189349112425388e-03,-3.047524071526832874e-03,-7.056339522546536437e-03,-3.075243902439067124e-03,-3.619831223628735325e-03,-8.520458452722031589e-03,-7.436461988304113140e-03,-4.483184523809516896e-03,-7.264210526315809623e-03,-9.849043478260800788e-03,1.899044247787551017e-03,1.253294117647060432e-02,1.231941923776029427e-04,1.369311320754711993e-02,-2.305477582846087153e-03,-5.987968441814647998e-03,-1.522946954813360169e-02,4.112820512820434225e-03,2.013364705882368742e-03,-4.276054590570737765e-03,-1.893259900990102232e-02,7.841823056300266381e-02
5.221057367829037496e-03,-8.158131283264324213e-03,-1.630028669724755200e-03,-1.002926628716002168e-02,-8.103824537354364921e-03,-5.845070422535156122e-03,3.866565656565656203e-03,1.115533285611948738e-03,1.310894064613028634e-03,-3.427446988973741233e-03,-6.918191584601714877e-03,-5.242134724857699761e-03,-3.260759493670869601e-03,4.598591954023091392e-03,-9.999186046511706130e-03,-1.106756032171610183e-03,3.397076923076951423e-03,-1.998801498127355473e-03,-1.601248884924239783e-03,-1.363556338028149885e-03,-8.848774703558239018e-04,-1.953125000000000000e-03,-1.017472118959179914e-03,-1.630954587580920982e-04,-2.300804701627437616e-03,9.168756218904586643e-04,-9.452027695348928608e-05,9.603425309228246810e-04,-2.390703124999893348e-03,1.511674687199169708e-03,-5.560824742268047176e-03,3.648357870894668089e-03,-4.993081896551657475e-03,1.434787350054517576e-03,2.185830429732940790e-03,2.042935672514628251e-03,-6.208457076566213130e-03,-4.246313868613089265e-03,2.608376470588128285e-03,-1.309856630824407986e-03,3.415914127423764612e-03,-3.968274932614621747e-03,2.912530779753736386e-03,-5.117679083094541642e-03,1.627333333333419799e-03,-1.968664688427240305e-03,-5.806334841628630087e-04,-9.273786407767267877e-04,7.146491228070117954e-03,9.080803571428524429e-03,5.224000000000235400e-04,-4.433936567164112851e-03,-1.233123772102167129e-02,1.844156626506000081e-03,-7.166975308642023305e-03,-1.197402892561973825e-02,-4.825427872860716511e-04,3.894444444444425217e-03,6.143229166666763774e-03,-8.673401028616656641e-03
2.455681341719062692e-03,-5.782501414827375362e-03,-1.799721398932991896e-03,-7.406982658959466309e-03,-3.006476190476239495e-03,1.183661016949156576e-02,1.102940239043816335e-02,6.762969870875204167e-03,-3.329216391085557027e-03,-7.577083333333258647e-03,1.058042821158695392e-02,3.100000000000036320e-04,-7.294586894586453348e-04,2.600000000000021998e-04,4.284999999999889592e-03,6.054234875444985953e-03,5.394172597864747322e-03,-6.711695376246000011e-04,3.146766355140056745e-03,4.015435943060450402e-03,3.045202108963044208e-03,1.968957345971574652e-03,-5.967799642217049482e-04,3.092987012986928540e-03,-6.347446610956536091e-04,-6.294565217392557744e-04,5.398612487611449164e-03,2.976175889328057118e-03,5.781506196378902998e-04,5.118119490695382731e-04,-9.981054687499879563e-03,2.775801447776662587e-03,2.561592718998807663e-03,4.057142857142813884e-03,1.976237623763070104e-04,2.810947368421076904e-03,1.305489964580941334e-03,3.326377491207106068e-04,-3.002170160295909978e-03,5.138297872340536615e-03,-5.627600000000050270e-03,-3.509116409537100471e-03,2.659375848032442292e-03,2.617961432506822270e-03,6.610417266187069291e-03,-3.812812960235592054e-03,-5.626354009077156638e-03,7.827553191489367013e-03,2.006108374384244462e-03,-3.143112701252346870e-04,-1.226715867158660080e-02,-3.087179487179555603e-03,4.275352380952340478e-03,5.171814516129053831e-03,7.426322314049562355e-03,1.227896995708784597e-04,-1.020437636761480776e-02,3.658549222797297844e-04,2.488188976377897921e-03,-3.327259148618378487e-02
-7.930837957824591819e-03,-1.171573474801054782e-02,-8.582609937178679871e-03,-1.725163398692822724e-03,-1.095736842105266354e-02,2.699619771863111944e-03,-4.538343558282261804e-03,-1.014051896207610699e-03,-9.165086956521673739e-03,-6.932804347826092457e-03,8.511278195488674453e-03,-1.254258723404262123e-02,3.050179211469938433e-04,-7.309482758620747776e-03,6.297887596899321913e-03,-5.093410182516794685e-03,7.309706144256352105e-04,7.509884238647152044e-04,2.564293478260828117e-03,1.710000000000002317e-03,4.357409050576848721e-03,1.560000000000058085e-03,5.605533596838220989e-04,-5.398745519712935164e-04,-4.430522388059559419e-03,8.157063197013383730e-05,-8.331034482757877693e-04,-5.687015968063889593e-03,-1.077621407334083958e-03,1.518158396946608967e-03,3.399999999999905268e-03,-6.613228035538024421e-03,-3.826091476091359692e-04,5.619314285713699047e-04,-2.023503808486497215e-04,-1.862956810631177882e-03,-1.033999999999918231e-03,-4.357600950119659483e-04,-4.215473933649294992e-03,1.534230769230742397e-03,-1.274701670645397172e-04,-3.973247232472269796e-03,9.852272727267126105e-05,5.692022008253263014e-04,1.562677824267666438e-03,-5.596622613803172233e-03,1.788925373134317301e-03,6.935801526717586332e-03,-9.341176470587890784e-04,1.158528428093702012e-03,5.305828779599336756e-03,9.472120075046861626e-03,-1.881209677419360890e-02,-3.247041420118361096e-03,4.176666666666643650e-03,-6.835238095238046173e-03,6.319866369710502169e-03,-4.945871559633201664e-04,-2.125989010989047783e-03,-3.005296788296700234e-03
-2.175734086242251102e-03,-9.655347533632292756e-03,-7.557700534759391811e-03,6.690096481271231611e-03,-1.931298391900023630e-03,1.652370540851554742e-02,4.794725552050558594e-03,1.070933242506822607e-03,-1.619239999999990765e-03,3.499999999999617783e-04,1.393624017155119417e-02,-1.849811605124342595e-03,-6.291345329905825151e-03,5.296556645851850306e-03,4.051919770773603109e-03,-3.250710808179055767e-03,6.890279114534620091e-05,6.513359929078041746e-03,2.199999999999889978e-03,4.492196007259684773e-04,-7.061792452830190775e-03,4.167227635075267458e-03,2.299999999999878097e-03,-2.320919175910600440e-04,-3.173405405405483725e-03,3.339720410065363625e-03,3.426183844011192713e-03,-1.133879781420872633e-03,-3.247469879518034581e-03,-7.897985971943811620e-03,2.087793696275189962e-03,1.453984298331742952e-03,6.157581764114071249e-05,-1.435962343096270190e-03,1.666666666666457631e-04,-2.608802197802195973e-03,-2.158288590604082961e-03,2.265717674970710879e-04,-1.686866746698707613e-03,-5.394711538461485420e-03,9.618760842627006868e-03,-3.980676328502475055e-03,3.044932014833116700e-03,-1.267692307692298501e-02,-2.318342618384279259e-03,-6.220510638297985923e-03,-6.849107142856374194e-04,-2.326100151745129699e-03,-6.765703125000044685e-03,3.545000000000071531e-03,1.841711409395985904e-02,-5.536842105263182871e-03,-6.190155339805924854e-03,5.459706422018391521e-03,-1.162636550308006160e-02,1.319322033898301209e-02,-2.881073825503266492e-03,-2.437655660377349362e-02,-8.574903846153848416e-03,-3.589731676152816547e-03
4.899999999999573750e-04,-3.104585265327185553e-03,-1.213655249859690996e-03,-3.904779806659524049e-03,-7.747070938215098491e-03,-1.072462731067414009e-03,-5.746805555555549276e-03,1.929093198992444264e-03,-3.297224880382787580e-03,-6.389261744966430803e-03,-6.725109489051162362e-03,-3.513847810481017433e-03,-2.918895612708036560e-03,-8.552618025751456202e-04,1.620614973262085546e-03,-1.463014354067127074e-03,2.243051506316780849e-03,-3.503342995169156718e-03,-3.839643811220035813e-03,-6.097210762331772838e-03,4.390371040724084378e-03,3.538752362948234661e-04,-5.414821428571363511e-03,-8.980952380952866637e-04,1.608881839809711729e-03,1.380342651036969674e-03,2.310000000000062004e-03,-1.409254426840699046e-03,-1.337861060329059975e-03,3.620381143430265701e-03,-2.939697580645101241e-03,2.554022988506246994e-04,2.481080550098272580e-03,4.866257425742512993e-03,-5.102259767687373354e-03,1.476816608996523719e-03,1.229801324503292060e-03,1.482359550561795957e-03,1.863885578069147475e-03,-4.549416767922163062e-03,1.056077481840264837e-03,3.862515566625250151e-03,-2.038048780487249035e-04,-4.763789209535758580e-03,3.290380673499316948e-03,-4.609304964538970227e-03,-4.370303468208167411e-03,5.803789473684172785e-03,-5.435481366459628087e-03,6.318471337579375027e-04,5.615015974440872720e-03,4.303042735042782695e-03,-1.397534246575337681e-02,-1.108499999999935492e-03,4.801315789473706470e-03,3.424101479915895468e-04,-8.152406181015444883e-03,-1.975177304964529854e-02,-4.586864197530904352e-03,1.696298719271247977e-03
-1.651287032540068103e-02,-1.706308169596690641e-02,-1.836306400839454386e-02,-1.135718341851220912e-02,-1.085776330076004305e-02,-1.966326721120182155e-02,-3.064856801909590623e-04,-6.610349650349561269e-03,-4.611012658227836222e-03,-1.121022130013837187e-02,-7.524289580514289394e-03,-1.400292184076570965e-04,-5.152592057761746017e-03,-3.986671732522849461e-03,-1.178761822871986003e-03,-3.715967885817285875e-04,-4.273467432950083314e-04,-3.249902439024370503e-03,-2.976236663433642383e-03,-2.420509383378069250e-03,-6.625226039783092304e-03,-3.689899909008201567e-03,-1.807552182163210111e-03,2.920249776984823898e-03,-5.261793960923672082e-03,-4.033540669856514396e-03,5.487815884476970668e-04,-4.074582942830465813e-03,-2.085640785781120009e-03,-5.573370165745865183e-03,-1.829375629405796634e-03,-2.750252780585789054e-04,2.980000000000026898e-03,-2.357806324110614700e-03,3.208747514909697854e-04,1.958305084745811091e-03,-1.098013937282200751e-03,-2.461759465478799164e-03,2.919052987598653136e-03,-4.646903614457872575e-03,1.195543345543350743e-03,4.905284848484756620e-03,-3.477283018867969970e-03,-3.382737361282307700e-03,-5.864764331210179683e-03,-2.244145616641908016e-03,1.162086330935204262e-03,1.221770682148041499e-02,-5.574268104776600001e-03,-6.796937799042991786e-03,-4.789738562091548635e-03,2.488371335504938574e-03,-1.763835376532441566e-03,3.979240000000004544e-03,-9.156378600822905056e-04,-5.956108949416240826e-03,-1.281516556291392370e-02,-7.225668202764989022e-03,5.825892420537897090e-03,1.971373307543433651e-03
-1.796530493707651846e-02,-3.498976109215156012e-03,-7.958852971845620239e-03,-6.464659270998498151e-03,-1.924885350318461877e-02,-6.614226353198499921e-03,-8.897950530035305533e-03,-1.577389933292906027e-02,-1.054906305244547246e-02,-1.212166666666675101e-02,-4.768887343532770239e-03,8.200000000000609145e-04,-7.219751280175596862e-04,-2.234540188269397605e-03,-6.412762050497330078e-03,-2.305482758620671247e-03,-6.011965888689376619e-03,-7.238301158301034544e-03,3.905398832684872472e-03,-6.036295210166035298e-03,-4.622286228622854778e-03,3.885766092474708471e-04,-1.305530164533761023e-03,3.145956232161088522e-04,-3.657262118491960701e-03,8.026133333332836992e-04,1.069999999999977219e-03,-8.265461121157668088e-04,4.130009345794435210e-03,-4.507693032015122440e-03,5.786446280991695834e-03,7.209302325576447698e-05,-6.110306748466334294e-03,1.193153846153904938e-03,3.180000000000038698e-03,-6.890623742454749824e-03,4.095015906680756108e-03,-1.821333333333308505e-03,6.396462736373707131e-03,-1.736118047673023985e-03,2.921307506052181003e-04,6.592147239263148164e-04,-4.993566176470581701e-03,-1.045057034220444898e-03,-3.789463840399081348e-03,-4.814910025706770308e-04,-1.178083586626144097e-02,4.899201741654536126e-03,3.631130690161536636e-03,-1.092704402515781888e-03,-1.141514851485136983e-02,7.663893510815298661e-03,-5.988350168350047367e-03,-6.325434782608831477e-03,1.113034623217929071e-02,-7.532921108741996892e-03,4.355378486055760771e-03,3.564353741496647208e-03,-4.177932692307706475e-03,-1.192123155869145943e-03
-1.746587643678160912e-02,-1.441005893909638735e-02,-8.015073746312601291e-03,-1.022414120126451456e-02,-1.258788121990368769e-02,-3.899075581395352111e-03,1.212168214090647783e-03,-1.297452267303105151e-02,-1.076319435928875697e-02,-1.205394391408120582e-02,8.903143040407089919e-05,-6.680616678346165162e-03,-2.861154891304374358e-03,-1.133697777777780552e-02,2.734266088214082693e-03,-1.137944785276073009e-03,-1.490060501296398138e-03,-2.539783783783793394e-03,-2.922286821705328847e-03,-3.073007812500083702e-03,-2.577690802347807654e-04,-1.122200180342620241e-03,-1.022061411549032156e-02,-4.489080882352884661e-03,-1.408444656488536725e-03,-6.188995475113023663e-03,2.229999999999967685e-03,-2.526778846153923327e-03,6.428442028984459287e-04,-3.968015051740213760e-03,-5.944957264957160224e-03,-1.087087557603674641e-03,-4.056568228105943835e-03,2.900470829068560810e-03,-2.356631171345688162e-03,4.818905472637568903e-04,2.505939393939349887e-03,-2.053608137044907276e-03,1.372084805653830952e-03,1.434742152466421785e-03,-2.104626865671622125e-03,-1.037184822521334268e-03,-3.881070983810676941e-03,4.399407407407315493e-03,-2.913436293436273260e-03,-8.016942675159292181e-03,1.374192708333351167e-03,-3.475503875969049913e-03,6.141506646972535576e-04,-2.887361319340377239e-03,5.243253588516702188e-03,5.429145728643298280e-03,-5.673333333333308026e-03,5.182226027397311696e-03,-9.634137291279789000e-04,7.568796680497963565e-03,-5.803112582781429045e-03,-1.041850311850313002e-02,-9.146270783847932490e-03,1.422043281328583264e-03
-7.244163110478873090e-03,-9.718799612778352554e-03,2.429897008337371898e-03,-3.530399999999981730e-03,-1.473437132156233884e-02,-1.849290076335877511e-02,-1.496245572609203323e-02,-1.482464523281588897e-02,4.159239453357100463e-03,-5.548705302096177197e-03,2.974419988102319865e-03,-2.572347266881028997e-03,-4.222378606615059989e-03,-2.042205582028590750e-03,0.000000000000000000e+00,-4.343444767441869726e-03,-2.845265588914482318e-03,-3.946290182449970797e-03,5.395852119026901426e-04,-4.439766081871358155e-03,-8.579408284023674544e-03,2.186334310850455900e-03,-3.363731884057894611e-03,1.329999999999950579e-03,2.536786042240490261e-03,1.146895893027766958e-03,2.589999999999980772e-03,-4.261414503133384608e-03,1.459775280898905009e-03,2.616572982774245399e-03,-5.562854442343488550e-04,8.244613918016279993e-04,-9.262943925233723882e-03,-3.051498973305986299e-03,-1.636515463917593421e-03,6.012234042553261243e-03,-7.345345345345083562e-04,-1.239471007121147441e-03,-7.704207119740476024e-04,2.062867298578136954e-03,-6.243052391799553541e-03,2.092111368909525121e-04,2.058232385661343689e-03,-1.496321112515778921e-03,2.161000000000115086e-03,2.147627118643966222e-03,-2.305512321660206729e-03,2.724643799472334805e-03,-4.738272583201161813e-03,-1.071578947369203951e-04,-1.905282442748144466e-03,-6.350000000000219401e-04,6.146779661017039501e-03,-8.050615114235420283e-03,4.890452961672568828e-03,-2.260044747081709285e-02,-8.587602591792573015e-03,5.443143507972690066e-03,1.167374732334046546e-02,2.112007546607715634e-03
-1.311431009957311593e-02,-9.392235519387408596e-03,-8.587304687500019185e-03,-7.199510869565175185e-03,-5.240566037735830407e-03,-7.325509433962232482e-03,1.892672836145910947e-03,-8.616548463357318575e-04,-1.275091615769058905e-03,-1.142449464921704459e-04,-3.701634674922563237e-03,7.299999999999930243e-04,-5.687443365695798655e-03,-1.950409315455113590e-03,-4.610992470910355370e-03,-2.199479940564569649e-03,-6.555080527086403624e-03,-1.583124999999928123e-03,-4.476192139738057428e-03,-5.486624319419305951e-03,-1.011289062500031477e-03,-3.900198216055484387e-03,2.026810176125060916e-04,3.044786944695937643e-04,-3.257882136280006082e-03,-1.268314917127168467e-03,7.856405353728391529e-04,-4.332285974499076008e-03,2.239999999999980288e-03,-6.495595141700413397e-03,-1.720892531876044851e-03,-5.170600571973166769e-03,9.929732313575156868e-04,4.049999999999960749e-03,-5.663777089784226976e-04,-3.052598752598751231e-03,-5.628172043010838677e-03,5.460000000000065495e-03,9.584049079754598409e-04,4.602432432432431060e-03,-1.957224880382826999e-03,-1.607042577675500033e-03,-3.485499412456003355e-03,1.863466334164608999e-03,-4.244652956298147241e-03,-2.622617534942920086e-03,-1.163576158940438218e-03,-1.871146245059318288e-04,3.902990654205678190e-03,-6.588409090909038909e-03,-2.709677419354853973e-03,5.898299845440465108e-03,-7.319398998330554906e-03,-3.265624999999358993e-04,-9.694653284671578969e-03,-8.125263157894807228e-03,-4.333062880324606118e-03,9.842908277404969694e-03,7.046650831353881358e-03,9.167767857142778906e-03
0.000000000000000000e+00,-7.163323782234957450e-03,-4.326923076923077163e-03,-2.948045075943129222e-03,2.953060620995508027e-03,-1.768569984840828724e-02,-1.619870410367170617e-03,3.252975027144414718e-03,6.459189665296535474e-03,5.521811154058531290e-03,5.301029585798837027e-03,3.069178505250185970e-03,-6.575548232474556602e-03,3.200710135571259787e-03,2.112676056338027956e-03,1.383515731874135606e-03,2.962962962962962816e-03,1.499999999999983985e-03,1.520431765612937454e-03,-1.169291338582578434e-04,1.805802357207626557e-03,-3.659824046915625625e-05,9.597418073486567447e-04,1.022526934378043852e-03,9.299999999999232925e-04,4.582951420714940355e-03,-9.216589861751152066e-04,9.048421052630494649e-04,1.060657534246490586e-03,1.826379928315286557e-03,3.359999999999970649e-03,8.599999999999409983e-04,-1.970669856459325315e-03,3.820000000000114103e-03,-1.885365853658575210e-03,9.489876033058188085e-04,8.175182481750553913e-05,2.935352250489187131e-03,-4.141466127401419173e-03,3.081969230769316791e-03,9.395424836600811940e-04,1.705204819277186985e-03,3.687476851851819847e-03,-2.425568720379042784e-03,-5.689656925031752986e-03,-1.057963446475587168e-04,-9.236821705426113884e-04,6.270414993306670619e-03,1.290120481927666029e-03,-1.460635994587351338e-03,-3.204363636363576854e-03,-7.207742448330729801e-03,-1.927179080824081804e-03,4.175387263338994730e-03,-2.601938958707440512e-03,-1.588330134356882601e-03,8.231247637051047894e-03,-2.099353944562892468e-02,1.187131944444451588e-02,-2.205093023255810109e-02
-3.352490421455938795e-03,9.186954524575103405e-04,1.272984441301273049e-02,-2.895127834056948016e-03,-3.453182488932541108e-03,-3.968093115403712422e-03,4.026170105686965178e-03,6.437768240343347617e-03,5.399568034557235101e-03,1.330648115942033478e-02,6.603880351262308643e-03,-3.173475429245728219e-05,7.953034947884813494e-03,7.775026801667711367e-03,1.932989690721649556e-03,3.477106741572978579e-03,2.092563226247435692e-03,7.227708179808395826e-03,1.461988304093567170e-03,-3.918217054263536253e-03,2.565292576419346115e-03,2.685816696914641605e-03,-3.755381604692856949e-05,1.948886679920526716e-03,3.975538160469655607e-03,-3.639672429481346800e-03,6.831955922736866112e-06,-1.873543015726193868e-03,1.819606903164009814e-03,1.900000000000026668e-03,2.680965147453083161e-03,9.542242079609493952e-04,1.631478102189768157e-03,-6.821187258687216870e-03,2.890220517737294645e-03,-2.242937853096697935e-05,-4.436409185803784350e-03,4.385460251046020656e-03,9.212598425211745748e-06,-1.225981595092069491e-03,-1.010061919504634574e-03,-2.478340707964570531e-03,-2.179339853300705458e-03,4.998646441073443213e-03,-2.479952095808323626e-03,-1.565825864276512410e-03,-1.430860927152272435e-03,2.668407310705977358e-04,4.979782903663410899e-03,-9.616547945205489861e-03,-1.523379310344886344e-03,3.383191850594250219e-03,6.929533011272076895e-03,-1.166565146579814569e-02,4.076934046345760503e-03,1.314330275229396838e-03,-7.590983935742943133e-03,2.808811881188132912e-03,-5.041874999999989074e-03,1.433576642335765428e-02
-9.093876632147370343e-04,-7.722007722007722189e-03,-1.369907961343816904e-03,-9.457648725212726599e-04,9.619286403087003992e-04,-2.960039467192895728e-03,-5.484142572283126280e-03,8.977556109725686254e-03,-1.612036539494895223e-03,-3.251989159891585050e-03,-2.949941792782295302e-03,7.625272331154684183e-03,2.362669816893089164e-03,6.093845216331505305e-03,2.392502972651658344e-03,5.735076923076867957e-03,5.558406708595370858e-03,2.744952251023253555e-03,1.471670345842531272e-03,7.500000000000492384e-04,-5.046583850935914065e-05,-2.626970227670753083e-03,-3.241128298462977336e-05,-1.018941176470563844e-03,9.769353233830553162e-04,1.999999999999983128e-03,-4.502117323556424633e-03,3.689999999999911233e-03,3.651691312384400343e-03,1.842994241842583862e-03,-8.420329670329404232e-04,-3.571078167115888935e-03,-7.046003262642593122e-04,8.183378995433639863e-04,9.299999999998942359e-04,-9.581485053037751970e-04,1.870000000000026155e-03,-1.301197478991604007e-03,1.332953586497900161e-03,1.006956521739036129e-03,-1.165808444902109242e-03,-5.183409801876892944e-03,4.254044444444389506e-03,-5.381656365883764545e-03,-9.659176470587654568e-04,-6.205474452554773923e-03,-5.651755526657936506e-03,6.534913217623590856e-03,3.146622162883805796e-03,-8.476957123098158645e-03,-7.194366197183184493e-03,1.258815232722201687e-03,-1.850276816609081661e-03,-6.030281456953646979e-03,2.109269949066149875e-03,-2.539999999999973702e-03,1.036226415094332332e-02,-1.449864693446092229e-02,2.821618852459061803e-03,-5.435514018691670404e-03
-8.064988804299223074e-03,-1.138433515482695745e-02,-5.825242718446602130e-03,-6.477613531047226279e-03,1.414427157001414475e-03,-4.358353510895883465e-03,1.477832512315271039e-03,9.960159362549800624e-04,-9.570528967254495270e-03,-2.229805825242767419e-03,-1.085187194791101479e-03,-2.357221249270277652e-03,-9.912131147541273276e-04,3.474460813199769637e-03,1.816555082166768260e-03,1.209999999999988862e-03,-7.173109243697498374e-03,-3.537705263157923767e-03,-5.472752230610832512e-03,-3.780318047337205296e-03,2.219371804236585245e-03,-1.582879377431811859e-03,-9.329473684210984764e-04,-9.927140255002149999e-06,-3.981477832512318391e-03,2.962077534791308052e-03,-2.944062806673209028e-03,1.879999999999959828e-03,-3.679916897506856684e-03,2.740000000000040580e-03,-1.976358381502799945e-03,-8.395592286501032215e-04,-2.676139240506384461e-03,-7.250081833061114683e-04,-2.075965073529401246e-03,1.802978723404262927e-03,-2.912774005819573041e-03,-9.803415559771128975e-04,-1.924894514768512991e-04,1.179174603174624894e-03,-2.980878243513003338e-03,3.940962732919232360e-03,-5.252297154899988191e-03,6.498327759197270077e-03,-8.319283018867933491e-03,4.168062200956968236e-03,-1.913333333333619901e-04,4.554257555847529386e-03,-6.880190476190550103e-03,8.429122807017585400e-03,-3.244194915254183798e-03,-4.614037626628113634e-03,5.612175792507233078e-03,7.466312056738014366e-04,-4.418904109589069998e-03,4.617876106194108445e-04,2.715393474088269483e-03,-4.448919449901764245e-03,-2.315678733031673042e-02,1.227327586206893723e-02
-7.455052724077394603e-03,-1.547656050955413011e-02,-1.478743068391866894e-02,-1.477832512315270866e-02,-9.354536950420953845e-03,-1.145187500000002627e-02,-5.845104724792985450e-03,-1.480019733596447864e-03,1.491795126802585763e-03,-8.638211382113821293e-03,-4.355512195121968681e-03,-7.103825136612022285e-03,1.725527696793023374e-03,-2.168164383561716445e-03,-1.179941002949852491e-03,-3.665241295051924371e-03,4.751936056838376027e-03,-5.238185955786663593e-03,6.800000000000357191e-04,-4.124206896551719202e-03,7.390983000739098294e-04,0.000000000000000000e+00,0.000000000000000000e+00,-9.360281195079124539e-04,1.818181818181818180e-03,-9.062191510368680896e-05,1.941576846307410632e-03,4.939520547945182478e-03,-3.588918669131203974e-03,3.709935424354135741e-03,-1.889805013927535818e-03,9.174927675988888602e-04,2.825678899082525314e-03,2.721698283649613172e-03,1.170607553365785156e-04,1.692437902483941072e-03,1.773792434529632926e-03,-1.962851562500089742e-03,-1.512380952373773422e-05,-1.317452229299361172e-03,-5.213461538461465483e-03,4.014008016032086582e-03,-8.605684210526281033e-03,5.321198303287344097e-03,-4.569370078740199806e-03,-1.172704081632648014e-03,-2.031834750911408298e-03,-8.960075566750576662e-03,1.212687500000002132e-02,-4.239433701657438665e-03,-3.769214876033045048e-03,3.839942693409797731e-03,-1.093196401799095309e-02,2.905281899109823061e-03,-3.888839779005461971e-03,2.552895204262854364e-03,8.263686131387083843e-04,2.639279999999985180e-03,-1.957598326359836008e-02,2.292591454042417973e-02
-1.443202979515828717e-02,-9.282699822379992388e-03,-2.743450479233327209e-03,-8.857808857808858669e-03,-1.349930069930066999e-02,3.263403263403263400e-03,-1.441147227533544784e-03,1.456382667964988865e-03,-9.973464606181436237e-03,-4.504554999999982150e-03,-7.164790174002047020e-03,4.238831800973411924e-03,2.724795640326975379e-03,1.746216530849825340e-03,2.256708652793014153e-03,-6.206733608978033667e-04,1.829268292682926936e-03,-1.161014836795270372e-03,5.403124999999361347e-04,-2.176966292131254815e-05,8.971213159698539566e-03,-2.222222222222222220e-03,1.479379562043790265e-03,3.103180760279286229e-03,6.937499999999875624e-04,-4.579524680073118227e-03,-1.074683168316918451e-03,-2.020080160320616644e-03,-2.896538839724693577e-03,2.829999999999976198e-03,-2.755357474466248353e-03,-9.965826330532757960e-04,-1.984937076476263676e-03,-8.265152919369874937e-03,-8.546866485013675241e-04,1.873118811881089923e-03,2.667509191176557423e-03,8.618075801749211506e-04,-9.850489236790341708e-04,9.078694817657511577e-04,9.188085106383456430e-04,-9.261935483870866771e-04,-4.036534954407294123e-03,6.065010570824476248e-03,1.094290288153685307e-03,3.287677564825342881e-03,-7.130659767140935974e-03,4.038884803921628450e-03,-7.860846153846232087e-03,4.579325236167347372e-03,-7.313711048158549714e-03,8.989491525423705040e-03,2.371730205278611663e-03,-4.933047473200579715e-03,-7.822720247295323129e-03,1.707428571428517118e-03,-6.681325966850884188e-03,9.915706214689169046e-03,2.677083333333385440e-03,-1.340872557774819632e-02
1.079696942446039566e-02,4.630542420027854156e-03,9.258767605633917361e-03,-4.124656278643445972e-03,-9.332711152589827537e-04,1.861743992153021623e-02,-1.868285847734703310e-03,6.647673314339980905e-03,1.012048192771084279e-02,6.433567888998945050e-03,6.454500248632530530e-03,9.127789046653143890e-03,2.119373311723448186e-03,1.503270676691729861e-02,9.227220299884660026e-03,1.139806067172261135e-02,2.298619469026554150e-03,-6.101281269066503735e-04,6.516440377804096247e-03,3.747204161248289967e-03,2.780882971268359288e-03,6.849315068493150738e-04,2.867233727810708684e-03,1.478847556528187831e-03,1.524612403100811904e-03,4.146631486367583809e-03,2.709999999999901724e-03,3.780000000000033333e-03,-6.048387096774193381e-03,-1.895741106719387066e-03,-1.789340761374242240e-03,-2.780871602624248543e-03,7.380000000000043643e-03,-4.863813229571984503e-03,4.810000000000073765e-03,1.853418181818101062e-03,2.614148760330713053e-03,-4.974275092936768748e-03,3.559853372433957781e-03,-9.877603143418432069e-04,-2.917449275362276294e-03,6.970757737460006424e-03,-5.202950819672177811e-03,-2.016932515337352145e-03,2.776077170418067737e-03,-7.524256243213911684e-03,8.774971493728621688e-03,1.322447643979079513e-03,-7.107199999999948975e-03,6.087532467532500227e-03,-5.139264909847474430e-03,3.958468208092569794e-03,4.564102564102656516e-03,-7.733734939758604840e-04,-3.648679245283019314e-03,-6.861191626409046153e-03,3.802165354330652204e-03,-1.293892578124999915e-02,1.625263157894738658e-02,-1.010456210456212207e-02
1.876172607879924951e-03,1.199466903598400691e-02,2.044171740118132241e-02,1.260321599304650188e-02,2.152466367713004591e-02,1.922425824175823250e-02,1.496294345094245117e-02,8.817250811312021472e-03,1.173303898543918110e-02,1.284911946692055863e-02,7.378258730939498550e-03,9.364344181459583610e-03,6.545362903225744079e-03,9.630818619582664011e-03,3.745318352059925134e-03,4.592422502870264177e-03,6.458557588805167136e-03,3.527336860670193808e-03,3.621673767498567904e-03,-2.908320474777532656e-03,1.153580707395504903e-02,4.187020237264480263e-03,1.383983572895388118e-03,6.568294117647108764e-03,2.195586307356079628e-03,4.586553323029323934e-03,8.787346221441124251e-04,3.632269826800364754e-03,1.889999999999904126e-03,8.975085255767331627e-03,1.055801980198051073e-03,1.899999999999975710e-03,-1.890812854442273190e-03,1.832014995314037867e-03,9.181304771177781947e-04,2.045334572490820155e-03,9.689497716894263177e-04,-3.976794657762999959e-03,3.288440709617307736e-03,3.620108055009770096e-03,1.958817733990153662e-03,8.873904576437040195e-04,-2.701547619047585218e-03,5.777342888643876781e-03,2.096487603305795255e-03,-4.459318181818173674e-03,4.390921052631655865e-03,2.131799307958558588e-03,-3.963142476697718852e-03,-8.335451080050178957e-04,3.664520367937007354e-03,-1.067174964438126483e-02,8.491847507331328274e-03,-5.282692307692309422e-03,3.732341085271379498e-03,-1.705605263157899606e-02,-7.538234295415966423e-03,-4.464197530863618082e-04,1.443134693877556538e-02,-4.661281416797973497e-03
-2.029730223123734495e-02,-1.475487862922417875e-02,-1.716299276672691651e-02,-1.710011095700419981e-02,-1.814159292035398205e-02,-1.643033759124088583e-02,-5.535741935483926707e-03,-2.908385845855549975e-03,-4.657661853749417956e-03,-1.044138585666824943e-02,-1.058302213666989337e-02,-1.480448496796504419e-03,-4.955401387512388400e-03,-4.050739614995007426e-03,0.000000000000000000e+00,-5.925018867924520226e-03,-1.164163312248441473e-03,-9.217130434782545498e-03,1.706886016451307020e-03,-3.052503052503052500e-03,-5.776292335116197307e-04,-9.945231958764316977e-05,-2.829054621848749260e-03,7.320767649074424142e-04,-8.277081798083987720e-04,-2.892633504023447034e-03,-5.547934528448899248e-03,3.279999999999953092e-03,-6.464701011959468786e-03,-8.035714285715999695e-05,3.987030000000004251e-03,-2.979145978152929631e-03,2.898372093023194804e-03,5.649359698681779597e-03,1.839032863849773608e-03,4.759075875486396684e-03,3.067413632119543945e-03,9.705774518790047291e-04,1.827202680067120666e-03,-4.904576271186449066e-03,8.340039447731910404e-04,-2.012039800995047822e-03,-6.063042616451946171e-03,2.596144578313230953e-03,4.695849056603753138e-03,-2.056274713839775781e-03,-1.484000000000053636e-03,-5.523307262569814718e-03,-1.364647887323970675e-03,1.210539811066157871e-03,-9.687902187902082537e-04,-3.028644295302044143e-03,-1.196841339155735751e-03,9.997564687975468711e-04,-8.692987804877989888e-03,1.003267090620037390e-02,-4.774751286449406551e-03,-9.661696428571328599e-03,5.512025862068907836e-03,-2.537860135631295894e-02
-1.510721247563352743e-02,-1.441791044776125769e-02,-1.253012048192771004e-02,-1.004566210045662079e-02,-7.921714818266542904e-03,-5.785491766800178286e-03,-7.362574712643780994e-03,-4.183086190917630585e-03,-1.575578532742491489e-02,-1.320753424657526362e-02,-8.616562948779320219e-03,-3.382879227053093435e-03,-1.979145256916963261e-03,-6.986027944111776293e-03,3.035240020212246620e-03,3.695341515474922719e-03,1.077005923532579424e-03,-4.621606008087810261e-03,-1.591716621253460098e-03,-6.817785630153581477e-04,-1.846511627906978264e-03,-2.382370458606313489e-03,-2.682407766990360480e-03,-1.455196629213529550e-03,-6.165521769177695691e-03,-5.971884272996980277e-03,-1.422848751835592042e-03,-3.277802197802123438e-03,-3.703925729442928642e-03,-4.664031510658065219e-03,1.748685258964127309e-03,-1.035175879396957538e-03,-2.935784215784205051e-03,6.644052044609560954e-03,1.880301886792537644e-03,-5.777091254752946860e-03,-3.559454191043818632e-05,-7.407894736841736435e-04,-2.684818604651132389e-03,-4.069290540540441113e-03,-1.292694497153657049e-03,-1.350299401197670038e-03,9.917334669338258735e-04,-3.115851703406763602e-03,3.779646017699078101e-03,-3.069266365688517410e-03,-9.945588235294143542e-04,7.106785317018035316e-04,9.615384615414451604e-06,-6.060691299165686143e-03,2.072500000000002292e-03,6.183003952569181370e-04,-5.709178082191736572e-03,1.172038980509727477e-03,-3.410704225352112050e-03,-2.654028436019057781e-03,3.809553719008160113e-03,-5.496101083032530268e-03,-6.526315789473646593e-03,1.253838234635868722e-02
6.852925672113863859e-03,9.669724770642124101e-03,1.420598680872653397e-02,1.285899571632545188e-02,1.794858681022878585e-02,1.014760147601475974e-02,9.695901278096077242e-03,4.569024725274616928e-03,-3.720930232558139743e-03,1.022666016577278639e-02,7.637051039757649016e-06,1.182592242194891244e-02,1.004304160688665633e-02,4.916420845624385090e-03,1.280788177339901510e-02,5.525138260432331701e-03,8.465608465608466179e-03,9.606616782469259638e-03,2.796085450346463049e-03,1.674046840958519182e-03,6.992908133411408593e-03,6.679075425790842284e-03,0.000000000000000000e+00,3.809134925758482504e-03,4.147338935574177571e-03,2.756719503790489283e-03,2.180444444444489156e-03,-1.441089837997133489e-03,-1.452167060677259742e-04,-1.115799289520435405e-03,1.814897959183561348e-03,3.894274353876745268e-03,2.990000000000010445e-03,2.053049999999984662e-03,-3.642022471910110783e-03,-3.791840607210572936e-03,-4.918190567853828431e-03,9.544643902439064673e-03,-2.633244781783792079e-03,1.926237161531162059e-03,9.686706181202416575e-04,1.438185291308461105e-03,3.604748490945682178e-03,-2.010090634441131976e-03,-2.161700404858304340e-03,3.979242761692627396e-03,2.454613636363686593e-03,-4.212678762006379952e-03,-3.873140589569164932e-03,4.605897142857169960e-03,9.399273607748394885e-04,-1.390906555090719830e-03,-9.121476510067958680e-04,8.240506329114455830e-04,-7.006319018404941201e-03,5.946693290734794170e-03,-4.600946166394779754e-03,7.177358490566007089e-03,-9.158037735848991931e-03,-1.194319987289483957e-02
-1.039089559623948555e-02,-6.921152416356851633e-03,-1.935171746492501130e-03,-1.650335224342444618e-02,-8.157389635316697821e-03,-1.318181818181818170e-02,-8.382420856610757823e-03,-3.982300884955752157e-03,-5.062126092959042499e-03,2.316155988857953717e-03,-9.397274519467747195e-03,4.263449575871783304e-03,3.298858490565961549e-03,-1.436781609195402279e-03,-9.963958641063580448e-04,9.821270310191856576e-04,-2.022692889561254499e-03,-2.120890774125132761e-03,-1.075144539614568190e-03,-5.777007510109762826e-04,6.113413304253240924e-04,-6.546586084905684118e-03,-4.276114844227244666e-03,-5.677923627685250866e-04,-6.820361990950312737e-04,-2.137106741573011927e-03,2.855576259489247225e-03,-3.814966492926226242e-03,-4.396530763528550337e-03,-1.784857142857141418e-03,3.264800000000023846e-03,-9.370260223047277093e-04,8.403988035892813934e-04,-1.034258324924308518e-03,-2.991967871485961845e-03,3.840000000000034792e-03,-1.913492366412149681e-03,-1.996311713456050928e-03,3.792360430950118301e-03,-2.768358778625874123e-03,-3.711724787935886689e-03,2.859770017035729358e-03,-2.567754318618072139e-04,-1.220851063829764618e-03,1.013686354378849803e-03,-2.109969418960141053e-03,-6.269648127128235084e-03,3.833910034602024640e-03,8.829902491874914498e-06,-5.212903225805566587e-04,-1.069347319347340461e-03,-5.298434782608773229e-03,5.790641025640995421e-03,-2.224828060522801056e-03,-2.210305232558224930e-03,4.266012658227770482e-03,-2.192929765886278068e-02,2.036614478114476962e-02,2.574707964601729519e-03,-4.289624480633303684e-03
-9.857469717362003780e-03,-1.050000000000000065e-02,-9.126455764075138560e-03,-3.398058252427184431e-03,-2.585315408479834515e-03,-2.887391722810394440e-03,-4.562814070351680316e-03,-7.976732394366213563e-03,-1.756274944567598993e-03,-1.382488479262672810e-03,-6.071929005137786245e-03,3.438113948919449981e-03,-4.734848484848484980e-03,-9.364194615020645035e-04,1.436478468899644086e-03,-1.479289940828402332e-03,-4.952242483981797927e-04,1.007556675062972265e-03,1.020000000000001591e-03,-5.334761649632844837e-06,5.093790322580687806e-03,-2.162176052487685667e-03,5.306902654866893845e-04,1.780213936430370203e-03,-5.840143369176014525e-04,5.839650711512403732e-04,-2.294727915194325150e-03,4.913480358373453760e-03,2.884907063196900760e-03,-3.714259121369977573e-03,2.913306772908467318e-03,-2.187500000000073500e-03,9.199999999999848490e-04,-3.080400801603124222e-03,-6.402439024389042059e-05,-1.959919273461132715e-03,-1.755815268614543782e-03,-1.104506232024796470e-05,2.850000000000059083e-03,-7.969613861386242240e-03,2.129165867689384890e-03,1.946638257575770926e-03,-4.923758620689623264e-03,-4.350281827016655792e-03,-2.279325153374276401e-03,4.047921810699570307e-03,-4.182685185185164300e-03,-4.136535796766824605e-03,7.350605355064016022e-03,1.272131147547182094e-05,-1.552485414235666101e-03,1.181644815256255874e-03,-6.805882352941261364e-03,3.790782608695630277e-03,-1.236312320916904683e-02,-1.249118541033400172e-03,1.273227786752818662e-02,6.120000000000009981e-04,-1.150526315789472502e-03,-1.568943298969071795e-02
-1.596993893846876400e-02,-3.601981089599279578e-03,-8.098840141200174328e-03,-5.933117583603020849e-03,-1.678183613030602081e-02,-1.309586170770036737e-02,-1.216423001949329397e-02,3.641329085116067413e-03,-9.478672985781991245e-03,-1.347243705035973058e-02,1.380579843534284357e-03,-2.810304449648711941e-03,-3.462879684418114067e-03,-4.737091425864519236e-04,-2.835943127962025148e-03,-9.646522781775152900e-04,-9.465278884462181158e-03,-9.833530864197211670e-04,-4.058227848101316794e-03,-4.317631999999987924e-03,5.346677384779852061e-04,-4.048582995951417046e-03,-1.049282191780760449e-03,1.708962264150965709e-03,-4.914004914004913883e-03,-5.608263473054186368e-04,-6.374352331608342252e-05,1.324222065063699987e-03,-4.108099861303782241e-03,-1.744966442952450357e-04,-5.239520958083832003e-03,-1.775821972734516760e-03,1.505876010781722696e-03,-9.816822429905178952e-04,6.706760847629432334e-04,5.016513761467888965e-03,-1.937256097560950035e-03,5.744186265286966089e-03,-9.880405405405042092e-04,-2.997648780487796247e-03,3.824751491053709346e-03,-2.741207729468661970e-03,-2.805894736842169494e-03,3.019130434783975393e-04,1.314602551521166845e-03,-2.188395061728385521e-03,9.402505219206588232e-04,4.031363636363564755e-03,-5.549422850412235458e-03,1.728009478672980995e-03,-2.211577181208111177e-03,-6.495238095238521896e-04,9.585771084337340806e-03,-4.045510996118955975e-03,-2.958383233532857742e-03,3.298859649122877751e-03,-4.218012618296515699e-03,-1.175025423728827227e-02,9.531474820143824231e-03,-2.125533348304503925e-02
-1.313131313131313087e-02,-1.816114354066994396e-02,-1.091420501138942040e-02,-7.621951219512194953e-03,-1.202478427089022535e-02,-1.809045226130653189e-02,-1.008142478813564905e-02,-9.345794392523363789e-03,-1.197604790419161749e-02,-9.103207276208676035e-03,-6.772971014492834910e-03,-9.313018604651132279e-03,-7.552667610953655609e-03,-9.457441513190641483e-03,-6.673053435114445313e-03,-4.281553860819839463e-03,7.681228996894452794e-07,-3.508040000000050770e-03,-6.966276754604251893e-03,2.025910010111280427e-03,4.969316969049431942e-04,-1.613852767329327937e-03,5.319386574073171978e-04,-4.917034178610789168e-03,-1.802742316784888225e-03,-3.765636588380793896e-03,-4.209260372820204654e-03,-5.312198303979046542e-03,-1.586685633001472424e-03,-5.710181311017497501e-04,-9.686067415729534376e-04,2.319699924981186417e-03,-2.503593875906584814e-03,-2.031788617886177636e-03,-9.774647887323380593e-04,8.453137651822489320e-04,-1.051760491299865699e-03,2.143673469387689327e-03,-7.989120151372296154e-04,4.787480620154970119e-03,-1.100196463655010173e-04,9.175049900198803962e-04,-2.770886075949443965e-03,-6.737234042553236907e-03,6.496503496503510874e-03,1.359821782178227776e-03,-1.157024793388082134e-04,-1.278212539851217473e-02,8.675760755508234124e-04,3.582219570406244141e-04,-2.090420168067194662e-03,-7.575342465757020779e-05,-6.559124087591288767e-03,-1.612903225796521743e-05,-3.641144010767182089e-03,2.020466562986048247e-03,-1.007496932515342808e-02,1.393122112211220287e-02,-8.868561278863325292e-03,-7.345861685484537593e-03
3.365755395683515255e-03,-1.330603889457523080e-02,9.478672985781991245e-03,-9.119927040583675204e-04,-8.196721311475410263e-03,-7.705008255365988074e-03,-1.117886178861788628e-02,-1.561799784714752726e-02,-8.432539682539682072e-03,-7.892293407613741249e-03,-9.583133684714902154e-04,-6.366730506155876892e-03,-6.570759137769416336e-03,-2.366303833412210060e-03,3.472222222222222029e-03,7.111886255924223209e-03,1.902949571836346420e-03,-5.311521004345750793e-03,1.987019470793818451e-03,-3.496503496503496500e-03,-3.553577235772339624e-03,-6.516428187197381185e-03,-4.317323259579061018e-03,2.274774566473957392e-03,-4.413307479224416220e-03,-2.457281899109881994e-03,-1.265315985129997255e-03,-2.386547978274005787e-03,-1.994466971877030103e-03,2.729999999999939940e-03,-8.408202959830787804e-03,6.516728902165728685e-03,-1.450203773584981398e-03,3.847298387096903007e-03,-2.895749318801090974e-03,-7.325141776947074459e-05,2.792040609137107481e-03,9.798458376156352935e-04,-2.009836065573745740e-03,-3.696568160152530463e-03,-2.958590998043065384e-03,1.878106508875749094e-03,-1.168442211055388205e-04,1.102089843750042597e-03,-6.832156862744974239e-03,-6.648563782337289264e-03,7.907300000000077114e-03,4.728267223382030295e-03,-7.610226293103407313e-03,6.139744408945686273e-03,-2.024533333333375894e-03,4.214102564102622205e-03,-5.812822299651503738e-03,1.708535980148997296e-03,-9.076731016731077670e-03,4.483337969401957578e-03,1.241125401929236245e-03,-4.339554140127365248e-03,-2.997564322469933006e-03,-6.124832087787447643e-03
4.417687408133244217e-03,-6.279420289855047049e-03,1.521983640081728912e-03,4.265297450424883514e-03,-8.275630174792955249e-03,-9.307135470527404600e-03,2.744237102085620404e-03,-4.967650050865150086e-04,4.281361930294960878e-03,-8.494414414414378292e-03,1.575476079881687498e-05,-8.212560386473430341e-03,3.634711494775102070e-03,-1.722326454036555955e-05,-1.429686907020763509e-03,7.859862068965507362e-03,4.799999999999858633e-04,4.269649289099580573e-03,-9.666505558240696006e-04,2.482047832585921460e-03,0.000000000000000000e+00,2.031293759512953385e-03,-1.793326157158414816e-05,1.618791801510276402e-03,5.600000000000584979e-04,9.372362637362675192e-03,1.152787663107983623e-03,3.045383663366257789e-03,1.807228915662650653e-03,-8.621024967148816897e-04,2.000370370370401895e-03,1.195923076923072551e-02,-8.380098039215726907e-03,4.607520786092178695e-03,-1.161812297735484320e-04,4.066284153005481419e-03,1.839677725118416766e-03,-1.228855975485150173e-03,-2.129502590673601741e-03,1.099609455292933869e-03,2.017268385864474933e-03,1.930245338567182674e-03,8.780357142856677144e-04,-2.127304964539003789e-03,7.366311637080831184e-03,-1.966238894373160961e-03,3.015031446540875071e-03,1.304347826087034687e-03,-1.393551797040192344e-03,-1.474509803921475980e-04,-2.339263271939305989e-03,-3.228448275862030783e-03,6.696096654275025123e-03,1.005088967971447039e-03,-9.493248407643535168e-04,-1.080354194407445907e-02,7.739089615931656584e-03,8.017594728171291776e-03,-1.128829187396345954e-02,-2.556276507050388776e-03
1.154039136979428080e-02,9.900000000000409774e-04,3.368786127167746735e-03,8.616320324379117546e-03,4.719238363892811448e-03,1.047839635535319051e-02,4.531712364200862959e-04,8.165487207403374775e-03,5.083884087442806354e-04,1.061007957559681643e-02,1.286158180919429357e-02,9.233233532934072285e-03,9.652509652509652736e-04,3.170289855072463969e-03,9.744974430497460594e-03,7.532956685499058065e-03,2.946954813359528493e-03,7.525870178739416973e-03,4.721870571563553838e-03,0.000000000000000000e+00,6.420570153693601692e-03,9.401674096087182103e-03,-2.040351145038265396e-03,5.815581769437040346e-03,2.689618074233458746e-03,3.414244521337945343e-03,1.688522789676054825e-03,4.641833234772314160e-03,1.835352286773873692e-03,4.857932692307651880e-03,4.271552631579005749e-03,1.348709907341341186e-03,2.184453781512633950e-03,2.257336343115123965e-03,-2.260265352539760856e-03,3.056823338735704162e-03,1.462340036563033975e-03,3.735673624288448746e-03,-1.160543589743587723e-03,-6.803962460895913544e-05,-1.988759048603944753e-03,-2.616524685382454196e-03,5.873228346456740336e-03,-1.042390438247011407e-03,8.986965376782072310e-04,-1.714610778443087426e-03,3.008025922233340151e-03,1.213559782608735534e-03,-3.698061538461493158e-03,4.765460385439035731e-03,-1.268476821192012546e-03,1.994851811196509880e-03,-5.709824561403449399e-03,-3.250520304568557672e-03,3.443365617433353891e-03,-3.486535947712391878e-03,-6.048753462603755245e-03,-3.646893491124196009e-03,7.056095890410990674e-03,-1.036244955678941940e-02
2.903863080684597475e-03,3.001500750375187595e-03,2.942570869990154391e-03,7.175349282296768563e-03,1.003512293025589537e-02,9.339342963653317342e-03,6.787330316742081621e-03,1.625653767820776918e-02,2.159570652173917280e-03,2.054687658710093769e-03,6.849315068493150305e-03,1.030520568070518797e-02,2.777351724137891529e-03,4.676001931435063244e-04,1.560410164957646076e-02,4.166666666666666609e-03,9.407337723424271216e-04,-1.475651746187899580e-03,6.554689107059436665e-03,1.028764733395703609e-02,2.408644476603999038e-03,5.424063116370808624e-03,2.961483679525213006e-03,3.046776649746207530e-03,-4.355283018867952931e-03,1.077968750000014245e-03,-1.733102253032928848e-03,6.123749312809415252e-04,-7.408249258160221062e-04,-3.119851116625276585e-03,1.890523780854860662e-03,3.861417322834672858e-03,6.577104136947040797e-04,7.887561489805259359e-05,-4.730045489006809434e-03,2.368226788432271045e-03,2.368453441295611996e-03,-2.019614325068934315e-03,-2.957296260786227565e-03,6.401240951395186039e-04,-4.317053854276680161e-03,3.228424870466383573e-03,9.816326530620750627e-05,-5.981532338308451040e-03,1.822190954773768735e-03,3.776185567010346272e-03,-1.808277945619320539e-03,4.036120603015076053e-03,-5.187941176470733592e-03,-4.671189979125451956e-05,-5.940481400437691746e-03,7.498812989921543708e-03,-4.657729306487653174e-03,3.711250000000023124e-03,3.042735483870948922e-03,-7.689024999999957873e-03,8.118181818181840342e-03,-4.583631205673716243e-03,5.982822085889750877e-04,-1.435393137184394832e-02
1.015303886925796387e-02,2.055675934803450830e-02,1.186356895699456314e-02,2.106392532312108962e-02,2.061855670103092744e-02,1.140873015873015810e-02,3.251277287505805955e-03,7.187780772686433450e-03,4.056795131845841729e-03,7.551240560949299026e-03,9.075468277945600293e-03,1.197293076522644439e-02,5.358012664393570212e-03,6.395614435815441014e-03,6.238003838771592757e-03,4.880212954747116527e-03,1.052795600366624763e-02,1.115749417792269611e-02,9.734814814814845424e-03,7.424593967517401430e-03,9.274390356977286684e-03,4.312187499999927190e-03,1.447617168228944665e-03,4.919143279172863599e-03,1.007102993404312540e-03,6.888331545064414752e-03,1.014324786324792040e-02,1.703433352567858879e-03,-1.613197353913992322e-03,6.328579881656856872e-03,4.280767326732622287e-03,3.030667067307582160e-03,3.202200392927324023e-03,2.028179871520376012e-03,-4.186829440905849575e-03,1.859558263518568382e-03,4.680106870229014566e-03,-1.092201462225956784e-04,4.729639889197324713e-04,6.607562380038403509e-03,1.800944963655178293e-03,9.502231668437221461e-04,4.428235908141975666e-03,-7.730620689655189406e-03,9.919069069069023914e-03,-3.151928934010144422e-03,-3.322233820459242603e-03,1.156759878419457224e-02,-5.071712538226233469e-03,4.608955223880036338e-04,-1.273411513859206172e-03,3.882019977802451428e-03,-5.821436716077573251e-03,3.124040862655990715e-03,-1.611308900523569657e-03,-7.404479578392778169e-04,-1.080519480519472227e-02,9.437237569060853357e-03,-7.952433628318586467e-03,3.471614727196010476e-03
7.805995670995605901e-03,3.959524857017157617e-03,3.775458891013354010e-03,1.220703125000000000e-02,2.390215002388893558e-03,6.059170549860089759e-03,-2.503641791044789594e-03,-1.861330851558864671e-03,8.482238074007931311e-03,1.518987341772151884e-03,4.296455424274973033e-03,6.522882882882846504e-03,-1.056770833329778725e-05,9.169884169884170641e-03,4.109617660445945633e-03,8.091385054735840410e-03,6.172839506172839164e-03,5.922551252847380043e-03,-4.719720279720844200e-04,0.000000000000000000e+00,2.352945269016588035e-03,3.703230129390005284e-03,8.103102625298383432e-03,4.408156342182938114e-03,-4.967397124442281264e-03,6.057119071644819983e-03,3.702471910112384908e-03,3.210000000000088650e-03,9.114842587292502560e-03,-3.833813747228320169e-03,2.229603315571418963e-03,3.060753551575142156e-03,5.628915662656659783e-05,1.826317169069551372e-03,-8.663655913978377280e-04,4.986739590684513036e-03,2.810525914634146114e-03,-3.002155504233959982e-03,-3.370686835650120190e-03,3.971530612244968290e-03,-1.992843326885901378e-03,3.812148070907181181e-03,-3.289560557341919544e-03,1.207093389296933677e-03,-5.871065737051773745e-03,5.034229607250690144e-03,8.796523517381782701e-04,-4.239600840336169192e-03,-7.961030927835096097e-03,6.146566701137497028e-03,1.417294228949926875e-03,-2.809114470842291079e-03,3.752884615384595880e-03,-8.416498829039782692e-03,5.487321016166299935e-03,-2.627433155080240081e-03,2.115820895522346843e-03,-4.317553191489371250e-03,-1.101354375896694028e-02,-8.209790209790155530e-03
-1.762064471243051170e-02,-1.403623188405803135e-02,-2.646669607410675074e-03,-5.285920230658337424e-03,-6.389616519174050845e-03,-1.410742692860497910e-03,-1.322219178082188751e-02,-3.996003996003996001e-03,-9.315323707498835912e-04,-5.828017048003672658e-03,-5.600814663951119744e-03,-5.953048648648659805e-03,-2.482199899548007734e-03,-1.564945226917057938e-03,5.076195074843715353e-04,2.767812642110090496e-03,7.557864903164856346e-03,-1.748440123729620927e-03,-4.673813868613088869e-04,4.480167988801860447e-04,5.809481337857599556e-03,-2.319386046511618012e-03,-3.708207985144026074e-03,1.890000000000017100e-03,4.443054187191959625e-04,2.464563924677940464e-03,-4.543160020199168149e-06,5.099999999999730400e-04,3.734386339380947953e-03,-4.487106017199231876e-05,1.709999999999991908e-03,-1.407482185273334645e-04,4.824685185185220021e-03,5.048309178739919170e-05,-7.891255752794681640e-04,-1.624080749819776116e-03,-6.130425531916204986e-04,1.916327467482694053e-03,8.015882806475810177e-04,-3.311847290640459757e-03,1.130645463049587390e-03,4.752434529582943296e-03,3.039583333333339878e-03,9.877419354838380596e-04,6.605681098204867381e-03,1.115475475475508895e-03,-2.013539553752575432e-03,7.695031055900509662e-04,-1.647457627118899248e-04,-3.934796238244580267e-03,7.287047817047794494e-03,-3.614426386233317041e-03,-9.904008859357665492e-03,1.043039260969981508e-02,9.318333333333211985e-04,2.191348182883987115e-03,2.030507544581592033e-03,-7.806326815642483825e-03,-1.727520435967342055e-03,-3.020352883075534591e-03
-2.126913043478251622e-02,-1.554404145077720178e-02,-1.512947791164649496e-02,-1.979307242465137145e-02,-8.725157537566649926e-03,-2.315215903371916489e-02,3.831246418338078111e-03,-2.024096385542168558e-02,-6.030150753768843963e-03,-1.178133836003769988e-02,2.252862903225781935e-03,-2.592911133809996330e-03,3.232758620689655128e-03,-1.492038248616026205e-03,2.082248828735033808e-03,-5.813654033041809437e-03,-4.399044151114450229e-04,3.752968897266725518e-03,2.663571428571524617e-03,2.275830678197541916e-03,2.322207731718666304e-03,-4.849660523763336625e-04,2.807620817843827204e-03,1.863387470997550843e-03,1.406688963210659142e-03,-1.493385982230967636e-03,2.966280909990132251e-03,4.527570422535211539e-03,-5.760610932475856505e-04,-3.744930332261497876e-03,2.835763293310454743e-03,3.349867256637162772e-03,3.475281564908184236e-03,2.979110012361009443e-03,6.893090909091949227e-04,-4.228827037773668089e-04,1.299869942196479628e-03,1.529323843416343460e-03,-3.936861538461471424e-03,1.600672333848464531e-03,3.113075657894700827e-03,3.200159624413077396e-03,-1.014580896686199853e-03,-6.484210526315755535e-03,-3.399239130434772872e-03,3.443691489361720010e-03,-8.567272727272799400e-04,1.028442622950761142e-03,-1.219374999999208424e-04,-3.539137931034460824e-03,-3.880756929637472000e-03,6.401533613445458543e-03,-7.365815324164977362e-03,5.028532731376993310e-03,1.649056603773495482e-03,-3.953658536585319232e-03,2.234587813620108037e-03,-7.128901408450666506e-03,-3.685664233576626744e-03,3.735975908677173756e-03
-4.184100418410041482e-03,-3.799468438538330071e-03,-4.260383341221086508e-03,-7.623360323886691804e-03,-2.254283137962127988e-03,-5.349708737862916494e-04,1.000000000000040353e-03,-4.316546762589927935e-03,3.362151777137367768e-03,3.993540310465640460e-03,8.897093457943955341e-03,-1.041000906618318005e-02,-1.534526854219948932e-03,-9.309994550408724062e-03,2.527995981918622695e-03,6.200678053830263430e-03,3.405523255813951763e-03,1.817355747387551035e-03,5.158227016885503884e-03,-3.984063745019920250e-03,3.172333182024411873e-03,4.608099442379260009e-03,-1.965515564202293102e-03,-2.791869463869573170e-03,-1.849371800837532618e-03,4.724426386233662668e-04,-1.501622958931200054e-03,9.881422924901185102e-04,-4.553704453441281483e-03,1.029999999999918784e-03,-5.385829307567789560e-04,-2.974560092006857653e-03,-1.002868260144601465e-03,5.150741839762393217e-04,-2.566699813548855864e-03,4.359744990892494391e-03,-7.728106312292600194e-04,2.800519855595617370e-03,4.415596002855084155e-03,-1.682625482625550077e-03,2.340988416988300236e-03,-2.405298013244321163e-04,-1.140150801131113853e-03,8.972941176469864232e-04,3.768008474576288631e-03,-2.345554335894614335e-03,-5.161165048543694782e-03,3.339263803680994885e-03,6.188753861997929595e-03,-2.378012684989415110e-03,-1.368733624454086112e-03,-1.836959826275739874e-03,-1.967245444801781623e-03,5.434360000000083325e-03,-1.019517795634496211e-05,-5.381992797119816057e-04,-1.282361809045234891e-02,-2.763292079207964498e-03,1.223313953488365351e-02,-1.660338305063720210e-02
8.742107819329771393e-03,4.634708333333247693e-03,2.000000000000000042e-02,1.675197766402978031e-02,2.544849999999992604e-02,2.548330404217926184e-02,1.388224030636668258e-02,2.359562438544730162e-02,9.030418250950569478e-03,9.514747859181731451e-03,-1.516041144003968128e-03,8.341056533827618732e-03,6.753714542998649588e-03,1.560926485397784447e-02,1.343332436793972899e-02,1.435643564356435704e-02,1.428531154239019545e-02,1.386776290630973608e-02,1.820535390199600357e-03,9.753831862517417864e-03,1.269748141670304364e-02,5.417607223476297862e-03,1.056526461113655412e-02,2.426006792819019719e-03,5.576009280742565306e-03,-9.330675990677179477e-04,1.040857685009487915e-02,3.438618648248669210e-03,5.898099458394850253e-03,1.002400000000000860e-02,4.763470368392871447e-03,3.744276527331232441e-03,3.915582998276943665e-03,6.252388888888921019e-03,2.883521043272160595e-03,3.019999999999952844e-03,1.267209726443775403e-03,3.097606382978675826e-03,1.967595944967358203e-03,1.526568767908370854e-03,-4.813258164852238577e-03,1.654460822342832677e-03,2.240199501246913777e-03,5.317495291902223954e-03,3.870000000000015788e-03,6.697118463180406307e-04,4.204602649006561159e-03,3.444837310195262778e-03,-5.041801242235978073e-03,5.239771309771312606e-03,-6.891718918918864414e-03,5.211894273127735608e-03,3.593759647188550770e-03,-4.236221498371354685e-03,2.330293819655475645e-03,-6.200153301886836624e-03,2.866253071253050365e-03,-8.318287937743222213e-03,-1.538186462324347623e-03,-1.250321351339163042e-03
2.033842553191488045e-02,2.556265151515148271e-02,2.306648575305291632e-02,1.466544454628780983e-02,3.155479711451750907e-02,3.102422439439014162e-02,1.896551724137931008e-02,2.565298507462686686e-02,2.679425837320574197e-02,1.546596721311472265e-02,1.268201033348990113e-02,1.287766220901436290e-02,1.237904761904762285e-02,7.152436298614215683e-03,1.040740149625942086e-02,1.535065182829888596e-02,1.127825661116548667e-02,2.537716615698172324e-03,8.060692271218587029e-03,1.344103896103899382e-02,7.834101382488479690e-03,8.271831597222285837e-03,8.484551569506849564e-03,2.744651056014583024e-03,1.439006301502543470e-03,6.013711911357406785e-03,1.107386992619931523e-02,7.064448633364814670e-03,5.864467353951834799e-03,5.388859950860048001e-03,4.501253132832089277e-03,4.626884019241506987e-04,7.987874267448062671e-03,-2.370207612456777177e-03,-1.550586920067140596e-03,3.254967281380178809e-03,2.389962663347881648e-03,4.340000000000029598e-03,-1.499733333333400380e-04,5.499738941261735764e-03,1.474724014336983814e-03,-4.117259201252946449e-03,-2.220211433046171551e-03,-1.111793797150039580e-03,2.979487179487678473e-04,-5.033928571428590223e-03,2.464735135135187345e-03,4.148258928571481145e-03,-8.799780941950424012e-04,2.296163522012517350e-03,7.401932773109150439e-03,-9.095539647577177353e-03,5.259175027870706225e-03,1.765886287625738371e-04,-2.138153503893187000e-03,-6.812421383647810497e-03,7.194002418379663068e-03,-6.473366834170371379e-04,3.946864064603052523e-03,-7.224531170805867895e-03
5.776581963363081051e-02,4.081632653061224164e-02,5.422917077543717296e-02,4.821351700387430106e-02,6.271477663230240474e-02,4.806866952789699832e-02,3.959183673469388043e-02,2.601898362032757997e-02,2.632592457973657873e-02,2.245088868101028853e-02,2.469451303155021163e-02,1.480524999999993825e-02,1.990291262135922279e-02,6.369426751592357008e-03,2.401350655021831232e-02,1.951279980420948801e-02,2.480620155038759655e-02,7.305933852140057867e-03,1.356919979869148848e-02,9.394081728511038260e-03,8.464597598932907530e-03,1.184428246013667294e-02,7.780413793103309501e-03,1.457681415929206262e-02,1.089918256130790152e-02,-5.149417475727160673e-04,1.188860273972600773e-02,4.593949425287419813e-03,1.026193367585243044e-02,7.285439024390254030e-03,9.732504873294337347e-03,8.452262555942290784e-03,8.399808815719694843e-03,4.780871876661317230e-03,4.807279029462629733e-04,5.730000000000029341e-03,4.648474777448060452e-03,3.640012437810907515e-03,2.507242848447847807e-03,-3.892617449665467422e-04,-3.789108838568353010e-03,6.633728448275861937e-03,-3.657341772151816162e-03,-2.258539857932145845e-03,1.410716694772303067e-03,-1.633406909788841493e-03,1.827241725175452955e-03,1.725490196078372819e-03,-2.232054176072421914e-04,3.532896475771003103e-03,1.431847133757460926e-04,-3.108974358974325117e-03,-2.840089887640485488e-03,1.921672354948851698e-03,-1.465374423963139612e-02,3.423843498273890229e-03,4.783096774193498942e-03,-1.230848675914248715e-02,1.790033548387092929e-02,-1.097046348314606456e-02
3.437358661239258567e-02,2.384227418615314162e-02,3.076923076923077094e-02,3.960396039603960444e-02,4.285125669550885613e-02,2.838063439065108620e-02,1.811775622100372449e-02,1.408450704225352144e-02,5.014625992478060658e-03,1.076727967625897703e-02,1.746323529411764747e-02,3.194719562243414530e-03,2.770083102493074798e-03,1.529636711281070691e-02,1.257861635220125854e-02,8.665049805110399544e-03,9.670116391852535964e-03,5.652620760534429398e-03,8.678881388621021917e-03,9.899999999999986935e-04,1.027270018621971766e-02,8.377425044091710293e-03,9.929032986895552221e-03,3.874914089346984808e-03,8.679061531650667785e-04,1.033763489208623307e-02,6.691884057971143017e-03,4.581702321347202317e-03,5.042163153070555910e-03,6.952067843866141170e-03,8.639495390587113507e-03,-4.663414634129233976e-06,5.441034653465364260e-03,5.726185185185193524e-03,1.590000000000032360e-03,1.703433352567858879e-03,5.187856743144954666e-03,1.038578227245698024e-03,-1.329019362898238663e-03,-2.410770171149228050e-03,-9.962862930452470126e-04,1.848007352941248094e-03,3.001295896328235770e-03,-1.878377088305511642e-03,-2.253580542264790182e-03,-2.960666666666660063e-03,2.295057915057967853e-03,8.383181357649047497e-04,-3.879780219780523849e-04,-5.847954285714357381e-03,-1.796094276094288089e-03,-5.207792207792220213e-03,-5.360262582056866433e-03,4.742939150401775938e-03,-2.456312138728250234e-03,-2.171509433962170305e-03,-1.662617682198327604e-02,5.189655172413739151e-03,-5.670078947368414023e-03,-7.280955585464375310e-03
-1.126635983263608171e-02,-6.856159453302951290e-03,-9.722222222222222376e-03,-7.975188303057155134e-03,-1.796487505480048874e-02,-2.665283961066448187e-02,-1.225179552175749940e-02,-3.086956521739130446e-02,-1.968649425287367916e-02,-2.659802659802659730e-02,-1.971572673085740524e-02,-2.641509433962264258e-02,-1.952580195258019416e-02,-1.357848314606737057e-02,-1.751622384428225959e-02,-4.474959349593542191e-03,-9.172388451443613464e-03,-6.931569682151603705e-03,-1.198074921956297778e-02,-1.466539666993137321e-02,-3.540424456796456478e-03,-7.966647887323801552e-03,-3.532270916334736069e-03,-8.659981768459435597e-03,-3.420224331320162198e-03,-1.346348713398405270e-03,-6.347415119963777108e-03,-4.422740524781494827e-03,-3.149194508008995672e-03,-4.605682656826697030e-03,-6.095295220243703189e-03,-7.880499755022064845e-03,-5.395679921453110442e-03,-5.980149625935141967e-03,4.622881355931515506e-04,-2.133832622601268287e-03,-4.747280650784366923e-03,-4.183117613956045377e-04,3.727017334129384754e-04,-3.795844318895102640e-03,-3.010873308733139162e-03,-2.914687500000027066e-03,-2.587955390334605640e-03,1.411143270621460473e-04,-1.031829073482482201e-03,-7.121445783132478256e-04,-4.504055220017236065e-03,5.239491691100718330e-05,-2.097071428571506673e-03,3.867441860465116368e-03,-1.594877764842845711e-03,-8.858707093821555079e-03,3.492937293729350950e-03,-4.495253093363280050e-03,-4.225041224970495918e-03,3.177283511269273809e-03,-2.226780072903972608e-03,-2.544581280788153765e-03,-1.620333333333281610e-03,-3.168809849521264394e-03
-1.723141271873627209e-03,-2.516778523489932723e-03,1.124103199639482284e-02,-1.123595505617977497e-02,-6.241640659830583956e-03,-1.921358355674709570e-02,-1.809564842740198076e-02,-2.334630350194552562e-02,-1.366240634640810900e-02,-1.668163674321495801e-02,-4.319387931034584550e-03,-1.680986940298505664e-02,-2.418461538461532875e-02,-5.610098176718092411e-03,4.679457182966776101e-04,-4.889975550122249368e-03,-4.960854157201189350e-03,-4.835164835164835161e-03,-5.503643525356921931e-03,-5.769518324607372621e-03,-2.946954813359528493e-03,-2.539533705017786407e-03,-4.234716981131939062e-03,-2.640741892492163342e-03,-3.672084287677566169e-03,-6.475600000000035321e-03,-7.645044802867407251e-03,4.056001805054165743e-03,1.440417475728105173e-03,-1.797909967845595430e-03,-1.387578558225487091e-03,1.865458801498210426e-03,-1.524921337266451574e-03,9.791253071253136400e-04,-6.532176973353475725e-03,-6.099203398830779690e-04,-2.139325842696600949e-03,2.799430894308921509e-03,-7.313513359863549335e-03,-6.748195534097730687e-03,-1.340113493064361023e-03,9.039555006179471493e-05,-2.597802197802233978e-03,-9.536275243082206147e-04,-6.442005856515247396e-03,-2.747072975140726339e-04,1.723543689320415758e-03,-3.744947735191971093e-04,1.223106508875736534e-03,-1.147270854788911106e-04,2.630426008968671236e-03,-1.339929577464775770e-03,-6.738114086146709467e-03,-8.815979729729687964e-03,5.518306451612919536e-03,7.583995215311058538e-03,-1.120886446886436121e-02,1.167250000000308367e-04,2.360354430379773757e-03,-1.137762998790800041e-02
5.280194489465154378e-03,1.552618166526495945e-02,-4.196391103650860192e-04,-1.003908469945356298e-02,-4.703668861712135066e-03,-1.036036036036036036e-02,-6.747479747974883223e-03,-1.575492341356674042e-02,-1.005041939711653898e-02,-1.294642857142857227e-02,-7.148864592094197022e-03,-9.588855028297753325e-03,-1.515151515151515194e-02,-5.839416058394160218e-03,-1.230477993374349231e-02,-1.279620853080568749e-02,-6.424223755544618795e-03,-1.009637448370812214e-02,-6.639663567950330504e-03,-5.943536404160475184e-03,1.033019361590741762e-03,8.845208845111415574e-06,-3.067175572519106018e-03,-4.240682788051237939e-03,-3.552426404995514143e-03,-2.312299908003560226e-03,-2.587260034903942664e-03,-9.053028263796461094e-04,-4.536417233560184267e-03,4.142926592125747423e-04,-1.349806540764572713e-03,5.526427255985292414e-03,-1.412957746479022751e-03,1.888572834645726485e-03,-3.464130434782655352e-03,-1.016208985360977706e-03,-1.717817502668103494e-03,-1.625064585575877784e-03,-6.544004656577702330e-04,3.561118083285760069e-03,-3.773554070473884251e-03,-8.012444444444727625e-04,-4.897178526841450101e-03,-3.334760250173733707e-03,5.271578947368016788e-04,4.639323031640921538e-03,-5.316634225466292107e-03,6.621478472786324933e-03,5.552280701753612401e-04,-1.607788844621559510e-03,3.989699170124537918e-03,1.776406779661063046e-03,-3.936610978520214618e-03,-4.416428571428539056e-03,-2.110046082949256809e-03,4.536198347107479878e-03,-3.189717097170877581e-03,-5.175628140703157718e-04,-3.751295336787657635e-03,-1.482939632546671901e-04
1.089747166521353415e-02,1.481961897041288489e-05,-1.277683134582623461e-02,-1.060220525869380766e-02,-1.291512915129151319e-02,1.070727188081943733e-02,2.695417789757412544e-03,8.992805755395683921e-04,-8.760402978537012520e-04,-9.271213592232993919e-03,-4.943626570915629452e-03,-6.347862886161658932e-03,-1.323334803705337494e-02,-4.783246073298563945e-03,-9.741841207988310167e-04,-4.539023233760467032e-04,4.245372993390008134e-03,-9.866798223976320538e-04,4.113345521023765820e-03,2.208480565371024815e-03,1.483679525222551983e-03,-3.727605263157951748e-03,1.860865290065628457e-05,2.517624618514760666e-03,7.118613207547215722e-03,-1.326487935656813855e-03,-1.844981549815381469e-03,8.718395815170009062e-04,1.336064545047027565e-03,1.355799728137646295e-03,4.699999999999739109e-04,1.879999999999921014e-03,9.199632014719411142e-04,1.845531514581410333e-03,-5.171414489897392013e-04,-1.446977205150949316e-05,-1.021868354430381740e-03,-7.600452342487846839e-03,1.618606158833059850e-03,4.946472303207334826e-04,-2.183749281196105049e-03,-5.162051597051594762e-03,6.145926161680473170e-03,-1.189698870765455285e-03,-1.235210378681675250e-03,-4.074144486692070355e-03,-4.727455357142606052e-04,-4.053396381578977525e-03,5.972553366174088683e-03,-5.069271758436615788e-04,1.116052366565870729e-03,-3.248571428571386723e-03,7.261389521640465887e-04,3.143908323281101053e-03,-3.390243902439129750e-03,1.362950819672101386e-03,2.102427184466000229e-03,-4.321221662468548858e-03,-3.052438709677399945e-03,-2.809272237196745129e-03
1.343973120537589327e-02,2.217638070849342266e-02,1.477635782747603772e-02,9.282700421940928009e-03,1.173512154233025996e-02,-3.703703703703703845e-03,5.094951366373320911e-03,-4.388669064748254274e-04,7.585899152164212768e-03,3.930388476647733373e-03,3.956481970096832265e-03,2.685765443151298323e-03,-2.120441051738761531e-03,9.178321678321678043e-03,1.544559306141570984e-02,1.107899807321772664e-02,2.372134406057866719e-03,1.120759458197108545e-02,6.849490196078459638e-03,9.101813236627299616e-03,3.091652710445118388e-03,1.423855659911065158e-03,6.276150627615062656e-03,1.481827111984197103e-03,9.570464177598384664e-03,3.779492003762843083e-03,-1.342281879194630800e-03,5.042501149425239991e-03,3.568728222996520299e-03,-1.647375504713296027e-05,-9.211267605633544596e-04,3.348068898592837777e-03,5.585951940847634796e-05,-4.152701202590271777e-03,3.277650375939783218e-03,9.476134122287718786e-04,-6.630272952814167221e-06,1.508869741510320299e-03,4.146270182992506208e-03,5.302276422764584489e-04,-7.009947337623553777e-04,-3.982666666666720250e-03,-4.051304347826093812e-03,-2.796344294003796221e-03,2.635806045340111960e-03,6.999716914365754997e-04,4.209212538226344939e-03,3.914324122479433121e-03,-1.321093620546811382e-03,1.962895174709049836e-04,1.191420863309302410e-03,-1.855938775510162933e-03,-1.322569593147739694e-03,1.450498261877234459e-03,4.068154981549820630e-03,2.669900497512481090e-03,-5.761848739495803971e-03,-2.856470588235327911e-03,-3.801231979030181111e-03,-7.148594377509930953e-04
2.407704654895666003e-03,1.365199419568819891e-02,4.199999999999027645e-04,7.150591035303468027e-03,1.700070539419089310e-02,6.661115736885928583e-03,1.635332725615307875e-02,5.985267034990792226e-03,-3.157419936851601355e-03,-6.738544474393531360e-03,5.648302214502893756e-03,-1.762114537444933998e-03,6.665017793594226435e-03,0.000000000000000000e+00,3.022966841186774511e-03,4.623246146660386219e-03,6.698564593301435492e-03,5.187252591894373627e-03,-9.350163627863488074e-04,9.505397448479270713e-04,-1.319536574284483526e-03,2.199014518257830317e-03,5.844264633546487897e-03,3.647733194372068579e-03,2.489872423945078440e-03,1.503782148260197037e-03,1.439999999999975371e-03,1.257833482542296583e-05,-1.381621372639289845e-03,-2.606727828746242294e-03,-3.323291366909576072e-05,1.810549001814783406e-03,1.370927634774194879e-03,-3.225979572887542005e-03,2.330000000000004810e-03,2.337652582159513697e-03,2.342233201581082544e-03,-1.517340319361221981e-03,1.011010152284295537e-03,3.056864224137932455e-03,-2.745414847161611969e-03,-4.388698994677704690e-03,3.626746216530816851e-03,-2.611922596754133116e-03,-8.286345903770566713e-04,-3.690705657978378233e-03,3.644054054054088332e-03,-1.821018518518538855e-03,-4.647694633409368207e-04,4.969316666666638224e-03,-1.548525695029435729e-03,2.359891402714998313e-03,-3.997305699481848787e-03,-2.517177242888409255e-03,1.630835294117653593e-03,-1.866938519447873665e-03,-7.461224489795930184e-03,8.811867321867339342e-03,-1.071945525291836780e-02,-8.057647058823494066e-03
