1.774318128366335129e-03,-4.695324183471799237e-03,2.254043780748206383e-03,-1.950529660086598770e-03,8.982481431329738262e-04,1.536332300900630863e-03,-1.319071709265074843e-03,1.548486045433161533e-03,4.663994973490103065e-03,-1.651162026626092029e-03,1.170962889582302137e-02,-5.780787875070882847e-03,9.879723521586459764e-03,1.038945119076644698e-03,6.256686787323538848e-03,6.431812017017665348e-03,2.609309231530845038e-03,2.210479003317666023e-03,5.574528710565174877e-03,-4.640242527018433386e-03,1.155808899663000357e-02,-7.830944630184090080e-03,6.427826646051207522e-03,-2.044451431506953080e-03,2.378855368053904660e-03,3.915704290755107377e-03,-6.318875897681762747e-04,1.981833919400609583e-03,6.737166657502642771e-03,-5.137124255884451506e-03,1.926812389431060632e-02,-1.021539749986638199e-02,9.836430527242274319e-03,-7.167508481642955722e-04,2.856863978522354141e-03,1.669738024249139844e-03,-1.964322531100625401e-03,3.448881534351283811e-04,1.676482399175352467e-02,-9.728679728133474147e-03,2.421723143770432296e-02,-1.673144693683150871e-02,1.124239787836921536e-02,-4.446867998693223786e-03,-7.439922356161870684e-03,-2.911317693971739303e-04,-1.625302475397844698e-02,-1.218489763057840035e-02,-3.915682259435555694e-03,-2.173936602353257475e-02,2.328718554350683867e-02,-3.350088866277863703e-02,1.276566310875576178e-03,-7.943249691758502359e-03,-1.191072760162189409e-02,-6.358879896551157540e-03,-1.851031583054412247e-02,-2.040383530634685624e-02,9.671314614491676592e-03,-2.572832737923081980e-01
-1.177645758817198046e-02,1.342615208307644699e-03,-4.554152565989794642e-03,2.274793212699936437e-03,-1.978221827879083489e-03,9.117295335078935822e-04,1.246138460826028745e-03,-1.073249784453443037e-03,1.789098798312631746e-03,4.219147432836680908e-03,-9.124009092502701878e-04,1.067963554024644462e-02,-5.270316041604553720e-03,9.925304491115742936e-03,7.332655262802851735e-04,6.378631283788699195e-03,6.320649155002191870e-03,2.562274380237017455e-03,2.791645506369680278e-03,4.641872638592458439e-03,-3.928425543918994192e-03,1.060110919372402212e-02,-7.663338090893746096e-03,6.829475188875004828e-03,-2.573918090581157718e-03,2.842761422462056296e-03,4.115720353003195046e-03,-1.134203699644569787e-03,3.155086062023023524e-03,3.928358670435313019e-03,-2.973827156425742219e-03,1.763925723548907809e-02,-8.970406777585820599e-03,9.278415027290985370e-03,-1.833447819084041896e-03,3.462935611297378920e-03,2.584860303035686844e-03,-2.446290466290506910e-03,1.994346740393348333e-03,9.617053014563343993e-03,-6.337889594656483539e-04,1.893496315598039437e-02,-1.644259454158120484e-02,1.257305035078092222e-02,-8.046181860440993969e-03,-1.867095395246618893e-03,-5.211525944334302433e-03,-1.670459555453217282e-02,-5.770099714498960752e-03,-1.780901561514669496e-02,-6.154743963774906949e-03,5.317967561390550199e-03,-2.371392729895334395e-02,4.667461519331561615e-03,-1.570600986866125051e-02,-8.359405845293408494e-03,-4.452204237650535072e-03,-2.928157242732731466e-02,-4.671210243293625990e-03,7.320234981779333294e-02
-7.066593130423195167e-03,-1.226691496679751560e-02,1.716734228558486732e-03,-4.531384418636767025e-03,2.115279740074494600e-03,-2.064639498358816945e-03,8.915445604754971502e-04,1.564477322296000100e-03,-1.204160728035139245e-03,1.064298247894789962e-03,4.933297397840962113e-03,-1.321667419808232342e-03,1.108469219339040107e-02,-5.426504775101839012e-03,9.507133644760794311e-03,8.254997614510446247e-04,6.251029653347945150e-03,6.151723185777254257e-03,2.883243470007727793e-03,2.190607005527258136e-03,5.595377710747403109e-03,-4.696182059509722805e-03,1.080330717359639578e-02,-7.592630398224673241e-03,6.180695255421861552e-03,-1.697881764396485171e-03,2.427158476891370584e-03,4.000920593779109906e-03,-1.006223059747240675e-03,1.915218000296618631e-03,6.504130026550143488e-03,-5.162342861105461561e-03,1.841893539728997956e-02,-1.010588499617357493e-02,8.703659006690955824e-03,-1.388371293434497626e-03,4.362998051708785567e-03,1.521449836066011366e-03,-1.404855987645541515e-03,-2.754551705507548263e-03,1.681716457666785833e-02,-8.612725732517706109e-03,2.361207353803092615e-02,-1.811916318954749985e-02,9.704681562737967060e-03,-1.888010929519082877e-03,-8.339044629600627159e-03,-1.843483632783551396e-03,-1.579759255722527553e-02,-1.770231139392133488e-02,-1.543346333131692281e-03,-2.425809813035625234e-02,1.456177906399320002e-02,-2.729214180150189156e-02,-3.639569657807253814e-04,-1.035362452913727964e-02,-1.108410693901448578e-02,-1.802252914994905905e-02,-7.586319382205304086e-03,-1.183212516757343458e-01
-1.848996351192860529e-02,-7.422426890919384471e-03,-1.203187997507376358e-02,1.314170994519657520e-03,-4.690071189883838337e-03,2.301437594428391853e-03,-2.262619070638365384e-03,1.107545058759136806e-03,1.649354346676354735e-03,-1.603996532089011417e-03,1.945640990409889300e-03,4.261290399726298979e-03,-1.184105332328450099e-03,1.078459570432162284e-02,-5.624532074729024847e-03,9.660790517328390892e-03,9.887104299939966385e-04,6.242397244392529007e-03,6.404238049014326049e-03,2.355867425356851508e-03,2.695649352933616842e-03,5.055548078742505558e-03,-4.428787917567650334e-03,1.134412044234175271e-02,-8.876270227844120647e-03,6.869940025298990928e-03,-2.340319642084014856e-03,3.135142821772290457e-03,3.884186166601653455e-03,-1.901870105188027292e-03,3.128253901428391243e-03,5.370685742743078021e-03,-4.568522435361641043e-03,1.809236487906721452e-02,-1.002009886363783124e-02,9.086110029209689895e-03,-1.104294740290649116e-03,3.508068574371045554e-03,2.646334233233838679e-03,-5.947185610735115924e-03,4.686848375517006782e-03,1.040450262728745759e-02,-5.021436769665005989e-03,2.233005127494877562e-02,-1.923087164361726720e-02,1.486415245093316434e-02,-8.476013479384396018e-03,-4.399353500115960741e-03,-2.969607864066678969e-04,-2.913448571270015053e-02,-7.827244534192339580e-04,-1.664560847023718870e-02,-1.709301698958324775e-02,1.745063867868677440e-02,-3.405780545166341156e-02,5.902170809625770058e-03,-1.276934749762337340e-02,-2.191442033611658638e-02,4.967584991455165078e-03,-2.199888404104417550e-01
-2.054804062421659513e-02,-1.920793236292045111e-02,-7.383362076775383011e-03,-1.210389097403637843e-02,1.380149644017288719e-03,-4.742389795443003632e-03,2.234216378117201852e-03,-2.227392383278989623e-03,1.168859045509895722e-03,1.128457449232121799e-03,-9.122053442712515061e-04,1.316682057858238608e-03,4.461268899308113225e-03,-1.440731305311459057e-03,1.082597164530675962e-02,-5.503945769141785523e-03,9.839977742681128153e-03,7.939208038675999151e-04,6.716164827522380643e-03,5.428402238535762897e-03,3.249450709484927487e-03,1.857024177496072181e-03,5.355942219768662291e-03,-4.467745869578070537e-03,1.056361517862291523e-02,-7.905079999389471104e-03,6.331257797973280192e-03,-2.181188784368721153e-03,3.568346700562178165e-03,2.674757334936351920e-03,2.427784907458227482e-04,1.552042805161080825e-03,5.411985661180576668e-03,-4.587919533761173480e-03,1.843724504303726267e-02,-1.000962163996325927e-02,8.788941175624566740e-03,-1.279967424771908746e-03,3.455689706211226720e-03,-5.229593608161409813e-05,1.584461359893067720e-03,-1.832524182813898006e-03,1.358304286514823433e-02,-5.596648879132405836e-03,2.138300462484060693e-02,-1.727238240851082171e-02,1.047117987376621623e-02,-4.041625227013852240e-03,-4.982290733358448950e-03,-1.016151659807804607e-02,-1.170923113734557812e-02,-1.958707311615170976e-02,-8.118970175986634646e-03,-1.893005617103335134e-02,1.529250203504397936e-02,-3.387530322869691107e-02,9.245392278442472050e-03,-2.543130489124896879e-02,1.169402542540016110e-03,-7.064262110096358738e-02
-1.927212348836474659e-02,-2.155822521996056049e-02,-1.932929535857457609e-02,-7.326023289500055088e-03,-1.283213376687849031e-02,1.587997891251568703e-03,-4.846777000354516793e-03,2.333520151158152787e-03,-1.992372362544013974e-03,7.765078674711054299e-04,1.651509457580521223e-03,-1.679899275389381327e-03,1.793070745671875499e-03,4.597812630267361471e-03,-1.446720538653412970e-03,1.076086937326196750e-02,-5.873010235418252289e-03,9.719030789553120830e-03,1.113820972816748989e-03,5.800858182218988045e-03,6.503299979028706775e-03,2.218810899272515708e-03,2.776584844337074559e-03,5.371215134484672027e-03,-5.005038818453733454e-03,1.032158348271544450e-02,-7.483331805010022368e-03,6.238103461059583792e-03,-2.094656031211100840e-03,1.711241753720910185e-03,5.031056967356477803e-03,-1.520437077061796965e-03,2.648216328174256978e-03,5.390585152196630120e-03,-4.928515396645940551e-03,1.818367375838224678e-02,-1.126002559545873603e-02,9.189431794049098684e-03,-5.985929298623890503e-05,3.232434368937593108e-04,5.016253837097814708e-03,-4.644580463519266088e-03,8.635127057828458855e-04,1.467604024558226937e-02,-8.689270969210549297e-03,2.578324653973108199e-02,-2.491820788306603127e-02,1.596433276928570927e-02,-5.108826802874222306e-03,-1.339888596869897967e-02,6.769070750858781696e-03,-2.939774046998350210e-02,-1.312859636417873510e-02,-1.117330182325019204e-02,-2.474974071044127102e-02,2.620577893499127439e-02,-3.966981808483913824e-02,-2.420676951761495648e-03,-5.090800347895635403e-03,-5.927600122226947543e-02
-1.964034144504948898e-02,-2.003917227747670574e-02,-2.216834038339895313e-02,-1.979381555847816235e-02,-7.259266184158277499e-03,-1.277501011170593948e-02,1.442207921021630744e-03,-4.780244204415111040e-03,2.299772140518248353e-03,-2.393569785898480747e-03,1.357715328375668244e-03,1.154096395015933229e-03,-1.153694263796669218e-03,1.348325215064035852e-03,4.505920902552791249e-03,-1.090734820289009999e-03,1.065025091025854909e-02,-5.876538165978731354e-03,9.639178334561468789e-03,5.134016182267043399e-04,6.731951649993279593e-03,5.636628153562623852e-03,2.711064107841516108e-03,3.011994805015790616e-03,4.373745268248300372e-03,-4.122112025215469294e-03,1.038095428037002881e-02,-8.290747791087557661e-03,6.810049510344451038e-03,-3.770643355560385126e-03,4.139341886664594551e-03,3.237392096974495235e-03,-1.210789019681447537e-03,2.518511475417984247e-03,4.612810749421394040e-03,-3.751167857960922055e-03,1.783190350604055632e-02,-1.120546778227334353e-02,9.490393705433025975e-03,-3.626041000202185043e-03,5.963054085089853316e-03,3.105949051346108456e-04,-2.841664753772323027e-03,2.252481600497185151e-03,1.110674244948887945e-02,-4.701810638577866644e-03,2.445212192741873236e-02,-2.463744243251152211e-02,1.783811718154893616e-02,-1.605117741173343535e-02,1.891694499171245325e-03,-1.105986474704869806e-02,-2.180878517272017564e-02,-1.190269324870862552e-02,-1.475188047150499844e-02,-2.197438171496630607e-02,2.757543372483806446e-02,-5.395912499951074220e-02,1.859515880477753333e-02,-9.745029380891717663e-02
-2.147906428602744389e-02,-2.035114775711097113e-02,-2.042481302419447975e-02,-2.253355842566092532e-02,-2.047372324702793900e-02,-7.361208644362860105e-03,-1.288587404039619015e-02,1.558639763003626111e-03,-4.962987343711867429e-03,2.205706496972820955e-03,-2.030950853570598000e-03,8.918091206666619100e-04,1.398314361174016369e-03,-1.369253511831875674e-03,1.598986112799901304e-03,4.360240247312260550e-03,-1.192997869304533200e-03,1.078243453112963553e-02,-6.195531991095501456e-03,9.482605382944467656e-03,1.090047780377852420e-03,6.090926186634973080e-03,6.039993496814593382e-03,2.808591857313210479e-03,2.582219928204918923e-03,4.618368986787003104e-03,-4.114421100086409697e-03,1.015930270434188196e-02,-8.262572400277855278e-03,4.903215950790685597e-03,-1.434359553064436113e-03,2.964915687276447383e-03,3.685511832500957749e-03,-1.692880986339237405e-03,2.528117904050448082e-03,5.941453756865853163e-03,-4.394014584412760278e-03,1.774067110596918434e-02,-1.171940769171131089e-02,7.473496930519877776e-03,3.456911134715546022e-04,2.286760282745545388e-03,1.875120142720325227e-03,-2.120378424549010550e-03,-9.143379611300851174e-04,1.329926604100181188e-02,-4.484336090862436723e-03,2.281665064993730271e-02,-2.353753089225842088e-02,1.164821636853078345e-02,-4.641164524117828705e-03,-1.088900913227936786e-02,-2.156237148607941575e-03,-2.773409014290256075e-02,-1.265195846067126116e-02,-1.164128114114496362e-02,-2.416469463621903971e-02,2.104778208648807464e-02,-4.738803347931327958e-02,1.159435941211424265e-01
-1.541826502621644612e-02,-2.210563986652774870e-02,-2.094837407263849469e-02,-2.091628729406036155e-02,-2.286930331115958823e-02,-2.099092321262402763e-02,-7.706811549537894400e-03,-1.282361051281921162e-02,1.529242272738721682e-03,-5.155772626776805242e-03,2.611581934933795719e-03,-2.448840944917210754e-03,1.227173265312608277e-03,1.080903104778828871e-03,-1.436393230609415246e-03,1.842133065888346133e-03,4.442282536288429985e-03,-1.536656424960122173e-03,1.059384970366601675e-02,-5.828909699469889301e-03,9.441048770157568423e-03,6.000763778559543762e-04,6.378474600903926740e-03,5.822750178651525665e-03,2.734235065593107993e-03,2.510946030160007749e-03,5.255589593361655563e-03,-4.633280425160981979e-03,1.021628080837840534e-02,-9.508982460049889701e-03,7.539484568478632166e-03,-3.398281093314369644e-03,3.053741554064814002e-03,3.874336965686313392e-03,-1.829265103790034784e-03,2.968878444903729624e-03,5.523855180488803848e-03,-5.122359395237101667e-03,1.807136590499426598e-02,-1.408548651597590039e-02,1.095473423889164154e-02,-1.890989313803579947e-03,4.242103700979511088e-03,9.382547667731562730e-04,-4.050284279030017323e-03,2.461714968602816706e-03,1.342027925649081320e-02,-6.126912263976648683e-03,2.491766650941767622e-02,-3.054405782241121498e-02,1.953323059596492883e-02,-1.251726872652865648e-02,-8.170108898845835146e-03,1.339721283508175475e-04,-3.327930835008559296e-02,-1.271647999453144606e-02,-1.246472530258555152e-02,-3.050794488605091531e-02,3.143916897498356955e-02,-2.833949988447630464e-01
-2.288921084315071602e-02,-1.582969223185921176e-02,-2.271050965913826852e-02,-2.125409086125856425e-02,-2.148191481401585598e-02,-2.347203974191327050e-02,-2.116148574816190120e-02,-7.761470105199706065e-03,-1.324238838002303985e-02,1.199509431834498360e-03,-4.790032536955201280e-03,2.224586661680953269e-03,-2.061856462341415085e-03,8.710724630865976847e-04,1.557409917724320849e-03,-1.657981609903440030e-03,1.701476862683852249e-03,4.250390999978602251e-03,-1.059478321819093492e-03,1.005607053939933625e-02,-5.613655989557201319e-03,9.191653016702706208e-03,1.014917219824103961e-03,5.961937365024583095e-03,6.039932839277031146e-03,2.298182227897528716e-03,3.094249504395206463e-03,4.428746523003281206e-03,-4.352746960634194806e-03,9.516538504387848929e-03,-7.951485623382412854e-03,6.099417233557469578e-03,-2.782574111999431329e-03,2.400119989866008642e-03,3.917915983122723100e-03,-1.264954076873908272e-03,2.908717558138810676e-03,4.731717146520758935e-03,-4.572894176392906448e-03,1.580309395897422364e-02,-1.106890595571339078e-02,8.965939363118203068e-03,-9.318010096569704324e-04,3.840328619437533442e-03,7.434357200119193080e-04,-3.468662320996883982e-03,1.286299415082834937e-03,1.483016135533387833e-02,-9.032685124267301677e-03,2.469547001151983431e-02,-2.799150395753581544e-02,1.540095244179800343e-02,-1.051698736978861487e-02,-7.604018650351626434e-03,-6.214443009243108933e-03,-3.074289254152438866e-02,-1.523045473237021399e-02,-1.866907375672603384e-02,-2.515289614773641783e-02,5.401077477598340698e-02
-1.885135972809858949e-03,3.894055469520180113e-03,3.168241291455878880e-04,1.579207766497253695e-03,-1.558663313395398453e-04,1.642449125593804706e-03,3.328275067973632262e-03,1.277763886583762254e-03,3.566856396693635165e-03,1.682068351052168559e-03,-1.048165120859399519e-03,5.764240043793352093e-03,2.381412812308971675e-04,3.971205028719560805e-03,9.198758590021505633e-04,-2.811669783561383568e-04,3.033978761403802096e-03,-4.335034844858121593e-04,2.131254645395035119e-03,-7.442609579119883979e-04,-1.445740444626276381e-03,4.762589601759513111e-03,-7.659858833754284221e-05,3.068456526114047515e-03,2.126836168726587394e-03,7.148572868015210663e-04,2.045680145592471480e-03,1.709001177279090419e-03,3.870385907735878275e-03,-8.558894604188329192e-04,-1.025004543054301330e-03,4.914992755254588008e-03,2.209476977472269940e-03,4.613320590498174410e-03,3.497251990623452891e-03,2.021274643057667866e-03,5.421004376963282738e-03,1.924425972085146326e-03,7.627323000481499478e-03,4.133881759445282001e-04,-4.253250891336286983e-03,4.565856560132240693e-04,-2.735282482018446329e-03,-1.895285950432821012e-03,-1.791023706197708695e-03,-2.116737973754797327e-03,-2.306496912040499007e-03,-4.401445921129688507e-03,1.443519639958573643e-03,-2.890387591124888959e-03,-4.410025138837632072e-03,-3.388941079545188494e-03,-7.424066728754445676e-03,-5.900150569340420134e-03,-6.020428409783090684e-03,-8.010075856282064533e-03,-7.782805414013908504e-03,-7.413977956361358576e-03,-6.218905216290987123e-03,-5.870942940135340932e-02
-3.418773456444006674e-03,-1.915283698404880849e-03,5.484956506653680848e-03,6.662374629166269852e-04,2.752136867400740289e-03,1.061153749288212865e-03,2.270994400460173406e-03,4.856929598800308230e-03,1.663877701186875510e-03,4.085265940794979497e-03,2.086977654102993400e-03,-1.050913685062614166e-03,6.240725893824616670e-03,9.119407024379505523e-05,4.386686151328508636e-03,7.787685836709042466e-04,-3.570328140236973184e-04,3.388792338255688062e-03,-6.067278686724313433e-04,1.874378700280818471e-03,-7.353461799244692069e-04,-2.025010305380331964e-03,5.664057442709326783e-03,-5.398039000053101279e-04,3.444616648593455590e-03,1.644170672535029756e-03,2.399273204761213029e-04,1.859634994024259155e-03,2.058486139057871984e-03,3.180465966414380754e-03,2.956687901025794067e-04,-2.258578811246404056e-03,5.699405696248975410e-03,2.572551122752984171e-03,4.447102960541631129e-03,2.629829842903780822e-03,2.377800490036155543e-03,5.324933426988491016e-03,3.049808122650589544e-03,6.485859833255327653e-03,1.471326917470686243e-03,-6.030986399730564086e-03,1.685182211866867279e-03,-3.493923854776047160e-03,-1.619178467321974501e-03,-2.149451465264639021e-03,-4.584766823917405323e-03,-1.994561756947392571e-04,-3.512914974035557733e-03,-3.508147246484810949e-03,2.182634971154345880e-03,-1.124036983286205368e-02,1.715669118540767658e-03,-7.029683844324340590e-03,-9.384997660163214850e-03,-6.923159284136132068e-03,-9.570566436248172104e-03,-7.611543098578618487e-03,-4.658344835932423135e-03,-2.005052353807264525e-03
-5.822259199154747149e-03,-3.226014477794711486e-03,-1.813227450071442509e-03,5.350147402457475741e-03,5.663783422019524070e-04,2.958700120692663634e-03,6.358560925320468765e-04,2.327927137068299453e-03,5.335464213608288007e-03,1.014023899452031700e-03,4.216836090659294156e-03,2.215798253279404988e-03,-7.472608163982362569e-04,6.009994197188711813e-03,7.636322966787761196e-05,4.401270418424111860e-03,5.572076681765383973e-04,-9.517353609221332388e-05,2.954777114311116139e-03,-6.978610405744562894e-05,1.662063870441365335e-03,-7.100057039226086684e-04,-2.586181351295515143e-03,5.748393077710375540e-03,-5.191755119237753723e-04,3.399741201973440104e-03,1.547376934985910790e-03,9.108278865371006875e-04,1.504853933449356012e-03,1.826743791479878845e-03,3.373603343309392391e-03,2.915471761842416943e-04,-2.190761092647819375e-03,6.032655553662644859e-03,1.929096488282033449e-03,4.747811647238310909e-03,2.470033434003581722e-03,2.547445037040057831e-03,6.582339234864453825e-03,1.321937004133042458e-03,7.451855309049587421e-03,8.401963492978503862e-04,-6.362700551511816030e-03,8.875838513135435879e-04,-2.215059898605101912e-03,-2.719827876292735605e-03,-3.040295027929885985e-03,-3.201986384584642759e-03,-8.079485933054742592e-04,-5.218995089074030848e-03,-1.091543050887431362e-03,-5.885489196765398287e-04,-1.036132968419001266e-02,6.922604534286930190e-04,-8.643687284837843141e-03,-8.867951851176246458e-03,-5.863173864886218369e-03,-1.040754016475704986e-02,-8.181489817611003329e-03,-7.091490842903952485e-02
-5.807696579654828689e-03,-5.517474720196968545e-03,-3.344833785201829952e-03,-2.064150651452978207e-03,5.494768207472292519e-03,8.784592222431627292e-04,2.416895932478925740e-03,9.613638399369568103e-04,2.416076191143699901e-03,5.072289824090311407e-03,1.255483004399571799e-03,4.187511405949227890e-03,2.320140277489896128e-03,-1.140357132914313065e-03,6.213768583079998069e-03,-1.472515122299598744e-05,4.159815297330554142e-03,8.487147921314983946e-04,-7.578803944949453380e-04,3.630583640008799590e-03,-3.915711389136013339e-04,1.784704294478599729e-03,-1.028126320751107615e-03,-1.791829577497061230e-03,5.509556441053703631e-03,-4.929587383122152307e-04,3.378437703042048816e-03,1.818571234150633291e-03,-1.620070960775000233e-04,2.099366043201142396e-03,1.598920938086810907e-03,2.640267262185741828e-03,6.422944743494037913e-04,-1.399043733409211605e-03,4.944498791882985696e-03,2.360178168637973046e-03,4.224155956284768657e-03,3.428940057421978743e-03,2.350160118388475682e-03,5.484659813428314525e-03,2.259383758988398831e-03,7.575951661011991710e-03,1.266056739862127288e-03,-7.516101575300231791e-03,1.652993048790612780e-03,-4.587073667388484426e-03,-9.212559374438420096e-04,-2.290964296956354406e-03,-6.169946240256829993e-03,4.976557375515676222e-04,-4.509716959754720561e-03,-1.695149025146911424e-03,-1.914622800478845257e-03,-1.060335700502473139e-02,9.677695365546755239e-04,-1.015427078685451900e-02,-9.474984037408916773e-03,-6.826864356398773537e-03,-1.019647716851604727e-02,-2.102672362542766862e-02
-1.131139595769244111e-02,-5.602938017238196997e-03,-5.468015547661929376e-03,-3.533507331835158711e-03,-1.823015756238469728e-03,5.380143565845612111e-03,6.319493218887749968e-04,2.732611598785170993e-03,4.787108968200441466e-04,2.932352179064961258e-03,4.739189002029460356e-03,1.320196484777087656e-03,3.903816863468795653e-03,2.871449939520940523e-03,-1.647955259495913682e-03,6.796181667482802634e-03,-4.879299548648484419e-04,4.337470361004438536e-03,6.276234762175886966e-04,-6.494892150229066811e-05,2.922198287628990053e-03,-4.623897848090584056e-04,1.590820586688039464e-03,-6.000575196059709663e-04,-2.265581984054441250e-03,5.900317155506572438e-03,-5.501897677638195074e-04,3.080908607813209309e-03,1.959980627904511427e-03,-4.454449849601648881e-04,2.397314086453301765e-03,1.791573323949762061e-03,2.915559993621797547e-03,2.151436372643978235e-04,-2.069897361291510827e-03,5.799995644643852685e-03,2.700872502280908700e-03,4.860999688201862214e-03,1.106005797236655781e-03,3.043180906775677479e-03,5.273615898983766495e-03,2.072015035952893842e-03,8.259002069817306113e-03,1.819460154936873564e-04,-6.511673745947096567e-03,1.532352232919359427e-03,-5.036686035613814269e-03,-6.403314087919984638e-06,-2.803047987622606877e-03,-6.186325996198819080e-03,5.029938161912249307e-04,-6.477594977445008326e-03,-5.564808146449532595e-05,5.042007273634782627e-04,-1.338817908536841204e-02,3.985174734764218400e-04,-1.176062106905474691e-02,-9.669144055222058873e-03,-4.779095571658455513e-03,-5.681227729891874523e-02
-1.173234598092169623e-02,-1.123220084508074271e-02,-5.913047961510080157e-03,-5.548942388631395578e-03,-3.495757839708108113e-03,-1.895302270289473713e-03,5.378395770377221441e-03,8.319546830001923023e-04,2.739376260281693298e-03,7.758574425294764102e-04,2.543520853904996694e-03,4.463438302757008827e-03,1.596963786832471862e-03,4.110196388586434720e-03,2.133920702513661914e-03,-1.288312852523584720e-03,6.377645283048354215e-03,-9.051682149314660484e-05,4.388847895200286703e-03,6.646304998668568212e-04,-4.791288870742666330e-04,3.348744922261183941e-03,-5.105328712738336355e-04,1.543177094997773714e-03,-5.331243316024629909e-04,-2.113690686293479611e-03,5.465857269381454824e-03,-2.663680612363987727e-04,2.885045421768608464e-03,1.699815070341803265e-03,-1.099707370912346660e-04,2.353845809407518249e-03,1.153018134347496898e-03,3.363573828680902454e-03,5.088587846869254078e-04,-2.724504624146324022e-03,6.472403010679194345e-03,5.251036005722174629e-04,4.663883737457944281e-03,3.509131386578254620e-03,1.909680919005581675e-03,5.595790693271588366e-03,2.241179700069994424e-03,7.759428256634403470e-03,1.111611045226375142e-03,-8.058162628222847665e-03,2.240594323713576610e-03,-5.420084241229783037e-03,-1.386264934648340609e-03,-2.572542285014258433e-03,-5.588967675283507304e-03,-7.832990815052665078e-04,-6.023704235505339573e-03,-2.916524849901410300e-03,8.402156978371209386e-04,-1.680324624414503837e-02,5.777719005110011109e-03,-1.733396008210755582e-02,-7.376025026566797836e-03,-5.764359867093543643e-02
-1.340272029839214424e-02,-1.211854198562192959e-02,-1.109751605451171630e-02,-5.996416968417406235e-03,-5.561279544194791362e-03,-3.521721144822196562e-03,-1.897821112036153415e-03,5.737728122851366332e-03,5.629513117676129309e-04,2.511067879005764517e-03,2.931703004834995056e-04,2.842971549381032546e-03,4.760970288024277824e-03,1.189810003795899272e-03,4.337460439689637577e-03,2.315136769340644333e-03,-1.264090553370509186e-03,6.222694573574092704e-03,-1.670327428015603959e-04,4.469640298742133012e-03,3.588807030511267080e-04,1.156616390163310094e-04,2.810262185330263292e-03,-3.702269712695952712e-04,1.437019828531399838e-03,-5.521168160428049010e-04,-2.276363924685809691e-03,5.342263993256288722e-03,-4.560580665068134196e-04,3.128462671428071384e-03,1.544583003546792831e-03,3.816774251590302944e-04,1.686145531167890059e-03,1.639171478669273303e-03,3.299033597128278941e-03,6.071452577083539127e-04,-2.679958954247849221e-03,4.939891337467616425e-03,2.548208805943726844e-03,3.150822060774543989e-03,3.256572742102085624e-03,3.064210303129874004e-03,4.319317007658149757e-03,4.344022394409927795e-03,6.064757944491541014e-03,1.706627442746335094e-03,-8.903494909247387096e-03,1.882638623718023256e-03,-4.914410883288102515e-03,-1.599341014718523492e-03,-3.386982389140700753e-03,-5.677770721775622295e-03,-2.372259131744563002e-03,-5.013528066027269324e-03,-2.171409510899303778e-03,2.776925559268239325e-03,-1.892879553973039405e-02,1.644357932817073521e-03,-1.423604992252465624e-02,-4.557185967992716941e-02
-1.550958125017022453e-02,-1.357059147123071234e-02,-1.202051076194714588e-02,-1.122275414821999502e-02,-6.046202582757381934e-03,-5.783047008764417504e-03,-3.497427712863579799e-03,-1.820302934310884723e-03,5.494800149788215023e-03,4.404446111699522799e-04,3.053186498318641827e-03,1.564651173643767624e-04,2.759748172621543164e-03,4.543587813628656609e-03,1.240000613416172891e-03,4.104261918183561841e-03,2.458351347676419885e-03,-1.562968589671477962e-03,6.445659363560641945e-03,-5.471251397549450337e-05,4.581540751048677508e-03,4.756132747423441652e-04,-7.158675969584948114e-04,3.033672639588642309e-03,-2.049761924147056665e-04,1.726136680004781293e-03,-6.720197147615126088e-04,-2.536518965396859868e-03,5.653379591734879021e-03,-9.557199907423227650e-04,3.279511017039308477e-03,1.630616047093857122e-03,-1.546423962914259995e-04,2.390960814267671219e-03,1.602053034454419553e-03,3.737185262271785526e-03,-3.956176333022752762e-04,-2.439944637305450480e-03,5.942526691869549557e-03,2.349350310581897381e-04,5.063875137232395386e-03,2.661476037063432044e-03,2.271079565274522136e-03,5.979961727380161962e-03,2.306665852912355603e-03,6.744468859996827215e-03,2.235618751623898517e-03,-8.668534159437203332e-03,4.588734979693567719e-04,-5.408340834784589740e-03,1.785633285562189358e-03,-5.889504868567574901e-03,-7.611702981529541376e-03,6.691292108518190470e-04,-6.989150636582365343e-03,-4.929925985307216825e-03,3.502842829386326913e-03,-2.293628257072210727e-02,7.742190348692125877e-03,4.747800482584824469e-03
-1.726247767732939919e-02,-1.574337737885882216e-02,-1.372013238557159148e-02,-1.203949528261234227e-02,-1.161098068232465155e-02,-6.116369629596762718e-03,-5.861991531742600896e-03,-3.411613216829231625e-03,-1.853371639818215694e-03,5.375367675385523368e-03,5.804140826924410190e-04,2.729015389867117756e-03,4.064659450204669965e-04,2.502919810293879454e-03,5.241834399634790441e-03,8.871285454214141364e-04,3.842627726613105123e-03,2.705854191253045243e-03,-1.332280660477419424e-03,5.947592544989385895e-03,-3.166409415702272538e-04,4.441109221561183838e-03,9.203790878452858737e-04,-7.872242490564122092e-04,3.518861534894314469e-03,-6.033370861101599236e-04,1.452603640442786271e-03,-6.144016763231194582e-04,-2.561542909285491072e-03,5.757137944637384652e-03,-6.099885264346022922e-04,2.938672692846368197e-03,1.369937643596556799e-03,6.565956553188242138e-04,1.834466349916679274e-03,1.652618047441794429e-03,2.410205377258117006e-03,-1.652674766441803984e-04,-2.166277863695226756e-03,5.826856602950834275e-03,1.611579142768602415e-03,4.721058103383056655e-03,1.281927436582852966e-03,3.407269945387482804e-03,5.210931008674907390e-03,2.727299767871676269e-03,7.760477949856795649e-03,1.327465821386528350e-03,-9.798018397753141540e-03,2.512158861327822880e-03,-6.035179918504667181e-03,-1.480127283406207708e-03,-4.112142417537626056e-03,-5.059898389729426856e-03,-3.507562635810476410e-03,-4.931536218883259860e-03,-5.178974893935267207e-03,3.046622210607103070e-03,-2.654091006451302776e-02,-1.443024447612552552e-01
-5.144648879096186183e-04,-2.974303058000343433e-02,-1.342764919015619965e-02,3.456313185919203130e-03,1.253218988378300425e-02,4.521950165180299401e-03,7.812640082964618718e-03,7.441409032956849447e-03,6.624246507549897377e-03,1.259157349474607050e-02,7.124082932716945676e-03,1.146818645698609827e-02,1.525875155806352863e-02,-1.580096261432232217e-03,9.207973988839227020e-03,-3.810757163527287751e-03,-6.668794143228074824e-03,-5.362482466916375368e-03,2.357733006846619503e-02,9.129916483874749369e-03,-1.247935237609178356e-02,-7.579976734197197384e-03,1.204531522930640417e-03,4.675124916565081765e-03,-5.520971435560182057e-03,-1.151513572759222531e-02,3.733340166588820785e-03,-1.004639522285646902e-02,1.751564748978793424e-03,2.409861811074910307e-02,-3.883863879662299151e-02,2.925677226606549289e-02,5.803378602360961119e-03,6.147621212448433660e-03,2.274250791112813076e-03,2.406431932773107560e-03,1.072925166051668516e-02,-7.961198948291428297e-04,1.059940696785466145e-02,-3.804213661277098917e-03,1.339003354969274962e-03,-1.990078286684708597e-02,-1.887384479226624640e-02,-2.003856281560829553e-02,-1.203604300664462556e-02,-1.401183583074205354e-02,-8.809955288404081389e-03,-1.257507906896985876e-02,-8.552821928783484531e-03,-1.038666400153023459e-02,-1.337946300832930542e-02,-1.257275332357532874e-02,-7.853404093916199064e-03,-1.345153663438715570e-02,-1.012509270369663268e-02,-1.586056465468448085e-02,-4.273507482345497051e-03,7.274870430258723042e-02,-2.388245680904000912e-01,1.243758500722722815e-01
2.918503289125806872e-03,-1.442157466387547320e-02,9.885545850471778861e-03,1.297633769467358006e-02,6.449980234970504114e-03,9.000600709838038269e-03,1.417683426025806610e-02,9.691486323190041594e-03,8.067448584365227715e-03,1.102401007869666799e-02,7.381142098978420336e-03,-2.508992714185393803e-03,1.510814271487053405e-03,-2.881490172012189329e-04,1.072424345424600155e-02,-5.221011691275747810e-03,1.137813586266930534e-04,8.155961007591491438e-03,4.888890278055558515e-03,1.014109521850574272e-03,6.825367242529765954e-03,1.835404342622597293e-03,5.286488911218081670e-03,-1.210168308045935295e-03,-3.045902223373648100e-04,5.714190954773737136e-04,-3.584645529034527576e-03,-1.286655189225366976e-03,-1.267426509887757333e-03,-2.589049774399768654e-03,5.253377265239002466e-04,2.488974128024937791e-04,1.077019747447670187e-03,2.387569975320165047e-04,3.792279033070660214e-04,-5.592439829194478318e-05,-7.086324786326015984e-04,-2.510608500996364296e-03,-1.141408450704308733e-03,2.615389239332091987e-03,3.712733631785194218e-03,-2.722860714747860522e-04,-8.045378151260709418e-04,1.561448846836176489e-03,-4.079509576931652994e-04,-7.074977416440272979e-04,-2.221925362698769484e-03,-1.413604328178707029e-03,-4.098990582959705087e-03,-1.232835426008961274e-02,-5.900521668527292270e-03,-1.168053385075243887e-02,-7.101999784040549830e-03,-1.012938344988353369e-02,-1.125032015810280284e-02,-1.058141670772051735e-02,-1.101959545666718852e-02,-9.962053078742207426e-03,-1.919398007341378484e-02,1.284175851500547402e-02
1.705527392711001303e-02,-3.907411971268872145e-03,-5.874006591868537012e-03,1.664055240185096859e-02,5.634030366441277436e-03,2.732242873628049420e-03,1.403942080303504552e-03,-2.175607152391527594e-05,6.263933196440707625e-03,7.698794866571658305e-03,2.924293371646383925e-03,6.804492182332901040e-03,-4.485566934571124991e-04,4.583240355895442167e-03,-3.391412824010937941e-03,8.746441466444617938e-03,4.940899307504317698e-04,1.353159049063094128e-03,7.321704217464296630e-03,8.086196395586787641e-03,2.498176241557461055e-03,2.137262864551569240e-03,8.265262855914317502e-04,5.160867000460350046e-03,2.089815330499685962e-04,3.211810743855445828e-03,-2.240463416890158075e-03,-1.660743064193409601e-03,-1.468174518778844143e-03,-1.504854178303611156e-03,3.201094054054838219e-04,3.262682014798785717e-03,-1.569506895900301454e-04,7.005077040946526513e-04,2.916418346835597617e-03,8.098675614416601205e-04,9.303487108564523732e-04,1.381438469152140988e-03,-6.452358267167948190e-04,-1.357803252465956869e-03,-1.285206853322190795e-03,-1.476492673115559857e-03,-5.625696331823436258e-03,-5.451649601820246667e-03,-2.499285015888581211e-03,8.459270516717839377e-04,-4.476534296036118989e-05,3.671464875657988762e-04,-1.883632836078252739e-03,-6.250753295668531710e-03,-5.190674753601292636e-03,-1.145560562171466174e-03,-6.806498069714045536e-03,-3.909266324707447345e-03,-8.167510204081651973e-03,-6.185277123903283776e-03,-1.133877187595940667e-02,-7.797176611591527702e-03,-8.185508114374061631e-03,-1.147391395631554853e-03
1.466629120518314448e-02,-5.758568235078120531e-03,-7.611353453740633129e-03,5.336910429363645163e-04,3.601337097792545790e-03,6.792799688002407405e-04,-3.870901339528544979e-03,2.362729964319209598e-03,3.351986350423441074e-03,1.181348113373944728e-02,5.305741237700292712e-03,5.212937557759362954e-03,3.237563106410466969e-03,-2.849727315745783501e-03,7.707275293822578874e-05,-5.415675442144336771e-03,3.037691941372471643e-03,1.139893304505267685e-03,2.197406340057557906e-03,5.235754924356761722e-03,1.540045174675326589e-03,-1.120811958961238095e-03,4.528670247883755887e-04,-1.005899542850486337e-03,4.278123970524399557e-03,4.506231243438997450e-04,1.778598411993850001e-03,-2.102069165776810928e-03,-5.071442992982842443e-03,-1.172725740766698312e-03,-4.876422150552613501e-04,-2.635089144563541440e-03,-2.141833309240940143e-04,4.737285944556319920e-04,1.334594860636290677e-03,1.180987733223395723e-03,2.123379849162264701e-03,-1.496153846153864056e-03,4.428758829465719396e-04,-2.969307453150403942e-03,9.386019659872448867e-06,-4.379423900350134851e-04,-2.712715891167180506e-03,-3.319430745256265070e-03,-3.639424594931425349e-03,-1.105139897682081655e-03,2.456091336467530577e-03,2.056210720886741299e-04,-8.690478670517096885e-04,-2.234222141823400797e-03,-5.163685152057278550e-03,-4.225331860628549902e-03,-1.855317167357513472e-03,-8.782033329336998498e-03,-5.209495824311749686e-03,-9.523885784380585820e-03,-3.435960909515569251e-03,-8.711575584328265509e-03,-1.129430913570890309e-02,-4.477675483038877358e-02
7.270973712170179619e-04,-3.173506012783527952e-02,-1.061576006564549091e-02,-4.815354657894431629e-03,4.191864596147240087e-03,2.341686867842294334e-04,4.314491265631770212e-03,2.375769606328336728e-03,3.426858592262732638e-04,1.100338787512146607e-03,5.942977039012376774e-04,8.284490145658844780e-05,-4.454245224210149593e-04,1.048065929397373232e-03,-3.998737865525493762e-03,3.858876719307180025e-04,-6.235392911599511347e-03,2.518849432951000876e-04,5.493195462066191494e-04,-2.826191834943054832e-03,8.162365188961386020e-03,-1.275056930317328054e-03,-6.079238021313075700e-04,-8.703520295425760857e-04,-5.163911881924692542e-04,4.848880923237907530e-04,3.078430444553664769e-03,2.499438155692260827e-03,1.256395309249135625e-03,1.728008594661289822e-05,3.801221832039422630e-03,7.477871031648369990e-05,1.292913371808404079e-03,2.598631012390654159e-03,2.132301822120936507e-03,4.491768205200038534e-03,1.835223915002398695e-03,1.440861283643878662e-03,1.145258618476745422e-03,3.605605669424022733e-03,1.861563311640928881e-03,1.938650051921050237e-03,5.579080047789751473e-03,1.224304207119738088e-03,-8.775722379603418267e-04,-2.793283989652176752e-03,-2.168606541259708934e-03,2.882435145957800132e-03,1.172344824270446896e-03,-1.481652773642880413e-03,5.813644071810922416e-03,-1.345387755102090419e-03,-4.848142044548076003e-04,1.997510845986899108e-03,-4.178329143299143109e-03,-2.516525621376658819e-03,-1.314113464671899699e-03,-4.036766334440754396e-03,-2.989304138059079279e-03,-1.680878719472912383e-02
-1.664813067324506443e-03,-1.601318108862523695e-02,7.521739130435848263e-04,-2.491489268120994100e-03,-4.989360064538598399e-03,9.052823871404158727e-05,7.791840695561375388e-03,7.109508570044277900e-03,2.980203415803734605e-03,2.721748617242641076e-03,7.410000000000113978e-04,5.385276657021273797e-03,2.586300115795923341e-03,2.825319305351325135e-03,1.408964948014447506e-03,-5.384605974781316202e-03,1.235132018209416510e-03,-5.806024177931485425e-03,2.034858809739349857e-03,2.084150396655872536e-03,-2.777001302335879284e-03,2.527135880370015835e-03,1.277086517884480285e-03,-3.548221858638703381e-03,-1.357709492084849343e-03,-2.142908760686834495e-03,8.855532027527934736e-04,-3.393573137157160943e-04,-2.029344540640445806e-03,-2.313332821172789898e-03,-5.079230104131164094e-04,1.898962316806722698e-03,9.116562533093429573e-04,-2.236016185145962322e-03,1.041316007009879469e-03,2.926931340341755450e-03,2.146460153372673277e-03,1.335495737999118325e-03,1.767310807955021102e-04,-3.343521078547772468e-04,1.410725669444219720e-03,-2.502521152115287553e-03,-1.880837519558567830e-03,1.709313584704434024e-03,-4.516301111344067989e-03,-9.273109860533358629e-04,-7.136064787042565791e-03,-2.937532218261638007e-03,1.498772898216735143e-03,1.337739253137160654e-03,-2.294268534978568738e-03,-3.426296203420488469e-03,-3.550321714317721238e-03,-2.592207340704423893e-03,-1.101685066822222269e-04,-5.204518279418954112e-03,-2.834549150573637336e-03,-2.336583061889292885e-03,-5.394799547212617702e-03,-2.487217360074515937e-02
1.395509752280532645e-03,-6.219175016296875705e-03,-1.907157784134061104e-03,5.010387443823497962e-04,-2.562106891142430006e-03,-7.888527999295081791e-03,2.571547227403749893e-03,9.944322486357680055e-03,9.486933881713429176e-03,3.076727681438600013e-03,5.143252419160248027e-04,4.609678919117017604e-03,5.276985805506874405e-03,4.174742696109062269e-03,-3.248350883057047516e-04,2.668512229256942477e-03,-4.341990520607126418e-03,2.064912898680712223e-03,-4.905523068160218096e-03,-3.046083080475852321e-03,-1.347316337522348707e-03,-4.825224257384070140e-03,2.417163086679870697e-03,-4.053169751018041722e-03,-1.773037272006406208e-03,3.303353118019678586e-05,-9.468294430182835680e-04,2.556297930952702423e-03,-9.667344890510305927e-04,-9.189658398829261138e-04,1.062674262604255070e-04,-2.610090523662237944e-03,7.866293480019348385e-04,-5.879385453828341436e-04,-2.476596433360469651e-03,8.504918528980912225e-04,1.784822010256735276e-03,2.184341631212143118e-03,-1.815369153881486166e-03,-6.571320346320581223e-04,-3.016057783434011614e-03,-1.198840362698674541e-03,-2.501083893344804680e-03,-3.828909686476381947e-03,-1.751901954963626124e-03,-7.376302612878578129e-03,-4.496696765636220769e-03,-6.787105719237311943e-03,-5.747925830099235960e-03,-5.361758620689670990e-03,-2.734062299978675791e-03,-7.072271485137516731e-03,-5.088585603947782914e-03,-8.446872773383282129e-03,-9.942635812399487974e-03,-3.049570947840689328e-03,-1.258383530869929857e-02,-8.691849947786997946e-03,-1.035592849325066289e-02,-1.681950084008206059e-02
2.283818291827706057e-03,-1.905646194614400366e-02,-1.436794872738425023e-02,-7.641147245338087562e-03,1.727347161573466379e-05,-3.238348414028981073e-03,-6.104384264348350526e-03,-2.025532277101896143e-03,3.638795655652766244e-03,3.719436426941980477e-03,2.027650519031050976e-03,8.318609745535721946e-04,3.579021785020682512e-03,1.443302200562069162e-03,1.343797806754327062e-03,1.421888761755867427e-03,1.580211922121603019e-03,-5.576983313907043355e-03,1.398048639351500550e-04,-5.260155336082126404e-03,2.306168410295046135e-03,-3.469976082334705510e-03,-2.994651307596518652e-03,5.019509490574667818e-03,8.743867957137298240e-04,8.103896103909207261e-06,-6.076191809808689608e-04,-2.493184121621659644e-03,-1.004435865206195020e-03,-8.282734575391882074e-04,-7.153701058428498958e-04,-1.198366234328577130e-03,-3.461951077573726526e-03,7.108063802232066769e-04,-2.505339197121488276e-04,-1.225036126827900923e-03,2.855657941982307746e-05,1.584989296999704967e-03,5.182476506357047100e-04,5.350438245240047566e-04,1.148326863544877827e-03,-1.403397111913430584e-03,-5.299180444493868701e-04,-2.076828075558505380e-03,-1.029470841384163074e-03,-4.960622758681783664e-04,-4.563073511854052154e-03,-2.012889431239388727e-03,-2.975488758955727783e-03,-5.134965013919246847e-03,1.945090421969153209e-03,6.895679047029509888e-04,-1.859889388382778399e-03,-1.730990364330975938e-03,-5.522257729954013067e-03,-7.901965915190520967e-03,3.150603376485666945e-03,-1.348844889267465305e-02,-6.056505949209757024e-03,-9.176014296033759704e-03
-1.002954008409732110e-02,-1.213507439791386769e-02,-1.952253598482337621e-02,2.633389014444621041e-04,-5.144775386221766243e-03,-1.391626378891411058e-03,1.645065964818814060e-03,-3.181111309570218339e-03,2.871629278472198100e-03,1.021901890315059583e-02,7.260656854077494372e-03,1.219318673975742454e-03,3.793260320134812552e-04,6.149879334427399587e-05,2.284197346036005206e-04,-2.463825184494753675e-04,-2.081463619913380154e-03,8.882791033983962470e-04,-4.503317975200204180e-03,-2.323168310438981292e-04,-4.697092145015094485e-03,2.316631717966745503e-03,-2.485361156480943388e-03,-1.530810007997297122e-03,4.118181025652198519e-03,-3.070703199847348887e-04,-1.030279808419434957e-03,1.505415377851770616e-04,-9.550071613590280402e-04,-5.753745632741998767e-04,2.237557270877701065e-04,-9.604889864770436167e-04,-3.979582333653221109e-03,-3.066682441092371657e-03,6.348690010812729117e-04,-5.297157422285354075e-04,-5.030969851650483578e-04,4.787153122117784030e-04,6.058465961239075742e-05,1.720635516826919242e-03,9.463952748751177247e-04,6.513293605894185379e-04,-8.486474146786315018e-04,-1.558562404960539050e-04,-2.651289522423658403e-03,-3.541915038929064913e-03,-4.687752050389963713e-05,-5.476972542493744461e-03,-2.012182089717452597e-03,-1.280394224077941075e-02,-1.134079879067543661e-03,-1.907152964482838062e-03,2.723419312563277704e-03,-5.461543030456249628e-03,1.084681915218020610e-03,-3.872272759079246028e-03,-8.371107365335210895e-03,4.507856435643574355e-03,-1.136228203184230789e-02,-1.545280344724850839e-02
-1.521461967753436929e-02,-4.940212704800071852e-03,7.968753144812296130e-03,3.119041472851547762e-03,9.467805512646376015e-03,1.041639686680390434e-02,1.533722946017449483e-02,1.135454452442479292e-02,5.464693778033364799e-03,7.004820036938515758e-03,1.107603813015087951e-02,8.745547584270683267e-03,4.658876613876285037e-03,2.305015066042287192e-03,2.207869247223396593e-03,3.602542064282223018e-03,-2.165257113447303168e-04,-9.170199927510798389e-04,-2.072426763123869260e-03,-8.312233656033190046e-03,-1.916281149425071205e-03,-8.436142782440104668e-03,-6.258622123623724031e-04,-3.685783976483969840e-03,-9.387980631215900058e-04,3.677339264798109176e-03,-3.797640059001138307e-03,-5.204731490454813682e-03,-5.480136875712601427e-03,-4.089571879322346885e-03,-4.495027429279797870e-03,-3.635899697143416074e-03,-2.341986846291964786e-03,-1.988033949283885167e-03,-1.905581012938680017e-03,-2.010322956695120410e-03,8.916092615560722865e-04,-7.053487136039446846e-03,2.415614333047705906e-04,-6.592408894538594362e-03,-2.834540273330638386e-05,-3.248048430630368511e-04,-7.352428465143930579e-03,-3.444779631281431886e-03,-3.158485178299145785e-03,-1.056992965451685959e-02,-3.393023497120872031e-03,-5.108189558534546697e-03,-2.317612843139501503e-03,-1.460975985600512089e-02,1.596362253454884292e-03,-9.331834916829527884e-03,-3.445227425052928109e-03,-8.288551508654734556e-03,-1.224489737388027681e-02,-7.481849005200122069e-03,-2.356152975414209719e-03,-1.319393130427176999e-02,3.278318608511046357e-03,1.676467852951973219e-03
-3.962750812466642593e-04,3.300967588192847972e-04,-2.687347231307225305e-04,9.131832821553567789e-05,-1.335022662061012403e-04,2.960061585837198776e-05,-2.882510377862828869e-05,-1.141344095846823751e-04,-4.375856249375569229e-05,-1.569415710394682210e-04,5.475332646415388303e-06,3.542198906690974535e-05,-3.056298198155833366e-04,1.025341341923665604e-04,-1.391840551660855814e-04,3.567553372468844125e-05,-2.389438488217373777e-04,-1.167753578578806229e-04,-3.278411190078344513e-04,-4.697833816398718160e-04,1.727804298872974269e-04,-3.633762804907045003e-04,3.671282195246262188e-04,-2.115873845817571684e-03,4.790824560532665265e-04,-6.980847457627781033e-04,-1.511169232807864707e-03,7.686011223345289500e-04,-7.508797216768943288e-04,-3.208211918393769004e-04,-3.785152525916706738e-04,-4.521909404026669172e-04,1.447678961006457449e-04,-2.719475028306007013e-04,-1.518179761364045303e-03,-2.288267618872576962e-03,1.038265831564859744e-03,-2.468673715954181579e-03,1.422010722100665097e-03,-1.490896644758380818e-03,-1.527255081356536240e-03,5.742154224919666407e-04,-1.617392627413353958e-03,-1.294957483084496460e-03,-1.525718241738013847e-03,-4.627266304859236159e-04,5.253981158432532300e-04,-4.916313616115740304e-03,7.819494471319878926e-04,-5.062201764244537126e-03,2.204828543415747119e-03,-9.579751783111616417e-03,-2.126692198009043529e-03,-4.490236406487184938e-03,-5.206361702127055777e-04,-5.149069588960306781e-03,-6.457808194604992271e-04,-5.179393390085051951e-03,-1.694929385534585994e-03,-2.652865882910818152e-02
-4.175867386276025696e-03,-1.232769426471506079e-02,-6.695648998022545040e-03,-2.831829206882069752e-03,5.246646065618527097e-04,-1.273891533650748460e-03,-6.657970410502969325e-04,-3.039443660552307476e-03,-9.690747262453524831e-04,-2.090982707017012554e-03,-3.127492783736704821e-03,-3.408135896442563047e-03,-2.658517178179027954e-03,-3.392436750998589247e-03,-2.314257659073083555e-03,-4.360278100850397895e-03,-4.404223515449606254e-03,-5.606966716782280785e-03,-5.275442243303578652e-03,-5.253873551709267731e-03,-5.640024095066030994e-03,-7.003804365168058745e-03,-5.638331871804595427e-03,-5.734579862223676203e-03,-3.579202452293548612e-03,-3.926386436243925991e-03,-4.079727650543887862e-03,-5.747844605348656835e-03,-5.527641302575066369e-03,-5.890337405570227405e-03,-5.035387104191287218e-03,-5.314657827476038619e-03,-6.451869370086195030e-03,-2.838815225364645523e-03,-5.327921377184018613e-03,-1.586245209114348683e-03,-3.688307133462806389e-03,-1.803027582801394616e-03,-3.649071238545726834e-03,-2.741922759899639243e-03,-4.121354063498483197e-03,-6.945151835824650045e-03,-3.265942571785252369e-03,-5.937538580246891351e-03,-7.529157030333616558e-03,-8.116778078700034177e-03,-5.453621254835165633e-03,-8.139508935275471813e-03,-8.522750482953166118e-03,-8.945624902399675060e-03,-8.154057396984236428e-03,-1.064703301732599673e-02,-9.778910189622718602e-03,-7.443709817549919866e-03,-9.767506275426222212e-03,-1.243013613032812291e-02,-1.843855970755486906e-02,-1.318546438519706265e-02,-1.015734173695429995e-02,-2.987672981756290744e-02
-4.519171246327461679e-03,-3.970943314246691384e-03,-1.021445976830304527e-03,-5.443002542259572918e-03,-1.800327426539850536e-03,1.130090749414595312e-03,1.448118917620081674e-03,1.722782792112270700e-03,1.358313812600903331e-03,2.318249779026868278e-03,7.000233390383651206e-04,1.287965994891398938e-03,1.435305483863541032e-03,1.027728501702960531e-03,8.993530925973707230e-04,1.710054215133569402e-04,6.322627604640545466e-04,6.489698492462829971e-04,1.377360318954473509e-03,4.295604626710232388e-04,-1.748185274797958098e-05,-6.518470319006277507e-04,-6.190820557321135783e-05,-2.032790530726713476e-03,-6.071573501475951507e-04,1.609849293738169641e-03,9.581847279380929414e-05,1.457060452650424344e-03,-2.327179941404901916e-03,-9.359399463413062064e-04,-7.414469190266042642e-04,-1.843952085804429798e-03,-2.127419407306244039e-03,-4.027196166030358113e-03,-7.086572966507302543e-04,-4.538507417896707474e-03,-7.428332723240587375e-04,-1.978257286217629217e-03,-2.910923847224417080e-03,-2.903764813126697136e-03,-2.771271576117692679e-03,-2.994883012758773905e-03,-6.026451524360293410e-03,-4.030545736500035399e-03,-5.723361344537822477e-03,-5.433405894368211961e-03,-4.163231768231800967e-03,-6.906038437693627630e-03,-4.368915224776841362e-03,-4.865451241671718899e-03,-7.080621684350097041e-03,-4.949642142698339013e-03,-7.743663352471724139e-03,-7.413396860986604109e-03,-6.251864884619279077e-03,-9.773694706994462411e-03,-1.148089901477830806e-02,-2.677041505356916266e-03,-1.290865779603494676e-02,9.930445202531821159e-04
1.097594637223981394e-02,9.396572378864619102e-03,6.027867217221900310e-03,5.147111195004229998e-03,7.555274309048890490e-03,7.623582287864054917e-03,8.169749493716637473e-03,6.861317136740222034e-03,6.370004155767964790e-03,7.855253279085946602e-03,5.496641589266115964e-03,4.964334746797615001e-03,4.269131466219865459e-03,4.643310313338243692e-03,4.023259523670201336e-03,4.256605580757431839e-03,3.820553326478812271e-03,5.431918654450099138e-03,4.410819511914590429e-03,3.755062077767172025e-03,3.512970570029828703e-03,3.323904131371319993e-03,2.561045981629417583e-03,2.453778302496988604e-03,2.649592344272477806e-03,4.614235571643513292e-03,1.789391392064513435e-03,7.963898026315369659e-04,2.799013652492888214e-03,-3.382085229636285092e-05,6.454283638531028945e-04,1.681204536848317482e-03,-4.093358359803897137e-04,-5.035795257096376443e-05,5.037546105625338288e-04,-8.108509017022930230e-05,-4.293823777402725633e-04,-1.267181218419768203e-03,-8.558484782133208126e-04,-2.356917762424753579e-03,-1.163564096144206273e-03,-2.771532452361856035e-03,-7.648661567877437090e-04,-3.853063239095488521e-03,-5.039686315975020923e-04,-3.553041408595494083e-03,-1.302594318078022922e-03,-4.237481683064629572e-03,-3.185932743875985376e-03,-2.701240930697966763e-03,-2.833910963300106164e-03,-1.670820133755789158e-03,-5.758690344062154971e-03,-3.079625563909792457e-03,-5.511584038694041822e-03,-1.246626601655584105e-03,-9.594556555935003506e-03,-2.419614932658450089e-03,-8.951807047485306479e-03,-4.354489313536188261e-02
9.667429625027019677e-03,4.217552242161966974e-03,3.589290460943631543e-03,1.724753146625791463e-03,1.772259192189557658e-03,5.720358233619216894e-03,3.820017600715215622e-03,5.046499958461410362e-03,4.180463138875135931e-03,4.022163179047425798e-03,2.711522637154469440e-03,2.893485538266408336e-03,2.775591377527798515e-03,2.433862793920509374e-03,2.821119245067208250e-03,1.999751693532192745e-03,2.816267840984468165e-03,1.850301077434347505e-03,2.558981306584996642e-03,1.801349820871296983e-03,1.456192986860942824e-03,6.494620486365915634e-04,1.061096596618465657e-03,9.235896039328154832e-04,9.812622849120218160e-04,4.192434863786857779e-04,1.024949026876746530e-03,-9.883222619655046559e-04,9.081081081081211152e-04,1.264025871011102220e-03,-1.439485201290527545e-03,2.521887679648286435e-04,4.466043459077208375e-04,-1.036944883256635946e-03,7.973046049851277312e-04,5.531887487744591332e-04,1.263881181938815586e-04,-8.402424242423829192e-04,1.658463562344327918e-05,4.299943623857656045e-04,-2.472402765277366063e-04,-1.036748360372766447e-03,4.393188526451289374e-04,9.298393690382133038e-04,-2.826835486063904168e-03,2.651805985552231539e-03,-1.894284905286324188e-03,-1.340480959999957146e-03,6.926695241240947432e-05,-2.221166283524956663e-03,-1.248234512686601265e-03,-5.577002117325062600e-04,1.980746081504794042e-03,-4.808352608583868308e-03,2.061966333252141740e-03,-6.165183039241520918e-03,-3.243721945137166204e-03,-6.223709732890172174e-03,-1.747710441116873690e-03,3.036601608984857217e-02
-8.231284743668817669e-03,-6.810167023437830452e-03,-6.191669998440381059e-03,-6.609740079576953767e-03,-7.485886862113239927e-03,-6.940322580645088939e-03,-7.326870004771626754e-03,-7.565151284007146787e-03,-7.561451628707784034e-03,-6.280425166416190794e-03,-7.684930504935682215e-03,-6.468997763773063660e-03,-6.657565713369472706e-03,-6.660742048278160861e-03,-6.694351726260388928e-03,-7.213854235442567799e-03,-7.808554852069701790e-03,-7.411758233697554425e-03,-8.753740495086306458e-03,-9.405512587903539640e-03,-9.693057744325547093e-03,-1.003085722403749235e-02,-8.753638265033824098e-03,-9.299462206067785758e-03,-8.800103598924236686e-03,-9.108605000000049093e-03,-9.174437641998588536e-03,-8.039577719770995418e-03,-1.122799023170619609e-02,-6.598893280632436333e-03,-6.322358193113425569e-03,-8.858303036116864371e-03,-5.889841424262980477e-03,-7.668324389690887866e-03,-7.054995440811100832e-03,-4.829331777979008547e-03,-7.596654678770884545e-03,-5.778638983354203625e-03,-5.314406641706094329e-03,-6.884011685203500486e-03,-6.230892852962426412e-03,-5.358341125678941184e-03,-9.332351244139995561e-03,-3.690854477906829485e-03,-5.798544127491410752e-03,-9.927739448142841941e-03,-7.023190892831232893e-03,-5.904216972092500570e-03,-7.406198052719068815e-03,-6.046984256559709281e-03,-1.030326861636757761e-02,-4.662499525075917278e-03,-6.914338205712793062e-03,-8.835877085877080414e-03,-1.144837396849214539e-02,-6.867791405550527015e-03,-4.165107736803973226e-03,-9.929625017296293821e-03,-1.936517468944094073e-02,-4.665159880075028798e-02
3.424828851718714749e-04,2.235961252281257368e-03,2.344781826115371632e-03,1.723047738131824880e-02,1.353123386838031572e-03,1.835310614962724343e-03,7.194435492876429883e-04,-5.330702319105502969e-04,1.307518686296844142e-03,1.593473882062407905e-03,4.590599833005430371e-04,3.523265913809288015e-06,2.789528154640955634e-04,6.048382236229206486e-04,7.267606349350149526e-04,7.225772085776990209e-04,3.154393281069731094e-04,8.501235601592339311e-04,8.223444475875283733e-04,-5.219870927850328189e-04,5.183807045636657992e-04,3.840064059789411615e-04,-1.435053763440876913e-04,6.012074389072400663e-04,-8.100225056263699605e-04,7.421131239298105068e-04,7.527934375317459417e-04,7.238988262579808177e-04,9.728559220646056669e-04,-2.011499335008100613e-03,1.245613767977952514e-03,2.884549246887028865e-04,-7.336272397923633082e-04,5.726930039187806513e-04,1.782227460679472811e-03,8.214872565366063877e-04,1.852134237772253347e-03,1.802958314656540799e-04,8.205416942665588916e-04,7.915828334102356645e-04,3.743164996238988653e-04,1.621789741725451945e-04,-1.582295529236660628e-03,8.061889449594870699e-04,-5.210019172490242337e-04,1.742678309528707895e-03,-3.752937309338567808e-03,3.223136936617044916e-03,1.950053617612220467e-04,-2.171439546237790078e-03,-3.175541795664949766e-04,7.226857716999386617e-05,-2.569766022380469677e-03,4.504472470452660152e-03,-6.882406492069389342e-03,-2.122786498409798880e-03,2.684926108373349271e-04,-2.619395303956282076e-03,-3.375473359073424568e-03,1.823196349113198611e-02
3.869963612305060848e-04,2.962939973195897071e-03,2.612007075372253101e-03,3.727367890470574107e-03,2.327605377906914047e-03,3.377430521622335011e-03,2.308309415141353294e-03,2.093530332806025924e-03,2.309973468837018575e-03,2.163528293589515178e-03,2.264662862924870200e-03,1.285154171337498817e-03,1.630253596137703782e-03,1.561388356882102355e-03,1.480432569680826226e-03,1.973424567525085185e-03,1.742084856847216741e-03,6.515314355304780087e-04,1.585664638399248696e-03,1.230876548250959494e-03,6.919169714418169559e-04,-1.276125126135974953e-04,2.316821726270526082e-03,9.927066450568103404e-05,-8.665695149777631276e-05,1.074012833543224518e-03,8.330084425035855222e-04,9.122802160240548863e-04,3.236259331185875582e-05,5.178082310782787176e-04,-9.469993388627612196e-04,1.434032052348241262e-04,8.303333766572138213e-04,8.056239367563236824e-05,4.335567136226995419e-04,3.370519143541727213e-04,7.854251681508902074e-04,3.069179235612829165e-03,-1.982318987809371467e-03,-1.485050225016301456e-04,5.441531689754971883e-05,6.882486032113861426e-04,-1.495655459022162861e-05,-6.276468181329246214e-04,-8.888206147129059211e-04,-8.073325986905502752e-04,4.581755026554588787e-04,-3.549912612364406698e-03,2.899483303007667576e-03,-8.304093997923867477e-04,-2.681527910807952452e-03,4.464443462903182894e-05,-7.278678368610786873e-04,6.722398511871566056e-04,-1.912414708408134321e-03,8.335965685880358453e-04,-1.582995960502655728e-03,-6.673047473200723924e-03,2.329515465760780956e-03,-1.214551162099292841e-02
9.241203867629498546e-04,1.571737438953794237e-03,1.964575393128247926e-03,1.914948553596989081e-03,2.197054574201402505e-03,1.316979071883509584e-03,2.127200880841708264e-03,1.775191138345551126e-03,2.688994289187833509e-03,2.164912612612721575e-03,1.737702866083548885e-03,1.646522768259650431e-03,1.467713662475629956e-03,1.005045832604862860e-03,1.614359020852253407e-03,1.135247212628420549e-03,1.771021102326370911e-03,1.284700988039538805e-03,9.983919929349885196e-04,3.036161092678745215e-04,1.278736366352971115e-03,4.371024984320021913e-04,-5.486453452841655743e-04,5.977421302024237774e-04,-4.648185262665190587e-04,-3.649857002412279744e-04,-1.695129221597439643e-04,-4.519840684466649495e-04,7.793126885598628765e-04,-9.754688207487472373e-04,7.562639450372631456e-04,-2.461170701808179651e-03,3.234660925727065629e-04,7.383319493805550219e-04,-1.706347986473940497e-03,-3.014357262099944456e-05,1.259949439571140346e-03,3.717050655646614537e-04,-2.434032598853202414e-04,-2.946536618884980840e-04,8.893930823168280913e-04,6.253269451379730353e-04,-1.487686578906047231e-03,3.861923694672378827e-04,-1.666148284948639879e-03,-6.827309257636877049e-04,-2.103908631750731897e-04,2.937685418485768384e-03,-5.144119621686427980e-03,2.738895093398407803e-03,-1.139980753466164533e-03,-9.006835993599414478e-04,-5.499175365842060882e-03,1.939828507455036970e-03,-2.673550893550825144e-03,8.651283147989416358e-04,-3.110281690140838905e-03,-4.764790359025774906e-03,-4.578692583880174770e-03,1.180283460597099099e-01
-2.792160663291232831e-03,-1.684148180026097744e-02,-2.706609226922049305e-02,-6.718050720609043507e-03,-3.826528142204515398e-02,-3.757174007404581739e-02,-2.472148223847088488e-02,5.670226239100835397e-02,4.710856335742517886e-02,8.649875742857562888e-02,2.170135426194192210e-02,6.253388278388392549e-03,2.233364221945962312e-03,1.171783364737542105e-02,-7.212762428857311375e-04,-7.623020635601020917e-03,-7.694525566312664967e-03,-3.483210613979610681e-03,-9.558058661842762371e-03,1.021005422344292875e-02,-1.101432405762780599e-02,-3.299801171801204983e-03,-1.516525604123442408e-02,4.352691618935702715e-03,-1.220619100568311362e-02,-8.238208082134526947e-03,-7.643320349350327635e-03,-2.960143468883855503e-03,1.972912711105889727e-02,1.209701561737431749e-02,2.100815711080864998e-03,5.401126760563391797e-03,-3.274093686354343641e-03,1.774467023578994718e-02,3.090112875259286383e-03,4.140323871811605119e-03,9.511351167439298024e-03,8.676603234423258329e-03,1.696754500626175555e-02,1.508910465517893269e-02,2.253403401176290802e-02,1.175454970100864478e-02,1.602875960079097606e-02,-1.478311770016323059e-04,-1.861992725669583482e-03,-7.203854018069335077e-03,1.706727248472559785e-02,1.614810099103353505e-02,-1.956521505231719957e-02,9.953996523428525200e-02,-4.669344576260479884e-02,-4.873636851795091693e-03,-4.037583481349945984e-03,-1.960076505556922113e-03,-5.898591848129656687e-03,-2.918586847221285585e-02,-1.995249999999993903e-02,-1.133760521341161884e-02,-9.653083768893887598e-03,-1.180733157447821646e-01
-2.174882797247964638e-03,-1.019181692385109222e-02,-6.047921657630431387e-03,4.993274807963589282e-04,-1.992047524127738868e-03,-1.690725166146734139e-04,-5.368216005241893381e-04,-9.962830527107415218e-04,1.070127602613010011e-04,8.616272965878014195e-04,-3.059160890724877649e-04,1.420280413958627252e-03,1.132540713357933890e-04,1.654371587024697481e-03,1.369581090948526628e-03,1.008177893354861082e-03,9.391196780030425760e-04,8.140752036123518470e-04,1.195286814177757380e-03,1.522624887754555180e-03,1.060983902992502321e-03,2.208458268069776504e-04,-3.413647642679074035e-04,1.533127255037178456e-03,-2.840006084154765467e-04,-2.148034647737890723e-04,7.857752540888298960e-04,9.364304656183167208e-04,1.997288898753597428e-04,1.002349276377657340e-03,1.715611545208135282e-03,1.255707632745386906e-03,2.487913646031154804e-03,4.489276010867366521e-04,1.685182271177518938e-03,2.504518005154294808e-03,-1.197959211092092550e-03,1.729313635368814536e-03,6.864614003973929478e-04,1.162226351078375500e-03,7.874521887797155013e-04,1.217699512625675887e-03,-7.003104301166272055e-04,7.664586733234019433e-05,-3.654782035482770288e-05,-1.256013886879828526e-03,-2.583593339176092508e-03,1.863523412406373713e-04,-3.691099162185706908e-03,-4.604617852640741516e-04,-1.927811901242614152e-03,-7.762303735787115175e-04,-3.971088977423634439e-03,-4.812187454659747239e-03,-2.669651248372360754e-03,6.244159666442024173e-04,-3.079635798356693526e-03,-1.528992314261284598e-03,-6.430660832491810232e-03,1.133342345085431857e-01
-2.369082125603917243e-03,-1.385796468655897326e-02,-5.329063450918511934e-03,-3.376230488303421599e-03,-1.939071769238440417e-03,-2.889925672555031851e-03,-5.154033710186356259e-04,-1.235050808644699068e-03,-1.054027876691379781e-03,-7.423954205840752399e-04,9.182987419954690908e-04,-2.693432711970756058e-04,1.272510364503602782e-03,8.638421482983478050e-05,9.840300867558719050e-04,5.792457291964176998e-04,-7.799012326873911913e-05,2.432610526316562904e-04,1.015732107604203852e-03,-7.802356722011833604e-05,1.210684736091280659e-03,-4.239202832044139065e-04,-2.989700734048258567e-04,-7.393032044113025201e-04,1.080366349327471385e-03,8.377695728780180896e-05,3.375930026571844411e-04,-4.314710966300876150e-04,5.753456761191214118e-04,3.247349880161451603e-04,7.453605736501113868e-04,1.610818237476090414e-03,-2.173445144586879827e-04,2.876839590761810957e-03,-1.706791817795687977e-03,1.697521502807241385e-03,6.801401050787024430e-04,1.057718683622491541e-03,7.813993289346256354e-04,6.011719801434933395e-04,1.792916370923936398e-03,-1.377382302599372446e-04,2.632348036354435587e-04,-1.144914375697061049e-03,1.091988267442063187e-03,-3.046417305079093303e-05,-2.315583921616260268e-03,-2.581902788045229834e-03,-1.229984766570021808e-03,-1.753499269879072809e-03,-1.216271331579870871e-03,-4.383883786647928098e-03,1.686410845086337609e-04,-5.356390164820296236e-03,-2.420348867894580105e-03,1.974043478260891751e-04,-3.659583868134822383e-03,-1.407520348598211056e-03,-4.467752755150943694e-03,-6.499926468323122264e-02
1.435582096534276854e-04,-1.155378488822413410e-02,-6.069815047584927424e-03,-2.460613854935221959e-03,-3.357309831971014378e-03,-1.853855987101601368e-03,-2.635277104235325771e-03,-1.423981426536862849e-03,-2.526378883061363313e-03,-9.061661869347650009e-04,-1.116676074972524106e-03,2.265216201423580198e-04,-8.511833631485766789e-04,9.859234936792106701e-04,-9.601479119166878408e-04,2.727117429562680388e-04,8.572079013156033364e-04,-3.407813178670927434e-04,-1.179063962558545833e-03,1.199434222355579867e-04,1.988086714632136690e-04,2.734442420174331865e-04,-4.381320770610550594e-04,-3.670604489624347197e-04,-1.098332964788795120e-03,4.507760819511784367e-04,5.056472954976593470e-04,4.116679755741813355e-04,-1.460452080970628744e-03,3.738590199314234682e-04,1.246143483094656413e-03,7.191638070323434989e-04,1.048585064982733486e-03,1.050715853682581221e-04,3.297219227099174206e-03,3.702569421210974584e-04,1.742529510961150167e-03,-6.793946320601228217e-04,2.139680687573836657e-04,7.339683906707901960e-04,-1.886824905399288270e-05,1.444009026602479989e-03,1.675528505988608077e-04,2.268233556988606420e-03,-2.331597661623142914e-03,4.496834868403746382e-03,-3.208045212765932557e-03,-1.293050066088558036e-03,-2.687509819324352973e-03,2.113777298805100732e-03,-5.659889984933423428e-03,-7.481855791962028872e-04,-1.230573207930813189e-03,-3.070612293425218926e-03,-3.393158983451573067e-03,8.092233851839907152e-05,-5.590163934426317129e-03,-1.578923726258676550e-03,-2.069041639737762093e-03,9.798429142303884121e-02
-5.485880398671104212e-03,-1.883413703428514843e-02,-1.066785103388550107e-02,-4.170648880975786135e-03,-2.830370143469777312e-03,-3.817829120439324760e-03,-9.169249685380007281e-04,-3.193989913755251094e-03,-1.171128976925305638e-03,-2.487671272642806661e-03,-1.668368687982467588e-03,-2.678479868407312309e-03,-1.075954849958756215e-03,-1.266018193280976124e-03,-1.897479742020804052e-03,-2.973719747635880824e-03,2.088864855511432972e-04,-1.151265111668087811e-03,1.409675053085507606e-04,-1.787158969189174941e-03,-1.023276216752536973e-03,-1.452533980121865171e-03,-5.570718700764419043e-04,-1.573991377105405775e-03,-4.529500205253931579e-04,-2.747955325100230432e-03,9.542661915741918952e-04,4.298472240186622015e-04,-1.002507251099841361e-03,-6.384231833636969979e-04,9.323050058206409788e-04,1.278951592759663145e-03,5.877568157204865343e-04,1.105639868358204356e-04,1.016889648728729143e-03,3.157357871809404141e-03,-9.681588447654177702e-04,2.510682263054969925e-03,2.242006097560949717e-03,-4.312824292452754546e-03,2.993400995601991701e-03,2.159225806451713862e-03,5.776492968273608253e-04,7.452096105300572149e-04,2.150136718750003933e-03,-7.380232810352919124e-04,8.618144090305875299e-04,-1.428348364517469452e-03,-2.829081107066854298e-03,-3.231331972135539649e-03,-9.211972047042863007e-04,-2.620556628944781686e-03,-2.607615384615455129e-03,-2.006276414865154796e-03,2.279175526143887719e-04,-3.806642403172346041e-03,-1.084888318356896615e-03,-4.853159759667278854e-03,-1.204494153533294766e-03,-7.166195467837709748e-03
-6.662154724077571331e-03,-1.063957941501179720e-02,-1.240672753225071506e-02,-4.477646193052470767e-03,-3.298079388629147728e-03,-3.485325835927240243e-03,-4.987389912622307644e-03,-9.941287631009016346e-04,-3.066685805140959963e-03,-3.006225550581401174e-03,-1.733828892005508061e-03,-2.398970651353436734e-03,-1.016650904697258967e-03,-4.268883281533383204e-04,-3.123900533074748173e-03,-1.215177411294235442e-03,-3.425864484605834013e-03,-3.713700480845836681e-04,-1.183712445160190353e-03,-1.677609816939395516e-03,-1.189645677803296154e-03,-1.510165774224300501e-03,-1.753298313784758299e-03,-4.587680395951046161e-04,-1.912343091075107034e-03,-2.837265143838024121e-04,-2.409667479435145983e-03,1.467609461927204748e-03,-7.082107538818467303e-04,-1.293183739083228262e-04,-1.315001207437878610e-03,1.014143704680317689e-03,-2.058918905116921376e-03,2.157908676970415104e-03,3.448151357596765019e-04,2.345648479427526849e-03,1.231478092556784545e-03,6.515710044533105363e-04,2.925335933690902199e-03,-1.129693909750687083e-03,-3.788026634754067777e-03,3.006545491163573579e-03,1.815015479876153689e-03,4.122053978682762958e-03,-1.209415208820121846e-04,-1.158025398638285684e-05,-1.342039197742617802e-03,3.067591048706985323e-04,-2.286144815490977634e-03,-2.102615751790062448e-03,-4.054720566919060680e-03,-1.426862925482498621e-04,4.478406639000656007e-05,-3.118757763975098241e-03,-1.873637295082011172e-03,-3.176071428571872039e-04,-6.870491387125951359e-03,2.407946262684116864e-03,-3.197490902789850570e-03,-1.197051357761747849e-02
-4.733793640897712533e-03,-7.156995849753276621e-03,-8.484441068523734114e-03,-1.198882640785103870e-03,-3.895760190991165873e-03,-6.646850650726899602e-03,-4.993300511841650656e-03,-3.578600165574855399e-03,-2.618706832243570225e-03,-3.294102575508210673e-03,-2.042521468311554299e-03,-4.049890090461830301e-03,-2.026342989985726196e-03,-3.190137779582779415e-03,-1.354723272389182992e-03,-1.916272650942639749e-03,-2.481021769662920991e-03,-1.873462760115270206e-03,-6.297618524860504503e-04,-1.139775941744961517e-03,-1.810231779822197087e-03,-1.802704518881095667e-03,-2.438674882149906558e-03,-2.354206665371122095e-03,-5.506615924333828739e-04,-1.949765132566376067e-03,-1.625417775552669055e-03,-4.268627788009040497e-03,1.554694405333121145e-03,-6.907180203196918887e-04,-3.238072496540765036e-04,-1.697571468448727874e-03,1.348888926213932284e-03,7.354068464838099933e-04,-1.358418897225018365e-03,1.678683867913445364e-03,1.772838662639312016e-03,2.787164044130996561e-03,-2.865111111111130759e-03,-1.364292687853456724e-03,3.200967332048912546e-03,-1.811544268167951822e-03,2.121353300637310486e-03,2.265472771890598839e-04,2.793935597073883385e-03,-1.810839263134404959e-03,2.480937319866705071e-03,-2.714721372201731476e-03,4.515624999999790531e-04,-3.121650652681470621e-03,1.112071948103027794e-03,-6.204558849020607933e-03,9.613832451991161186e-04,-6.870318097926386876e-03,2.693234100135228314e-03,-4.993802065977932629e-03,-3.271787296898102850e-03,3.854051330287548878e-03,-6.214463629096729502e-03,2.458987524302680416e-02
-4.307920535812834878e-03,-7.491177958818043096e-03,-7.173162381865006917e-03,-3.354707218781248501e-03,-5.784519365789094446e-03,-2.381344049672328399e-03,-5.400105888724194593e-03,-3.987272144428765860e-03,-3.723554283874328571e-03,-1.923753293201735728e-03,-2.267004211846991753e-03,-2.497045506447561226e-03,-3.982617525497280167e-03,-2.888374470132006652e-03,-2.982644482564850499e-03,-1.771159580945820978e-03,-4.269848482510685619e-03,-1.469650996163216232e-03,-2.929517609647672161e-03,-5.852626917228981665e-04,-8.625796966227428173e-04,-2.760520268834408542e-03,-2.721609107221792043e-03,-1.497110601848278743e-03,-1.684614305922971927e-03,-6.335971899894284444e-04,-3.278789572640924098e-03,-1.946638820836289882e-03,-2.718233699429921119e-03,6.338414580717232445e-04,-1.074797904871418412e-03,-3.637210022716237082e-04,-1.090370500762834855e-03,1.759938975264447930e-03,-7.657834605733216922e-04,-4.202895532415834730e-04,2.884282447228342199e-03,-1.443925033696012868e-04,4.591813758076948582e-03,-3.004981390277905364e-03,1.741110294889216051e-03,1.360319517515655788e-03,8.829599973308483330e-04,-2.531386540784827019e-04,2.372876667395590940e-03,-1.811885821247665159e-05,2.763598725282742207e-03,6.216529494273080028e-05,-2.833670423741036989e-03,-4.662007867507898980e-04,5.243523571163920781e-04,-5.002946042250007615e-03,-2.991981291558686810e-03,1.491861857980004676e-03,-7.722409924146624201e-03,1.475049881677471353e-04,-7.025020789060395024e-03,2.308190074412587098e-03,-6.979275833396335511e-03,-3.465038303340625767e-03
-4.718576031571563439e-03,-5.820461823802205135e-03,-6.286926223003516667e-03,-4.943096860938781326e-03,-2.106706977376116962e-03,-3.778612117718138392e-03,-3.651820821697081970e-03,-3.072954340061172501e-03,-2.807821319142140941e-03,-2.792471979707523370e-03,-2.198759352267363933e-03,-3.130629008461178597e-03,-1.313373390557993989e-03,-3.102584274719757170e-03,-8.285520225092716596e-04,-1.784963145338839359e-03,-1.394154054309173357e-03,-2.452117474851387563e-03,-1.785067535011022454e-03,-3.688852369546189933e-03,-8.030215237953408766e-04,-5.474193548387866612e-04,-2.276113297250781462e-03,-1.371042020122196494e-03,-1.272156256337472063e-03,-1.375880608545067101e-03,-4.807209553451582528e-04,-1.801234602933013060e-03,-6.475793494365470956e-04,-2.399913661325852633e-03,1.373462405123250258e-03,-6.794852272551904319e-04,-1.557844866973695161e-03,-2.281293942556367204e-04,-4.136148571628909870e-04,1.228420275590606141e-03,1.634328152936351947e-03,6.650931392931872920e-04,9.666981525821626096e-04,7.784953271028430006e-04,-5.605230996769328860e-04,5.160122989592908545e-04,2.613611805679549611e-03,-8.041772548474181203e-04,3.357780200860891167e-03,9.931334212488461283e-04,1.595933924914646074e-03,-1.987484799911583017e-03,4.132435840089476557e-03,-3.278057641443374998e-03,2.932650695517691804e-03,-5.108270815885674818e-03,-2.931030031129743581e-03,-3.111067305330382851e-03,-1.997231247351295182e-03,-2.456316109422514941e-03,2.228218379042273931e-04,-2.288897581060318157e-03,-1.290036613272233174e-03,3.976536784001141744e-02
-5.794140326628588467e-03,-4.422700990497302129e-03,-5.462627357198133332e-03,-4.075675317015610769e-03,-3.743171894671967585e-03,-3.253543500847599305e-03,-3.917434423284306064e-03,-6.664944453795772564e-03,-4.649039919004917081e-03,-2.923450704225291977e-03,-3.380716004634684753e-03,-1.115616689523681688e-03,-4.185281311674453504e-03,-1.726757782371213159e-03,-3.233740354062691631e-03,-2.679242687650590198e-03,-2.994040689155204587e-03,-1.266462001743337996e-03,-2.062914285714248595e-03,-2.366363066016302034e-03,-4.597169521704370584e-03,-3.549586218289943820e-04,-9.987292515439285482e-04,-2.555482587740093119e-03,-2.000023943811816540e-03,-1.602020067232946647e-03,-1.156342319147740877e-03,-6.909756536957595546e-04,-1.695810817886686615e-03,-2.059037401384410625e-03,-1.851082128806435991e-03,7.974011350464642366e-04,-1.693073423281959251e-04,-7.884714779834980578e-04,-1.635164466206187302e-03,3.090691859944504939e-03,1.440872965625172863e-03,-2.779942541904733525e-04,1.554537885095794549e-03,-1.516205095743129911e-04,4.339559971611197525e-03,9.827602847147472783e-04,1.252267169811293983e-03,4.659182176839146185e-03,-2.979521783402416021e-03,4.711080133105468790e-03,1.541118419076714912e-03,2.244336893954655514e-03,-1.989177309524484561e-03,9.667850904460522938e-04,-3.691836542825704080e-03,3.321056105610488418e-03,-1.097459497868443802e-03,-8.758992592591783319e-04,-3.630329113924090061e-03,-2.743574185579678720e-03,-6.020559669198939298e-03,-1.768775278345843111e-03,3.694088698140332323e-03,1.988413878962470155e-02
-2.415252201559406862e-03,-4.207199517031872185e-03,-2.234300210776111236e-03,-3.353782125143939079e-03,-2.905003952569113618e-03,-3.514153075379475126e-03,-3.756632146442814239e-03,-3.862546749777350571e-03,-4.952834283612339052e-03,-3.254435043469354819e-03,-3.318562591083622313e-03,-3.610591512174749461e-03,-6.490529723895167857e-04,-1.788648904785838803e-03,-1.254337080047194250e-03,-3.261651863382445792e-03,-1.377347014008353842e-03,-2.549899439601513180e-03,-1.687823196650612215e-03,-3.639648360018381094e-03,-1.291676321620667230e-03,-3.639829150099409272e-03,3.374716889721881608e-04,-1.383180166298374290e-03,-1.366288518289685916e-03,-2.188050422884247562e-03,-8.562304753489731078e-04,-8.374147868873725109e-04,1.369706606878291579e-05,-1.375871707245844653e-03,-7.719080582429322561e-04,-2.742444268217552900e-03,1.506470534224901067e-03,-7.277948520937694904e-04,-9.016225620361340042e-05,1.102297669264261327e-03,2.363456577816011508e-03,-5.167797872543859012e-04,4.286115184763533150e-05,1.431067224117144824e-03,2.157258327890291746e-03,5.052057631300756885e-03,4.162682398065338085e-04,4.591019703273457701e-03,1.986864529873175363e-03,3.188677811552620113e-05,4.019349665083616838e-04,3.318489708296520815e-03,1.782720741389288727e-03,1.341242166656989509e-04,5.702735887667081369e-05,-2.508371770417909714e-03,2.128455965222951062e-03,2.686162173202488995e-03,-4.700257496915417020e-03,-6.146612525607266994e-03,1.885851262070015882e-03,-6.172613660619060728e-03,7.128066843904686326e-04,-4.781511972121765125e-02
3.082292858472450176e-03,3.060355329309552997e-03,2.714924445527625279e-03,2.059999999999957265e-03,1.975004384316719330e-03,1.862191354210468918e-03,1.304623051194801634e-03,7.034632398539216467e-04,1.092016616945924159e-03,1.204248032333521921e-03,1.124408415335503321e-03,1.298221188260577710e-03,1.288684028716407517e-03,8.758953449884888552e-04,7.342689385217619855e-04,7.853722126930270378e-04,1.638653076864113062e-03,1.125804938271616215e-03,1.568662787059690823e-03,1.725442629270838987e-03,1.876541511752151956e-03,1.622739437965978150e-03,9.368894171371480598e-04,1.205693354903690289e-03,1.592566677907945394e-03,1.973037627710060547e-03,-1.157755721656709844e-04,2.465737958926439953e-03,6.929797222151472041e-04,1.433020240563050943e-03,1.486200013477985893e-03,1.344213231211734789e-03,9.301509383257861334e-04,1.297875490990677569e-03,9.315041473450143272e-04,2.327397106650242169e-03,-6.519797214444080250e-04,2.416787279469655852e-03,-2.930103894573525590e-04,-4.098629166122206278e-04,1.328901174056733173e-03,8.657732656514798919e-04,6.760836096996973923e-03,-4.206785621255638291e-03,1.492964465756796682e-03,2.931750621417568122e-04,-2.666666666666722522e-03,4.616997785197165605e-04,2.829801412768222224e-04,-1.040793406945107313e-03,2.028052196263274536e-03,-4.039526665094475034e-03,-8.560451851023315141e-04,-1.659883468127622893e-04,5.429356984478079769e-04,-3.636610448375178755e-03,-3.732276780917640965e-03,-7.422522681451593912e-03,2.548027372805647048e-03,5.364424708254219437e-02
1.062178265385591101e-03,9.088768048469728989e-04,1.172623382846112259e-03,9.146427786863621512e-04,7.740020225003092129e-04,1.023703220628120747e-03,9.836664893024785368e-04,6.849272267794789815e-04,6.586424357965265514e-04,1.137508489972704952e-03,9.497611023419929828e-04,1.152153474408631681e-03,1.131625179511731687e-03,1.460681598938896875e-03,4.338763051723057516e-04,1.569842334011437327e-03,6.821298139468515024e-04,1.416016292714440987e-03,1.624110506488101900e-03,1.230246082195227781e-03,2.677119046465326752e-03,9.941947348977818455e-04,9.804823569056564728e-04,1.663738786321267539e-03,1.721362614346913338e-03,1.676934515002637691e-03,4.923073694225884277e-04,1.487232105973443136e-03,1.107189389610253307e-03,3.717963169277675880e-04,2.435004014881805151e-03,4.221229547477842853e-04,8.144273925003956294e-04,3.150728144257868013e-04,1.160527479519700813e-03,1.658351983723314578e-03,1.618027888827310544e-03,-8.929625598199045916e-04,1.320562724772594105e-03,-2.223888843829890764e-03,1.779017991583262473e-03,2.566924603643510987e-03,-4.394301077971915145e-04,4.280952773375613744e-03,-1.025681941677289172e-03,4.469981528416211870e-04,1.116979222163060883e-03,-3.687271427971006502e-03,-1.699954524784019457e-03,-7.074565493852986173e-04,3.069400899673383875e-04,-2.344284250326839850e-03,-7.546547416446408845e-04,-8.127208993110309832e-04,5.756411589545063498e-04,-3.663874726875343893e-03,-6.770287546143306627e-03,-2.976052050379131286e-03,-1.291213424522336811e-03,-4.403999734793355436e-02
1.236279863481181155e-03,1.604442136691213664e-03,1.433285847357652649e-03,9.545483911672183498e-04,1.164500225976177828e-03,1.118362904654505085e-03,8.265256706519949221e-04,3.309367943023489283e-04,7.909232519708985897e-04,4.951318360050594499e-04,4.033198249993621932e-04,4.528760436738147330e-04,1.265277634923731844e-03,5.190029898285863528e-04,1.446701773500334853e-03,7.303497214674013749e-04,1.875785074072402114e-03,5.849137740786051988e-04,7.293358533827613843e-04,1.214976283351581554e-03,1.597811836980330292e-03,1.242237924865837763e-03,5.869058840678873434e-04,1.355217630497404860e-03,7.706119590647457366e-04,2.445209760340490493e-03,5.685950067274970045e-04,8.051720040737074579e-04,8.377116258328072248e-04,9.036980633673394314e-05,1.531401997154500406e-03,5.527247255960654254e-04,5.452898954702882148e-04,1.018361206972719308e-03,-2.686008896077439392e-04,1.137043124491438333e-03,2.318746202942124045e-03,5.247025362390603633e-04,-2.303754266211996871e-04,-3.996896620317952169e-03,1.308170309252309734e-03,2.716569114817187175e-04,3.609713802236591464e-03,2.298223429825339446e-04,5.013685498000121539e-03,-6.307144550324726533e-03,1.441251918735829115e-03,2.066227430750221857e-03,-3.521633861774121823e-03,-2.386578966816615412e-04,-1.639071688760420850e-03,-2.544891013107703154e-04,-4.097051608248218277e-03,2.273773849388634714e-03,-3.048848069194457291e-03,-3.239325564607564625e-03,-7.489896027725791725e-04,-4.291510951526029960e-03,-6.352319226924328655e-03,7.209193380173251064e-02
9.935086629192246572e-04,8.791603932700672603e-04,1.789301310044512339e-04,4.530446027778009207e-04,3.111773698374582309e-04,3.775934219217523931e-05,6.270160717907508497e-04,-3.349790405206223045e-05,-8.045866653401767088e-05,-7.765437800532074203e-05,-4.698710036140875596e-04,2.758094782597923528e-04,4.430544418351386429e-04,6.646388954450407362e-05,1.098447836766713653e-03,-4.201981943641484103e-04,3.295318934749607242e-04,9.669679536018756325e-04,1.089693416778864300e-04,7.602974382924721961e-05,-3.966188733765613965e-04,9.710062452205093239e-04,3.484294950487535443e-04,2.943579747496285885e-04,-1.393274186181513935e-05,9.112901153266299574e-05,1.094791833278386953e-03,-1.041868538223674444e-04,-6.080157935396020286e-04,-1.818056868692899592e-04,-1.409640594275990866e-04,6.277027027027077101e-04,-3.180352902191176589e-04,1.071362818824592270e-04,9.378900445764014153e-05,-1.334907604039133359e-05,-3.701981365531360085e-04,2.035828970331687773e-04,-4.427399983933998453e-04,-3.826374751885665716e-03,7.967506162694603083e-04,1.008151029252538208e-03,-1.214962262585969014e-03,1.756429715099036733e-03,-2.420583421689347092e-03,4.243560185982493682e-03,-3.629814164977923988e-03,-2.257312159279554857e-03,-1.252316511050667776e-03,-2.585166807630749023e-03,-3.682229191986560301e-03,-1.669978826255325358e-03,-3.897984892504318885e-03,3.594469342024840617e-03,-4.173744020142759054e-03,-4.891149666348950861e-03,7.062898403565885967e-04,-5.435765779020143053e-03,-4.234027610562747512e-03,-2.313783682634738912e-03
2.637622240046018710e-03,1.761416295996797192e-03,9.460125913835330542e-04,5.138068041370918819e-04,5.848436254980124730e-04,1.327455756687019421e-03,1.196718095657954258e-03,3.849358958084195086e-04,7.243468286780587427e-04,7.092278179846748859e-04,6.594998911031586244e-04,1.090514791910529233e-03,4.534738771769098028e-04,1.557165843007152315e-04,3.054035004589831636e-04,6.797593113672326104e-04,6.743333536734260995e-04,6.993151524436943276e-04,6.492693364988194301e-04,1.889016416913203919e-03,1.673129608467038506e-04,1.574395137737811742e-03,2.134753115127233027e-04,7.813937018248365458e-04,6.162158077181781844e-04,1.084559990797186397e-03,1.629955918578349658e-04,1.680958150997690671e-03,7.145061869321329192e-04,6.136894269943994184e-04,1.553350346439963739e-03,-1.182510609473689947e-04,5.804150829892693519e-04,1.066222334285981841e-03,3.675334896905488725e-04,2.539808406288565678e-04,1.344297534016340636e-03,-2.883954179044702243e-05,9.448440818948871615e-04,-3.363996531935146278e-03,1.071663672002658423e-03,1.161496918482778692e-03,-4.439888873953205068e-04,1.512195121951234625e-04,3.228666263062223308e-03,-9.760881705871719480e-04,3.319790919523808639e-03,-2.505848939792579017e-03,-6.217708229675220424e-04,-2.724575742450709333e-03,-1.294057927739724603e-03,-9.012706813919756348e-04,1.716333588240281146e-03,-3.411217762666883015e-03,4.704870997415937380e-04,-3.099453626553750132e-03,-1.618777587370840614e-03,-7.425075790385481187e-04,-6.022883148831556163e-03,-5.259718614718643208e-03
2.490046320295646442e-03,1.462002965338954179e-03,1.286730694241832677e-03,1.045964849698879104e-03,7.179643447799426322e-04,1.014935040669597043e-03,2.164430963665012978e-03,1.770000000000133446e-03,1.569084628670080941e-03,1.744773337704760017e-03,1.270808670383173243e-03,1.565011314992943887e-03,9.680033493824742813e-04,1.054763149713258078e-03,1.249070490670469010e-03,1.110754568531676202e-03,1.676397809499348890e-03,1.243726054226042396e-03,9.599646289888345407e-04,1.202310514597590722e-03,1.223126467628270903e-03,9.806383982636783687e-04,1.294191474160587838e-03,1.405186481126201271e-03,7.344846667439405320e-04,1.065267926524803444e-03,1.025891349687121186e-03,8.632916605383428527e-04,1.620198687103725039e-03,8.813354648302835484e-04,2.658135764057024085e-04,2.028434985725488613e-03,2.748352356277422733e-04,1.499757784028706541e-03,1.455978152646192098e-04,1.959141838479122686e-03,1.533022876324859020e-03,9.858419040083506223e-05,1.308054592720991763e-03,-1.569931967812735005e-03,2.256707686442215727e-03,-1.321028405382114511e-03,1.902054336422351810e-03,4.450504160774926667e-04,9.862008888888846008e-04,2.567712257712257556e-03,-2.456514461899928815e-03,5.413926070184709068e-03,-1.032200678623391901e-03,-9.975778510494222664e-04,-3.397146245059308976e-03,-5.167129497543169331e-03,2.291343343077243636e-03,-4.221626415609334299e-03,1.477157636566363849e-03,-6.818022457005276475e-04,1.459346250554679472e-03,-4.726368080027215646e-03,-2.616096727918537559e-03,-3.201851851851830744e-03
