1.643553403219718753e-02,9.529175078491141510e-03,1.327651154929574209e-02,5.947507962796037655e-03,7.587555580526353718e-03,5.758921561946712432e-03,2.995954715543406536e-03,3.888298539549808145e-03,4.472242184563768319e-03,1.257834385224249844e-03,7.420416131314465369e-03,-2.299827060414862297e-03,7.388879261360045692e-03,-9.948201059987483996e-04,2.655063799377641812e-03,4.015123251822335336e-03,1.315039634202052037e-03,1.560594141403403093e-03,3.214398494063159563e-03,-3.149734698571574239e-03,6.256250535736200720e-03,-2.993023923913779288e-03,6.774220216706595445e-03,-2.475335304835028262e-03,1.769240793121803308e-03,6.174478754251785766e-03,1.916727962255855523e-03,6.433412469279024826e-03,4.297891030489574271e-03,-3.671412043618908273e-04,8.501544443978078028e-03,1.829751269291035284e-04,9.123556627246901668e-03,3.064605464411513779e-03,6.605360711623308248e-03,4.858948558425372870e-03,-7.645942736562018165e-04,3.618670467628389616e-03,6.235553997773425096e-03,-4.105599234597050694e-03,7.582919983887483235e-03,-2.891461654249606432e-03,1.055526530768422823e-02,8.713935763925798614e-04,-9.204284143215695022e-04,4.093298032197573047e-04,-3.852197932221142641e-03,-6.044795617789574431e-04,-7.960994502175074627e-04,-1.252192289576809425e-03,5.630060290146348886e-03,-8.678812447543177155e-03,5.379345222560621628e-03,-1.906986940783592360e-03,-1.393742999569100348e-03,-1.973307062973805957e-03,-6.095094777375965368e-03,-4.456645619358898767e-03,-4.439826344579178574e-03,-1.025962163376432784e-01
1.027494142899341295e-02,1.620071040300318996e-02,9.463325094530756348e-03,1.312813767434957771e-02,5.917003220104005874e-03,7.547729247593279629e-03,5.737232005387338241e-03,2.999679291598957541e-03,3.903343630570634427e-03,4.486240048662820147e-03,1.268278556695135806e-03,7.387364697636186230e-03,-2.358312665675268809e-03,7.316384497870785826e-03,-1.064510861511124874e-03,2.593657077678150017e-03,3.976518391196453769e-03,1.300398788521271417e-03,1.581680590095581795e-03,3.234096175291797243e-03,-3.186405894485243046e-03,6.193222250642932587e-03,-3.045874485543067622e-03,6.658363450419951812e-03,-2.508210653082910101e-03,1.805578112006377004e-03,6.206235098400394654e-03,1.924643045420280788e-03,6.441854815176344291e-03,4.315193562639360603e-03,-3.339989680172812518e-04,8.529655458984907943e-03,2.040138081588196094e-04,9.146794350173865357e-03,3.070844175141171188e-03,6.544027398076863143e-03,4.762774287556513324e-03,-9.072948235682706591e-04,3.536373584247660441e-03,6.143889166705578629e-03,-4.182883277165749640e-03,7.583161229264588805e-03,-2.939864219204634411e-03,1.062736191241472720e-02,8.777178999615958864e-04,-1.215543807935842930e-03,1.292564946437465190e-04,-4.294455247989066755e-03,-9.073782860890639229e-04,-9.964278974504542623e-04,-1.196187204978477149e-03,5.658629597692987206e-03,-8.994511688314429931e-03,5.267462981421701385e-03,-2.036719123592481504e-03,-1.724499824013885334e-03,-2.535452295993868843e-03,-6.967968534339992123e-03,-5.301460715632047571e-03,2.673096748749828264e-02
1.016283662917602353e-02,1.013939423324903936e-02,1.594471908624978118e-02,9.532407579336942688e-03,1.311310768760197767e-02,5.826032274370745827e-03,7.113388248209185846e-03,5.873495518838939972e-03,3.314808669856832580e-03,3.794241293792383063e-03,4.261033802872474241e-03,1.319431874603120645e-03,7.571524903155333990e-03,-2.592779388559719039e-03,7.587426455950365550e-03,-1.182816481858530453e-03,2.455601113853499943e-03,3.933169337173544541e-03,1.314967459129101277e-03,1.845158708970376718e-03,2.787568134387274129e-03,-3.357467470722611327e-03,6.395437061053332872e-03,-2.649541542140644058e-03,6.835972955440188827e-03,-3.741112484645910639e-03,2.823518905244033934e-03,6.207160243586793726e-03,1.090766081016632163e-03,6.387728295075356146e-03,4.568543466330609974e-03,-4.859696020221456175e-04,8.554682145285215367e-03,-2.722679676462581790e-04,1.013207228611412436e-02,2.287119953419143332e-03,6.816054329555903610e-03,4.223659848255587566e-03,-2.737318276785764858e-04,3.121450158979995840e-03,5.556862682008415107e-03,-3.269008241455952351e-03,8.310937669769787386e-03,-4.442947368103064565e-03,1.059001449283189511e-02,2.817080225890621656e-04,-2.273722056999947453e-03,5.942095693541845150e-04,-3.040177688199138546e-03,-3.755912685372843254e-03,-1.447067810592774558e-04,-2.235065458080632075e-03,7.926167103402759900e-03,-1.022926946633618932e-02,5.963097802294020817e-03,-6.086568179109913199e-03,-2.409047071608510886e-03,-4.382829609692506963e-03,-2.810399334068264254e-03,-3.474236399617311455e-02
1.008356973672260883e-02,1.032635403016408417e-02,1.013093410468418436e-02,1.576985560010966611e-02,9.127633694849226348e-03,1.293489446242592454e-02,5.947706535910449351e-03,7.410296770008550221e-03,5.584878246389578596e-03,2.925848477112807152e-03,3.838305382942371578e-03,4.706286399876797970e-03,1.172841245334863090e-03,7.476005486299914377e-03,-2.313187210118680236e-03,7.027985130463147712e-03,-1.153874048214314314e-03,2.575403514953866855e-03,4.287230131602059492e-03,1.174333003447831274e-03,1.640533146750812465e-03,2.606809361005151416e-03,-3.192177363351398484e-03,6.302512316810809923e-03,-2.623034395060066908e-03,6.843719415366124152e-03,-3.005754871433741378e-03,1.460650290090425392e-03,6.055172704752784935e-03,2.045831738537122208e-03,5.946581504985169395e-03,4.444147541755118919e-03,-4.228707814192872905e-04,8.926182032189524870e-03,6.219223731566188990e-04,8.066698140634084857e-03,3.274981896535183925e-03,7.276182650147890348e-03,4.084046968228972722e-03,-2.054600437428569671e-03,5.193601867882994584e-03,5.015578799209603582e-03,-4.365772042314076257e-03,7.338795662579086602e-03,-2.084904069745067198e-03,1.111210737986196261e-02,-1.095097592199747961e-04,-2.942763539502230366e-03,1.896721039205230292e-03,-5.820769189067345924e-03,-7.447663226052594595e-04,-3.640091107452738360e-03,-8.754139910694870184e-04,5.644913483708741131e-03,-9.233171081805024646e-03,4.662731633789934417e-03,-4.938481370472850088e-03,8.351071682211697132e-04,-4.352967591416234683e-03,-4.349974514198071823e-02
8.779245785151790563e-03,9.795045256715885149e-03,1.023471625323930413e-02,9.734091614327259473e-03,1.570755240906253694e-02,9.288043399355176699e-03,1.281272446255442461e-02,5.867414601182615458e-03,7.200383934475246619e-03,5.794041438857116220e-03,2.537060709849303305e-03,4.113579137644849532e-03,4.644024753405262725e-03,1.172391366358206633e-03,7.110941315350540783e-03,-2.153138194190123370e-03,7.089385599883342784e-03,-1.046975278974082452e-03,2.721181147971251605e-03,3.687565555149689527e-03,1.018230644526046209e-03,1.960877493044244080e-03,2.612142793965527461e-03,-2.670516164381949841e-03,5.793472823296077177e-03,-2.727008192617529948e-03,6.401775012906801669e-03,-2.569739566494767032e-03,1.758880109755576364e-03,6.183257517042502725e-03,1.810344721533205551e-03,6.209554228690038202e-03,4.307475084980617874e-03,-8.191470065959219652e-05,8.313382036716342877e-03,8.774886160601894059e-05,9.029551600997590480e-03,3.089293398000983633e-03,6.513930839136722155e-03,4.266261495326958628e-03,-7.001452703805245009e-04,4.018592407284099326e-03,5.705496535025368632e-03,-5.115484607621365552e-03,8.987797045573625229e-03,-2.739209655093510949e-03,7.565541317694862017e-03,1.970907453558634701e-03,-1.532498602571394667e-03,-4.872272663973880246e-05,-4.073811947708374549e-03,-2.491297958130848055e-03,-8.374771866422423428e-04,-3.692067562787358214e-03,9.396055146715901960e-03,-1.293842584590832769e-02,1.145198031900434080e-02,-8.472750049991392349e-03,1.402918672318531049e-04,1.160586711418136463e-02
9.012117663510864352e-03,8.715086594640540293e-03,9.813633301155033628e-03,1.012509813061049369e-02,9.757787347244651840e-03,1.514261892428427937e-02,9.183031060936899109e-03,1.234602099114843164e-02,6.123426186077539184e-03,7.175622970780214452e-03,5.849847419712143545e-03,2.729838755491483665e-03,4.089621560436323966e-03,4.250041599211537569e-03,1.365018911812503500e-03,7.256837053147771263e-03,-2.545774348049866052e-03,7.373790381852327394e-03,-1.455897616768525409e-03,2.770089224349379670e-03,3.907667641281298981e-03,9.638483130610631892e-04,1.711734324670441919e-03,3.424325207126102492e-03,-3.434925054864298131e-03,5.864619888860648882e-03,-2.977205816679560479e-03,7.123122958503539520e-03,-2.457368299981060964e-03,9.202452984721197233e-04,6.176249695975827292e-03,1.871190880274802709e-03,6.283079748568680574e-03,4.703800707360094278e-03,-4.967807630847521222e-04,8.456817402839046996e-03,3.677867839845468782e-06,8.634947182590196890e-03,2.990284821448793273e-03,5.586201636360615085e-03,6.083512988334946123e-03,-2.179703332706159347e-03,3.814659443643462870e-03,5.439312579418503595e-03,-4.493795904345361698e-03,9.116104721911348283e-03,-3.977390601551646088e-03,1.036176703753110238e-02,1.197820757983544902e-03,-4.960796007742978089e-03,3.074726109049956413e-03,-6.548543118430645051e-03,-2.990715523115963868e-03,-2.877059659673961243e-03,-8.714613612793783992e-04,7.492355624473886685e-03,-1.175021258621638393e-02,5.909432179843460489e-03,-2.308811283034353790e-03,-4.812071962100749993e-03
8.237753931556741904e-03,8.411937149306349809e-03,8.839499648502450319e-03,9.412204390697146913e-03,1.005544648821427196e-02,9.883887362378386901e-03,1.513416199921639900e-02,9.107848736411384982e-03,1.224007538262658623e-02,5.793467642897028209e-03,7.464138248648775550e-03,5.655323376518471210e-03,2.643453387237163811e-03,3.656281564679569971e-03,4.438074254630640543e-03,1.635820743605793113e-03,7.170059724273523429e-03,-2.411455215239472361e-03,6.833122311438199516e-03,-7.561264109834759609e-04,2.202514497627231123e-03,3.821045349060660495e-03,1.377251027580477308e-03,1.694784234158930704e-03,3.431447224102887519e-03,-3.675337535207890468e-03,5.767054227868225781e-03,-3.124806445686460765e-03,6.595743766897897015e-03,-2.303622571448054636e-03,1.998033227605597751e-03,5.747583115773571838e-03,1.435512329966103168e-03,6.804253926080445526e-03,3.678838446379274936e-03,6.034463059823837400e-04,7.952862756763028756e-03,-5.462053722964550773e-04,8.591500076120620402e-03,3.686947219931093617e-03,5.809053183189250881e-03,5.254672004573796365e-03,-1.422603468779887670e-03,3.907438942749832250e-03,4.761110135296896771e-03,-4.024810837426165931e-03,6.973902426577418927e-03,-3.440961095964849108e-03,1.131939308494090898e-02,-1.459816181983153655e-03,-1.568980997580472639e-03,-5.319945390315068646e-04,-5.022218098917672832e-03,-2.433277341913703262e-03,-2.760936455896196521e-03,-2.510844339888299720e-03,7.703135453107394330e-03,-1.361151988554187321e-02,1.040700746037039222e-02,-6.063355198159564585e-03
9.657401887011701422e-03,8.002319929148434333e-03,8.292302894632834487e-03,8.920702463645817024e-03,9.562582420016995169e-03,9.642374377605860206e-03,9.872816374672042927e-03,1.485139015484133150e-02,9.083807010981508404e-03,1.232716275448629377e-02,5.611164187855306046e-03,7.301016828722492122e-03,5.625473459930465867e-03,2.842905482019050280e-03,3.937563498815653540e-03,4.185520334957362060e-03,1.498290562029763870e-03,6.774867263873148547e-03,-2.491210341671760108e-03,7.621752021268303826e-03,-1.593637553792006355e-03,2.725199140930688324e-03,3.836556041765127028e-03,1.221972408353138402e-03,1.359405988628498022e-03,3.060637843485260971e-03,-2.813502537604436072e-03,5.657632322541407757e-03,-3.490350044175603416e-03,7.108369656013992927e-03,-3.093763370724367679e-03,2.073605523270346390e-03,5.858657108667919902e-03,1.782661532963953624e-03,6.148747163016197309e-03,4.273044142249673126e-03,-2.770877908645416328e-04,8.736984188401752255e-03,-4.576380365543694065e-04,8.790743908359875333e-03,2.983948911055396211e-03,6.229318701260716344e-03,5.583189318342622783e-03,-2.877085455994360472e-03,4.168566925618726916e-03,5.605096621749934907e-03,-5.646563363310183430e-03,7.671116053756626280e-03,-4.016708455435537284e-03,1.100652657169674462e-02,8.873982668925190073e-04,-3.958159920127282683e-03,7.754892317307551103e-04,-8.625202762901880774e-03,-8.192762241927134060e-04,-4.033855702094647430e-03,-3.301649462113828790e-04,4.091254336142883391e-03,-1.386780812144043987e-02,7.524576263035288870e-02
8.392148832624461013e-03,9.856426144452479221e-03,7.800559258309846915e-03,8.603578726382093977e-03,8.549215495762570519e-03,9.402726185968494216e-03,9.901354056290882777e-03,9.691178621726343964e-03,1.467365756252617115e-02,8.954837250702134613e-03,1.198762352421333700e-02,5.714793776739472350e-03,7.541791786647989750e-03,5.263638878983559720e-03,2.949426325117644396e-03,3.833525143631117370e-03,4.071096830505616278e-03,1.354755416636581810e-03,7.474940901252479127e-03,-2.869033308500689838e-03,7.189029651089075441e-03,-1.250877536930112199e-03,2.956188491163751816e-03,3.618017900331727422e-03,1.171438270045047862e-03,1.669789197379830661e-03,2.966798720507150561e-03,-3.394889983140007665e-03,5.939575169102426395e-03,-3.130405531743451954e-03,6.633715348673874593e-03,-2.991298770963020728e-03,1.731318482532108807e-03,6.044965588489301794e-03,1.383513336341649471e-03,6.649458769837172760e-03,3.914638143021442578e-03,-1.993219076793794643e-04,8.024790796621624964e-03,1.599939104487681186e-05,8.983346584929104844e-03,2.967236016273823700e-03,6.216875154077605020e-03,4.472678095039779762e-03,-2.793458501224015816e-03,3.682259542759836433e-03,6.330778454452339055e-03,-5.195456573254771115e-03,7.835514586301810941e-03,-7.177580541346283149e-03,1.391336736358001792e-02,-2.193412569688679963e-03,-1.418623016527258878e-03,-9.164717644727263073e-04,-6.530713838837925826e-03,-1.261966814171344058e-03,-5.540958038182338709e-03,-3.520931766014492436e-03,9.326560955907179165e-03,-9.189168500386062088e-02
7.358577677760498592e-03,8.831132967475310153e-03,9.554009931150851329e-03,8.002973681308943321e-03,8.213900127782237590e-03,8.390108771632345114e-03,9.407141170957497231e-03,9.710689369136786889e-03,9.600428110827109035e-03,1.445613981683617835e-02,8.949925916018621266e-03,1.206342661562384219e-02,5.323009433957329346e-03,7.458720073108732890e-03,5.405175554612385441e-03,2.828412503115530340e-03,3.743279887807573949e-03,4.370283850095244178e-03,1.472439853436965495e-03,6.733544208261353636e-03,-2.403048896414105781e-03,7.164825116928466575e-03,-1.291291262670765964e-03,2.724989079420328530e-03,3.728702143068082526e-03,9.783178280867346321e-04,2.005823789617549192e-03,2.828296500431709635e-03,-3.310613193680743329e-03,5.980945072710624512e-03,-3.012212269106398846e-03,5.919205628466446718e-03,-2.147887829865002471e-03,1.107590626222703127e-03,6.308936504453443658e-03,1.358017243114447836e-03,5.943342470775533036e-03,4.332107796385450613e-03,-3.373178180604082693e-04,7.648688310930840811e-03,9.898149353936068571e-04,8.545639534195841047e-03,2.507898312490388325e-03,5.955632777464917732e-03,4.557208462517982339e-03,-2.218741426523095583e-04,2.852707927661396817e-03,3.361633551942655798e-03,-3.869823925981704608e-03,6.189641167695806093e-03,-4.012134298457720877e-03,1.072103538497312138e-02,-1.539875675221914634e-03,-5.732498801916998017e-03,3.734427228154713237e-03,-6.830866056381642952e-03,-2.259316618441384403e-03,-7.997346215624341961e-03,2.990824046115825568e-03,6.115801631636604008e-02
-1.451640138153342460e-02,1.297071029160539422e-02,3.787877912169663845e-03,1.530107167985358778e-02,-8.398041327149507324e-03,2.356678215564915815e-03,-5.604551319938117816e-03,-1.398735590374931663e-02,-6.056782959503911575e-04,-1.087481103256105093e-02,-2.283188780053425904e-02,1.448193403372061952e-04,-2.749661850194268318e-03,2.264409160630177428e-02,-6.540176762416251635e-03,-2.160503966205111134e-02,6.157783616169568500e-03,-1.313552393242603880e-02,-1.932005313869404259e-02,-1.673285323652728626e-02,-2.430428561990510133e-02,-9.360581486374088336e-03,-6.060670323669601310e-03,-1.929181195535143280e-03,-4.933253713803959807e-03,-1.093571620514912843e-02,5.534475002429305179e-02,4.417089123816500540e-02,4.816008479828856603e-02,1.012616296137958290e-02,-8.025887913669062929e-03,2.440368424293754349e-02,-1.079430459193894427e-03,1.853384969740757421e-02,7.003397753968249560e-03,-9.809969035854551947e-03,-5.575937085004277483e-03,-3.417885640533141565e-03,1.540066119555497971e-02,-2.606640644629157257e-03,-8.457211244668503408e-03,-3.153726396980971458e-03,-8.035864248287009209e-03,-1.847001583113445792e-03,-7.667111236191732730e-04,-1.907868672110015970e-02,2.357683204976305721e-02,-4.630891827678233763e-02,5.366748467234652015e-02,-7.136712258652080920e-02,2.730522930261745918e-02,-2.691916746228765686e-02,-1.516120148094446222e-02,-1.470305013163680785e-02,-1.536712495575219030e-02,-1.666449851363586282e-02,-1.092905642361119770e-02,-1.757992848316342060e-02,1.982842700814905698e-02,-5.458230576316636454e-03
2.079183752652314851e-02,1.577378004535139391e-02,1.622002436336225997e-02,5.152690882134856182e-03,1.059509487727479209e-02,7.562067866251123358e-03,2.064881572097831096e-03,5.388384335940008853e-03,4.940559518501963336e-03,3.933328274396777693e-03,6.861061383699574613e-03,4.804009464188910977e-03,5.793757599338531135e-03,7.285469664912268403e-04,-1.138970588236085113e-04,-1.099547178106331964e-03,-2.906618079228224486e-04,1.717694865580852949e-03,1.587366444073534015e-03,-7.564435169421291662e-04,1.062638263005784522e-04,1.608482618895199032e-03,-1.337388422448119139e-03,-1.810200298953567937e-03,-2.148112947658484869e-03,-2.358245439138775823e-03,-3.191230808861263753e-03,-5.483959774343813952e-03,-3.418594514923510574e-03,-5.314532445102397064e-03,-3.545317869416113733e-04,-4.402831558567232677e-03,-2.145373665480495044e-04,-6.328623797468394506e-03,-1.707781913910946456e-02,-2.724783861671361586e-03,1.869718982986073429e-03,-1.937568015925704955e-03,-7.574888116578261908e-03,-6.533746209922986761e-04,-2.729705107613304791e-03,-8.310076999012802612e-03,2.459625930146805937e-03,-3.587461238986459217e-03,2.980984754840671088e-04,-1.590933676754637894e-03,9.298143699497072060e-04,-4.430343991513908085e-03,3.537458193980001601e-03,-3.590039260592091906e-03,2.556785349233332144e-03,3.182047535374073113e-03,3.039546619357316910e-03,1.501238938053147103e-03,3.134415197985857948e-03,6.481019321278223833e-03,7.343005308289086638e-03,3.676536158452312682e-03,4.258477508650461256e-03,3.949047116015938497e-02
2.360766283980720096e-02,1.897796226864245303e-02,1.659116170070300961e-02,1.973178656801367545e-02,4.283591384615395743e-03,7.307492276004057784e-03,6.172347140039419200e-03,4.766088422144420904e-03,2.117401599015961491e-03,6.274135521792160823e-03,4.625585967034619682e-03,5.000737901783442081e-03,6.000689198469561988e-03,3.928904295549314613e-03,6.849702219815105618e-04,3.570626043828112935e-03,4.167196786263896945e-04,1.407845719661425738e-03,3.025225788288226671e-03,2.156173386886408271e-03,-8.783066248141344892e-04,2.529710805138960829e-03,4.040621872005144624e-03,-2.425722671665352624e-03,3.090763694519107623e-05,-8.673436728242065255e-04,-2.174835087719299235e-03,-1.646237393328628070e-04,-3.805748973839112072e-03,-1.627083862769914844e-03,-2.902236302646275974e-03,-1.444125909385483245e-03,-8.155911270009643830e-04,1.827785714285766559e-03,-2.488389302847795592e-03,1.477845153014483923e-02,-2.317701818181743846e-03,-1.997298687936718833e-05,4.342899190581706883e-04,-3.958261617901291874e-05,-6.881302562096575613e-04,1.120490952720681888e-03,-6.430930699698675368e-03,4.080991461100569144e-03,-4.494769798704563446e-03,-2.242338478731674065e-03,-9.882793418646593046e-04,-1.970153617810744065e-03,-2.968030762060096858e-03,1.598521317212894506e-03,-5.954409895789167587e-03,-7.060656747953905415e-04,-7.956738330428071715e-03,-4.924663704928212288e-03,-2.998337862318722728e-03,-1.430049284769869004e-03,-1.017662995886955274e-02,-4.931506607929520523e-03,-1.028314451827239129e-02,1.962185195875208038e-02
2.725867388284317072e-02,2.251206727971144170e-02,2.315143921317584785e-02,1.855948242776459325e-02,2.323706176961600964e-02,1.284954407294832887e-02,5.433318816446761242e-03,8.779051344743224808e-03,5.954050812483842152e-03,6.204001468428759110e-03,6.225035026752753949e-03,6.608212209302340677e-03,6.850375076235056156e-03,5.941042297548175012e-03,5.463151491744736368e-03,9.708279188816923682e-04,4.822677967811908779e-03,1.804652032788660364e-03,3.449047563123969120e-03,4.678828677213073273e-03,3.918309301962398690e-03,2.359756648130886380e-03,4.076359640155330540e-03,4.359445418326656288e-03,-9.438003762749437760e-04,1.817445357930518664e-04,-6.711780169633415694e-04,-7.844879669721192914e-04,-1.063440133153033219e-03,-2.526774450699979368e-03,-9.513798977852950265e-04,-2.763895745880500746e-03,2.689997831429795198e-03,1.812420236638064746e-03,3.881140009344319092e-03,2.164102091020898063e-03,2.109801068336650265e-03,2.912198391420805013e-03,-2.581069198751254675e-03,2.266432898102071960e-03,-6.698673971238259996e-04,8.746951942067654560e-04,2.242918578733469562e-03,-1.585603641551725038e-03,3.277396190215221307e-03,-1.194167139211737725e-03,1.105004972297157426e-03,8.276099925429467952e-04,-3.433689372054152429e-03,-1.357551589514853193e-03,1.657048537342673770e-03,-1.116682738668386094e-05,4.861132830257291516e-03,8.621536600120871356e-04,-8.847105206308554081e-04,-1.226831482375654279e-02,-1.076481909160844274e-03,-3.736475258755149204e-03,-1.197316956452384659e-02,3.531106681519494833e-02
1.874888526309647849e-02,1.624555245313119567e-02,1.354989775990821793e-02,1.462445094664379525e-02,1.525364545061601296e-02,1.653122672508210156e-02,9.182489451476880463e-03,5.835352157562615980e-03,7.034156078594706006e-03,5.843121713479568560e-03,3.386162016970816098e-03,6.912232887231146983e-03,3.487275272472712545e-03,5.305403380909005061e-03,5.325169545122783975e-03,4.912755003849128034e-03,1.360844696037452227e-03,4.703497284248639443e-03,1.150097386520030924e-03,3.376977824834062787e-04,3.972125217001820120e-03,3.168545889200735655e-03,6.393028514697995197e-04,1.942745178288174650e-03,4.964285714285777799e-03,7.321085532843271855e-04,8.868223594998070943e-04,-4.807155305482549001e-04,2.299332794180319748e-05,1.136449173316683367e-03,-2.663551819322477598e-03,-2.312952391153061393e-03,-3.519263377345406129e-03,2.374297736506091397e-03,-1.416347261062724915e-03,6.013784394730707639e-03,-2.919810152702559478e-04,1.798600556070431046e-03,-2.129826992456552298e-03,3.676688715698541669e-03,1.003029685482748290e-04,-8.181272818834031029e-04,5.424683965402491478e-04,3.653070303190737722e-03,-3.325834370247377630e-03,5.824199002217343019e-03,-1.526298142929475047e-03,1.283055575630483126e-03,-1.708994507171188648e-03,3.198867014240166541e-03,-4.584966746038228805e-03,4.841407811843747439e-03,-2.949225595346265539e-03,6.077457083569432275e-04,-3.747302860762357648e-04,3.459319727891250291e-04,-2.699190751445128527e-03,-2.553400137268382365e-03,-3.911446886446918320e-03,2.725652576469201130e-02
1.677200980392169055e-02,1.485448638400548894e-02,1.332902008212864808e-02,1.938714768883877462e-02,1.224726870497477686e-02,1.692422731380570713e-02,1.468180149044172149e-02,9.712236488504152887e-03,8.757590742380123514e-03,5.416611610227957570e-03,5.599999999999957442e-03,4.834321776155700405e-03,4.425564666010688326e-03,3.331764588528813437e-03,4.880692470517138115e-03,4.677456353055304585e-03,4.803913106027884322e-03,3.511126940459807950e-03,4.394100892588507189e-03,2.913184517264162145e-03,2.036498587903031680e-03,3.723261634728271957e-03,3.201639139919084612e-03,1.223347530283804127e-04,3.422787321063421560e-03,2.980452690166973673e-03,3.057376070077355698e-04,1.232566826075935564e-03,2.160998603351996748e-03,3.757513058471245509e-04,6.091315045545322212e-04,-2.537650450086073248e-03,-7.814127095348486190e-04,-8.279338211898891898e-04,2.151274952644560354e-03,2.402994793818669962e-03,3.521413162419954369e-03,-4.326864741325433909e-04,7.031007751937555549e-04,5.374468437163722840e-04,-1.270834716780710940e-03,6.200240384614617156e-04,8.158032410360564930e-04,2.075087389083004729e-03,1.872494798308539220e-03,-2.940641613198838409e-03,4.198092021950280625e-03,-5.689331408262933605e-03,1.015345236331329252e-03,1.702764991388679540e-03,-7.193773011039543994e-05,-2.204997027600878821e-03,4.788305261329964257e-03,-1.638458179056396418e-03,5.868166519043401322e-03,-5.325288290293833313e-03,-2.463107147161685152e-03,-1.303544303797468835e-02,-1.923321922905235713e-03,2.460790698577724339e-02
1.294079152018754765e-02,1.131157679254432905e-02,8.986405377691762675e-03,1.268425537828661402e-02,1.488921247151655733e-02,1.227581641807773405e-02,1.377488612510496639e-02,1.057745641245044603e-02,4.831861170592501725e-03,5.255776546164441995e-03,3.050237980271825865e-03,4.745422046943531535e-03,2.453560145808106503e-03,2.434948161082587086e-03,4.080962800875338747e-03,4.610444611906532389e-03,3.996835841114711532e-03,3.593513785181001816e-03,1.450945713583868786e-03,3.977891997397562003e-03,1.930499340079077546e-03,7.617340087172046062e-04,3.025600044675288459e-03,2.374558204768690423e-03,-4.248412874584271996e-04,2.236968860254660678e-03,3.009999999999871719e-03,9.047948897096128387e-04,1.737383295483241720e-03,6.690319675821599548e-04,-1.109182300163204845e-03,-1.086109910954094308e-03,-3.472982241273775156e-03,-9.477912845282144855e-04,-1.972499357986640285e-03,2.926810067310565717e-03,9.482801330008818136e-04,4.815300940438911430e-03,-2.030955627819162630e-03,-6.565654183567669940e-04,-1.330664150943374185e-03,-7.065976331361771643e-04,8.178494474178376380e-04,1.910135004198663423e-03,9.336415081476186293e-04,2.237537435338994400e-03,-5.344290252707605514e-03,2.981712196171280253e-03,-5.036729569319707903e-03,2.353379907358165660e-03,-4.196100791471550108e-03,-1.122457592056368874e-03,-2.268860424028196383e-03,3.578857657657617559e-03,-4.579629482071709799e-03,5.911840074096939325e-03,-3.777597164796310872e-03,-5.517635753901701384e-03,-1.134477754237292642e-02,2.032259576056466913e-02
1.041887854444851005e-02,8.140751903553365698e-03,9.123624365482139661e-03,1.258502983226393937e-02,1.323664544107144674e-02,1.224300505327916531e-02,1.251401784230080257e-02,1.015794957109428763e-02,8.114484443028561686e-03,6.739881726788796330e-03,8.528287071767958610e-03,3.463412687491450835e-03,3.471980072348847778e-03,2.996567408575454179e-03,4.423598476604994126e-03,2.354215574218515832e-03,5.646397297973566008e-03,3.805924923909321037e-03,4.064897374701625238e-03,1.646188417898642158e-03,4.571843103964847929e-03,1.057136245936857438e-03,1.794471295532223867e-03,4.385186342334309456e-03,3.365934579439264045e-03,1.077845709204047287e-03,1.571066598360623071e-03,3.904006359300523591e-03,1.308807486363466801e-03,4.834548215642137103e-04,1.682429511988106142e-04,6.716019044693279615e-04,5.900799576384191652e-04,-2.742002881844310142e-03,-4.048194679630359987e-04,-1.523280217644800523e-03,3.233158474763119308e-03,1.478774177342381205e-03,5.675068794716636375e-03,-2.755092297899539890e-03,-3.847517710128284252e-03,1.586799085210860352e-03,1.632875221946210523e-07,3.953606292576660082e-03,-3.467204830347149968e-04,2.753614282748603325e-03,1.499836474501153047e-03,-3.807057168246442361e-03,3.542219538968203497e-03,-2.619687157828874853e-03,1.546432926829268426e-03,2.245273258239386305e-04,-9.286817713694022662e-05,7.979328165374335912e-04,4.425023518344181096e-03,-3.830851847952049857e-03,3.140384237528712381e-03,-2.392968551864004239e-03,-4.122227159122508582e-03,6.644035498063170786e-02
6.522412658624378128e-03,8.068507659799320150e-03,1.037070115724979084e-02,1.136085795845001405e-02,9.796419608499194395e-03,1.397342810723001955e-02,1.172654863411719782e-02,8.402123577593316114e-03,1.015871826561618417e-02,9.256224328593909423e-03,3.432014155116490991e-03,4.194642723531627135e-03,3.305878475798162963e-03,4.163981774458947252e-03,2.216145082116141238e-03,4.232248616986759512e-03,1.995547332869689137e-03,3.385779587350796691e-03,4.453876685934408941e-03,3.202554570584306183e-03,2.622821456615539656e-03,2.975303272146879573e-03,1.054400022058076328e-03,8.343105281815015734e-04,9.120527580618859433e-04,2.669698072026170047e-03,1.050168207641715649e-03,1.471526850805905890e-03,2.985217252735633282e-03,3.277261761158140160e-04,3.196082421776529655e-04,-3.336232616939945592e-04,-1.620375997940587604e-04,-3.538187047294272594e-04,-2.923043026397796444e-03,-9.143402873342706657e-04,-2.656303280298652827e-03,-1.276050931769266705e-03,-4.388050933786086759e-03,1.268056612749757228e-03,-6.891301532484456552e-03,-3.380484012051592803e-03,-1.346225427075267451e-03,3.540502097805926611e-03,8.289706928439104444e-04,1.916104190260409712e-03,2.861494091171288336e-05,2.274339035770363022e-04,-5.791622957050543375e-04,3.373629701637661116e-03,-1.812922629153519011e-03,3.626907158386332656e-03,-1.531831533477253683e-03,1.073261469933227581e-03,-3.059325973271309358e-03,4.402864737152969131e-03,-4.314385690329753005e-03,-1.389256198348236336e-04,-3.638767720822275620e-05,2.562324492979693464e-03
2.305841003337727110e-02,1.512107056461992234e-02,1.230784539044148078e-02,1.180838667909665102e-02,9.167594863731736571e-03,7.622684021046846788e-03,1.468923526546480479e-03,3.568130618433896194e-03,1.533767168443023752e-03,3.742555093234651610e-03,-4.568988347457665460e-03,1.958418758100659469e-03,-5.748135359116034356e-03,-3.165756259052302651e-03,-2.731551318716286900e-03,-1.470799781048536892e-03,-1.212284595300176446e-03,4.692580067633916711e-04,-1.964230479915825799e-03,-2.670028065421361976e-03,6.246775580383906663e-05,2.494471472803679539e-05,-1.535991981959481615e-03,1.678037719153682196e-04,-5.907455958242029603e-04,-3.854590625175742958e-03,4.851461774975322902e-04,3.615566211318665003e-03,-2.462361944157239087e-03,1.535504924141615915e-03,-1.188531553397956415e-03,1.203668436638387958e-03,3.175287356321602485e-04,3.910827910339888074e-03,3.540878885316277227e-04,-2.640289855072466482e-03,-2.839426854376526053e-03,-2.922622527944986493e-03,-1.539469969970008517e-03,4.377015437393113099e-04,-9.389536166072012455e-03,3.368713130872339617e-04,-4.368922209026095821e-03,-1.064678811121803296e-03,-2.968510935643908430e-03,-3.515495822738905641e-03,-2.542584109291010780e-03,-4.476821038942195574e-03,-3.366878360703491613e-03,-2.754406925728627477e-03,-9.197894369474150789e-03,-3.412265624999978250e-03,-5.030089068145595678e-03,-5.992134526715362820e-03,-7.671354899203047979e-03,-9.232585516178809515e-03,-8.145251889168699660e-03,-1.381350289995171218e-02,-6.315445369669492326e-03,1.167544954386463135e-02
8.818891764347722845e-03,4.825538988515086503e-03,5.628537472465591253e-03,9.417276022786170986e-03,5.564366110080330545e-03,5.467821911373140463e-03,3.602658045977000754e-03,3.673969992984024019e-03,2.754159550318766199e-03,2.658314551152911125e-04,-1.781564527757815552e-03,-6.899733048585155772e-03,1.295349275532934902e-03,-1.241558310781015750e-03,-3.394306604754322287e-03,-5.812403920061461754e-03,-2.451703323558138137e-03,-1.203173806275694303e-03,-3.304195316392127780e-04,-2.475575653751230492e-03,-1.086473842570047713e-03,-7.049884991374274958e-04,-7.328080370334790882e-05,-1.182557086812091249e-03,-4.746426589723579093e-04,-2.471300982434340319e-04,-1.436295730845394379e-03,1.506404429817721595e-03,3.414235878544386819e-03,-3.856822566348671287e-03,2.926106784723613713e-03,-3.156717102246775573e-03,1.506905751372443437e-03,8.793344579051168806e-04,1.864347284891983841e-03,1.664777327934641453e-04,-3.744397087739892178e-03,-3.624624007210015039e-03,-2.852820014736364308e-03,-1.422461842205238140e-03,1.318476190476187406e-03,-7.773818121583465565e-03,2.283079301966213297e-04,-2.946479895192943323e-03,-4.452898241875345546e-03,-5.154012716102321021e-03,-3.375788767062013959e-03,-3.558968921643610849e-03,-5.705251263752616694e-03,-5.174668262397978669e-03,-7.258455304319612507e-03,-8.390019401778541289e-03,-6.682504823715112313e-03,-6.180229499514567487e-03,-9.589318767293115650e-03,-9.064088645418341694e-03,-9.090552565088422243e-03,-1.051583314543398304e-02,-1.581296227908198654e-02,-4.385676817947293388e-02
3.105144312393877479e-03,9.446733554616781880e-03,7.449669735788731935e-03,6.605072345628798178e-03,8.725554870530269347e-03,5.895656721008785649e-03,7.305750946135130056e-03,1.577257717157130867e-03,3.128628337639921281e-03,5.106687479814943365e-03,3.992391185177071242e-03,5.010561797752806704e-03,-2.267704092564850910e-03,-1.248634621056026307e-04,8.224968505920946232e-04,-2.353398706446869788e-03,-3.347147363677292244e-03,-1.559504841279588279e-03,-1.559150684931497185e-03,9.065868263471979407e-04,1.340949255237606249e-04,-3.812678936605577392e-04,-2.391346042749927219e-03,9.480055251344308683e-04,-2.921468177678765345e-03,2.030123826975378364e-03,1.158048722240078544e-05,-1.667297850562799106e-03,7.048804279421128039e-04,4.188595364423390588e-03,-1.516305511811072166e-03,2.246162405049769231e-03,-1.381851453175438494e-03,9.054056701030070145e-04,2.771501387318851903e-03,2.590059446211703462e-03,-7.675159235668821238e-04,-2.571460148434873139e-03,-1.854552766685766286e-03,-2.316444113061817255e-03,-1.584059276366519154e-03,2.289706139583732019e-03,-9.729676380887787926e-03,1.213849423872889396e-03,-4.893831122081696711e-03,-2.950467391304340079e-03,-7.330471539974625856e-04,-4.393326713008923953e-03,-2.115889505119544853e-03,-6.693063477460985643e-03,-6.370521147452306958e-03,-5.359628975265050103e-03,-1.013650042265430880e-02,-6.261095991173258428e-03,-6.376665115413212952e-03,-8.907412121212161804e-03,-1.064348936170217939e-02,-7.273761533002092231e-03,-8.319336008755996020e-03,1.285963017628899939e-02
4.192279951100259458e-03,6.809382164656853365e-03,4.445110476476703959e-03,7.789634340222558601e-03,9.933013726281686787e-03,3.630708685626408364e-03,7.025078184689078839e-03,6.847077493817015081e-03,2.942230120681192142e-03,7.548041501764798239e-03,1.771049545429966617e-03,5.387578372474114557e-03,2.990700793447532719e-03,-9.993298969071394595e-04,2.549463569912810163e-03,-1.619056281978371870e-03,1.103716253826894861e-03,-1.534192193356554703e-03,-6.315080778917529693e-04,2.609339845251066529e-04,2.261488543902605546e-03,-1.630222954142480050e-03,-1.122058478388373182e-03,-4.152179580014463524e-04,2.724817172464893099e-03,-2.895656997455426339e-03,1.547767946577592807e-03,5.678907326424835044e-04,-8.313910461398068283e-04,7.304765912677760363e-04,4.524023470243047039e-03,-8.039919738092062267e-04,1.729769862131902685e-03,-1.219456038846864149e-03,1.440451532725730210e-03,2.017261179386507178e-03,3.179720810853296428e-03,2.090914022686208087e-03,-6.640716612377066440e-04,-1.897744577757322923e-03,-5.006818337559131591e-04,-7.557591827185530147e-04,4.022993281471085904e-03,-7.068063426046244588e-03,1.516232294617593512e-03,-3.223365172667234414e-03,-2.975319148936082358e-03,1.517187872467203004e-03,-4.561350969463892450e-03,-2.679906542050078210e-05,-3.665343584053197025e-03,-2.198845415266371256e-03,-3.127295289696763094e-03,-8.080285182888908430e-03,-2.021285218062496714e-03,-6.867190878710417376e-03,-8.445554123711387570e-03,-4.622328331059509868e-03,-1.076360091743121250e-02,-1.390623655742667837e-02
9.335159045213099749e-03,1.516790844752295871e-02,6.611451398135743951e-03,1.290350865907971892e-02,1.066618403580375622e-02,8.356681520052042580e-03,4.069976498237275545e-03,2.851576272048008016e-03,4.974046177527077436e-03,1.015148760330607941e-03,3.052780357619423821e-03,2.736737017346074167e-03,-1.701856008759908669e-03,3.063067920478358946e-03,-3.108886971527191970e-03,4.459017510870961869e-03,-5.292257085023685791e-05,4.990091514143134635e-03,-2.753427850068304616e-04,2.262579694121972813e-03,1.108888034282035475e-03,3.251268705270509069e-04,2.343859559981107928e-04,-4.897297297297780686e-04,-1.766598866773789979e-04,2.188283681636293918e-03,-1.650381132654545361e-03,3.582693591455281962e-03,1.752574656010818111e-04,3.282228846594794909e-04,2.489149823209677037e-03,5.543576214405326538e-03,-8.734006590836767203e-04,1.940252666738507452e-03,9.980863331774732661e-04,4.812588748183535547e-03,5.577718725718714028e-03,3.295689627953526501e-03,3.257335133050462232e-03,2.100284931506867306e-03,-1.269084330317944188e-03,9.477695399113106453e-04,3.775776495693035991e-04,8.116846886968842600e-03,-6.904950819672151310e-03,7.038718710709723943e-03,9.699989340154296881e-04,5.003609939052928307e-03,2.104505160898631662e-03,3.208796333521014930e-04,4.134834417283313364e-03,1.607088607595059287e-04,8.424422933730531683e-04,1.019653825186354282e-03,4.866783961477361337e-04,4.399693455682183486e-03,-1.435586522462886736e-04,7.712585812356500311e-04,-1.058860280658899342e-03,3.026656024683678850e-02
1.686172002113052806e-02,1.538381087806618176e-02,1.289424026167116689e-02,1.257205448077571876e-02,1.144330330918350361e-02,6.487997457088414549e-03,6.856365762627504232e-03,5.074029516539570531e-03,1.316877349862817254e-03,2.661638571501701023e-03,4.592888643881054426e-04,1.026642472113965462e-03,2.354374698213448653e-03,2.345527610716135677e-03,1.891610394925372248e-04,-1.488284586689735947e-03,5.760636965048922253e-03,-1.447429586399346692e-03,5.216623807548660847e-03,9.111083743842620817e-04,1.985312384700510524e-03,1.562642982842168049e-03,2.509843867287224126e-03,-1.758843312102257347e-04,-3.468691588784963802e-04,1.674136339342412465e-04,2.146131170244247859e-03,-2.784432496398437859e-03,2.738288011613508512e-04,9.983023648647902475e-04,-5.903324307195940502e-04,3.652263283108586698e-03,6.245831938399715004e-03,-1.232875100294297853e-03,1.631438630700772887e-03,1.750510230781255532e-04,3.854237782640427667e-03,4.097402292860899582e-03,6.235569820890934055e-03,3.511609647906933571e-03,1.166998947776598343e-03,-2.171372351757560118e-03,1.186769706336842376e-03,-1.018840288924604100e-03,6.386750382572640300e-03,-8.536657584014419736e-03,7.019374059932802744e-03,-1.414362984685547248e-03,1.269844990910007484e-03,4.029853249475768943e-03,9.838970283918165288e-04,4.801854075271282628e-03,1.714757709251562396e-04,2.643237038947704107e-03,2.562990140310954928e-03,-3.972536380505620646e-04,4.000631176283002237e-03,1.050003322627109364e-03,-1.207214723926435147e-03,1.069326915662871871e-02
1.294398356614634774e-02,1.409497576484069342e-02,9.314527836504672351e-03,1.515944607268464479e-02,1.133375385653687985e-02,1.213245619130593443e-02,9.157957333333395164e-03,6.620965029430603277e-03,2.776973483693973618e-03,6.592256491031989706e-04,2.199242183902227338e-03,2.319977973568226881e-03,2.151854339944533814e-03,1.921930501930488137e-03,1.404597889672561150e-03,4.384047740487591674e-03,8.778771161231887533e-04,3.676514983351772490e-03,-9.738880407123972228e-04,6.255188218291825655e-03,-3.879061301436747904e-04,2.341905757873966737e-03,2.680616061606137107e-03,1.470807736633834200e-03,5.837164750958077127e-04,4.475164011245696114e-04,-9.073613552040808586e-04,2.686127562642373623e-03,-2.349183314356588417e-03,8.853300459485859012e-04,3.455450477687641714e-03,1.267236971484779918e-03,3.333092324805276598e-03,6.015461697260464369e-03,-2.111933868275204368e-04,3.222572826086987814e-03,1.218820121148409246e-03,4.765596359070854195e-03,5.471272365805180532e-03,6.048680397048604787e-03,6.128776978417149225e-03,2.550828389119077231e-04,-7.027071192550506107e-04,1.397206217912111111e-03,3.562091503339782127e-06,7.267279438570947540e-03,-6.525837454511589433e-03,6.390393932267120561e-03,2.125936352509137043e-03,8.709146757679140857e-03,4.181522516082923809e-03,1.107812820512810810e-03,7.119971383147911080e-03,1.010048547974199372e-03,5.993714208778276598e-03,6.160107559008184096e-03,1.846260896637526554e-03,8.927271702367553519e-03,2.476251633598633255e-03,4.422568906618147729e-03
1.668091409372658707e-02,1.336141930251410169e-02,9.157388406695627509e-03,1.218511516839944527e-02,1.734989914513501361e-02,1.360384849638369975e-02,9.490378544355335816e-03,7.256093155435637369e-03,7.064803656558696007e-03,3.586305393770620846e-03,4.148974982274931250e-03,5.245758054649250074e-03,1.664718507511924990e-03,4.581966533864477616e-03,3.364674157303425717e-03,8.653756150902753045e-04,1.851848191543600114e-03,-1.517592773437609864e-03,3.508387435165279643e-03,-4.529033080502758231e-04,5.814584847446025925e-03,1.091025574282518916e-03,3.245006451612822591e-03,1.205912469033836682e-03,1.469283707865141550e-03,1.410743505829497755e-03,-4.470168753401837503e-04,3.615360501568294031e-04,1.960787776565047370e-03,-2.915317907025176923e-03,2.790126880754525713e-03,1.123675327829099348e-03,3.863517517878892671e-05,3.175962600934915166e-03,7.098935293462578684e-03,-5.173701615527507387e-04,4.758289703315859293e-03,-5.672346976701291647e-06,4.015009459743548725e-03,5.123234830161000654e-03,6.175658112362045551e-03,3.899360220187479513e-03,1.691590870476234690e-03,-1.531507225169168561e-03,2.644808110064324094e-04,-8.365360618920333294e-05,6.544847701679771049e-03,-8.495331860532169890e-03,6.808879320655531094e-03,1.494520173239067239e-03,6.745788843428881382e-03,4.724153130356656058e-03,3.668965517241468133e-03,5.029787234042566550e-03,3.191747885252032256e-03,1.958627008739741680e-03,5.347007551919522213e-03,-1.926694671678032267e-03,6.287796691440795255e-03,-1.946577960149850628e-02
2.070637474541755021e-02,2.133237049645386740e-02,1.555980031948873618e-02,1.659238598810300336e-02,1.456289624724060698e-02,1.786617374881960610e-02,1.324546992481205783e-02,1.114490979870864582e-02,9.061957768010711275e-03,4.683369559896221994e-03,8.371268731771099730e-03,3.082890921032593098e-03,5.271066896761696617e-03,5.165130958903967062e-03,2.768135539293626809e-03,3.140124939932654492e-03,7.451247537755033897e-04,5.230024360535956776e-03,-5.742541976851220234e-04,3.482265402292026527e-03,3.056110792010449857e-04,5.176555449200126099e-03,3.036312084474456180e-04,4.546102661596948882e-03,2.060625172128979429e-03,3.659907723169486538e-03,1.654279274664412344e-03,2.788205064671266369e-03,2.556919752479678339e-04,2.162979336379861235e-03,-2.045589052587470837e-03,1.743842819343474800e-03,5.532584818159941601e-04,5.106926129070701306e-04,3.171105075358068761e-03,8.277186214563587996e-03,-1.188553459119522961e-03,4.082272951223479829e-03,-4.412152387076669242e-04,5.325753236459723240e-03,5.148853742396081352e-03,6.002767497988816849e-03,2.904972535251222707e-03,1.207503445107845075e-03,1.361107880737353563e-03,3.172039932467154034e-03,1.041164621244136885e-03,1.050208629062372202e-02,-6.386359766359637515e-03,1.146816326530614161e-02,2.686963308095610767e-03,1.963815668202866568e-03,9.979789580001761223e-03,-5.375206459901708507e-04,8.578852249488842438e-03,2.965168257641422750e-03,4.212983343248070597e-03,7.494584492157046335e-03,-2.043254156769611606e-03,-3.079713340540051868e-03
1.849582708900991343e-02,2.159771118373682297e-02,4.355390355588194089e-03,9.988067102764314198e-03,8.484787411105993576e-03,1.044573760139890471e-02,1.228188689809627497e-02,1.092595245848251330e-02,1.009303112950248396e-02,8.092841965471428423e-03,9.679817007536074044e-04,4.793419167376398483e-03,1.910233637785773526e-03,3.537106688946386850e-03,1.929087525316125137e-03,3.881104294478539014e-03,3.505414868105488635e-03,2.923914540188995211e-03,2.489995943204815088e-03,1.295851590105918548e-03,2.772139202232831463e-03,6.593231064237487903e-04,4.767907008453721278e-03,3.184864794422323422e-03,2.288132056946555557e-03,3.049479654204097483e-03,1.768888665796575568e-03,8.368372952713809109e-04,1.787559813362349674e-03,-4.349337013852339409e-04,1.315951360510237865e-03,-3.281966996350533204e-03,1.378684686722604375e-03,1.583498406472244992e-03,-9.441152988141738537e-04,3.142446331304107107e-03,7.557495140238856997e-03,3.307984790884885257e-05,3.619094656992078579e-03,1.153819508240950999e-03,5.218429580831996338e-03,5.493397180101111665e-03,4.579220919552606968e-03,3.824884545038922164e-03,2.060160558464238945e-03,-4.027535206820292285e-03,2.510521635154240334e-03,-1.145875887138577418e-03,8.734978642619937311e-03,-1.108561524239942003e-02,8.923782915069946794e-03,-5.211651651651945383e-04,7.634574076023992531e-03,2.949221289984201716e-03,7.381947106172037122e-04,6.173516307253523391e-03,3.531589041095832375e-03,2.324330027431441065e-04,4.666324491495112310e-03,-1.532823996950250303e-02
-1.467293069985167731e-02,2.618713004980634945e-02,-2.489785361141091946e-02,6.855704041308825769e-02,4.182497243158476291e-02,4.067889545300474446e-02,3.832049883122946865e-02,-1.814167836093163446e-03,-2.090575813732479735e-02,-7.681851377626005076e-03,-3.094763718243671163e-02,-2.448449217181858026e-02,-8.090541428643681018e-03,-5.798624002439885586e-03,-7.937792177242883329e-02,2.920423494360503691e-02,-9.676888199754124509e-03,-3.096546944612500740e-02,6.829745282056516598e-02,-5.964610497981159137e-02,-6.962763817630585050e-02,-8.733913550513371093e-02,-7.287226043888020421e-02,4.500877073807974665e-02,6.299213284358733123e-02,9.301068006700168034e-02,9.667409056867531936e-02,-2.219846605240125698e-02,3.134023803583018547e-02,1.660136512755227417e-02,-5.053852430469118855e-03,-5.562072413975383683e-02,-5.863020155387893562e-02,-7.607984570168987992e-02,5.026896770033411482e-02,9.303064099125678277e-02,-4.778036169014079210e-02,4.821801801801813697e-02,-2.671661088583030322e-02,6.735868322981374001e-02,8.063871142393016014e-03,1.193738454188341368e-02,-1.487582157094905540e-04,-4.301231046312174039e-02,1.066718370634611723e-02,-6.625220514112904746e-02,-1.561388264622713129e-01,-1.260172542606300961e-01,-9.346876781386327659e-02,1.244620593602926463e-02,8.136072102284723495e-03,1.427733400529177486e-02,8.238238916256199543e-03,1.281886235955046263e-02,9.374270260524626697e-03,1.739014630288648194e-02,8.423539331047879067e-03,1.384985103213438526e-02,8.038374400713619444e-03,-1.689420465797723467e-02
-2.212381061561398410e-02,2.803448953533545923e-02,-3.281498741994513108e-02,7.017195177409968343e-02,3.726513095117243296e-02,4.172040554962651998e-02,3.196802261742752449e-02,-9.501317715958969637e-03,-2.464843241687062966e-02,-1.567544068604149847e-03,-3.768269230769232675e-02,-2.832692602297924925e-02,-1.143006302093918687e-02,-1.042775880578702616e-02,-8.101944664466437240e-02,2.154632081033286059e-02,-9.188330823833103927e-03,-3.420850833010474767e-02,6.864814744510572275e-02,-5.799215580200165615e-02,-8.657594287054962146e-02,-9.035997962302595721e-02,-8.950817043646683291e-02,4.898184360843021307e-02,6.107957438956887475e-02,8.566023423018591376e-02,1.048056313993174921e-01,-3.072188080975001706e-02,3.071380236520350124e-02,1.989980639772005039e-02,-1.401243743144882543e-02,-6.108810805073504324e-02,-6.118798240667649296e-02,-8.701078002831989788e-02,4.668685761336229673e-02,8.922987581980428018e-02,-4.860935889448931430e-02,5.934958589366822607e-02,-6.567885419650529299e-02,1.002228535825545608e-01,-3.842508551881417683e-02,2.857587252606948874e-02,-4.761166684671181565e-03,-4.814638826831643681e-02,8.923495883470584922e-03,-7.666432073802613434e-02,-1.613314029314986409e-01,-1.341346793431287265e-01,-9.445448776240680799e-02,1.015285071537838368e-01,-1.510291204436890191e-04,-2.691791644058620907e-03,4.674346579804566568e-03,3.276726994646983904e-03,3.104000000001158025e-04,1.766264764244582144e-03,-4.876873371547772902e-04,-6.771134933122894758e-04,2.789175774134859589e-03,-7.671349116452104433e-02
5.837609962904084099e-02,-1.468752800597391585e-03,-2.891565736824055349e-02,-5.172741286092321505e-03,-6.643873018559258437e-02,-1.155799988672405743e-01,-9.802514818763323479e-02,-1.107837783572359763e-01,-6.318182836758276522e-02,1.100287811134339176e-02,6.681486569709552473e-03,2.753296875000001143e-02,3.963688716707022830e-02,1.589457913975275694e-02,2.691659602716532824e-03,6.039739197930139858e-02,3.729593795243017762e-02,-3.994409549428391826e-02,2.744998113207547039e-02,-6.340529209246409392e-02,-3.501473477406692042e-02,1.207126318238212620e-01,1.307215634889790090e-01,1.475458385093167402e-01,6.063388732578669886e-03,-1.304059825601673883e-01,-1.863346531076469359e-01,-2.423852781776080212e-01,-8.508592592592587045e-02,-1.774475487936061704e-02,-5.234146460452572536e-02,-8.141867259768493723e-03,6.361163677242069603e-02,9.878401289200397506e-02,1.273943849023954356e-01,2.288574139427253240e-02,-1.755596751799247679e-01,-5.605351514420176678e-02,-2.267054851157650555e-02,6.576424513685568893e-03,-8.975290344748605709e-02,-3.740638683221331195e-02,-4.902918418079092039e-02,-1.271281834841994987e-02,4.397521265358313169e-02,2.161533692413475025e-02,5.020767753379402898e-02,1.840058977407848240e-01,2.414789346083911215e-01,1.770415837922248714e-01,-3.072942132950750443e-02,-3.098551114850651989e-02,-2.869555079842633916e-02,-3.197070121525361769e-02,-2.651119541484719608e-02,-2.543431538275789036e-02,-2.229832208588946457e-02,-2.932748691099476210e-02,-2.569932608461624954e-02,-5.402308853542397288e-02
-1.687801779719733802e-02,-1.857441270184154516e-02,-3.830899874619374951e-02,-1.320430458970780867e-02,-2.306891976217099322e-02,-1.587546982560811282e-02,-3.621954668232524321e-02,-6.092499292386083232e-02,-3.990102328863790598e-02,-1.395590433940134024e-02,-3.723714017861539521e-02,-2.307310204279680935e-02,-3.408234920634929666e-02,-3.125067499999986675e-02,-2.629606359987654574e-02,-3.498445591192964055e-02,-2.250449125596197877e-02,-2.940472306626160104e-02,-2.994895147764737448e-02,-1.864214957899956726e-02,-2.973041297602265279e-02,-1.676500143061525339e-02,-1.981886840297954547e-02,-2.144940072776886988e-02,-1.593106796116506088e-02,-2.726331534933908868e-02,-1.412619098331555079e-02,-8.808832828792398373e-04,-1.263782456363862598e-02,-3.900131818181762182e-03,2.059338791906213694e-04,-1.621858772348671804e-02,-7.331424061910994140e-04,-2.174101536406153334e-02,-2.018229284903580618e-03,-3.374368475706349298e-03,-2.043926340215394474e-02,4.374364322733372522e-03,-9.230017847252112301e-03,-5.545422969187594267e-03,-5.829823333916429699e-03,-4.095499534233853177e-03,-9.615695804195786844e-03,-3.675896609291310659e-03,-5.199762778874556781e-04,-1.490541657090325815e-02,-1.542575339219055125e-02,-7.822825744694294342e-03,9.326322699308633307e-03,-2.535168023790976277e-02,-1.254080442045749783e-02,-1.131457168530353163e-02,-1.162446397188052899e-02,-9.756645239539139813e-03,-1.599639734121124576e-02,-7.573640287769816196e-03,-6.015356639774548791e-03,-3.701127493495188527e-03,-1.511575376264494806e-02,-6.946453860754558951e-02
-9.969548980696477103e-03,-1.044983774459603762e-02,-2.686863780183172332e-02,-1.531656691405238998e-03,-1.113785751978900972e-02,-6.525841883636636191e-03,-2.729681504628264643e-02,-6.629615818500865509e-02,-3.019021307647411223e-02,9.527907627711768371e-03,-2.806718026764630503e-02,-8.864854209240876498e-03,-2.192686575315260650e-02,-2.172917893027513994e-02,-1.780633318035799995e-02,-2.831468461783110888e-02,-1.338329983339600800e-02,-2.169326641345629969e-02,-2.182654249508416203e-02,-5.028040438177304450e-03,-3.052029236107151045e-02,-5.055732665376358459e-03,-1.392221963568646137e-02,-1.748478807161344892e-02,-8.544145161290272322e-03,-2.209472449232293551e-02,-6.523223473217356662e-03,6.621076137813677182e-03,-1.275133968340982915e-02,-2.428419767367178718e-03,2.026946791504956151e-03,-1.960530347890444836e-02,5.550342520312161188e-03,-2.257888405036727678e-02,3.101326720396903758e-03,-1.838635771934471019e-04,-2.319184370771306888e-02,1.059017978330757496e-02,-7.525965712795692174e-03,-6.318782717595558714e-03,-6.117783107760980596e-03,-3.355395760346755341e-03,-9.252544858420216553e-03,5.345847352577359378e-04,-2.918653823563919971e-03,-1.559127141938130949e-02,-1.480478255689268545e-02,-5.820307954476320288e-03,1.575388769035529837e-02,-3.242468665949441164e-02,-5.998709891080444313e-03,-2.965317636605930597e-03,-4.499862528639817123e-03,-2.171328896029316863e-03,-1.980377017430607137e-02,5.317880897138485552e-03,-2.148263352886691305e-02,-1.979531414337113923e-02,-2.829456415162025576e-02,-2.302940391507525900e-02
-1.122643136266234659e-02,-3.211386742332761335e-03,-2.496121074745692725e-02,9.412926480299361326e-03,-4.239371803357732359e-03,5.378928008407711861e-03,-2.057829930324150958e-02,-5.908724250000000483e-02,-1.502236972862782023e-02,2.534254203476779196e-02,-1.948345902270102320e-02,1.137900262467174796e-03,-1.863407849916110318e-02,-1.525358570563297572e-02,-1.063238041411916981e-02,-2.575871055666212675e-02,-5.887622355204222280e-03,-1.927916291579760688e-02,-1.469270850582324317e-02,-9.136636072100032605e-03,-2.304697254292033606e-02,-7.390794362956709836e-03,-1.813521028445114550e-02,-1.330344033165533138e-02,-1.049963174046460689e-02,-2.521991681521090420e-02,-1.138482393700788499e-02,4.227728764874808497e-03,-1.809368352223193754e-02,1.478076419063309704e-03,7.101476548928762483e-03,-1.456032913165260234e-02,1.065230769230771785e-02,-2.564800439560453379e-02,7.287069101626354219e-03,2.931671960426902781e-03,-2.345973389355739472e-02,1.175284046692613021e-02,-9.044966540941725211e-03,-5.133027364505801486e-03,7.740055915618370861e-04,2.973008445164204618e-03,-7.013041603401197303e-03,4.431407778717294695e-03,5.633431442928789508e-03,-1.586946426397172621e-02,-1.391216661617682149e-02,1.852754611310640639e-03,2.149401528584532831e-02,-2.970135089723773686e-02,-4.153041780009698869e-03,-7.747074558032179120e-03,-1.137131101552281420e-02,-1.311933296642822308e-02,-5.440492694119029513e-03,-8.113926220515677371e-03,-1.716717138103154155e-02,-2.700229960578237024e-04,8.694098070976286410e-03,-6.514211605676044348e-02
-1.046397481015006424e-02,1.153641174247247662e-03,-2.648925386094402520e-02,1.242485245901647078e-02,-3.124114462490315026e-03,9.726372741906789965e-03,-2.179101146405530362e-02,-6.352663334408249762e-02,-9.913449996841244491e-03,3.618371941473010056e-02,-1.722911829579761370e-02,7.625645170097791227e-03,-1.601695413039989219e-02,-9.770381965864638127e-03,-4.198935878560090991e-03,-2.001407539640868982e-02,2.493714106057384836e-03,-1.301581248982692368e-02,-6.303594572140608365e-03,-1.221134334978147672e-03,-1.606913447984202256e-02,1.949214910703622652e-03,-1.291163586384365750e-02,-6.582279783605741834e-03,-7.038198981120714903e-03,-1.972489438202245857e-02,-5.181981386970842957e-03,8.298652553552403680e-03,-1.704019600980050814e-02,-7.080929686926047640e-04,1.254629713579235965e-02,-2.048493979888870928e-02,1.448624376667056318e-02,-2.854555318683710263e-02,9.195560195615064270e-03,2.460103475723128368e-03,-2.604029758047094953e-02,1.402738843241509853e-02,-1.009801775830252053e-02,-4.916726349049016856e-03,-1.260033708622686384e-03,2.272097178481853261e-03,-8.096849825516047594e-03,2.291926153846165527e-03,5.883542403904893324e-03,-2.080689217758995013e-02,-1.675819479535118825e-02,-1.288995408289822118e-03,2.405765870598270892e-02,-3.210475835708732906e-02,-5.536595892794977762e-03,-4.919423355549061572e-03,-5.987739555769383375e-03,-6.697656633003245055e-03,-6.820592334494780286e-03,-2.303257026580240573e-03,-1.038515138218515550e-02,-4.423253333333316932e-03,-7.353753753753790486e-03,-2.807575182427050897e-02
-8.770629815335740168e-03,4.392523985239869463e-03,-3.093836896484496515e-02,1.784213907002256752e-02,-1.230209131720210597e-03,1.212653121415692425e-02,-2.209317882410346406e-02,-6.719490974038400122e-02,-8.233743409490386009e-03,4.384762319366337230e-02,-1.797489665539268172e-02,1.091955177565796103e-02,-1.416320048777782413e-02,-8.894398058252532546e-03,-2.218106392858901297e-03,-2.042679946052499557e-02,5.621280401694589250e-03,-1.018297168310538028e-02,-3.847774503383546638e-03,3.463112168668089439e-03,-1.327442347772210193e-02,3.400521185485603972e-03,-1.015263700916428126e-02,-4.187755919425255151e-03,-3.463755106874392368e-03,-2.033221874232377102e-02,-2.286377270926540778e-03,1.152112940755311080e-02,-1.476611662928549971e-02,1.396125175808710485e-03,1.496991863421732322e-02,-2.368129641417356795e-02,1.968569898792031300e-02,-3.153936144578317613e-02,1.187909773617765348e-02,4.270762786595985391e-03,-2.745632142857145491e-02,1.740148132291567326e-02,-9.334619972640177329e-03,-4.909347864299576022e-03,-2.381628431741781432e-04,-5.711501400943192613e-04,-5.743627727183338999e-03,2.669816595973523773e-03,8.016531484118540746e-03,-2.299364484794625199e-02,-1.554947680030893849e-02,2.315592088363723020e-03,2.821015876923069904e-02,-3.622194169736920460e-02,-2.824917245061393627e-03,-6.389028699163652042e-03,-5.776423462088663488e-03,-7.639224897240275147e-03,-3.952624833384468274e-03,-9.102962781586799654e-03,-8.481515192437553974e-03,-9.937277289836947414e-03,-3.903868140243937131e-03,-3.825222459608746545e-02
-9.614518587360522048e-03,4.928357790903026628e-03,-3.237570520965693532e-02,2.134185746102453679e-02,-9.029354326864502548e-04,1.279629745808545487e-02,-2.141342694433583799e-02,-7.237803495450680080e-02,-8.422797914118401730e-03,4.756646248370884761e-02,-1.971616367339377313e-02,1.455050719713343703e-02,-1.690360189573462957e-02,-7.893897622377592585e-03,-2.703996101364462140e-03,-2.167004435292256212e-02,5.961940483571008531e-03,-1.124008108108114079e-02,-3.812074243959562118e-03,3.680564669973350120e-03,-1.342639276079131590e-02,5.383566095986579148e-03,-1.077358076857190018e-02,-3.513098815194811049e-03,-3.503459395376465509e-03,-2.071645131938118847e-02,-1.854768052381161820e-03,1.250098473796442192e-02,-1.624922687949319558e-02,1.647318155508356021e-03,1.263726187984094348e-02,-2.641467346479728362e-02,2.222635091870824725e-02,-3.950431647300057386e-02,1.588972520907997593e-02,6.262517840605870065e-03,-2.912768000000006893e-02,1.960069538762431937e-02,-8.278355582193768283e-03,-4.409189399411122222e-03,-2.553239369895748384e-05,7.938677811549549237e-04,-8.127071333937663580e-03,4.924221135417412853e-03,9.860412463976933953e-03,-2.285164983598125810e-02,-1.826099967137689156e-02,1.898130357960863684e-03,3.193061043003241756e-02,-3.804447351209946232e-02,-2.734733231199582525e-03,-4.154732260070546218e-03,-2.429861007323302294e-03,-4.309261639755397090e-03,-6.286842105263139302e-03,-4.790963243243183921e-03,-4.375991703396449675e-03,-5.022050581980280932e-03,-1.413834299352199030e-02,-6.049575551782713882e-03
-7.872860149225223078e-03,8.158642316915766871e-03,-3.116339469716024671e-02,2.256047986076575862e-02,5.992139765783608459e-04,1.626902493241218911e-02,-2.118595036754545441e-02,-7.014021168450640387e-02,-6.285625370871005327e-03,5.260745496733221227e-02,-1.938783773513215111e-02,1.761137238239762412e-02,-1.490630359721267957e-02,-7.870478861596702166e-03,-3.448638197714251077e-04,-2.082115367581932955e-02,9.170581578120206787e-03,-9.707661442006189703e-03,-1.467387952575876153e-03,5.495626794258507038e-03,-1.203830069697963204e-02,8.775434794750035239e-03,-7.866474791583937323e-03,-8.102424068769281717e-04,-1.152281928597702863e-03,-1.895250166777848189e-02,1.362228508852034127e-03,1.799156830501252510e-02,-1.322105419450623001e-02,2.644162033359812123e-03,1.461868026777174770e-02,-2.637709407866304506e-02,2.530589979399636147e-02,-4.413847302540074152e-02,2.023034147658250848e-02,8.658299015219405106e-03,-3.033518162272265742e-02,2.274815399357424731e-02,-7.406007301692665683e-03,-2.209703139656880172e-03,-6.230584269662890490e-04,3.622182295708291019e-03,-8.586076833527358024e-03,6.221628119507915597e-03,1.232537824589300182e-02,-2.465853926963470014e-02,-1.825585046728971789e-02,4.428784235136925401e-03,3.609879932937842817e-02,-4.022341549295769397e-02,-1.308787511775086560e-03,-4.069274704101329652e-03,-3.729736162890667089e-03,-5.154534665833887704e-03,-2.524980302035541128e-03,-6.233925650557632474e-03,-3.455663615560574178e-03,-6.953644419828295536e-03,-7.537089849739056751e-04,-7.260860076621299640e-04
-8.179225552950092001e-03,8.385168354430396626e-03,-3.320193388429751313e-02,2.480705218617769436e-02,1.548247576435474648e-03,1.941100768413816027e-02,-2.468153874584214785e-02,-7.330536858974354142e-02,-4.626559663360423590e-03,5.837147802846660849e-02,-1.747421605821252236e-02,2.030348258088558733e-02,-1.517061509038187053e-02,-6.642228481012675025e-03,1.958232135481271455e-03,-2.144727126805792347e-02,1.191869815352572526e-02,-7.876508305999375958e-03,-1.434015599645189858e-04,7.334831288343469750e-03,-1.083612712092642955e-02,9.438395122755042707e-03,-7.877736690566189068e-03,6.696542507819906558e-04,9.872494400091026603e-04,-1.880599736627571600e-02,1.736187290969831059e-03,2.020908715184184870e-02,-1.250669558213022767e-02,4.155127809229705593e-03,1.521583958837767654e-02,-2.480073249244519121e-02,2.475736801187359420e-02,-4.944530678901932347e-02,2.329460873324693329e-02,1.111676351896693886e-02,-3.398292455179273419e-02,2.609684222234573067e-02,-7.199505211315974408e-03,-3.573625819465475924e-03,2.086699644286381643e-03,3.067051434391326187e-03,-6.829939813970365217e-03,5.658807662236126253e-03,1.329780939635138819e-02,-2.541070422535217366e-02,-1.788080564730259309e-02,5.998864174159946466e-03,4.009661149996723850e-02,-7.365861366529911913e-02,3.847424556707933208e-02,-7.941151028950132681e-03,-6.047974304068563962e-03,-1.061959851301074245e-03,-1.956721018686945895e-02,7.917229879190053679e-03,1.657617397998454797e-02,3.257806421373320854e-02,7.569001315981872292e-03,-2.799031929805642985e-02
-1.212913556740297626e-02,-1.011674309869977327e-02,-1.126881444949713075e-02,-9.240677966101727356e-03,-8.590119423303071641e-03,-8.087692597003712583e-03,-7.431803867229315116e-03,-6.062901805098863325e-03,-4.994016124216268775e-03,-6.540379026398614876e-03,-5.512184138103603040e-03,-5.883797270222909659e-03,-5.428357191973469213e-03,-4.656250077567527720e-03,-5.927961239321622236e-03,-6.323819543509352596e-03,-8.059592403890591950e-03,-6.997991819136576558e-03,-8.271676109032663482e-03,-8.496896296296244794e-03,-1.116960017150814798e-02,-8.471257077526182788e-03,-9.250472589792104947e-03,-1.014135578682535607e-02,-8.568131615278482341e-03,-1.124638440468552977e-02,-1.108607024688216917e-02,-9.092285643838923445e-03,-1.040038265306115518e-02,-7.642699855790352839e-03,-6.617884292739356286e-03,-8.571316258215002162e-03,-6.202229608455718177e-03,-1.138167793927178685e-02,-1.304668443329646361e-03,-2.109186198864505032e-03,-2.154942903751979038e-03,1.173493734335862796e-03,-7.353098161244701371e-03,-2.439520937246247335e-03,-4.489427337802518424e-03,-4.115188987927355900e-03,-5.608852062834453027e-03,-6.850981024432566124e-03,-4.906733067729045390e-03,-6.392465149873586584e-03,-3.145064111596479386e-03,-4.514306163021895510e-03,-4.085483066694350560e-03,-4.930947644330959008e-03,-5.150455736750196405e-03,-7.153616580310885945e-03,-1.107766414325234844e-02,-8.243881353405932769e-03,-7.273244042983978246e-03,-9.143165505226537662e-03,-7.899924098671651587e-03,-1.141908941755532918e-02,-8.371019435736716183e-03,-1.294385906341482748e-02
-1.551752072343624313e-02,-1.188218424771940972e-02,-1.404826301761693055e-02,-1.297533134289608620e-02,-1.024633956386288881e-02,-1.012060401425620391e-02,-1.090630500951174711e-02,-1.024792919001526331e-02,-1.002092470691489517e-02,-9.763523056494518779e-03,-9.112447706421954868e-03,-9.175571843801386823e-03,-8.476745274072208444e-03,-8.382321428571428215e-03,-8.905732563973933064e-03,-9.403957460522013867e-03,-1.060341551413112107e-02,-9.616978215038790578e-03,-1.027728035344792866e-02,-1.168837713356808000e-02,-8.684892625716214565e-03,-9.173507773985635147e-03,-9.015871337298891897e-03,-8.737339857150810615e-03,-1.010825764596844263e-02,-8.966630941286060988e-03,-9.684267327901750766e-03,-1.020566378531796714e-02,-7.327586228403968997e-03,-9.745981873111864840e-03,-5.141916566284189527e-03,-8.229175704989172974e-03,-1.240905886036317712e-02,-6.512533018867862171e-03,-8.944964507866803860e-03,-2.020707166587594906e-03,-2.149034249595661167e-03,-3.847281733746218436e-03,-3.316129032258057353e-04,-4.172742157876609473e-03,-2.223531277532948824e-03,-1.833742013469139833e-03,-5.740589517146471414e-03,-3.554151605544736501e-03,-6.145868233213281663e-03,-3.070748576078061436e-03,-7.752406159769038158e-03,-4.037873446980688556e-03,-2.879271765663129774e-03,-5.306515614996065722e-03,-4.309346427830521367e-03,-6.861633514165183315e-03,-5.379088952654136752e-03,-9.503729225165041816e-03,-5.575844378605934737e-03,-9.523008310705089602e-03,-3.810946555054703540e-03,-1.161312048540891727e-02,-6.662890958904140425e-03,-2.919393851687993729e-02
-9.786857588033605684e-03,-8.432570161545820467e-03,-8.033385163589278066e-03,-7.410581951635072245e-03,-6.535614092424419166e-03,-7.981614614024672844e-03,-8.186374243188796959e-03,-4.528498598011731872e-03,-3.834945968412312774e-03,-4.785343751969184899e-03,-4.962399077277871752e-03,-7.278586406808894814e-03,-7.276811058733549491e-03,-6.118755493280657667e-03,-6.023625730994153563e-03,-4.540386022454924626e-03,-6.106836191218549710e-03,-6.308043886767284759e-03,-3.073043375904768379e-03,-3.586459903273045945e-03,-3.158271147666020726e-03,-3.590774534094595943e-03,-3.854034016572237611e-03,-4.423298774740723818e-03,-3.996861189801761104e-03,-4.710179207285056409e-03,-2.228034228109202798e-03,-3.355381229927379381e-03,-3.056975400791799025e-03,-1.735234267051852849e-03,-2.887606316836621202e-03,-3.070047299456695345e-03,-1.297880935506646929e-03,-3.938241619228350331e-03,-2.752070724243423604e-03,-4.181187055687113178e-03,-6.601277547109249844e-04,-4.803919821826845645e-04,-2.369179415855418580e-03,7.644251626898673291e-04,-3.844373361300487679e-03,-3.541381770616131909e-04,-4.647372718260402527e-04,-3.814141202491209189e-03,-2.457387167746941884e-03,-2.059733693554568600e-03,-4.022428482371664081e-03,-2.310018132366252561e-03,3.220886728531892318e-04,-2.552610084733935008e-03,-4.159543659499766351e-03,-2.466602710413614251e-03,-2.365168714041352045e-03,-5.647731667410465020e-03,-4.217530316239948875e-03,-4.319174971409941478e-03,-4.506747332812949258e-03,-4.250155732918081512e-03,-3.406746803069129418e-03,-2.688244340395733872e-02
-1.222495344506515334e-02,-9.635109530404152231e-03,-1.083253154826722964e-02,-1.081142351553281145e-02,-7.795748645434100177e-03,-9.972573014404616590e-03,-8.046242240126781631e-03,-9.419529786556198048e-03,-9.331171890082964882e-03,-8.320942702284131465e-03,-7.610926302414165387e-03,-5.302730104440194631e-03,-7.086694024746630245e-03,-6.825421617108756375e-03,-6.288615888090248914e-03,-7.810442477876176036e-03,-7.186986510562478822e-03,-7.535468903597888381e-03,-5.309857142857011235e-03,-6.363631994303633153e-03,-7.417993872688086188e-03,-7.240857441425524454e-03,-7.975419456693473921e-03,-6.287903243540284362e-03,-4.347375062817581542e-03,-6.849287227343019320e-03,-5.482713333726431208e-03,-6.091588851411416407e-03,-7.381348273992472189e-03,-5.566972621626909562e-03,-7.529254642584547186e-03,-4.537647945721809579e-03,-4.249138820797358426e-03,-4.332712289501951773e-03,-5.822836815792773249e-03,-4.661148206787461661e-03,-7.639753272152813302e-03,-2.698202065848958903e-03,-1.755267301490987745e-04,-2.134413069502097589e-03,3.352057268154664681e-04,-1.972493207324257231e-03,-3.668012917245173487e-03,-2.106244148148215221e-03,-4.643760217983749355e-03,-5.051897974038548240e-03,-3.040492319810910067e-03,-5.287322555484645810e-03,-1.795586527293883744e-03,-3.470070215175472070e-03,-2.639311920057200219e-03,-1.907651937867673722e-03,-4.187925696594494221e-03,-2.049663791018235034e-03,-5.634848014888295918e-03,-4.332512270193867449e-03,-5.570990773475905343e-03,-4.790836390315460214e-03,-7.232676935886801599e-03,-2.975035275384481023e-02
-1.726155069582517576e-02,-1.427372485675964912e-02,-1.353612919698714973e-02,-1.721878536967012124e-02,-1.436767664670664073e-02,-1.645813344083858765e-02,-1.373761678171703422e-02,-1.243509032517070047e-02,-1.323627526965064083e-02,-9.550100767130371981e-03,-1.182519404155229874e-02,-1.025473589512911760e-02,-1.053880687438179219e-02,-9.874077706525870995e-03,-1.021856446898344352e-02,-9.931378885211880614e-03,-8.140191560962893938e-03,-8.223666859456304004e-03,-7.683719806763226849e-03,-1.056408481176984888e-02,-8.886043652935165724e-03,-8.057621559633017932e-03,-8.818834130604176133e-03,-7.784027724297355386e-03,-6.547009164121060827e-03,-9.890555932586786100e-03,-9.184196371645489063e-03,-7.545766479914102140e-03,-6.753452359590933485e-03,-7.474537856140520305e-03,-5.992280573629051380e-03,-6.275328617363352436e-03,-5.162056823237789506e-03,-6.921036194956251865e-03,-3.930689696823332774e-03,-5.959742873839365095e-03,-4.760561977715893449e-03,-4.878047107249035112e-03,-7.075008145975637862e-04,-2.609050945258440442e-03,-1.783748037116420111e-03,1.057711345577757841e-03,-5.343983178131578131e-03,-2.760871165644221675e-03,-1.721150949081048410e-03,-5.420743382086390741e-03,-4.981497120921288269e-03,-6.512765271151157304e-03,-3.586490287039799819e-03,-6.506945107398645622e-03,-3.936922659640440178e-03,-2.804781169547583986e-03,-5.603406644829132810e-03,-6.713794158128145485e-03,-4.552375913328296671e-03,-1.490304996755353406e-03,-7.245334325223061131e-03,-6.104931456772134078e-03,-7.734952427660674902e-03,-1.822031027104335050e-03
-1.830285303091349833e-02,-1.964332116365322123e-02,-2.068049667019345936e-02,-1.748562329390350098e-02,-2.158988608353869937e-02,-1.499729017434795267e-02,-1.528654562828480300e-02,-1.227791717583157950e-02,-6.327752627324149948e-03,-9.121947162426580907e-03,-5.294816801884321897e-03,-7.117461801896787961e-03,-7.758005184705213907e-03,-7.270917139472522078e-03,-7.992053786629481002e-03,-5.513946490482093780e-03,-6.212687103732242137e-03,-6.839739039665940733e-03,-6.217510204081697599e-03,-6.741129204484771348e-03,-6.019485995883032924e-03,-7.141788243840472596e-03,-8.094411952052814330e-03,-4.717576539194723827e-03,-6.968179394612685970e-03,-5.760349854227472290e-03,-5.537651757188470115e-03,-5.351036296685888517e-03,-4.018105769230828454e-03,-5.857304694580416429e-03,-4.909850829069832209e-03,-4.557273823884130763e-03,-3.734127499350853047e-03,-3.098673855831609713e-03,-4.360909510923385683e-03,-1.837222797927536445e-03,-4.216837264305886394e-03,-1.986432090077365053e-03,-5.583486877758001184e-03,-5.688043478260580059e-04,4.083131049316955944e-04,-1.768658765717505887e-03,3.590111118416777682e-03,-9.446786538694674790e-04,-9.825870646765716779e-05,7.943708407106918985e-04,-3.669114750061552594e-03,-9.466187594554488147e-04,1.455590551180653515e-04,-2.288079940784563688e-03,-5.868126999753963194e-03,-5.561494939835816102e-04,-1.241953587137812395e-03,8.555985489721789706e-04,-3.226984455958514884e-03,6.107356160785018528e-04,-5.573977128335218679e-04,-4.836951871657683456e-03,-4.008308616846077178e-03,-2.675938396107864145e-02
-1.380589692180680429e-02,-1.774964725184575640e-02,-2.004287640449427949e-02,-2.067419855090879902e-02,-2.036481857379767932e-02,-1.756378678963788076e-02,-1.481864946472686607e-02,-1.350196511386441735e-02,-1.376342337375965896e-02,-7.796022835394871876e-03,-1.034454995054396968e-02,-8.243645963962776754e-03,-9.584897823337481734e-03,-7.950696579239942621e-03,-7.141506978498686313e-03,-6.655872569089000927e-03,-6.301719883889674023e-03,-7.579268099696757910e-03,-5.572435560231470304e-03,-4.956438356164408372e-03,-5.445634787284026578e-03,-4.259775880469590832e-03,-5.123272549856737294e-03,-4.473621946242219670e-03,-4.257861741782430556e-03,-5.516207282913144702e-03,-4.642265218375283588e-03,-3.120933226065975181e-03,-3.820103147471493824e-03,-5.291649966599757532e-03,-1.831011756106542404e-03,-3.603173417957827949e-03,-3.553701724720991807e-03,-3.290564008394455866e-03,1.027607683352779570e-03,-4.357828198815878154e-04,-1.335411930945895674e-04,-6.829163071612764132e-05,2.718380526577289860e-03,2.921310064173052168e-04,4.064109178663908098e-04,-3.880578448140701827e-04,4.639250695089416048e-07,7.211077046119560138e-05,4.140311034312474337e-04,1.099817184643555549e-03,-1.782978855336117476e-04,-9.532848727911361194e-04,1.745410225158722586e-03,-1.750059498810055750e-03,-1.347503414782244254e-03,-8.618330093805772613e-04,-2.263941952938723970e-04,-1.243784164774126367e-03,-2.843804865813918080e-03,7.359498625801605756e-04,-2.904720798242487259e-03,-1.131487271103123055e-03,8.949853772664536971e-04,-4.014355661487574618e-03
-1.329495548961431156e-02,-1.103858914728673112e-02,-1.186399169632270170e-02,-1.445794179417931452e-02,-1.296556135265697698e-02,-1.169122683319907471e-02,-1.028797806716929067e-02,-7.538768506987695260e-03,-9.027289889525931185e-03,-8.331705146036266427e-03,-8.631382336807515848e-03,-5.837318335655995380e-03,-5.646618155236495483e-03,-5.959165773251189416e-03,-3.250193217665590592e-03,-6.439273810278265189e-03,-5.871634863331596892e-03,-5.206787564766860062e-03,-5.249994021125346279e-03,-3.754161704380083991e-03,-5.321341303205459269e-03,-7.545103204780010710e-03,-4.470396308703663939e-03,-6.210734153846211685e-03,-5.557188731400387535e-03,-7.841125699280807743e-03,-6.637359216707212732e-03,-5.123883339992116141e-03,-5.180791320995485096e-03,-3.270123691722096482e-03,-5.710147329650075085e-03,-5.529883685149816416e-03,-4.017984023147632734e-03,-5.649130910832842779e-03,-1.590643027255972744e-03,-4.524441538059162035e-03,-1.909774269398718978e-03,-1.606401414128845939e-03,-3.139936143039617766e-03,-8.565474908463513405e-04,-3.416941251090093324e-03,2.644331370899304524e-04,4.686282837817083236e-04,-2.178632858838235563e-04,4.591427607154967283e-04,-1.874883457937948777e-03,-3.923895620945809634e-05,-1.872667088207374732e-03,2.995109493711362405e-04,-4.329094963273939257e-03,3.285390355912110017e-04,-2.140452276980670757e-03,-6.872763626880075676e-04,-4.999667232597505666e-03,-1.390657723577163251e-03,-1.129751330599434349e-03,-4.927983016720626115e-03,1.919969114950082650e-04,-5.216824554755676406e-03,6.169398246207109804e-03
-2.439205666377562698e-02,-2.444137987487569538e-02,-2.791203311867525641e-02,-2.930943511450376238e-02,-2.522522004062281026e-02,-2.714912629070690211e-02,-2.120513003499628277e-02,-2.143282212885154123e-02,-1.990240310624781864e-02,-1.852578594841095688e-02,-1.388589372662480011e-02,-1.488880100264585241e-02,-1.378808459051730599e-02,-1.484102065613601695e-02,-1.194570691294302885e-02,-1.134559488953949986e-02,-1.185250931038916468e-02,-1.268013594771236555e-02,-8.802879001409353102e-03,-1.049743877825616220e-02,-1.069874974874363005e-02,-1.090437396103460278e-02,-1.100855039559684931e-02,-1.074109475032013726e-02,-9.133806765090637936e-03,-8.841292051205696528e-03,-9.773525054970557541e-03,-1.028383658256877380e-02,-9.981059116149949492e-03,-9.012179818887390559e-03,-9.091858375052703709e-03,-9.515411918550289311e-03,-7.397478802992470993e-03,-6.333789373210305801e-03,-7.688547536433047724e-03,-5.625316286230634677e-03,-6.108697671332841486e-03,-4.004672008692202259e-03,-2.413290678710372852e-03,-4.820498433882628060e-03,-2.268753450530252951e-03,-6.973999839653463985e-04,-2.022611139499224785e-03,-1.900943260713407667e-03,-1.897391173142198286e-03,8.408286046352965361e-04,-4.188922948931215161e-03,-2.762116174457482322e-04,-2.397604019064727022e-03,-4.377828904306784244e-03,-3.650007388004590948e-03,-3.906433370247357900e-03,-2.790354929577438126e-03,-3.267228666486761673e-03,-5.068643544258995791e-03,-2.311387900355910303e-03,-1.372893849658384045e-03,-4.903443182867052615e-03,-4.872024308037950155e-03,-2.214676056338070985e-03
-4.467649875311719559e-02,-4.475555723437694977e-02,-4.798595807282083486e-02,-4.762611839568070549e-02,-3.989261659677213745e-02,-3.775246900958461466e-02,-3.775457207671679277e-02,-3.392993753549121416e-02,-3.352908972409292254e-02,-2.563876412634029031e-02,-2.311462660443400555e-02,-2.429378137886130384e-02,-1.907543555492395571e-02,-2.747337396121881867e-02,-1.863837164487277404e-02,-1.496123076923078221e-02,-1.614560747663550469e-02,-1.418375480925981175e-02,-1.427651238462047771e-02,-1.537607537894307777e-02,-1.574908966367555632e-02,-1.399188389028786263e-02,-1.418722627737233587e-02,-1.074185025097597682e-02,-1.259640189647332105e-02,-9.178817740205676839e-03,-1.107766336514073684e-02,-1.093004695938002563e-02,-9.598326262567574360e-03,-8.518953345431061475e-03,-1.032723097112863905e-02,-9.029968189881956708e-03,-6.732195767195748616e-03,-8.001439484815971170e-03,-6.372022696498742984e-03,-7.068832173240459024e-03,-4.674793259795630325e-03,-5.933805619034874038e-03,-5.641721480665989365e-03,-2.159628101796100871e-03,-4.401926529484884339e-03,-2.503231877665055075e-03,-5.452198529411849542e-03,-8.613719906807981285e-04,-8.286514673782247910e-04,-1.653369540273822444e-03,-1.566610193028809047e-03,-1.789258511815648624e-03,-9.670321423827764069e-04,-2.779527942143243148e-03,-3.046821684647896007e-03,-4.789524629693412729e-03,-1.881891645800062417e-03,-4.765715948777648689e-03,5.105542123857397506e-05,-4.273488542621484837e-03,-1.016121961997321467e-03,-2.277589012251266844e-03,-3.352713700234125245e-03,-5.424707611891544344e-03
-4.939812844036692296e-02,-4.040402283934595856e-02,-4.834675834970526831e-02,-4.624984988452648244e-02,-4.535834016531147678e-02,-4.198966019739023420e-02,-4.327765176784522522e-02,-3.629099223037986904e-02,-4.064012415016247937e-02,-2.992940891111271762e-02,-3.478759055118105931e-02,-3.114405055672587672e-02,-2.735512976872172403e-02,-2.333740667976419089e-02,-2.368407155025556779e-02,-1.872135588462345637e-02,-1.634883149694714086e-02,-1.812248462654598644e-02,-1.420275256707519487e-02,-1.602683007640817378e-02,-1.345488078735790870e-02,-1.116921571349261538e-02,-1.261059319107793453e-02,-1.233280690931522899e-02,-1.038394121387692728e-02,-1.290924055639792838e-02,-9.221187296312842799e-03,-1.161297237704413295e-02,-7.908545983494609868e-03,-1.027398185780759379e-02,-9.825971043731044144e-03,-8.617779390420899494e-03,-8.527638200297452814e-03,-9.890563722357165188e-03,-9.858088461538407413e-03,-6.518792731551169284e-03,-3.194657388340536863e-03,-4.787438039162007601e-03,-4.996796242085841354e-03,-3.925969608253250358e-03,-1.573543165467599638e-03,-5.306645618466353242e-03,-2.199819672131052197e-03,-4.200764500581658650e-03,-2.678372011559653453e-03,-1.595250225984179166e-03,-1.067642440730702091e-03,-4.574448594178972464e-04,-3.530188139875023966e-03,-3.086600610790639528e-03,-1.297756582482530478e-03,-1.281855514352463329e-03,-3.536005242278252199e-03,-5.111922986432376401e-03,-1.869930310591919379e-04,-8.294372697304661438e-03,-2.668509292968007825e-03,-3.939931360727164100e-03,2.819637826961449677e-04,-9.240543061457173052e-03
-2.725113485016653417e-02,-2.450664299143509584e-02,-2.376934343434345537e-02,-3.157444306364050324e-02,-2.231419346370916434e-02,-2.892603348090757795e-02,-2.988221153190039059e-02,-2.538535350078705358e-02,-2.839206380638064145e-02,-2.252805746691881328e-02,-2.066118929633299628e-02,-1.709145168676532572e-02,-1.552058711107707524e-02,-2.065202400850933012e-02,-1.310901881224641602e-02,-1.155828411295537622e-02,-1.120825150976905923e-02,-1.050043521476746143e-02,-9.470773905147656518e-03,-1.055901529380200328e-02,-9.292897956394026091e-03,-9.899310151430196214e-03,-7.076304028021045828e-03,-8.070841708542622617e-03,-7.888311526479849581e-03,-8.368380734600585139e-03,-7.036228035143735418e-03,-9.039749127117541888e-03,-7.653093658959930594e-03,-7.373254654654652629e-03,-7.106571598690039279e-03,-7.737926353096593636e-03,-4.895525448553566215e-03,-8.431717133722010926e-03,-8.363107425165305572e-03,-6.352941176470585510e-03,-7.189231889815932662e-03,-6.282011663906695784e-03,-5.245411030176925365e-03,-3.124575127392907083e-03,-2.924284504657092242e-03,-4.754653349763626226e-04,-1.594698701114401857e-03,-2.995646587559597143e-03,-2.204343281065539433e-03,-2.657282918149492159e-03,-2.219320802004941078e-03,-1.794122994229678395e-03,-2.715715723632194153e-03,-1.890963536361774718e-03,-2.123008665511307100e-03,-1.616877149539195117e-03,-2.559770519498723827e-03,-4.552630196936517659e-03,-1.884915062287547977e-03,-3.815854441669590258e-03,-3.043254080193515902e-03,-6.792449904340050644e-03,-3.302731978902114472e-03,-3.775143525409314915e-03
-1.493895253682488503e-02,-1.449759009009000260e-02,-1.290947650627920044e-02,-1.654096654275088660e-02,-2.205497558691728310e-02,-1.879273785628255561e-02,-1.489444382022478766e-02,-1.489251611114970376e-02,-1.599049600000004845e-02,-1.144719438877753355e-02,-1.140629544584769936e-02,-1.274994129007331854e-02,-9.161985356454798932e-03,-1.067212805443858853e-02,-8.497875766871134523e-03,-9.139342674019966528e-03,-8.916863299956463013e-03,-8.013782349989289830e-03,-7.731031888212188015e-03,-8.501719686816663901e-03,-5.919743191187453769e-03,-6.481294458229910904e-03,-5.601423628274890786e-03,-4.868572335472940923e-03,-6.388957556134316346e-03,-3.544721080855155713e-03,-6.361133544851379877e-03,-6.417260697252654203e-03,-5.395910780669189305e-03,-6.297262209993128440e-03,-6.016158370217684383e-03,-5.068850540216236072e-03,-5.086844689621720927e-03,-7.732421715768014042e-03,-5.339021125420282017e-03,-2.620223398001253565e-03,-2.354300294406239547e-03,-3.744905988625042703e-03,-2.677391997679798470e-04,-4.217642122929032367e-04,-3.315202952029568627e-03,-8.198303272261072295e-04,-1.531329043272747475e-03,1.726047045324103713e-03,-2.023540101211422377e-03,-3.300399246058921803e-03,-5.445948384768325859e-04,-1.332433121019048570e-03,-1.812521739130436207e-03,-6.218637992831764884e-04,-2.626163709453795993e-03,-1.917328276742023439e-03,-1.130689801100242826e-03,-2.282492031295219135e-03,-4.660795967499157741e-03,-3.527908808984924795e-03,-3.589936010386657848e-03,-3.504235766346285117e-03,-2.013513971210863663e-03,-7.807112588284241365e-03
-2.207980225768782154e-02,-2.127124705524735537e-02,-1.696155806959752377e-02,-1.912711696158824262e-02,-2.337458307383580292e-02,-2.495211948693322468e-02,-2.153656294877929686e-02,-2.161320510980337811e-02,-2.058580809510330081e-02,-1.611679167846028285e-02,-1.893768351748138443e-02,-1.436984848484848185e-02,-1.332194501018334372e-02,-1.114260068685607279e-02,-1.278021640269712961e-02,-1.014255368633222056e-02,-1.220219771920557500e-02,-1.055518137758855099e-02,-1.056892789786732269e-02,-1.086955102632917135e-02,-7.063871634135967907e-03,-8.632867677181511185e-03,-8.223642822316605192e-03,-7.154798545247067522e-03,-8.269129473834273963e-03,-4.586038297872381021e-03,-7.950048571026409674e-03,-4.518294348394531063e-03,-6.616873092315002543e-03,-3.833604024197845989e-03,-3.691926154621722866e-03,-4.650667889908303987e-03,-2.439772727272762620e-03,-3.370561056105501972e-03,-3.316102296061195116e-03,-1.347772312016901584e-03,-8.816507664977820107e-04,-2.114117530668726402e-03,-1.304908845374830057e-03,-3.281165787932051152e-03,-4.040393706343126546e-04,-2.086447460964967974e-03,-2.997314520785270432e-03,-1.732930919739129839e-03,-9.640848343986523116e-04,-1.774164332399617329e-03,-4.527956895802674850e-04,-2.276886688668823891e-03,-3.798883889946300975e-03,7.591819973718948655e-04,-2.526392953120285521e-03,-2.719372515616191519e-03,1.274427003851428359e-03,-3.571124011319892246e-03,-3.686919048331621564e-03,-2.795937378300477824e-03,-2.364063942852179592e-03,-5.089710243240666218e-03,-4.651752646239599477e-03,-5.284562976243775516e-03
-1.676357630161583526e-02,-1.345285409758411287e-02,-1.802994272445820542e-02,-1.970568215016067076e-02,-1.683170935167562637e-02,-2.583423093310601229e-02,-1.411941904960682150e-02,-1.205299854540417721e-02,-1.258798400581612881e-02,-1.051789323028479682e-02,-1.174711849835223879e-02,-9.889602264035488727e-03,-7.835671185643757961e-03,-8.473601265822703135e-03,-7.705901613538044398e-03,-1.055123691722159064e-02,-6.783177058915518774e-03,-5.671571102661576540e-03,-5.311648676622752162e-03,-6.712670371453662542e-03,-6.942132250749762264e-03,-4.410147627920256268e-03,-6.432216484197401073e-03,-6.614939894551927560e-03,-5.566462467644497231e-03,-4.664730457253634006e-03,-6.416261093615878430e-03,-4.316880226789579673e-03,-5.799298271315556433e-03,-3.387505631783721983e-03,-4.763901404717760246e-03,-3.403806410663240065e-03,-2.963137472283843346e-03,-1.778552135296337152e-03,-3.133119113573322369e-03,-2.068186951066464368e-03,-9.080137647134064712e-04,-2.673974512146512234e-03,-1.802029950083249834e-03,-1.383302664758460183e-03,-2.810110930335793858e-03,-1.695359891676212916e-03,-1.470276988636437000e-03,7.764256002334682556e-04,-8.749848495055458878e-05,-9.109432853363519812e-04,-2.196158584741722194e-03,-9.928294367694289781e-04,-8.570204043603196460e-04,-3.521464103016358656e-03,-2.108506210137562308e-03,1.295547950414438314e-03,-2.127013722500549920e-03,-6.723754561024194087e-04,-3.128843857292074645e-03,-1.360857341469073325e-03,-4.603804602341593673e-03,-4.284607548885955956e-03,-3.469567380928172042e-03,-4.415531015037491534e-03
