1.130215143126049701e-04,-1.206961525659026445e-04,-3.637581818170887649e-05,-3.232030796159766553e-05,4.239459080989441662e-06,-6.010853730011950441e-05,-9.586806135252952680e-05,4.432575158161205039e-05,3.407165588248039991e-05,-7.853749999998947456e-05,-4.097501045604759107e-06,-3.994399749891496324e-05,-1.153843745582520274e-04,6.434252717860872476e-05,-7.493572531481152105e-05,-1.490301700829107117e-05,-1.094332260334935519e-04,-1.482960943737903490e-04,1.544157970779274562e-04,-2.511413656992194147e-04,8.215489820368074389e-05,-7.159295406931370689e-05,-1.660947182740997972e-04,-2.319391037440503137e-04,-5.312118360183065371e-05,-1.856388985822695877e-04,-2.370978082728867958e-04,8.001758694545566116e-05,-2.964620964124685528e-04,9.194044548283023487e-05,-4.267242057362604008e-04,-1.555746972579970385e-04,-3.395555734383618558e-04,7.106448509650111791e-05,-2.854380417434585165e-04,-4.502398560701263643e-04,-5.777819735097887086e-04,-2.810350596626474983e-04,-7.468872368609789708e-04,-1.023310652173742324e-04,-1.288396654004973470e-03,-5.622472285250919560e-04,-7.525930885641045863e-04,-5.951223339286245643e-04,-1.207385674157255683e-03,-9.054685350318538752e-04,-1.521994979452029719e-03,-9.499102831168430025e-04,-2.800060651558101792e-03,-7.486654321808678368e-04,-1.892292375000024802e-03,-1.713290310245449682e-03,-5.755283286219088287e-03,-3.535387005649338931e-04,-1.480205215447187497e-03,-5.049018335766495072e-03,-2.921939305785146036e-03,-3.609304416901554756e-03,-7.974023855421542850e-03,-1.199996829866635112e-01
-8.810658065700934785e-04,4.811394273935562581e-04,-9.192480434388879899e-05,-3.466141729201258894e-04,-6.949628729266418099e-04,-6.936798621959385566e-04,-6.860805769087067237e-04,-1.006696651548563866e-03,-1.586433457032501194e-03,-4.686619509828301804e-04,-1.111999662554085397e-03,-9.903538729645550501e-04,-1.197961245648027518e-03,-7.920766833355318871e-04,-1.276255571880121177e-03,-1.550884339512263559e-03,-7.353158753234895293e-04,-1.167323893170841816e-03,-1.231849166379151046e-03,9.567754292995483707e-04,-1.299910744175833627e-03,2.526612400312190751e-04,2.142524129232042297e-05,-1.764348718254570134e-04,-1.873498022409938622e-03,-1.684017571095908303e-03,-2.776281789133732986e-03,-1.447503814884536959e-04,-1.921968306278998501e-03,8.049249082889798831e-04,-2.058964212041795947e-03,-2.171546760197936394e-04,-4.410106332274864316e-04,-5.554579173411846541e-04,-6.012298817849403123e-04,-5.776898752483096379e-04,-1.124742782364996762e-03,1.618553105670203442e-04,-1.776352216918210096e-03,1.244978511499312136e-04,-3.669676651451908231e-03,2.010180809458958929e-03,-2.907768986712749512e-04,-7.036901809164536727e-04,-1.549076159514127093e-03,-1.235929739202127437e-03,-1.077839123423502028e-03,-4.850088028570098664e-04,-1.378182408834818578e-03,8.427813331130127802e-04,-2.435983165718903515e-03,-5.809987120039983993e-04,-4.574036630576206776e-03,-4.401536130531009776e-03,-6.127240884019679668e-04,-3.020910268673367323e-03,-4.922890644085569679e-03,1.296361125870655151e-04,-4.106346733395158273e-03,7.458147344147715574e-02
-3.142841466257087144e-04,-8.264266822835195092e-04,4.493848404577868000e-04,-1.265993935528062820e-04,-3.371192766114022225e-04,-6.537319294373949465e-04,-8.195942842403491262e-04,-7.111611852325092119e-04,-9.603734578051703347e-04,-1.376451052893807063e-03,-5.401301120702673396e-04,-1.364320900971234280e-03,-8.560529621771875838e-04,-1.169785077268387227e-03,-8.647452951472959148e-04,-1.344658285850758739e-03,-1.377513861403441764e-03,-8.031486530374419954e-04,-1.090783612796521976e-03,-1.370360749371255307e-03,1.214409334427670514e-03,-1.592160838494769727e-03,2.112378057927953058e-04,-4.266697372846633518e-05,-2.288182311929837199e-04,-1.737832990690581138e-03,-1.708837337541648871e-03,-2.716746022198152956e-03,-3.779213787205279495e-04,-1.799521190001677476e-03,5.249301873064365865e-04,-1.934295057830136885e-03,-3.038816116520348475e-06,-5.689014752995261029e-04,-8.040211103401121882e-04,-5.375506387917185246e-05,-8.797759332339988260e-04,-1.193200666387322657e-03,-1.605413217444678399e-04,-1.419396529126565982e-03,1.243856619205048399e-04,-3.681947284660160111e-03,1.120257156123540248e-03,1.406362073660918542e-05,-1.567194736685444036e-03,-4.566565475136051457e-04,-2.569625477991677349e-03,-2.944329674755658769e-04,-2.156057966590751301e-03,-2.091955973341302574e-04,4.735356247787860244e-04,-1.945103757730904824e-03,-1.644093508197473370e-03,-4.665281657500477963e-03,-3.427882456902600107e-03,-2.390814574881586999e-03,-2.997495484166882128e-03,-5.357065337672584603e-03,-6.022677220384545400e-03,-4.672446834304490315e-02
-1.881471736497441821e-03,-2.321344207944685484e-04,-8.393119599014867756e-04,3.603971109941972169e-04,-1.341756669905478305e-04,-2.651601057032232085e-04,-7.024211766746667066e-04,-7.080222872326518259e-04,-6.092005324879483288e-04,-1.119303091041621168e-03,-1.396178044537432859e-03,-7.120110034045164932e-04,-1.090092793234560039e-03,-8.123499051366590623e-04,-1.366230778493265040e-03,-8.063489098892450292e-04,-1.348868146912717263e-03,-1.505547735375271185e-03,-8.322715509870991409e-04,-1.368495306245158527e-03,-1.121225672518971934e-03,1.060155087197249546e-03,-1.504476204809361778e-03,2.364834884150001813e-04,2.538858711844844420e-04,-4.673265723240855349e-04,-1.547865155535016989e-03,-1.746590373758057828e-03,-2.779901984743185419e-03,-5.104822222958799822e-04,-1.895641597395679792e-03,1.033468224896414919e-03,-2.362599220202137289e-03,-2.064088131922746329e-04,-4.002100435129107413e-04,-6.341934017599923715e-04,-4.904945152919953357e-04,-8.198467496026999504e-04,-1.305770083768860706e-03,-3.812622994862977909e-04,-1.042353850593057130e-03,1.084156911649105198e-05,-4.231134618758033636e-03,1.788844395639521733e-03,-5.707526141770074288e-04,-7.928437364859211838e-04,-2.041935221386022292e-03,-5.799246049571182534e-04,-1.951710038953792612e-03,-1.543883734285192780e-03,-1.725029827307423733e-04,8.048024957093268547e-04,-4.362348974466401935e-03,1.247339537337381057e-03,-7.046237666421340320e-03,-4.466644411710515156e-03,-1.925693197055814451e-04,-4.434043791413397849e-03,-2.878088017728988850e-03,4.811749521563266681e-04
-8.112412710231213520e-04,-1.869072216521224178e-03,-2.077334789355711182e-04,-9.542617277060038306e-04,4.047944301940262224e-04,-8.895643672665513142e-05,-2.900450746676200742e-04,-8.581198543578169840e-04,-5.610643148866713238e-04,-5.374276316405956653e-04,-1.155828919153805388e-03,-1.449311973268865459e-03,-5.005676561325247704e-04,-1.364318990307618025e-03,-8.833047216003881786e-04,-1.294955994775290114e-03,-7.393084346808507113e-04,-1.308483947289837326e-03,-1.583400828050469554e-03,-6.895248762877406734e-04,-1.232839758564755828e-03,-1.254237854197086388e-03,1.001605588382525240e-03,-1.369827147953338060e-03,4.399988355306684134e-05,2.335981194254765697e-04,-4.997749325918745232e-04,-1.691015653322213309e-03,-1.817927597395018434e-03,-2.786282458868220499e-03,-2.126098456414706362e-04,-2.107135707962846331e-03,9.573996139776571809e-04,-2.284800737729343351e-03,-2.576708026876304929e-04,-5.184221631338394899e-04,-7.607198979898917345e-04,-5.148393198445526528e-04,-7.108358715178387383e-04,-1.495541065649655388e-03,-2.318102162964066936e-04,-1.373225521425119281e-03,3.776610247337027176e-04,-4.408903616502499699e-03,7.345598290453679178e-04,-5.117324180544921596e-04,-3.447481573451145580e-04,-1.823337837576775259e-03,-1.399076451173532961e-03,-2.186814778947720594e-03,-1.776682629488593977e-03,-2.051184202378733296e-03,-1.226854842546968433e-04,-2.236950862676318971e-03,-5.035872505184992845e-04,-5.972912969048473769e-03,-5.885974478765420084e-03,-2.600347357275984653e-03,-1.800397826559999720e-03,-3.256456840392545071e-02
-1.737128643980940948e-03,-8.382798081270899197e-04,-1.759379472462998997e-03,-2.824912229114101450e-04,-9.744088082724845995e-04,5.251261579670694381e-04,-1.884260382788614460e-04,-2.945425772077272662e-04,-6.635384283474768212e-04,-7.694750824555615177e-04,-6.091573461717575281e-04,-1.105335832897545679e-03,-1.594665185392822289e-03,-4.644680489867268375e-04,-1.289444883920590201e-03,-7.686564914839237031e-04,-1.289024264943719900e-03,-8.373739381834822710e-04,-1.339379842647480355e-03,-1.573855828476013142e-03,-6.267849625862848993e-04,-1.502858559810381790e-03,-1.030647731910006330e-03,9.577707859001815616e-04,-1.374006962973842909e-03,1.968116706095728334e-04,-1.374462954813791089e-04,-3.189057296735661674e-04,-1.795801202645396421e-03,-1.874341136525040042e-03,-2.624780943747016902e-03,-4.597132157009026091e-04,-1.814821506632079704e-03,6.232714380431298752e-04,-2.248524199752006177e-03,-1.316130552848591441e-04,-1.211655537208465062e-03,-2.706514848826159459e-04,-2.546395646102881283e-04,-1.341274633839364180e-03,-1.026036895295446855e-03,-7.731004982792205995e-04,-1.509907579143657513e-03,1.723274775431522712e-04,-4.067176646677117709e-03,8.367542524553424300e-04,-9.810299490233800792e-04,-1.587088519023659725e-03,-7.232685020796343796e-04,-2.302665910799145486e-03,-1.131458886771257669e-03,-2.561060719579718280e-03,-5.008653948641168504e-04,3.679823079711526911e-04,-3.355662181872083941e-03,-9.667422123189250635e-04,-7.549180402906652439e-03,-5.512168641789781491e-03,-1.338749276770900387e-04,-4.817758954733164511e-02
3.734019036251475659e-04,-1.558984145458483820e-03,-9.327275225278744333e-04,-1.826123957828911480e-03,-2.141606463253411705e-04,-8.450565070020664774e-04,3.129327003287577457e-04,-2.056778609343187932e-05,-3.336157351337373008e-04,-7.982146432005055503e-04,-7.420486343751335132e-04,-5.464001142976304421e-04,-1.132295774694586869e-03,-1.456677878419127339e-03,-5.231154302249246910e-04,-1.289702835795091549e-03,-8.869596203743553920e-04,-1.266415199009144135e-03,-8.145123052505947496e-04,-1.567900350208911026e-03,-1.526707978327056930e-03,-5.848238569974061399e-04,-1.316359591202025071e-03,-1.420528233475793932e-03,1.278805549861886754e-03,-1.556602740554709815e-03,3.068795868560504907e-04,-6.923822942031942899e-05,-4.725874865793461580e-04,-2.040916389376016930e-03,-1.538666627965500728e-03,-3.087657910728511430e-03,-2.018020165119835700e-04,-2.050579585632547087e-03,6.355210698847935926e-04,-1.929103422100999924e-03,-2.288048433558771721e-04,-8.419481308066233691e-04,-9.295895311104244996e-04,-3.708098020095788590e-04,-1.144349443388683425e-03,-1.239752006620898055e-03,-2.859469895563475383e-04,-1.963304563215401317e-03,2.352997753296840388e-04,-4.510474550343796137e-03,1.287462589585707797e-03,-4.208202636275570397e-04,-2.317993095462108234e-03,-2.114465684248921246e-03,-2.314775493340512358e-03,-1.998591195044826496e-05,-3.716626013872724368e-03,-1.436574486160728786e-03,1.934357846478046341e-03,-3.985860942336468329e-03,-3.098819561550969080e-04,-9.994840264934402169e-03,-4.195668879524844068e-03,-1.745692427590875631e-02
-2.041844101228849212e-03,4.560833027711857037e-04,-1.742139288425184097e-03,-8.382760956490758943e-04,-1.875493868153938707e-03,-1.928213887096898453e-04,-8.182898646694724545e-04,3.032050925221742971e-04,-6.389494783267049972e-05,-3.615867928937259944e-04,-7.482423012982273441e-04,-6.032173628345868874e-04,-6.190730906001407118e-04,-1.117317276110274451e-03,-1.650659015638285005e-03,-4.616613043597982526e-04,-1.285732151193942716e-03,-9.468550037614329243e-04,-1.233482269838978573e-03,-8.273149966079683523e-04,-1.374202944758565149e-03,-1.507645609285741383e-03,-8.717638007258779725e-04,-1.357252359793237719e-03,-1.238832542836802459e-03,1.200878464386664598e-03,-1.641692691079339956e-03,1.754269634030043831e-04,2.820064052513541857e-04,-5.993246943966183682e-04,-1.897908542671162364e-03,-2.052009263681410511e-03,-2.736168044084424673e-03,-2.136140356153335090e-04,-2.215925521861983414e-03,7.811509069150906473e-04,-2.386652364236427435e-03,-1.026403708141969005e-04,-8.383924723738421687e-04,-1.263374836229707492e-03,1.860011596484003585e-04,-1.587688886043276586e-03,-1.011789597893434766e-03,-6.462834996461100682e-04,-1.547799118229133174e-03,-3.330730353184687179e-04,-4.704663557649856401e-03,9.361139994275770749e-04,-1.209741268026758411e-03,-1.898975122061636418e-03,-2.773432005267457631e-03,-6.799631611675638950e-04,-3.304195115409644737e-03,-1.607762551605309382e-03,-2.507814549308296902e-03,-4.266885676111639540e-04,-3.661412790329777490e-03,1.041428567659004063e-03,-8.844024356390324179e-03,4.183435542488541173e-03
-1.238514706167395630e-03,-2.038138700066863089e-03,5.255744030392517190e-04,-1.780165420238816187e-03,-8.141084602973156902e-04,-1.805480805540015483e-03,-3.622081750904381729e-04,-7.681480388929050286e-04,3.052039657620619407e-04,-4.514666568338375951e-05,-3.542915224878610955e-04,-7.783913974946218752e-04,-6.567149795791419513e-04,-6.696903390827564683e-04,-1.022984588268685069e-03,-1.699039318112484983e-03,-4.543458188287608055e-04,-1.228563474202113131e-03,-1.044584470751178150e-03,-1.325532486155072288e-03,-8.139284958465558759e-04,-1.380541433740084751e-03,-1.513807029660014722e-03,-8.512665602858577934e-04,-1.276052768347939268e-03,-1.309549614242709777e-03,1.293878886282708290e-03,-1.725191029366255572e-03,4.031808182391665661e-05,-1.178603864209031456e-05,-3.895490471094632963e-04,-1.709210054426580066e-03,-1.961081455974835082e-03,-2.815656503801503702e-03,-5.128394514966242270e-04,-2.272982031929500924e-03,1.073952087649908795e-03,-2.277693857375452224e-03,-2.829329973773420191e-04,-2.046790410331225316e-03,-1.892213871229543761e-04,-1.595460695862450711e-04,-1.142937021586719511e-03,-1.801017983211903629e-03,-9.579794315549968950e-04,-2.228602624997656594e-03,4.381906732072317454e-04,-5.076073337822967040e-03,5.091381076598669323e-04,-1.677288810115958343e-03,-6.776543518057070439e-04,-3.267705747251418383e-03,-1.494570990973140973e-03,-2.746607641466860400e-03,-7.573003837290353396e-04,-4.486943039884748463e-03,9.387373780433605399e-04,-4.361911530335372406e-03,2.124734117866441680e-04,-1.120031791118133030e-01
-1.976182383339581804e-03,-1.239951224575279801e-03,-2.036379589583187880e-03,3.936834576266363245e-04,-1.641523776782046872e-03,-9.192139902465358081e-04,-1.878961940651538388e-03,-2.673703985845828838e-04,-8.349065259750025440e-04,4.332912800638617865e-04,-9.122698919969318330e-05,-3.753402267172876246e-04,-7.164593789419595364e-04,-7.933368001241763957e-04,-5.951198175668612894e-04,-1.060022278296896252e-03,-1.633851007739322821e-03,-5.785259008363304251e-04,-1.311765904859421659e-03,-8.957014441378753980e-04,-1.329040919690971465e-03,-7.051214404113323626e-04,-1.570045709161035832e-03,-1.499000194409459783e-03,-8.997435969054318151e-04,-1.288300828751056098e-03,-1.345587779952705371e-03,1.062889109360137720e-03,-1.518203761297388498e-03,3.456799308454626759e-05,6.035576259811209374e-05,-1.798791201104728136e-04,-2.416563911093603818e-03,-1.819474626688401438e-03,-2.701661571445490486e-03,-2.394628816877003531e-04,-2.454630097182070297e-03,8.959250026353189362e-04,-2.410463514509332116e-03,-7.418535515495291392e-04,-9.031115814374520660e-04,-4.632757239898357732e-04,-1.192548074143521273e-03,-9.298993668447358852e-04,-2.116152784813163292e-03,-3.842457995853674991e-04,-2.154602240023306171e-03,-1.131288924333165389e-03,-4.268300999757936205e-03,4.380730979070637278e-04,-1.591046300483528724e-03,-1.350781514918713037e-03,-3.013488442533662423e-03,-3.013317399637876343e-03,-3.263392102995403381e-03,-6.775744699234398025e-04,-3.909035408899965043e-03,-1.197941769331658168e-03,-4.675110676187566559e-03,-1.611563412588919164e-02
-1.295678074183434112e-03,-1.867809245629846763e-03,-1.271488808593098383e-03,-2.022683404856058780e-03,1.484965144998520064e-04,-1.703103129609843339e-03,-8.726476441265797060e-04,-1.719695080152710892e-03,-3.283198903603431638e-04,-8.903019380634998427e-04,3.389930320812715027e-04,-1.579107626758121915e-04,-4.752159766936445498e-04,-6.408468355842433274e-04,-8.199053633581174705e-04,-6.509701843692502913e-04,-1.074703551759220981e-03,-1.486541565355632829e-03,-6.259016024012661276e-04,-1.387929584897173215e-03,-9.726486960082674068e-04,-1.196146896040853422e-03,-9.536458419329961207e-04,-1.299121176905005488e-03,-1.531250331735219865e-03,-1.021436331062277767e-03,-1.168884017238110487e-03,-1.198225002953575129e-03,6.458103600785970646e-04,-1.507353390164214426e-03,2.413269170036389162e-04,-3.850081839970276808e-04,-5.680595136290105159e-04,-1.670894068090180004e-03,-2.418475378674249301e-03,-2.198670265129079072e-03,-6.019123597590143740e-04,-1.878435421745411294e-03,7.716806510238180907e-05,-2.097953733427038777e-03,-6.314426729098262386e-04,-1.140262662471147777e-03,-1.056603691491466226e-03,-5.224287316522509576e-04,-9.571308933961793480e-04,-2.314477316122963424e-03,-1.203678732987418067e-03,-1.484000877490060290e-03,-1.869276941123839460e-03,-4.246327497944465436e-03,-7.098460994172313713e-04,-1.551414887453556263e-03,-2.364973577040259574e-03,-2.943225100989594993e-03,-2.263725681293309814e-03,-3.706386136179770901e-03,-1.044418521979824897e-03,-5.828341893723556003e-03,-9.700606244584305139e-04,-3.408078354320258352e-02
-2.213890051185096134e-03,-1.180966278335535916e-03,-4.398729726587640842e-04,-1.897651668146736054e-03,-1.548928489858049070e-03,-3.307461971422317841e-03,-1.771505400535175381e-03,-1.178334262773057502e-03,-1.667406901927137719e-05,-1.238502054624448243e-03,-1.278768963410307482e-03,-3.227360762245062614e-05,-3.766094679529894806e-04,-1.729705303100099057e-03,4.016901142671800530e-05,-1.449065630188462427e-03,-1.324775957721618415e-03,-8.975283717375968440e-04,-6.539898336449996054e-04,-1.752692289041580306e-03,-2.228563497118762633e-03,-1.197485410148503788e-03,-2.256826426021500112e-04,-1.512347356757359805e-03,-5.185423620238403591e-04,-3.940576887377723924e-04,-1.502067206341491578e-03,-4.620504331935312132e-04,-8.340481280534466383e-04,-2.812204937145605047e-03,-1.715423833940419316e-03,-1.668253874775784329e-03,-1.446787803119039748e-03,-1.899938983825950499e-03,1.744942226089180612e-04,-6.338737984535838159e-04,2.368213345770482647e-03,4.275904893307572196e-04,4.874387597745800330e-04,-2.294905612998040211e-03,-1.042817522445088413e-03,-2.324682189147140882e-03,-1.842891846441504945e-06,-3.136975648874735807e-03,-1.491261652968953666e-03,-5.062827834825510149e-04,-1.539937890010552573e-03,-2.457473981592655631e-03,-1.248785927156134071e-03,-2.516557959529092895e-03,-1.127451295846223838e-03,-7.809888214539170356e-03,1.245301652607639894e-03,-8.335265824663769252e-03,-2.183392963000983355e-03,-5.266618833762568355e-03,-5.727760789832633467e-03,-3.764058734607375611e-03,-4.246790396438468278e-03,5.358162132689120449e-02
-2.415847109751509143e-03,-2.210751208896392754e-03,-1.185126681875135453e-03,-4.287980379412117873e-04,-1.863206744867596919e-03,-1.591580666070400432e-03,-3.240978814605427211e-03,-1.799246489591270091e-03,-1.146359433698178071e-03,-1.303842388530589581e-04,-1.215100104347900970e-03,-1.210917350303091595e-03,-1.175031142440147099e-04,-3.333941385760565406e-04,-1.728611734570335888e-03,7.088378151965793549e-06,-1.399155537157006175e-03,-1.421270591412461407e-03,-8.693308494172457147e-04,-5.132806546895293332e-04,-2.014037810021392181e-03,-2.066380963338605974e-03,-1.328209223257558825e-03,-7.573847041886223554e-06,-1.623845355025931676e-03,-5.425710105650835774e-04,-4.152065547839160135e-04,-1.588022967853714405e-03,-3.714442090810192248e-04,-8.808666570431974161e-04,-2.785332543349630218e-03,-1.924179010603165518e-03,-1.592888831751496223e-03,-1.447076762924633022e-03,-2.021365240391874169e-03,3.795949798822417245e-04,-5.653199820259362631e-04,1.919939507943894258e-03,3.628892510302008322e-04,6.129684757835928387e-04,-1.823902867421872253e-03,-1.286227441187182954e-03,-2.165580285263334504e-03,1.387100916106970608e-05,-3.251557611187475601e-03,-1.328833256837032078e-03,-1.125727748688069635e-03,-1.762027112820826243e-03,-1.793206140355149258e-03,-1.042881357821364612e-03,-2.449160684990400044e-03,-1.072031358271754477e-03,-8.288038330002241855e-03,6.735641917157227012e-04,-6.895345146830097333e-03,-3.426287975419473573e-03,-6.081936614275548422e-03,-5.660311074292686054e-03,-4.123927971924352953e-03,7.356226410283116073e-03
-1.695100198601611884e-03,-2.414066089734072471e-03,-2.188740143293367840e-03,-1.259200526147670604e-03,-3.866546927012979077e-04,-1.914084926517152854e-03,-1.610352311824695412e-03,-3.188111604229221328e-03,-1.862158754951213566e-03,-1.179962538457868682e-03,-7.602288500440627808e-05,-1.236384416195944122e-03,-1.217564629143781749e-03,-3.965734851238702331e-05,-4.030334841274498957e-04,-1.705869310511176065e-03,3.376440654142288516e-05,-1.476037399827523008e-03,-1.463186393215336160e-03,-8.518914396350038771e-04,-5.455934452605591418e-04,-1.892998374970028021e-03,-2.238566381624807269e-03,-1.321292701079702274e-03,-6.539547448258930672e-05,-1.654194374875048862e-03,-5.387102558131470027e-04,-4.818196524283291111e-04,-1.436072311849931771e-03,-4.444290900782374952e-04,-8.573700672975573776e-04,-2.877551909566635879e-03,-1.933272535378874031e-03,-1.580584623973277673e-03,-1.670803379897232380e-03,-1.960657333920388067e-03,2.234007630932260415e-04,-6.158483980753704130e-04,2.192433498053909021e-03,1.517014865997884474e-04,5.800910157418496908e-04,-2.240802148574984418e-03,-1.201229724696000747e-03,-2.373063813269922669e-03,2.687765181331246513e-04,-3.453179899319849724e-03,-1.523458884915305850e-03,-8.739480007630932986e-04,-2.129744207582473601e-03,-2.327246418302038669e-03,-1.201048514367437231e-03,-3.049547769447102496e-03,-9.351948198307632586e-04,-9.617326414662894993e-03,2.053983931952201719e-03,-9.560625323610559903e-03,-3.249864291925773363e-03,-5.847037759183766441e-03,-7.637731514404407993e-03,1.011336722880593585e-02
-2.258057672822752753e-03,-1.674654899440482627e-03,-2.452478090088566071e-03,-2.179166309857934192e-03,-1.263172618964243914e-03,-3.865230644215773923e-04,-1.891958126850328209e-03,-1.651294571662532398e-03,-3.257943525322603250e-03,-1.796800146104397117e-03,-1.187654610596992465e-03,-4.307342699431735133e-05,-1.248440961594557202e-03,-1.329904313505092788e-03,-1.040433830345861010e-05,-3.734812642656800286e-04,-1.720240758314046589e-03,-4.881177911652801154e-05,-1.474042517465550721e-03,-1.404323218905786583e-03,-9.579352909731052388e-04,-5.220156031029352366e-04,-1.887840168532212278e-03,-2.278132620803359661e-03,-1.213586035544373656e-03,-1.801299206540551176e-04,-1.590555753298037887e-03,-5.925728214249062617e-04,-4.690798867408614700e-04,-1.617120958971278357e-03,-2.771491695991516973e-04,-8.656034990219222541e-04,-2.985995687078467006e-03,-1.914901616343342135e-03,-1.484393598498707058e-03,-1.807988142832225821e-03,-2.050162284667775801e-03,2.639707216497029756e-04,-7.476369442305716428e-04,1.827150920582859550e-03,5.104652105994315426e-04,5.697780205105012347e-04,-2.499981738393015213e-03,-1.051802816123827275e-03,-2.451610810791642059e-03,1.043762874165523957e-04,-3.529990128980711739e-03,-2.204340521481945678e-03,-9.967306938918566589e-04,-2.049272032914523523e-03,-2.286559402781145750e-03,-1.290530780928729688e-03,-3.217610531149443960e-03,-1.489309525670851541e-03,-1.012845685780304830e-02,1.974269477577161262e-03,-1.092207001827509398e-02,-1.948290807908996522e-03,-7.195009666089831335e-03,2.535725242756511899e-02
-2.669982919523648194e-03,-2.277821334999187864e-03,-1.731576478805445241e-03,-2.420767729283138537e-03,-2.187824385030656335e-03,-1.258258621818986655e-03,-4.356820677504919101e-04,-1.852260679058254826e-03,-1.632972544296263121e-03,-3.269563225156257857e-03,-1.910527102176934637e-03,-1.086414937294272751e-03,-1.344955034809316074e-04,-1.155336693436713295e-03,-1.256363821621442247e-03,-1.825572171540544705e-04,-3.240528728201663689e-04,-1.746127697667733359e-03,2.898707906971786046e-05,-1.488983724631971111e-03,-1.467167292671586092e-03,-7.517985205214818478e-04,-6.368951506365898513e-04,-2.118261806842304529e-03,-2.033758425485421295e-03,-1.347978604565860591e-03,-2.631448637158965878e-04,-1.647996809900759401e-03,-6.506105146808858347e-04,-3.052236005348673599e-04,-1.755342373630971661e-03,-3.015560509056587819e-04,-8.379273716225890678e-04,-3.058864348356146994e-03,-2.104578747824653942e-03,-1.437055622752504746e-03,-2.044165665736633487e-03,-1.677951560360943419e-03,1.469636820889353096e-04,-1.254218727292672354e-03,2.494123096092911839e-03,4.161507060311592145e-04,2.284829474989902222e-04,-2.767517560936808008e-03,-1.154361393456661364e-03,-2.249080589061971166e-03,-4.865906144827440542e-04,-3.494347967546751563e-03,-2.131671507423355851e-03,-1.315402345772567934e-03,-2.522660359992141485e-03,-2.275688128232772160e-03,-1.989136453203489349e-03,-3.974659585215412766e-03,-6.386905078858013665e-04,-1.277014096877743601e-02,3.333123105876959445e-03,-1.305142421208218412e-02,-2.530678445420972422e-03,-1.687793762532803499e-02
-3.027155350991933124e-03,-2.640928538697499654e-03,-2.299506403033320032e-03,-1.689339796326082320e-03,-2.479325115687785411e-03,-2.230112517493409042e-03,-1.208223162929175382e-03,-4.254838644248700548e-04,-1.875142172561115785e-03,-1.673501212825387503e-03,-3.299159373479962527e-03,-1.850106364365658321e-03,-1.184863007928414844e-03,-8.661096186829018908e-05,-1.225679120559487224e-03,-1.256572267829260577e-03,-1.175724359407237784e-04,-3.934238770303989923e-04,-1.769342942953865952e-03,1.111496617887970578e-05,-1.483260004804328727e-03,-1.494420996665312990e-03,-8.914802050118125895e-04,-5.501393040006996669e-04,-1.933456826143352359e-03,-2.160068671772502440e-03,-1.420151629360856971e-03,-2.880347584139198282e-04,-1.752657778071924511e-03,-4.918686364296486879e-04,-4.679961978543446528e-04,-1.673013994833897006e-03,-2.685058121658731199e-04,-7.971112857459865296e-04,-2.827426189541223499e-03,-1.694785506453844225e-03,-2.323194019020344975e-03,-2.636752747131468257e-03,-2.295718111406349401e-03,2.761107722391929997e-05,2.449066558095359925e-04,2.253767902144287929e-03,3.263518989889395579e-04,3.295271635522423106e-04,-3.127209158003750860e-03,-1.195029873527118057e-03,-2.881399426731955093e-03,-2.870193033600669497e-04,-3.890333915924430643e-03,-2.320893485507406935e-03,-1.372120848667869597e-03,-2.567341945908583559e-03,-2.852652508989869141e-03,-1.265473523269665911e-03,-4.242374352930167007e-03,-5.292172644143814612e-04,-1.583544477879304108e-02,4.382577420128336114e-03,-1.355329401522427542e-02,-3.581976779409237407e-03
-2.035427999654506118e-03,-2.986782029130934969e-03,-2.685777127788385645e-03,-2.345648929607623608e-03,-1.712064947297792412e-03,-2.407488535727146401e-03,-2.249847189133985948e-03,-1.266110410472012261e-03,-4.368435072000534055e-04,-1.864873352492183410e-03,-1.728280604446024923e-03,-3.235352569291402147e-03,-1.913901753253246856e-03,-1.106697150126944749e-03,-1.302536907773273894e-04,-1.252983054998007715e-03,-1.190099724711245243e-03,-1.624154170133734949e-04,-4.244388185636648395e-04,-1.812045327915540183e-03,9.929229763517633586e-05,-1.590352968515121139e-03,-1.447389259816005179e-03,-8.873657017762395360e-04,-6.347547085254520282e-04,-2.053562838426422569e-03,-2.139348951407569598e-03,-1.424304901272839064e-03,-3.204311680093057768e-04,-1.601603114673772702e-03,-5.777851689804857846e-04,-3.603849198617647726e-04,-2.079366225174410828e-03,-1.815873832121126311e-04,-9.544224015472922880e-04,-2.984147058985838711e-03,-2.050139320438773040e-03,-1.602339250728649798e-03,-2.178277659939120443e-03,-2.231672238240601808e-03,1.787889361203147387e-04,-1.052027902741860732e-03,2.145382240037149377e-03,2.583506939070001835e-04,2.696154427810837839e-04,-2.830670162349500137e-03,-1.296834346216963916e-03,-3.132689121593620722e-03,-3.468262299396607392e-04,-4.792375690063350839e-03,-1.426326915198727462e-03,-1.353435326740725243e-03,-3.603221207866139433e-03,-3.228272755650682131e-03,-1.469421008342911483e-03,-3.981483942074559926e-03,-1.493352886664032868e-03,-1.544319749204781274e-02,3.343161368345839383e-03,4.986121989936186799e-02
-3.700078269209495715e-03,-2.046325361505226675e-03,-3.051575096385779080e-03,-2.645993117043710357e-03,-2.316444018673776469e-03,-1.719048133953064500e-03,-2.491927037846097467e-03,-2.243911361618732263e-03,-1.238924171157227251e-03,-4.062942429381147442e-04,-1.889966703320362755e-03,-1.727934321657048416e-03,-3.283694351019118482e-03,-1.941835706500641022e-03,-1.076859124818166326e-03,-9.240462890919390630e-05,-1.280089306648932472e-03,-1.307975958043634292e-03,-2.202205034841489334e-04,-3.623975842628651732e-04,-1.684898587031740703e-03,6.357812133548422875e-05,-1.623053222237340462e-03,-1.521022912030175903e-03,-9.194798526406506396e-04,-5.360510176115060657e-04,-2.149322958401595450e-03,-2.143493340012012690e-03,-1.535412512597437258e-03,-7.885439984177996641e-05,-1.851241086032888276e-03,-6.360929998667117728e-04,-4.761035276353014090e-04,-1.715731027745994158e-03,-3.101607437076395516e-04,-1.016685237701410666e-03,-3.148905068824132177e-03,-2.162510321235251373e-03,-1.577903215631433790e-03,-2.140222901334710211e-03,-2.197296390207733371e-03,-2.255339095393109295e-05,-1.298979707070905317e-03,2.359638649718111617e-03,2.445092661846013380e-04,5.687643026216219122e-04,-3.768948609585499963e-03,-1.848452314607289216e-03,-2.983542758654068872e-03,-6.762194741387820944e-04,-4.739589689663463272e-03,-1.861401290728841116e-03,-1.861896827290863672e-03,-2.863384389367948108e-03,-3.379533603799067705e-03,-1.941121591186778864e-03,-6.153261920609986828e-03,-1.079825480428738427e-03,-1.974729028311419249e-02,-4.455126182837782639e-02
-1.257575980860335370e-03,-1.259749873937479571e-03,-1.243596341680080737e-03,-1.260640537612355179e-03,-1.081667389658806004e-03,-1.299576957181754200e-03,-1.014288531649382629e-03,-1.017604938195577945e-03,-9.195432294485442453e-04,-8.872090713623202642e-04,-8.384509443773377479e-04,-8.260298815532191377e-04,-8.000720848393032053e-04,-1.042389194608020790e-03,-1.376200439218100641e-03,-1.346324245212959835e-03,-1.734344088997126151e-03,-1.690544582259419486e-03,-1.872617824108120969e-03,-1.921412404320669556e-03,-1.563509184089180350e-03,-1.653707881629026865e-03,-1.452076834304008319e-03,-1.620481052227576435e-03,-1.597865783410189981e-03,-1.365025584452066783e-03,-8.825493580897135308e-04,-1.450543602716044276e-03,-1.434629928356858384e-03,-1.580599333481558797e-03,-1.061654439208009355e-03,-1.050315829276307796e-03,-8.439890139359529364e-04,-8.712277306619391811e-04,-1.065069256924559621e-03,-6.745976934743006404e-04,-6.239602250736407240e-04,-6.416720230591297248e-04,-1.662113903898359375e-03,-1.816971008221557240e-04,-9.738769372078295026e-04,-1.314262184485194768e-03,-1.529565630404994356e-03,-4.812249063333413381e-03,-2.913036513380211964e-03,-3.904733276883943366e-03,-1.895694754823094939e-03,-2.733259812316046495e-03,-1.560648394099825456e-03,-4.098301096936278823e-03,-2.158938485551278874e-03,-4.001674060745141759e-03,-3.380153145864497888e-03,-3.024121612083588515e-03,-3.594359896145372414e-03,-3.089549178606002845e-03,-3.325412201866663822e-03,-7.746806962847452988e-03,5.905783103069364194e-05,1.148423345931761652e-01
-9.613922888518091573e-04,-1.052548649830671633e-03,-8.815073130648899994e-04,-1.007319227645408393e-03,-1.078261162841789378e-03,-9.142749498157519503e-04,-7.784792030338597967e-04,-9.622327220671541550e-04,-1.043345168747125858e-03,-1.032674117840914462e-03,-7.390227550524838471e-04,-7.231721997172212840e-04,-6.070262195811827570e-04,-5.792696328540417267e-04,-6.481164870148499024e-04,-8.193188998780379486e-04,-6.915256591154631807e-04,-5.008993025138497616e-04,-1.251354743972342377e-03,-8.059323322655255126e-04,-1.045074362775563715e-03,-9.139839638235735175e-04,-1.028677631890795091e-03,-1.034241467584450956e-03,-7.045207614995974664e-04,-1.104423088580244695e-03,-5.005837538339430503e-04,-1.411706417846559205e-03,-2.572682670326591724e-04,-8.587372773401800519e-04,-6.656088791621395063e-04,-6.844088232421010731e-04,-8.227747247522387668e-04,-5.150167946033510843e-04,-5.671352435529003651e-04,-4.313647015117230048e-04,-4.427362562363238233e-04,-1.006510049307887808e-03,-5.847262418296274343e-04,-7.070878076196988882e-04,-2.234220472015716746e-03,-9.463270645505558265e-04,5.255513055700756142e-05,1.047116127331981989e-04,1.532180735168641632e-03,-3.667120478643353743e-04,1.220152396362872438e-04,-1.613843930093261528e-03,-3.645864150362008505e-04,-3.977745326326573571e-05,-2.209741725487433892e-03,-1.439484414643065965e-03,-2.528455722323420026e-03,-9.254596176321820558e-04,-1.080587762641407315e-03,-2.948240893043496333e-03,-2.342423539384703296e-03,-3.647869769807896012e-03,-6.795972756884768352e-03,-1.064906962388436074e-01
-1.054171244267566475e-03,-9.089460330455196571e-04,-9.513050776842775762e-04,-9.965932349456677834e-04,-9.649633242397420404e-04,-1.089458609952373511e-03,-9.704842721814344823e-04,-9.030680800914285327e-04,-9.035004174077506224e-04,-8.832793109836362469e-04,-7.704768526013772763e-04,-8.182447796835495835e-04,-7.841789467624283964e-04,-9.325737908831346077e-04,-5.842999868960195879e-04,-7.160226457902849322e-04,-1.059173831105660046e-03,-1.188282248902944186e-03,-1.022081019946539200e-03,-1.169096239918881964e-03,-9.745397617150784514e-04,-1.296674980813488634e-03,-1.115734182100599093e-03,-8.378200525873028643e-04,-1.058030620672064260e-03,-9.085481362887753119e-04,-1.044860003370033522e-03,-9.574664723997745961e-04,-1.012754508448139969e-03,-8.718573270535455661e-04,-6.379941996444257919e-04,-8.467758811931965597e-04,-6.726642430305483861e-04,-5.882363855467963223e-04,-7.209502177680528721e-04,-6.965726030194227102e-04,-5.791259950959282881e-04,-9.577638408933483727e-04,-5.255098690025856696e-04,-1.153763494095257688e-03,-9.283330815116843824e-04,-2.813803775285932053e-04,-1.499361352300083907e-03,-1.399197576093610344e-03,-4.472212943054880538e-04,-2.084714718005284666e-03,-3.305299063937940920e-04,-1.472337079412397659e-03,-9.314707236589473251e-04,-2.419177314455080250e-03,-1.993025317770947841e-03,-2.538105257591008121e-03,-1.359579579579539826e-03,-3.836999151780854170e-03,-1.742403361794885074e-03,-1.940236686390534818e-03,-3.750693730457275651e-03,-3.555892452449561057e-03,-4.449010059215557575e-03,3.956741688670489809e-02
-1.121741088950216434e-03,-1.204693399559856725e-03,-1.309834123608383900e-03,-1.317048633432012054e-03,-1.425765683652508147e-03,-1.475609724176285033e-03,-1.534743956574414385e-03,-1.325956190510450610e-03,-1.361668131343889013e-03,-1.514726829623195322e-03,-1.310083518931033425e-03,-1.264295384634962901e-03,-1.188077537042832787e-03,-9.207441690022449571e-04,-1.087710410557303845e-03,-8.196541119461419819e-04,-1.304338609580908042e-03,-1.313309321964610922e-03,-1.129940375167438199e-03,-1.196207703494068467e-03,-1.606759352399985850e-03,-1.060771678482040582e-03,-1.306286478657725687e-03,-9.897153727398857841e-04,-1.323135104697566178e-03,-1.076783264558839456e-03,-1.215471635350482598e-03,-8.456565011042862894e-04,-1.042413861912977685e-03,-1.152735765004427862e-03,-1.066446273553289803e-03,-9.881206171108605600e-04,-1.180569736075059648e-03,-9.026049706247921221e-04,-1.066987561937555659e-03,-1.353923076923044255e-03,-1.149469295124002461e-03,-9.753916600110508440e-04,-1.198046193604056535e-03,-9.854701783936930561e-04,-1.454214217638966642e-03,-1.563786714507033569e-03,-5.966796875000870493e-04,-1.664959940027191214e-03,-1.942266227951120871e-03,-9.224164915177558710e-04,-2.689260245954419332e-03,-9.603778804953841744e-04,-2.465945811066451183e-03,-1.904738507595982394e-03,-1.181360898583736288e-03,-3.089251504074120008e-03,-3.058815621450090925e-03,-1.886391814625337738e-03,-4.414543862736488959e-03,-2.016383104735303827e-03,-2.644584413853910080e-03,-5.308760843046845916e-03,-2.478219776024377392e-03,-3.596651247926247602e-02
-9.697169649835066458e-04,-9.905767212748245454e-04,-1.029146720410859103e-03,-1.195207403616384018e-03,-1.227360651635265752e-03,-1.259185068601822478e-03,-1.362863868931826847e-03,-1.401576856257127999e-03,-1.416939139445502760e-03,-1.418820894754457048e-03,-1.225720038997322970e-03,-1.319755126079181747e-03,-1.335917884636885281e-03,-1.119116101917562141e-03,-1.012804049689650359e-03,-1.278291731268101604e-03,-9.167180286563661939e-04,-1.045174638331608334e-03,-1.165664424987467159e-03,-1.118929780862510130e-03,-1.301814966503333625e-03,-1.199573168788961976e-03,-9.134741951284125082e-04,-1.025993590053040933e-03,-8.712538543060349867e-04,-1.091690283158395364e-03,-6.907587871473798045e-04,-8.620233313233954331e-04,-1.034616764206185667e-03,-7.168141423976075654e-04,-9.371348312064703553e-04,-8.299232506256560681e-04,-7.483013560765962042e-04,-6.609529156136041651e-04,-9.524933020764225810e-04,-8.587483146939571977e-04,-8.710434042067058142e-04,-6.564054134577592282e-04,-1.025758575197976800e-03,-1.018971594730394732e-03,-1.052204636992751458e-03,-9.115954742006362934e-04,-1.036598798087268051e-03,-6.473202761412652929e-04,-1.612280852117472943e-03,-1.604348814350585028e-03,-1.124025849871937649e-03,-2.575181865271371651e-03,-7.458602243309601031e-05,-1.422784880291639350e-03,-2.746007369097020270e-03,-2.285278746710743113e-03,-2.295139741069211498e-03,-2.672627397506390987e-03,-2.416457223120753971e-03,-3.092656759561164450e-03,-3.777047725414324920e-03,-2.721813964657229974e-03,-4.053262797723899274e-03,-8.320612367439847445e-03
-5.829085259214990961e-04,-7.112984037697972928e-04,-7.862062952211182907e-04,-7.644540202734321534e-04,-9.134099463023816244e-04,-9.084796772813645777e-04,-9.962929294447758852e-04,-8.113388601901019717e-04,-8.294549504043942671e-04,-9.651980339917098483e-04,-9.590880789120948251e-04,-8.461794368638946321e-04,-9.170471588844212891e-04,-9.167531015983097038e-04,-8.239370424102724060e-04,-9.415152495834619439e-04,-5.658347474316437892e-04,-6.147926536025668902e-04,-6.434235462062696219e-04,-8.091119792521197672e-04,-5.830821414342412298e-04,-6.308856838804533266e-04,-7.997220595281762231e-04,-4.935897868372521530e-04,-7.735546840957815149e-04,-5.795355013784613723e-04,-6.072817302055898842e-04,-4.613413145625221211e-04,-4.985568392963923021e-04,-7.180267238190163066e-04,-4.333050766190616127e-04,-6.772043362799384011e-04,-5.370748042423211920e-04,-4.867491033068404292e-04,-7.416878320679222555e-04,-5.472411514606652589e-04,-8.643455860788243393e-04,-7.141666586669107464e-04,-4.668723342204413192e-04,-8.165497024074275419e-04,-7.233302323721515787e-04,-5.958964389116422214e-04,-9.828306606317067495e-04,-1.470671094045086173e-03,-3.357740618677054582e-04,-1.905877269553079992e-03,-1.871474525787731637e-03,-2.896002186838290667e-04,-2.880144300792977178e-03,-1.043090686292365375e-04,-2.626527205230929068e-03,-1.510717502880614717e-03,-2.461841917194676314e-03,-2.891638307087792022e-03,-3.158426874898366630e-03,-3.581494156853271861e-03,-3.752708362060522621e-03,-2.124718882998629776e-03,-3.670769636514934452e-03,-1.972564516702562595e-02
-6.118872017354466848e-04,-8.193395503321387842e-04,-8.152170183243954114e-04,-9.304841100545685169e-04,-1.191647491448931352e-03,-1.152657247305613995e-03,-1.065541696637661764e-03,-1.180621905763455312e-03,-1.145844100325865266e-03,-1.130673066111163427e-03,-1.197384218257773521e-03,-1.144274360337183298e-03,-1.058147604085090277e-03,-9.578837641188430460e-04,-1.045590141011820814e-03,-7.699500762208097600e-04,-8.844090426495368517e-04,-8.731291412718573258e-04,-7.606309064927218016e-04,-7.474875932196470372e-04,-8.191768287665537754e-04,-4.231043424458189278e-04,-8.834203032055819478e-04,-6.329684062119725080e-04,-6.557283645830143393e-04,-5.872630279944303193e-04,-5.390753527179666755e-04,-7.034752535897601487e-04,-6.133500456209448753e-04,-5.303405774052633807e-04,-7.139498177139499014e-04,-8.216818105131211327e-04,-5.855707027516385580e-04,-5.559541949781027790e-04,-6.968097638330586008e-04,-6.898472775563820091e-04,-3.264799617926676060e-04,-1.143895873391476354e-03,-7.210957443198512439e-04,-9.832507958151669863e-04,-8.328053803867400571e-04,-6.977979625024048182e-04,-1.256189254788063698e-03,-8.657851681617210853e-04,-1.209173595509171507e-03,-4.375387496628730766e-04,-2.206643568472943951e-03,-1.802135033373297029e-03,-1.583109055228491347e-03,-2.145324472460749879e-03,2.489568350571123184e-04,-2.320639804325480993e-03,-2.047096080305997514e-03,-3.490186390041540888e-03,-2.440037631487130751e-03,-3.422406722658664479e-03,-2.463070836114065066e-03,-5.813922739523354893e-03,-3.899520134731397549e-03,-5.846484006996387206e-02
-7.096110290893040649e-04,-8.456778745685849521e-04,-9.339599072931371523e-04,-1.235795331009634235e-03,-1.330489076896336975e-03,-1.432525160853475752e-03,-1.457871436996333774e-03,-1.485733453554131034e-03,-1.779614929232042116e-03,-1.575793762545331595e-03,-1.505213871392574237e-03,-1.444679929485658942e-03,-1.576949712337559397e-03,-1.542524538181209645e-03,-1.297227404229880443e-03,-1.549769313683347412e-03,-1.121942721232701721e-03,-1.183041061950605146e-03,-1.188843950093039156e-03,-9.924209672953177800e-04,-9.466694283347992962e-04,-1.018952238444712161e-03,-1.187703039812240766e-03,-8.620126661445942379e-04,-1.299452129683682615e-03,-7.967539298399028622e-04,-8.324885390452702689e-04,-7.807385250828867895e-04,-7.626637639185174320e-04,-8.689857944548652451e-04,-1.053978015364833874e-03,-7.634514372801437954e-04,-6.761812522121800513e-04,-6.874501854527268916e-04,-1.056939592363673316e-03,-5.315620625035400674e-04,-5.858651705240365982e-04,-9.257405322770484836e-04,-1.216937282229931232e-03,-6.104273797336849010e-04,-1.285362999841514883e-03,-1.136428192094576448e-03,-6.328495479760973307e-04,-6.872037690388875303e-04,-1.525611404599229622e-03,-1.481291729980390185e-03,-2.801625713946053831e-04,-1.780906700113245008e-03,-3.027715530007990454e-03,-1.175045376906189848e-03,-3.238752297947300636e-03,6.419236972612186792e-04,-3.151335057746889635e-03,-1.620788808487260606e-03,-3.553651091805623552e-03,-1.196416384291649126e-03,-5.720513578351423163e-03,-2.822772508954733261e-03,-5.151688554278676530e-03,-1.198308738005734835e-02
-9.493480055020181441e-04,-9.629846158803885255e-04,-1.096547940051466590e-03,-1.405768172532603170e-03,-1.501855709847737521e-03,-1.854942680615956439e-03,-1.683976719325442966e-03,-2.031480514361619274e-03,-2.067533417999368062e-03,-1.855531499996990966e-03,-2.155237216792530060e-03,-2.064638005281816801e-03,-1.961063610078557853e-03,-1.812766347096031114e-03,-1.777756438530781044e-03,-1.716264149174028713e-03,-1.598623134556393125e-03,-1.394416544929436962e-03,-1.453075888291744267e-03,-1.259227439153360077e-03,-1.060352320428928049e-03,-1.005844657346782571e-03,-1.280464186955355315e-03,-1.437730759208287728e-03,-9.211434807685917395e-04,-1.194348649725052430e-03,-1.241049587398694717e-03,-7.705538416336172843e-04,-9.927035608538986415e-04,-9.969084944735405809e-04,-7.968293795196198159e-04,-1.056140410618750056e-03,-7.089929035616963611e-04,-7.848141046283399523e-04,-1.025971020671068244e-03,-1.123278786020325340e-03,-6.186857671225550435e-04,-8.821313658465625455e-04,-1.363087505849351145e-03,-9.160925729295321283e-04,-7.171952288723915320e-04,-1.568784151908975784e-03,-1.152651268454976978e-03,-1.083494578511109627e-03,-8.725129141407404103e-04,-1.370601036679469295e-03,-2.658009286399472086e-03,2.263414039720705779e-05,-2.323101727447290932e-03,-1.959869135913890319e-03,-1.953105985116773864e-03,-2.513368675979751107e-03,1.200393691560650038e-04,-2.541423123818629080e-03,-3.036374743488524756e-03,-4.369507695696427454e-03,-2.741877531828730997e-03,-4.350573663758155150e-03,-3.260701175184428560e-03,1.561170166627726986e-02
-2.336896923437736459e-02,-2.165237780882136448e-02,-1.560262596143374529e-02,-1.085121228384864668e-02,-2.358078961572468435e-02,-1.250201156626905112e-02,-1.313679591630400635e-02,1.001256534735401205e-03,1.279748461195462372e-02,5.408098912757727111e-03,7.256108395078917327e-03,2.403031715129521489e-03,1.016311182842767179e-03,-3.337423016517294862e-03,-5.036175135356089341e-04,-4.265703030714417150e-03,-1.621190893779145313e-03,2.494030094154907340e-03,1.951870516358547309e-04,-4.692393024724914388e-03,3.912775736858917046e-03,2.869131246786165313e-03,3.081797261973820770e-02,5.692493039292329882e-04,-3.896477869595108348e-03,-6.066799900012343622e-03,-1.062325137978347399e-02,-6.506109520568779427e-03,-3.278206871586674016e-03,-7.727744973590991613e-03,-3.459802989340658979e-03,-1.216193039410660461e-02,-4.925350919603160979e-04,-5.423808269291307584e-03,-1.450028324202019467e-04,-3.221423445794310055e-03,2.122989269075457864e-05,1.190283767468082888e-03,-2.248238218220648262e-04,-4.645815621448395102e-04,1.898332048745618407e-03,1.204055453593567537e-03,-6.408216624455691582e-03,1.548782867641918231e-03,-7.269071932821245157e-04,-3.844119757875536208e-03,1.992290862549300420e-02,5.842911867039781229e-03,6.156982245082698139e-03,1.566375847091874135e-02,-2.149944050900464820e-03,-1.383347094993771752e-02,-1.904809659706125161e-02,-3.767861807803483259e-02,-1.473868972785001390e-02,-2.846427065184224323e-02,8.505680156494254893e-03,-2.299179968691283590e-02,-1.348101414547451041e-02,-3.189123469723735560e-02
-1.112698847756904896e-03,-3.308239694668906094e-04,-7.688232235019416393e-04,-1.567355622006176476e-03,-1.920603950665717699e-03,-1.918136852232657898e-03,-2.318317757492582409e-03,-1.078755721163050536e-03,-2.419601851087327740e-03,-5.457075453193992133e-04,-2.030857913207280690e-03,-1.436737375295713557e-03,-2.205602456103111959e-03,-1.444369958241104122e-03,-1.739864107498396940e-03,-1.756593619903904554e-03,-1.730546539373871645e-03,-7.030240966678806330e-04,-2.200539495917826823e-03,-4.591084000218240515e-04,-1.235155002904208274e-03,-8.598880387175620926e-04,-1.374944953862174482e-03,-4.604471460365798172e-03,-9.279688189137374294e-04,-3.410594641703001799e-04,-1.411584401090720114e-03,8.268917437645754900e-04,-2.771666513962436624e-04,-1.586570730612177132e-03,-1.039603321236445919e-03,4.669335710142221763e-04,-8.966252540653006598e-04,-1.344639497601147040e-03,-6.556822570477075429e-04,-7.291997684505798979e-04,-9.935040749696835444e-04,8.933770092097183778e-04,-1.473330920892436651e-03,-1.089068070925784833e-04,-2.472462592993471091e-03,-5.821068869250083577e-04,-9.125200531840930865e-04,-1.033680238596648877e-03,-7.989597666650587139e-04,-8.010902435442662046e-04,-2.171108566164362940e-03,-1.946779042213473863e-03,-3.935125443829459550e-03,-5.086464898850393164e-03,-8.005795518739519667e-03,-2.151188154530265812e-03,-1.016386807174892663e-03,1.782355532839712464e-03,-2.670558473200151332e-03,-2.816285486538777118e-03,-5.901738212628346476e-03,-4.488175010142178394e-03,-5.707186327816446240e-03,2.664300403178890622e-02
-3.503610740901100799e-05,-1.105626620018161123e-03,-2.404476998448497121e-04,-8.099734873019046304e-04,-1.536868020688638347e-03,-2.038489820675603095e-03,-1.921282580810671544e-03,-2.242711748515223424e-03,-1.122969851825906824e-03,-2.442304926108803103e-03,-5.056815254116790205e-04,-2.008812999849138824e-03,-1.497088342299893442e-03,-2.295987415322230801e-03,-1.413927295181034499e-03,-1.748538006712300205e-03,-1.766258637548363429e-03,-1.769294888821486712e-03,-6.940360609966384929e-04,-2.221637180700705965e-03,-2.520830837678139798e-04,-1.515865840223274991e-03,-7.624716961209470440e-04,-1.571148236323286537e-03,-4.294044363274834158e-03,-9.501425799145985038e-04,-6.789576404352398861e-04,-1.016890900873428484e-03,5.973775866676243754e-04,-3.241316158037746897e-04,-1.505359652574675888e-03,-1.066744842895160465e-03,4.287959153306028612e-04,-8.801147777722162979e-04,-1.662490719278689535e-03,-3.145697340363171925e-04,-1.023831796642483104e-03,-7.187986823599697280e-04,7.697156802887760753e-04,-1.804516318793391140e-03,2.785192010613400703e-04,-3.110304513255952863e-03,-3.432534543661489414e-04,-9.674401647952111894e-04,-1.440714720809212071e-03,-4.200309649096786897e-04,-1.271979820260725567e-03,-2.078838084254755469e-03,-2.259863887170440819e-03,-4.535501079085602592e-03,-4.455911882764726668e-03,-7.937949831246692706e-03,-2.578056324280392914e-03,-2.272899030137492862e-03,9.954342451590461778e-04,-1.270435515080825528e-03,-4.091262319640515469e-03,-5.277931353546934379e-03,-4.046471992980257316e-03,-2.426497360876278889e-02
-2.948219235308684617e-03,4.318449633532965294e-05,-1.013441277152647962e-03,-3.934096650932710393e-04,-8.488681104012325536e-04,-1.512841050102420705e-03,-1.950234528478356471e-03,-1.990628792458963830e-03,-2.234492692486767396e-03,-1.179421488379437961e-03,-2.395588008751936820e-03,-5.551462763797177912e-04,-2.038092774014916425e-03,-1.479522944188003866e-03,-2.235361246546389152e-03,-1.558445849476312959e-03,-1.707624670757597937e-03,-1.844370334340066607e-03,-1.736869506520553625e-03,-8.217194618966660409e-04,-2.081994435824381998e-03,-4.535686953716509991e-04,-1.342030690723867992e-03,-7.442762446410705179e-04,-1.477643841067915889e-03,-4.523202544108749848e-03,-1.017017417410335080e-03,-5.013664142137473374e-04,-1.525214070580104692e-03,1.007800956747250537e-03,-5.191564380378543625e-04,-1.284632854053414973e-03,-1.133210387012213455e-03,4.587965572229029407e-04,-9.176971971146076013e-04,-2.122052001202019093e-03,-3.255396371028502003e-04,-6.172271018189881683e-04,-8.944092027328794017e-04,6.724595063776643350e-04,-1.536794638225030081e-03,-6.591764902657877437e-04,-2.345094994511866347e-03,-8.055921851206419545e-04,-9.077383928643706487e-04,-1.242523833319235166e-03,-1.369669306686286401e-03,-4.913737885229088869e-04,-3.252157925347198050e-03,-2.026427107339124484e-03,-3.975624808563127562e-03,-5.994416972524704672e-03,-8.199924229586305624e-03,-2.679172761729750954e-03,-1.779148146089233520e-03,-2.692737456859164926e-04,-4.254100188112179179e-04,-4.442063930758378791e-03,-6.862850541797634735e-03,2.875681554195179922e-03
-3.354512509165903048e-03,-2.947418374447267290e-03,6.169389571824223338e-05,-1.114232532644176318e-03,-3.199267111375569896e-04,-8.973617404013264605e-04,-1.457045817930213054e-03,-2.032205844639983425e-03,-1.918143494058117092e-03,-2.317506320191462747e-03,-1.052185152656116233e-03,-2.509528205490424609e-03,-5.495248499302395973e-04,-2.084135696203524932e-03,-1.573215435098822843e-03,-2.178254154470477336e-03,-1.390694746575525838e-03,-1.859811030510768667e-03,-1.779343809129208150e-03,-1.801842047529546601e-03,-8.237899389312384330e-04,-2.179643314915947257e-03,-3.504192677204607978e-04,-1.456276853714017936e-03,-7.885548095690785627e-04,-1.472980794308007425e-03,-4.627210588792786752e-03,-9.052372910552591379e-04,-5.359817809283220526e-04,-1.365767976467275680e-03,9.588476565786120936e-04,-4.854707832372935974e-04,-1.645436918665747544e-03,-1.004555491728884248e-03,2.754408626601613009e-04,-9.578845429377664611e-04,-1.519334400126583782e-03,-6.042809740539220554e-04,-1.042548386342628157e-03,-9.117044287716843335e-04,6.494059598457053387e-04,-1.564486799631934150e-03,-1.251748483776485461e-04,-2.925483480651663425e-03,-5.440704261856067845e-04,-1.276307744952007595e-03,-7.000622754654836416e-04,-1.735929445690206517e-03,-7.713423299619935483e-04,-2.866904685516644298e-03,-3.160795337781047154e-03,-4.637352454685516635e-03,-5.963990331899931760e-03,-8.282292073566996371e-03,-1.937581717923946489e-03,-4.397004539509865098e-03,1.454592402019358119e-03,-1.762183728892846536e-03,-4.367888740034631991e-03,-5.137322215732549602e-03
-4.526463888476085773e-03,-3.339347305690710480e-03,-2.965318971649271666e-03,1.616737490271897957e-05,-1.083127066075703854e-03,-3.517875203136545188e-04,-7.702196642515268766e-04,-1.556188096789931771e-03,-1.966315637948670616e-03,-2.038917713017642658e-03,-2.241593960617095042e-03,-1.125951097786788467e-03,-2.467976116826948053e-03,-6.281988834905879310e-04,-1.960675959351947106e-03,-1.540592846598899841e-03,-2.222080128551120679e-03,-1.488453274562723727e-03,-1.941543635156494458e-03,-1.671584744980542797e-03,-1.821797233665074268e-03,-7.699368997574005660e-04,-2.150924662842869373e-03,-3.838905073518280968e-04,-1.384370337884699388e-03,-1.034053683441328326e-03,-1.211665525364781634e-03,-5.024608588823630331e-03,-7.704295215756910495e-04,-7.136889486006548150e-04,-1.090258848607892923e-03,8.827976551451425071e-04,-6.494673819848437472e-04,-1.381202805192181153e-03,-9.730314030520337666e-04,1.911697846916202603e-04,-1.169189102955908721e-03,-1.522810462041376605e-03,-3.166178745862896146e-04,-1.471427413897640098e-03,-5.480453580127612979e-04,3.340528290328337487e-04,-1.387561582919499825e-03,-1.999445752169280667e-04,-2.896019985043012546e-03,-1.441069789869950813e-03,-6.772554679406537614e-04,-1.968057434320306335e-03,-9.262579246261499425e-04,-1.103932570553934137e-03,-3.472899591654404500e-03,-1.976149318961465274e-03,-5.305155125291591105e-03,-6.476170552255401842e-03,-9.818474387510654419e-03,-3.691723626767277888e-03,-1.719929753743980674e-03,4.619966575056722491e-04,-1.933984518712910218e-03,1.515837252067673072e-03
-4.461516880453043378e-03,-4.564587467129981556e-03,-3.252617044548206885e-03,-3.012685229379161687e-03,1.793523259606673594e-05,-1.122184291634711851e-03,-3.863425011082618414e-04,-8.381091387461458335e-04,-1.475644313265623208e-03,-2.074994330558062403e-03,-1.918152933939018794e-03,-2.329048511607358703e-03,-1.132832767872212279e-03,-2.463439724582904521e-03,-5.969057638694501202e-04,-1.986577426296134031e-03,-1.640815767665044491e-03,-2.245587081752398965e-03,-1.400738359423525778e-03,-1.892308089804336808e-03,-1.775864090125315459e-03,-1.793700098582156613e-03,-8.614368676097461288e-04,-2.100724038633821397e-03,-4.098696835709987846e-04,-1.646164184215122197e-03,-6.676344594680072185e-04,-1.440002457364493839e-03,-4.853306578875435373e-03,-8.683751326320754676e-04,-6.199958970081150596e-04,-1.148889866423584514e-03,8.382281933591040086e-04,-7.051236844598825345e-04,-1.431687902962502142e-03,-1.128416196569781427e-03,2.152803487131936414e-04,-8.538613713796717282e-04,-1.855876061182268680e-03,-7.928247661805504524e-04,-9.141474450780576622e-04,-8.452192177353627526e-04,6.545186793140720998e-04,-1.865813372233139514e-03,-2.924099836768181537e-04,-3.155677734407109740e-03,-9.683185050140019927e-04,-1.071447601680372737e-03,-1.494391323649688508e-03,-1.519801360272782188e-03,-1.197624282876921104e-03,-3.694182402512255145e-03,-3.119241878243771138e-03,-4.198006831510539029e-03,-7.289602109724954877e-03,-1.056775810343078652e-02,-3.071490838141580949e-03,-3.331033041012112280e-03,-8.256718409758998021e-05,1.409061439966892426e-02
-2.712001449508111197e-03,-4.565975824999216406e-03,-4.519464728777644949e-03,-3.345088688815526286e-03,-3.021555950101078528e-03,4.363419298635859937e-05,-1.169856819051020517e-03,-3.512735522262259383e-04,-8.326426791578485321e-04,-1.479152194257077942e-03,-2.025114883852130974e-03,-1.972329986238307697e-03,-2.348109739536864606e-03,-1.127683009786787901e-03,-2.485275207684151458e-03,-5.285697112713783844e-04,-2.096624510554402198e-03,-1.546379418997585829e-03,-2.398392579863444212e-03,-1.434494293790482527e-03,-1.829846133025557139e-03,-1.772476446622605478e-03,-1.783117570452944292e-03,-8.816649276641456891e-04,-2.284901747079196889e-03,-3.035871685731883593e-04,-1.437474110194965566e-03,-8.872560525592390829e-04,-1.538806358233935990e-03,-4.561004509814907751e-03,-1.273880326500124267e-03,-3.719023170464390879e-04,-1.541020518986092750e-03,9.440800195327615036e-04,-7.686270062911944789e-04,-1.307397408079422757e-03,-9.023910904645724654e-04,1.686463151717381250e-04,-1.365972184538724599e-03,-1.861296417007022360e-03,-4.599190918875869344e-04,-1.037121009028153231e-03,-1.211746766127500289e-03,5.894033234779238713e-04,-9.959865643545742775e-04,-1.075734317418971598e-03,-3.220337253337984037e-03,-1.120243148223830712e-03,-1.592478246879651957e-03,-1.136071916434647569e-03,-1.606643906808914463e-03,-1.597814089866225274e-03,-3.341273734117106153e-03,-3.326414944471440052e-03,-5.233280533743792963e-03,-8.070348817032035535e-03,-1.136236291760851086e-02,-3.825636040590227674e-03,-4.884023062591676123e-03,-2.597251733278375593e-02
-3.119553746111039874e-03,-2.698248176826515549e-03,-4.578885697551137932e-03,-4.545641518164174333e-03,-3.439154535788588232e-03,-2.980684413604682993e-03,5.546013702140964105e-05,-1.147588002523026226e-03,-2.788878399838372758e-04,-9.486347483306341788e-04,-1.454753975426408951e-03,-2.094351163554588214e-03,-1.938983411012758576e-03,-2.312520839225538222e-03,-1.137787180673279852e-03,-2.556766781481909813e-03,-5.456253284039764249e-04,-2.124562805762275457e-03,-1.490144481438095440e-03,-2.346048073275651055e-03,-1.568904947206888967e-03,-1.766259612178243269e-03,-1.845147128956248781e-03,-1.795834610288999517e-03,-8.306703747678397410e-04,-2.334435822911800490e-03,-1.800330295632364234e-04,-1.513350966844648074e-03,-1.212760127027814059e-03,-1.240530705952424878e-03,-4.825370852472786638e-03,-1.052169641446844359e-03,-5.391620310534679964e-04,-1.378609238736039876e-03,8.267755201550724140e-04,-7.598124157970611789e-04,-1.502412385400443825e-03,-9.342677502292263091e-04,1.676647718821273740e-04,-1.140628877646885373e-03,-1.491306549728466276e-03,-1.103756761322664641e-03,-1.124424544815082541e-03,-1.113289757992736665e-03,7.802140994871744608e-04,-2.447730136362594351e-03,1.082343287043788818e-04,-3.234894140834121586e-03,-1.017849167281367284e-03,-1.680374176212532733e-03,-1.699725382863887749e-03,-1.752746196791761394e-03,-1.740384537168303963e-03,-4.223907819104153263e-03,-3.027198532171394233e-03,-5.933772226042684922e-03,-9.468257711753866671e-03,-9.423734553374116946e-03,-5.529298401926621524e-03,-2.536145261101243557e-03
-2.851780635702783322e-03,-3.181750050425132502e-03,-2.683636700085569038e-03,-4.639783492992081808e-03,-4.480652822166795481e-03,-3.473049339683304676e-03,-3.062823550483407663e-03,1.018612933731485615e-04,-1.142389655042498923e-03,-3.309658895601365575e-04,-8.555717105906726324e-04,-1.454481745925787373e-03,-2.103992345484392672e-03,-1.936297782943173637e-03,-2.416427509385000831e-03,-1.154969016317314301e-03,-2.632898950182246955e-03,-4.721028039011490054e-04,-2.054678830276426924e-03,-1.613896444860242257e-03,-2.321052805912582426e-03,-1.524553460810559088e-03,-1.898414726869667715e-03,-1.761572793561209244e-03,-1.847160068589387893e-03,-7.236345231440887218e-04,-2.368971636149172499e-03,-5.513245030667609462e-04,-1.478332834704751669e-03,-7.201524463952796266e-04,-1.679008720718969810e-03,-4.945454621552985465e-03,-8.218757464828692393e-04,-7.213350584439878537e-04,-1.179730738223123401e-03,6.954483046820923676e-04,-6.221077319519603037e-04,-1.664098482776139518e-03,-9.780210735997980562e-04,1.960408025070207972e-04,-1.443862305291602295e-03,-1.238021354728484390e-03,-1.072022008939190483e-03,-1.227543040223052313e-03,-1.182143551172957618e-03,8.477512364698560883e-05,-1.614831150999916295e-03,-1.667559650636409377e-04,-3.461442881960645479e-03,-2.229023894670393441e-03,-8.850725003885527358e-04,-2.614909866923287394e-03,-7.414906918602138988e-04,-2.629029689906460261e-03,-3.948084138759271576e-03,-3.913508760543665810e-03,-5.847356676521401134e-03,-1.039133074758690108e-02,-1.134272309821320046e-02,-1.436989396929820063e-02
-2.137745045387906030e-03,-2.864361965400233877e-03,-3.140500457504303601e-03,-2.775392558916607230e-03,-4.570120665123570368e-03,-4.596164839458930125e-03,-3.427040805155769868e-03,-3.050777358272712455e-03,5.713041320095933241e-05,-1.175104406638656940e-03,-3.143846976067965655e-04,-8.540705617476019532e-04,-1.513009318624652542e-03,-2.086769032998199262e-03,-2.011248486575205677e-03,-2.368857903978493877e-03,-1.136969744901093543e-03,-2.548958245747324006e-03,-6.038413323669607029e-04,-2.187621751074592981e-03,-1.553087109245994499e-03,-2.325592882079236499e-03,-1.499143408488689145e-03,-1.921089688640671570e-03,-1.841790326447467849e-03,-1.849267508172388859e-03,-7.361122057814005210e-04,-2.328676597971903774e-03,-4.335232735642314920e-04,-1.607800815330321211e-03,-7.987787178164788794e-04,-1.486935211407067192e-03,-5.084592278040567757e-03,-9.150929605737319382e-04,-6.723811369905352336e-04,-1.281806125938239355e-03,1.010449358244689408e-03,-8.599343738561562346e-04,-1.952491252311332193e-03,-1.033341316200821506e-03,3.898657099763659824e-04,-1.506767295613456676e-03,-2.340950508619078340e-03,-3.195430617775453595e-04,-1.370658845889149383e-03,-1.103405417504917585e-03,3.603199561347663086e-04,-1.752223098588207278e-03,-5.910247989209828617e-04,-4.257404896101978434e-03,-1.168528167670604238e-03,-1.326154231492044245e-03,-2.403204074826722006e-03,-1.849185201355777472e-03,-1.835747482705793509e-03,-5.454738708696196120e-03,-5.374107093120169057e-03,-5.132426446529211005e-03,-1.284304597515840453e-02,-1.061171613787626616e-02
-3.306680439872632452e-03,-2.229682218544964435e-03,-2.831450394022954568e-03,-3.155935708080030710e-03,-2.783305837510190780e-03,-4.620293031194522802e-03,-4.537959313774716542e-03,-3.472888842904794070e-03,-3.056904862035467792e-03,3.177423728789147513e-05,-1.114355523124714370e-03,-3.638320179024882709e-04,-8.612874598317399278e-04,-1.521548572891036431e-03,-2.095635859211520714e-03,-2.052268496772714432e-03,-2.423404492883391315e-03,-1.117673824787250450e-03,-2.500648278417563156e-03,-6.383727377009903612e-04,-2.110271690456883443e-03,-1.565546719166580145e-03,-2.383261642237980912e-03,-1.500511460146417009e-03,-1.988896435686681157e-03,-1.632786417127361518e-03,-2.026798738755388688e-03,-8.145451673424977841e-04,-2.407610893727593366e-03,-5.417768894412028705e-04,-1.426535631486428079e-03,-8.822898376038348922e-04,-1.449381254282351272e-03,-4.892948050710243559e-03,-1.342000122064618706e-03,-5.344695784491825235e-04,-1.479141590275512503e-03,1.068289931554415465e-03,-8.010021906492077780e-04,-1.845438823448492145e-03,-1.088596058074805433e-03,-1.174922806346997566e-04,-1.135169670240020060e-03,-1.816896463423433227e-03,-1.294445779178071427e-03,-9.104768594846563128e-04,-9.683612873957612088e-04,-7.706104027882441064e-05,-1.712888030318077126e-03,-5.343643322380567905e-04,-4.350149340104114346e-03,-1.662217100105273368e-03,-1.462387788771028416e-03,-2.377096395683954335e-03,-1.614065401854723790e-03,-2.407299365753763545e-03,-5.236976205696705286e-03,-4.951208168730230653e-03,-6.908326012257432272e-03,9.157262989728141844e-02
6.250509170778592236e-03,5.262955620648330189e-03,6.393019868951532042e-03,5.664102251715409653e-03,3.348953885355176758e-03,3.705792005264738585e-03,1.863850235511214058e-03,1.866100539700827959e-03,2.980133636787635903e-03,2.997914997444128989e-03,6.050527392342981009e-03,4.860199570695345091e-03,5.704438626878719117e-03,5.157840794173466914e-03,3.506788734958855760e-03,2.910801065093567442e-03,2.965951623425421620e-03,2.681618844765658663e-03,3.725116524289084907e-03,2.099823472625541362e-03,4.175664419528726801e-03,2.508720835028839784e-03,3.020743008479711070e-03,2.250236984543148473e-03,1.458442371104429203e-03,9.585916951881639364e-04,1.116632977436123357e-03,1.057950953962513577e-03,2.173741067180435561e-03,-7.681115222566967972e-04,9.915045404954242816e-04,4.793893085952778585e-05,6.966689433162112817e-04,-1.007659420949689598e-04,-4.989384609391930500e-03,-7.394201888782693261e-04,-1.456475510670131443e-04,-1.714993255866891636e-03,1.451955140545451578e-03,2.427847614064885162e-04,-6.193227459666167693e-04,-6.253860305219758079e-04,1.170249634382653772e-03,-5.169806008156414877e-04,2.744818901391734688e-03,3.478879908249467214e-03,2.928909112530148767e-03,3.478050199197095342e-03,4.719707242295631544e-03,3.879958683116667591e-03,4.826771650156097028e-03,1.817829348632789494e-03,4.049598520305728797e-03,3.791891263708757880e-03,-2.884154040482345225e-03,-3.239156367387610765e-03,-2.902988944947311814e-03,-6.058619010408833848e-03,-5.896836128172015454e-03,-1.311962856713764364e-02
7.632031100478593386e-03,7.563289996794213960e-03,7.717771903184610441e-03,7.599611290627494332e-03,7.654036053998005198e-03,5.447403398725261976e-03,5.546024440761435255e-03,5.413924559101751521e-03,5.572204674057754797e-03,5.739490846998807766e-03,5.135966147278450342e-03,5.061956113942794704e-03,5.118797121719641761e-03,5.140276080543128637e-03,4.847624272168280131e-03,3.923937875355022580e-03,4.085803958397467121e-03,3.765589696669440194e-03,3.791509611052207730e-03,3.688025288766394200e-03,3.256241501278022994e-03,3.738708009654535293e-03,3.345955595738577242e-03,3.682364510348729025e-03,3.793874572143949436e-03,2.000571827728228440e-03,1.785048470836016893e-03,1.930519428364009743e-03,2.000584450691427450e-03,1.830453683123376557e-03,6.669863267439201694e-04,1.081760703365107230e-03,1.070426505909841987e-03,9.753415793897142775e-04,1.741950592888045655e-03,-7.599338215662778621e-04,-3.171348737190354925e-04,-8.632867543549046065e-05,-1.402229111320966179e-03,-4.158311431355870115e-04,-7.722433262956253245e-04,3.279332562305034278e-04,2.121807014880819147e-04,-8.856164564391268233e-04,-7.711851098117669895e-05,2.794397759606109463e-03,2.988675077217194109e-03,2.980070622188241061e-03,1.618042461713226337e-03,1.928271173277515448e-03,4.964794182630322128e-03,2.221234290260819602e-03,4.917722240757739505e-03,2.748772221094703764e-03,-3.417966579305540642e-04,-2.035346206401915034e-03,-4.110792361969635086e-03,-4.071212260585464933e-03,-2.844998652137476457e-03,1.341636508254952578e-02
-9.408029850746323476e-04,-9.375340366484069239e-04,-1.116078199350334366e-03,-9.482406670419464599e-04,-1.047640603521708376e-03,-1.019605345671867683e-03,-8.799582242971176835e-04,-1.052237207595837793e-03,-9.523692184863195333e-04,-1.004996514130024115e-03,-9.790553051196029203e-04,-9.510530348860417446e-04,-1.275110948224153148e-03,-1.058615913730658357e-03,-1.294209067258024612e-03,-1.274766855809191402e-03,-1.243737814327887208e-03,-1.249018782699182553e-03,-1.430767432014789066e-03,-1.333424701419300400e-03,-1.484416010842591052e-03,-1.176656895824557863e-03,-1.463987792003540586e-03,-1.168227538429016197e-03,-9.653369142891368195e-04,-1.141666068625999146e-03,-8.496676603187322237e-04,-1.212038493127114581e-03,-7.074656934771651274e-04,-1.092254907021594952e-03,-1.134814595191508541e-03,-2.715963152226986174e-04,-7.965908526417896530e-04,-4.350674035090148573e-04,-6.878612481562749407e-04,-1.086124813088537578e-05,-1.076175088478991836e-04,-1.071198367240324507e-03,-6.863883071820884836e-04,-9.406403720095691656e-04,-1.125891395766788440e-03,-9.206160809637569352e-04,-1.411683845027243657e-03,-9.033392532176003900e-04,-1.791437393168156559e-03,-1.421062434544395322e-03,-1.077410366403434286e-03,-1.692353740427104134e-03,-2.013891081521732799e-03,-2.477848072347542830e-03,-2.519903144731178851e-03,-2.008728490280079979e-03,-3.336931280537397577e-03,-1.742486472185276244e-03,-3.655826857615602707e-03,-4.177315176447022813e-03,-4.145074951763713308e-03,-3.764335443790258612e-03,-3.861698483617642674e-03,2.079309663341375250e-02
-6.688147457833713621e-04,-8.860919657163484524e-04,-7.504652119956828002e-04,-6.614424415783124768e-04,-9.612607388595467012e-04,-6.593840310893776552e-04,-8.486918180074123994e-04,-8.075124674634643436e-04,-1.030566343381800328e-03,-7.848911440052519679e-04,-7.428766704648013608e-04,-7.422999456379408660e-04,-8.253203251506773712e-04,-9.047815660515804012e-04,-9.662639031466539003e-04,-8.809990218231272211e-04,-1.090859333305179259e-03,-9.748040132215965740e-04,-1.303802777913522400e-03,-1.013701486383156722e-03,-1.170356452004585454e-03,-1.066227050964497049e-03,-1.484646592106783364e-03,-1.012709117230925797e-03,-1.002383768171271521e-03,-7.112602654661337931e-04,-7.238169931368650199e-04,-9.327980225552051901e-04,-8.470519640261902879e-04,-7.263253415763482566e-04,-9.591020016717332610e-04,-6.271178026063012508e-04,-4.951533074358662823e-04,-3.097201767304408652e-04,-3.519106711627019500e-04,-4.648330946347770110e-04,1.765701940112562776e-04,-8.252674686156443069e-04,-7.545391731281961669e-04,-3.218159873734190634e-04,-1.316018503979099084e-03,-5.889624751271748575e-04,-1.083380014082519329e-03,-1.079001946204980909e-03,-1.124189324830091258e-03,-1.537461107140897882e-03,-1.353423847913755567e-03,-1.549478160460026092e-03,-1.544603167348433366e-03,-2.150954017922725864e-03,-2.327394695787906448e-03,-4.259005918174760784e-03,-1.235686908611752623e-03,-2.949918199781617623e-03,-1.346467559351339832e-03,-4.618297062637543964e-03,-4.398613765276095100e-03,-4.077909262759789842e-03,-6.098775669352717206e-03,-1.915980572276895864e-03
-6.538614920152459754e-04,-5.084581769920075737e-04,-6.793912105465315992e-04,-6.623509181469414229e-04,-7.314311753018756064e-04,-5.957308674956864405e-04,-6.752149717994408761e-04,-6.364879411563354079e-04,-5.764361427835169383e-04,-6.092427733923454648e-04,-5.470071283095607464e-04,-6.508833871545168827e-04,-4.446937353444102201e-04,-6.550517447689021763e-04,-7.438404359718490694e-04,-7.001849405548540156e-04,-7.063992865300533974e-04,-1.068800570247793822e-03,-1.005153466588579571e-03,-9.053803578639359759e-04,-1.032200813615370000e-03,-1.173179439875966269e-03,-1.219205888661915220e-03,-8.806032816314701911e-04,-9.391002377715835679e-04,-9.085074479566611523e-04,-6.561245527108685097e-04,-6.720316439599618693e-04,-6.725188449027357613e-04,-4.501463783777492813e-04,-8.638188697471857599e-04,-4.777414337314892065e-04,-3.862303716562686881e-04,-3.624147893984772258e-04,-1.573015645441177158e-04,-3.490814336105072012e-04,-3.777328319809569821e-04,2.693959690705041992e-04,-6.628147988014210191e-04,-6.769333824158953964e-04,-4.422763694911228298e-04,-1.036969554827257270e-03,-6.387546881388189886e-04,-2.141286556317239728e-03,-4.954957173387350552e-04,-1.345317458088808376e-03,-8.176541703575441675e-04,-1.963917742452928484e-03,-1.100440205429164837e-03,-1.805016615356075122e-03,-2.336611975947266301e-03,-2.817050347970978183e-03,-2.924510390982725753e-03,-2.588709516457509373e-03,-2.290993479046072191e-03,-2.347319290719991104e-03,-4.464798337042732122e-03,-5.544870067226211063e-03,-3.085622674187328031e-03,-1.080283638585259436e-02
-9.671263130204858435e-04,-9.026737094895935900e-04,-8.830737013554287645e-04,-9.102101272678818356e-04,-1.038370986994621064e-03,-1.166507081839917009e-03,-9.239853663445724051e-04,-1.033236347197846955e-03,-7.746617445726380847e-04,-8.815193534235351083e-04,-9.480424033720627084e-04,-6.682226486406469450e-04,-1.014005771754646632e-03,-7.872974519796152549e-04,-8.744559554028890746e-04,-9.500184033426755130e-04,-8.980521364721278559e-04,-9.896932234039670234e-04,-1.150712749132711292e-03,-1.135299935461663197e-03,-1.270055313895078301e-03,-1.214376227056820912e-03,-1.463856533839257229e-03,-1.433871877335542947e-03,-1.145607899018593169e-03,-1.008590265407506917e-03,-1.211667034072863277e-03,-6.538125101553179811e-04,-1.230278311908516607e-03,-7.768808222077221290e-04,-6.815561702594233589e-04,-3.814144327362557958e-04,-6.079662246979651357e-04,-3.623697311869151865e-04,-6.018836822725475919e-04,-5.863740914859708921e-04,-5.304622914547033529e-04,9.482439263390342283e-06,5.629426433915692748e-05,-8.899727718282746016e-05,-1.238504328134635429e-03,-2.424717445645825859e-04,-1.013138416035577749e-03,-9.088311571687985105e-04,-1.309725556088935832e-03,-1.499171021836470663e-03,-5.587756937014151746e-04,-1.614657892058673485e-03,-1.757795930758779225e-03,-1.786316533613890520e-03,-2.103616808939116206e-03,-2.030028669830332821e-03,-2.584679617800041910e-03,-4.451466916543222671e-03,-1.834846567062909002e-03,-3.130877801196364687e-03,-2.478194365545194344e-03,-5.025011302823363842e-03,-5.534041591320023289e-03,1.521015257668533989e-03
-2.101476717099946389e-03,-2.167877814096334527e-03,-2.193082708996048347e-03,-2.703899747280150579e-03,-3.082489875630859376e-03,-3.076192673781274426e-03,-2.935787876291698524e-03,-2.224137206085745420e-03,-2.245213574728994240e-03,-1.968312199202054864e-03,-1.810568341309172578e-03,-1.689491169256415086e-03,-1.625295611528913354e-03,-1.462084032849239818e-03,-1.584465988906515231e-03,-1.734312131738202168e-03,-1.629575631291367999e-03,-1.554830664250004060e-03,-1.781549698808150995e-03,-1.651520476062614314e-03,-1.613971758772797050e-03,-1.605025236062703397e-03,-1.825569161559381301e-03,-1.820907022581759026e-03,-1.410247200202973446e-03,-1.426514196481203523e-03,-1.263759080104773658e-03,-1.180791282932815026e-03,-1.294212740592128518e-03,-1.243351054229696433e-03,-1.069242269750307573e-03,-4.366408900532513910e-04,-5.588335065611087140e-04,-8.536230112572539951e-04,-6.436032369834626633e-04,-2.810862174877772437e-04,-6.982769116905066789e-04,-3.841532179443785610e-04,-3.751848597906168271e-04,2.856938937351279550e-04,-7.333496102691708114e-04,-4.604787969259424509e-04,-9.037246721531476575e-04,-5.568952601514352927e-04,-1.766734260016273759e-03,-1.296442760017257325e-03,-1.165287259705318108e-03,-7.137965939323433510e-04,-2.382225874672365320e-03,-1.673468366891524544e-03,-2.032847510099767500e-03,-6.544914657965943214e-04,-4.409163365681873469e-03,-2.088550534201166157e-03,-3.768951894534560559e-03,-3.130096627439249608e-03,-3.922608419499696436e-03,-2.354593195645291077e-03,-4.921327676081987783e-03,-6.925979766814076288e-03
-1.240754542500036809e-03,-1.199943972625810377e-03,-1.195954307472685057e-03,-1.262862597913086025e-03,-1.325814300389292462e-03,-1.630924617064633073e-03,-1.578358571343234850e-03,-1.458454150744675076e-03,-1.338490137337195775e-03,-1.603822640031908739e-03,-1.517740099123426325e-03,-1.496580636198472768e-03,-1.444390451712801969e-03,-1.486962795867171738e-03,-1.400995857239954300e-03,-1.528290146466615386e-03,-1.607347649259883559e-03,-1.796441303424990829e-03,-1.521949212320716869e-03,-1.669480826060348476e-03,-1.851004275331367575e-03,-1.823465559396340906e-03,-1.700834080496186999e-03,-1.529046292696829065e-03,-1.816424355808468486e-03,-1.291300104884050013e-03,-1.651720173249321541e-03,-1.541083007149853358e-03,-9.544131660957761148e-04,-1.206753772137272385e-03,-1.288309422318314286e-03,-4.022020094788965046e-04,-5.571737449479740754e-04,-4.025039001052137981e-04,-8.717014858305676241e-04,-8.875543988793692385e-04,8.875034242480159664e-05,-3.213969167612664530e-04,-6.074411472554571909e-04,-2.199841530363786269e-04,7.169811320754737117e-04,-4.175562453424073854e-04,-9.964725262452647954e-04,-1.710368223902450217e-04,-1.342576775840048945e-03,-1.362938795535383182e-03,-1.419393009847624582e-03,-3.910500753056790017e-04,-1.709066890984824736e-03,-2.199263315548099281e-03,-1.745720588492767188e-03,-1.447468215708022773e-03,-2.764256863403088266e-03,-2.175352836925378147e-03,-3.501621361741449195e-03,-4.899256848386194900e-03,-1.846271503803286439e-03,-4.665891277225281929e-03,-3.283920311444192986e-03,-6.119643635617732190e-03
-9.901486753547204377e-04,-1.024263094155687670e-03,-1.035985078032784995e-03,-1.077987257973738160e-03,-1.405152966230205228e-03,-1.392385464964080583e-03,-1.505326426965043589e-03,-1.406512698372753460e-03,-1.525024912163598385e-03,-1.463477430164180238e-03,-1.541382539980868174e-03,-1.745454813852650435e-03,-1.549197679037605645e-03,-1.753168013944321219e-03,-1.616905055893748692e-03,-1.678348404579079085e-03,-1.532562768274159035e-03,-1.780113010934205415e-03,-1.765178730200098146e-03,-1.756626317526603816e-03,-1.854725090513237740e-03,-1.723628691983153339e-03,-1.928402506999064544e-03,-1.601946842044513685e-03,-1.545319434671550782e-03,-1.340266002290558265e-03,-1.542869673994300139e-03,-1.446879019018966397e-03,-1.229173680466135116e-03,-1.235861560595426841e-03,-1.269505784417616131e-03,-3.856110236270978960e-04,-6.046204616297528103e-04,-5.183898709049059852e-04,-5.640296597657498082e-04,-8.324769998802887712e-04,-1.884315031176882161e-04,-5.081630661872494270e-04,-7.490281671486764088e-04,-3.633409959352177873e-04,-1.146051564581964874e-04,1.398053069626050272e-04,-2.252688526424546998e-04,-1.380230591659508147e-03,1.092073978797272255e-04,-1.232444285449317035e-03,-1.879487705554986612e-03,-5.805790343875287529e-04,-1.175962667772722983e-03,-1.687560168794528109e-03,-2.609621811155972589e-03,-1.349483837920723971e-03,-3.421908795907153533e-03,-2.029657768476921670e-03,-3.320308242007360879e-03,-3.336195510745895796e-03,-5.654282587532361362e-03,-2.236125845984999767e-03,-5.614762581852190265e-03,-2.075591514425842964e-03
-3.067412312097467925e-04,-3.509703388339223819e-04,-2.131769408654175921e-04,-3.360646961815501386e-04,-3.090011537574766315e-04,-4.546348490169969362e-04,-5.075693808524213554e-04,-7.128033013262761314e-04,-6.211374473258233142e-04,-6.877169920618763331e-04,-7.893815501630389560e-04,-7.346951479125726509e-04,-6.889380568755094523e-04,-7.564028894364991555e-04,-6.728242238834165065e-04,-5.561120689655083167e-04,-5.590232600676132415e-04,-7.165400417167463705e-04,-6.884378368666818236e-04,-6.375809004461206655e-04,-6.685667299287188087e-04,-4.835912573036260632e-04,-5.777508570251126910e-04,-6.335625169513996050e-04,-6.677250961419619940e-04,-4.449595376654359702e-04,-4.223003627955860726e-04,-3.696200672988104335e-04,-4.375266516853249378e-04,-4.235173382086874464e-04,-3.337177157689941815e-04,-4.444328792722595785e-04,-3.612841561607349158e-04,-6.521220877719690430e-05,-3.946849699884801802e-04,-3.699228130360153704e-04,-5.455324499857403409e-04,-3.121278381782410490e-04,-1.809035677168294924e-04,-4.057596269331758404e-04,-2.582652536584281733e-04,-4.239463371507696198e-04,-3.482777469090620782e-04,-9.200587784680096514e-06,-8.381598492969157769e-04,3.174848749596995666e-04,-8.578048240464056446e-04,-5.169679366419863142e-04,-5.532743384184604391e-04,-7.119675438068084851e-04,-9.130173386558530519e-04,-1.132333570503360823e-03,-1.277207871629670389e-03,-1.790447029236202567e-03,-1.440852157942957602e-03,-1.579195037923787409e-03,-2.405932468694072218e-03,-2.813684997658917174e-03,-2.877901289745873111e-03,-2.482226974824254875e-03
-3.018651408164150173e-04,-2.547814036432962900e-04,-3.309140258112832560e-04,-3.439802607275881433e-04,-4.013582084343576524e-04,-4.302260965405522693e-04,-4.773848761120933772e-04,-5.467630259361900679e-04,-5.179237733448570054e-04,-7.421448321305317182e-04,-5.986169280715213830e-04,-7.074977004835303037e-04,-5.874337593001952539e-04,-5.829705883319382179e-04,-7.442609616057710908e-04,-6.448889187574213073e-04,-4.954733598505097055e-04,-5.410634596013756681e-04,-5.029210621036650161e-04,-5.936371740036974591e-04,-4.632686170324869777e-04,-6.615456942418502422e-04,-6.422643309340302087e-04,-4.723069573675978778e-04,-5.079273839098210654e-04,-6.354232637565484804e-04,-3.576704958557856673e-04,-4.609101227778242878e-04,-3.665511105656458937e-04,-5.610026403306906046e-04,-3.069229365610778230e-04,-1.227942780667503069e-04,-2.610901224010282328e-04,-3.540685255884190043e-04,-2.137319847569716497e-04,-5.496321865618805126e-04,-3.053445645685592567e-04,-6.210002288392049881e-04,-3.157264351525183540e-04,-1.924698002459807446e-04,-4.859183589589404309e-04,-3.202883309537804470e-04,-2.252577640395941807e-04,-4.385600832036888955e-04,-4.394870720839488517e-04,-6.057370707076316623e-04,-1.023998829978484740e-05,-5.820307878507570551e-04,-1.228683298816199594e-03,-4.055862516769307498e-04,-1.168229836881204322e-03,-8.248299323937019738e-04,-1.362321409702545432e-03,-9.813704767661084356e-04,-1.700746576845089649e-03,-2.194201154631287166e-03,-1.093470298859719990e-03,-2.614462562723947857e-03,-3.493290844618130667e-03,-2.818066862414864929e-03
-2.849417403798487733e-04,-2.750976140435619000e-04,-3.603156608634324951e-04,-3.240043113925039826e-04,-4.619425234052111163e-04,-4.394026172805656706e-04,-6.387356987690161495e-04,-8.698080317739325697e-04,-6.419145196712977954e-04,-6.154603885386613878e-04,-8.143695219217059493e-04,-8.622785040288787062e-04,-7.732766508274317024e-04,-6.374703405667408312e-04,-6.852970582138338948e-04,-6.685921655218076028e-04,-6.766751785911550568e-04,-5.488116015577032417e-04,-5.652725487424188188e-04,-6.892920133112471646e-04,-5.751741593051239079e-04,-6.499916159247381238e-04,-6.881529411764420465e-04,-5.440158147415059386e-04,-4.460023370833358838e-04,-5.735073213701492520e-04,-4.902634880803591203e-04,-5.256383426738966752e-04,-5.853009430899783682e-04,-2.365291239731292594e-04,-6.664576886466906354e-04,-4.564458389159574110e-04,-4.108853495687338707e-04,-3.463953872239046807e-04,-2.423697216261108732e-04,-6.852251560248629782e-04,-1.919255235178803827e-05,-1.788827042943871056e-04,-6.398644991040654479e-04,-4.391394026337024320e-04,-2.627189857502467839e-04,-4.621668111082969212e-04,-2.793298093702764563e-04,-5.549009461237771864e-04,-5.219287211734325845e-05,-1.085738816609089531e-03,-3.202008235584602827e-04,-2.157370158303033476e-04,-4.681610067229229240e-04,-7.218288829044946196e-04,-1.089149712833337690e-03,-1.100655305703205885e-03,-7.748040694481088614e-04,-1.330052973309843282e-03,-1.876838635418990025e-03,-1.503172214067005326e-03,-1.699963283027785535e-03,-2.140443095331107711e-03,-2.410678035690740160e-03,-3.336081578987569116e-03
-2.198653317567620324e-04,-3.426895645435590072e-04,-4.178063535039924130e-04,-5.192324158801629947e-04,-4.230590959719361167e-04,-5.162250559915570244e-04,-6.738621627806781582e-04,-8.176709180919278360e-04,-8.976661093861793483e-04,-7.302429469023458998e-04,-7.265987086800897209e-04,-9.700731329603857643e-04,-7.812131122410755947e-04,-8.558739471257790056e-04,-5.787042451252498313e-04,-7.086370166328187373e-04,-7.756163701189217529e-04,-7.400131227079435013e-04,-5.325036177850716148e-04,-7.158410848412849773e-04,-6.481169057897407521e-04,-5.828988533569163686e-04,-6.512898463418457726e-04,-6.349658019274643508e-04,-4.721473281910735652e-04,-5.296661538993381862e-04,-5.862803632284844038e-04,-5.966359406695161127e-04,-4.159933725080418006e-04,-6.847722218870432942e-04,-2.949385612844089392e-04,-7.823652316076845636e-04,-5.382415135206693863e-05,-5.527717783997418768e-04,-4.060108341035159629e-04,-4.067415280707139071e-04,-3.118898248618139253e-04,-2.053989052079610252e-04,-5.433338032282262380e-04,-3.370938272868522563e-04,-5.303981982480521565e-04,2.787713221071181095e-05,-6.878820146948753196e-04,-5.380733192415602939e-04,-4.446980303472623992e-04,-4.639272110144394205e-04,-4.226369010072620149e-04,-7.612637330086524526e-04,2.322101983931155762e-04,-5.871428171517099285e-04,-1.437378724078275426e-03,-1.332124544450125894e-03,-8.981067914735673188e-04,-8.457488733649049266e-04,-1.140685514902410212e-03,-2.524958861551106389e-03,-1.069257761356667055e-03,-2.915965443327612865e-03,-1.836676129824262645e-03,-3.259512746047069174e-03
-5.915371159855247309e-04,-6.819617908795747464e-04,-5.991734580322183182e-04,-7.053253416393830437e-04,-8.507285766587591863e-04,-9.925284715531737956e-04,-1.241495052639308072e-03,-1.376354971491890612e-03,-1.308960849189151144e-03,-1.537833715177787820e-03,-1.505670987088299087e-03,-1.618177755693940741e-03,-1.490108480887546768e-03,-1.439857683582633106e-03,-1.456185734433011400e-03,-1.316695382471851604e-03,-1.307679499833232489e-03,-1.289940451162818963e-03,-1.122139369950027939e-03,-1.266222050033195910e-03,-1.108914822894348923e-03,-1.076149910351249014e-03,-1.115308736394942605e-03,-1.094615623392194807e-03,-1.024846016335545593e-03,-9.714907637321487958e-04,-1.087372233679308837e-03,-7.597662292109257825e-04,-9.611118910337091174e-04,-8.662942274156889113e-04,-7.294834801628531174e-04,-8.577633663788256004e-04,-6.152255419718060357e-04,-5.437030995106102368e-04,-8.281224442647644457e-04,-5.455599519490162905e-04,-4.542831719444159408e-04,-4.923981802285748053e-04,-7.364641284745054904e-04,-2.400429959235148166e-04,-7.245626611656622506e-04,-5.126330848895455572e-04,-6.769263922804370868e-04,-4.061436818916857260e-04,-2.839349855320609170e-04,-6.919625287523774532e-04,-8.524829562622673971e-04,-4.682612478987588475e-04,-5.187839732887472143e-04,-9.138407905610466042e-04,-6.024476545091829493e-04,-1.549802452361912332e-03,-3.167687993418996238e-04,-1.212208614561928683e-03,-9.863257568238673837e-04,-2.747292418772597465e-03,-9.879462267034023245e-04,-2.737785313061433939e-03,-1.803717599885506975e-03,-3.098039609367465256e-03
-4.873840339264827654e-04,-3.785626363606826124e-04,-3.980972447574693176e-04,-5.222769492682961421e-04,-6.973380575829260953e-04,-6.651307365652334982e-04,-7.371492766679661919e-04,-1.024120463726777355e-03,-9.969708078058690890e-04,-1.056713964883693917e-03,-1.240270735791447433e-03,-1.129327306402431270e-03,-1.229401723764594672e-03,-1.193387922340705728e-03,-1.238255890723685086e-03,-1.179207387748119678e-03,-1.070370148857009793e-03,-1.028369232397038360e-03,-9.458141015983754455e-04,-1.041122430818109497e-03,-8.619912696680840812e-04,-8.567198703447569119e-04,-7.541144514012093365e-04,-8.847335737096987405e-04,-8.099368544840428001e-04,-7.134023078257992721e-04,-6.937927142931929947e-04,-7.333819224254917472e-04,-5.764408568022059021e-04,-5.801850734258526265e-04,-3.565443220090508056e-04,-7.216056957488553927e-04,-5.363397978587730163e-04,-6.566506833508996797e-04,-4.802026611514516687e-04,-5.263911692222976012e-04,-5.139291736930471331e-04,-2.898942049580659403e-04,-4.421544706176579577e-04,-7.831548442292418427e-04,-4.836346728343638920e-04,-4.884310211552590764e-04,-3.047928602599219100e-04,-3.645251313718530497e-04,-8.421149098700546603e-04,-5.720691392661361946e-04,-2.046639535035527004e-04,-1.000208021357045299e-03,-7.163133609736058215e-04,-6.719132433404171548e-04,-5.801676293236341156e-05,-9.837458603572340858e-04,-8.346092925027133935e-04,-2.012217429845239436e-03,-8.049343620066763596e-04,-1.767089385930281555e-03,-1.504582489371274808e-03,-2.054031414714914752e-03,-3.429019162233458169e-03,-3.037827398533458727e-03
