2.487404718693271913e-03,1.510030632470280455e-03,1.629683203465828647e-03,1.359455602693900511e-03,1.573770853561662700e-03,2.266184675141311861e-03,1.566752762232821814e-03,2.496755343866198778e-03,1.983751957932422798e-03,1.951580656903589535e-03,9.388288494938122663e-04,6.538996939479947658e-04,9.338616802240881252e-04,1.587205081669690061e-03,2.446074223188990197e-03,2.392755896329627156e-03,2.760519442832125910e-03,2.850031255327718435e-03,2.540727037058989127e-03,2.535105147431907565e-03,1.159093998387204002e-03,1.774168958965473665e-03,1.804314023944078062e-03,1.834039910525094323e-03,1.953439720582885418e-03,1.208256654870045995e-03,1.148437876577564206e-03,2.041989400733744062e-03,6.751111111111485425e-04,4.816117041230121823e-04,1.510042321852541865e-03,1.054136558029839356e-03,2.211159463598706600e-03,1.358060263653510609e-03,8.643304994685382112e-04,2.050747412802056977e-04,1.234411316647579938e-04,1.330446232626177538e-03,-3.624983649444182702e-04,4.397085857530269462e-04,-6.928558225506912215e-04,2.625371660255760155e-04,-7.468304882026516756e-04,-4.073207844905812436e-04,1.339074861258794094e-03,-6.328008713009705948e-05,-1.099690243600797692e-03,-1.339470369879323724e-03,2.265777777777848272e-03,-4.138998245212493175e-03,-9.969595894803629128e-04,2.343654320987632010e-03,-5.109709412507872951e-03,-3.793402674591449079e-03,1.267614224375242151e-03,6.635626755170504192e-04,9.752842712842441824e-04,-9.077717041800638376e-03,-2.990729579698538868e-03,-8.286638054363474476e-03
2.287449398241664725e-02,2.269141097026407261e-02,2.202678632378050894e-02,2.162659226936340315e-02,1.996035748623362777e-02,1.936506113953681898e-02,1.961184080464755883e-02,1.918105329949247942e-02,1.876910321199152035e-02,8.656161391613593006e-03,9.389050082033254668e-03,1.163369735346653916e-02,1.236310398749022703e-02,1.339251994259205505e-02,9.862994982632222046e-03,9.288904577691717984e-03,8.285685836859990258e-03,7.384436359436434907e-03,8.122037445556774121e-03,-4.444840636272772566e-04,-5.541234400202845389e-04,-8.924582766898139091e-04,-1.318879580554938339e-03,-1.389990875375358590e-03,1.109011547207621037e-03,1.140366340224838182e-03,1.294284566164878797e-03,-1.406436385672517851e-04,7.718745063351627926e-05,1.515588647398134021e-03,1.632217337546346819e-03,1.288170469519444965e-03,2.637796389353854040e-04,5.439438321002359024e-04,3.950549680418360791e-03,1.712815598149386486e-03,2.442301621528340100e-03,2.250871349157211165e-03,1.365311527203354235e-03,4.246996349153720970e-03,8.747506115068326774e-04,-2.381479924322822098e-04,1.061645967699066662e-03,2.716221949314618776e-04,1.156684647062229969e-04,-4.462790697674337038e-03,5.875734555499764105e-04,-3.299307096774188510e-03,-3.248876381071552719e-03,-1.900929767372847110e-03,-1.903308064516134011e-03,-3.015175707949553727e-03,-2.204279197080324677e-03,-1.295827679782829466e-03,-5.627737187063571941e-03,-6.497566585956510501e-03,-9.658800850460598150e-03,-1.232508833922274115e-03,-1.036924409748672671e-02,-2.729043869516403330e-03
2.230270673658732786e-02,2.159119679812562462e-02,2.138404365874195523e-02,2.069330696156849655e-02,1.862735793807269308e-02,1.975106683069183591e-02,2.005976381752622856e-02,1.965407613478286145e-02,1.952608864265921451e-02,-4.101641486672867425e-03,6.493254418231529657e-03,6.844953806151733017e-03,9.629228414948471509e-03,9.680656861160562288e-03,7.944523161667139954e-03,1.067484504527486597e-02,1.127343260688946219e-02,9.289987907405266795e-03,9.570878018007662746e-03,-7.998087915856780250e-03,1.017081382253712165e-03,-1.378564125866631608e-04,-4.799930309558349008e-06,-1.465378006872912215e-03,5.252627308008939698e-03,1.870113791264157999e-03,-6.005443830123345780e-04,-3.144047508007092901e-05,3.785019736208713168e-04,2.322242949145040744e-03,9.016609824883564965e-04,-8.265627273671465264e-04,-2.168050155882643663e-06,-6.810601783900084279e-04,3.850387059942914168e-03,1.300223573249650313e-03,-1.104345275507988695e-04,4.448315688161193931e-04,-3.441520598914994959e-04,1.539212761940624832e-03,2.216603354115349173e-03,6.627714177202026534e-04,-8.601310137456084741e-04,-1.976674696156665179e-03,-2.393449405274989967e-03,-1.889414481972556768e-03,-2.480238988114157397e-03,-8.605843986433676235e-04,-1.029065464576469973e-03,-3.403893979057573144e-03,-3.451318518518551540e-03,-2.523907103825093201e-03,-3.184772293427948816e-03,-1.428403525954840625e-03,-4.459403952734564656e-03,-6.333023228531291238e-03,-3.475125827814633597e-03,-7.022119743629854152e-03,-2.726047430829998952e-03,-7.983049385378417420e-03
2.038971812904658010e-02,2.018886953078606258e-02,2.012614259898141272e-02,1.970670409850083793e-02,1.835474362614275545e-02,2.035577905455373746e-02,2.069540966121201711e-02,2.007853170622982825e-02,2.051062059552660397e-02,-1.870184808409640353e-02,6.800768175582896750e-03,6.762333333333317258e-03,7.689656690140757485e-03,8.186644471476968443e-03,7.767232900488625288e-03,1.084248034474826795e-02,1.128147815641401125e-02,1.111316841405086270e-02,9.556221129659247041e-03,-1.682354891526802870e-02,-1.221796166647570996e-03,-9.851998332240543936e-04,-1.038774869408855359e-03,-2.449087775668139060e-03,7.762920258005535749e-03,-8.056346346942837072e-05,-4.657436539148941462e-04,8.882331355888865181e-05,-5.136396943695865479e-04,4.906889374979891971e-03,8.299067360821870028e-04,1.270606120695350495e-03,2.243686162026594993e-04,8.867626866728361371e-04,7.037137183705887040e-03,-7.139854206040237121e-04,8.384716313466878497e-04,-9.268931336680387998e-04,-2.523308270676905300e-04,7.372401215805416720e-03,3.360877302675729168e-05,1.536217178460224340e-03,3.189203883495424544e-04,1.080101556463169575e-03,-5.928597203428297071e-04,-1.488119978575278956e-03,-1.115159322877717300e-03,-1.217418415304198859e-03,-4.054950292795823918e-03,-2.935049071524438186e-03,-1.667515160819816721e-03,-4.840659113463480559e-03,-5.394285714284537082e-04,-1.248111337802478796e-03,-8.403105722186705526e-03,-9.611669914040124607e-03,-1.320904303147162452e-03,-7.585643056166557936e-03,-1.097199506085731573e-02,-4.872716904277002263e-03
2.011428233038177818e-02,1.980190831118297176e-02,1.943921243436951690e-02,1.976774956970744554e-02,2.427663035301326142e-02,2.563849584487523300e-02,2.538413046495477735e-02,-3.978776783445802864e-03,2.572859497837393095e-02,-3.091199217626418652e-02,8.317527717742211057e-03,8.165945945946020273e-03,8.705176843601388631e-03,8.542085963330265860e-03,8.453560001272165253e-03,9.680375023917319258e-03,9.911604922152974714e-03,9.349520939285538290e-03,1.021292423766100542e-02,-2.787648292108350564e-02,-1.464355866036552668e-03,-7.345025936600058612e-04,-1.063644465711645988e-03,-1.408358500315780304e-03,1.050197521188903083e-02,7.945484240688393532e-04,9.470056631184619461e-04,5.668049941616195263e-04,8.303197835311016978e-04,5.694092105263085131e-03,5.815002105672249918e-04,7.360423242929231471e-04,4.156256459840712266e-04,-6.103353140917454952e-04,4.171832935050023838e-03,-1.327533484284362060e-03,-1.555219229564679161e-03,-1.890207052733775331e-03,-3.530879569332376171e-03,6.769032287116775147e-03,-1.916407649816608471e-03,-2.350115672376464244e-03,-1.501935205840556654e-03,-3.522058823529378591e-03,-4.482476505097734466e-03,-1.569050481470639618e-03,-3.694620958751424628e-03,-2.601959945556991255e-03,-2.548793736575871629e-03,-6.405623576310008876e-04,-2.128856590588012673e-03,-2.218868536230501442e-04,1.848685594111794134e-04,-2.144913534924095932e-03,-1.329374801650276897e-02,-7.817430451345074591e-04,-8.019465793120792926e-03,1.545655250495283099e-03,-1.439493339911205629e-02,6.027849504950455635e-03
2.107809086435945972e-02,2.192219365184694402e-02,2.126215151108135429e-02,2.081253536096795698e-02,1.345001807164862562e-02,8.921459635920890238e-03,9.316301569414334183e-03,8.346649022689098252e-03,3.817451183029646478e-02,-4.509919599134500079e-02,1.332541747241490146e-02,1.338181919085412036e-02,1.362128755364805030e-02,1.370468116137750145e-02,1.157451382620897518e-03,3.567990347061308996e-03,3.107000413999563750e-03,3.513549123150086408e-03,2.607048043430486468e-03,-3.678769607843136030e-02,-4.315845444877874785e-04,-8.546879052222285805e-04,-1.283435156498854328e-03,-1.281359115358090628e-03,1.277067755613108847e-02,1.148879827576108122e-03,9.384013125702307147e-04,7.901483644164169215e-04,1.514970798964204561e-04,6.119355136448994398e-03,9.189393939389658311e-05,-5.413742279158377437e-04,3.904717932043311928e-04,-5.081583117015217805e-04,2.291724900960060655e-03,-1.485128399884206099e-03,-2.870832650832661880e-03,-1.582711311064284023e-03,-2.688566838311037214e-03,7.222070538691043734e-03,-2.647432114701895461e-03,-4.491383079848086310e-04,-1.118055373442951002e-03,-5.167762223150798410e-03,1.606785818927610300e-03,4.492399859039139412e-04,8.305636012551488416e-04,-1.145539748953940638e-03,-1.842640859343331293e-03,7.941163652222448465e-05,-1.266068190333430408e-03,-3.960014122077424106e-03,-5.546466672430307512e-03,-3.197650585480132923e-03,-6.815165452653474364e-03,-9.023931368033220879e-03,-2.923669759755923372e-03,-1.116263135771332045e-03,-3.042357981593205463e-03,-1.353862493012785925e-03
2.032064149103315204e-02,1.957214745999350664e-02,1.953920956132019354e-02,1.871372831225069297e-02,9.186774498931633837e-03,1.583301941671238361e-02,1.620839976010027619e-02,1.757434716736122268e-02,1.625913883004723517e-02,-4.028484384741828905e-02,1.275379945372118011e-02,1.386882171152444866e-02,1.409086932690207378e-02,1.436471469309782457e-02,-1.261670275158949424e-02,4.544178213483042396e-04,2.110232978892217798e-03,2.638810418391460914e-03,2.272612847505115809e-03,-3.622567683026257923e-02,2.979999999999944065e-03,2.427534817706003892e-03,1.058674069042954630e-03,1.140599947754913131e-03,1.640486467236460313e-02,4.748278718966885683e-04,-4.459655697395072306e-05,-8.431494625836372624e-04,-1.314402304369611271e-04,3.349637862816807077e-03,-2.050548846738976805e-03,-1.720569953141396456e-03,4.441088161542002910e-04,1.770890848880265133e-03,-3.422906151957168827e-04,-2.111842563061809477e-03,-2.420198281559854132e-03,-1.018553115727024484e-03,-2.114859574468113453e-03,5.438136371223409316e-03,-4.408430509388114663e-03,-3.689149539333733130e-03,-1.414883130825218523e-03,-1.222834955477282264e-03,-1.599651144010829197e-03,-4.663806604346180246e-03,-4.112605462082347292e-03,4.856981981981869315e-04,-2.693682298324607833e-03,2.802188514180941042e-03,-3.848142900903687730e-03,2.297735908803155054e-05,8.010423778203476725e-04,-1.750284526558962836e-03,-4.490250202593231571e-03,-2.380015851449290495e-03,1.521030953885010948e-03,-2.582797803435651733e-03,-2.458164289073639687e-03,-4.354105912223561921e-03
2.100844537019506617e-02,1.937212037357322406e-02,1.881358046204630735e-02,1.830927775848700118e-02,4.992952684378274691e-03,1.401774419412606457e-02,1.477233640266925781e-02,1.382810918488211818e-02,1.305173138639274463e-02,-4.619791001451389184e-02,1.219185901749665277e-02,1.270358843679515737e-02,1.376151912083026230e-02,1.435205325251657886e-02,-2.867843518201536324e-02,-1.076140591937242014e-03,-8.770784232934839171e-04,1.779678915107800116e-03,1.149626677718621403e-03,-3.257189073361683312e-02,4.004155404305125530e-03,3.500784006271966727e-03,1.538579045587785054e-03,1.769111518882465501e-03,1.752413917422543377e-02,1.087291238724539264e-03,3.407768077651866529e-04,-3.747971500913084781e-04,-1.317301879085096706e-03,3.593185542168688892e-03,1.324407892736584194e-03,6.793187934163648790e-04,1.416798483729017058e-03,-7.718073412829606645e-05,-3.919922173811829676e-03,-1.855982006920360063e-03,1.474487320836746079e-04,-1.201291550083925189e-03,-1.060278829881623275e-03,1.047522364678341511e-03,-1.138591717490524020e-03,-2.573404480426906213e-03,-1.523940246386538445e-03,-3.737243592959371068e-04,-4.512479034239610942e-03,-1.083453556764047256e-03,-6.095900917892628458e-04,2.129098516546198234e-04,-1.801411271846568851e-03,-5.226187504432335505e-03,1.925131823245404203e-03,-3.705002831486091126e-03,-1.878687752355259668e-03,-6.003130978989711965e-03,-6.450875099442293387e-04,-4.807222283386619610e-03,-1.369549124332285856e-03,-4.015366297800877955e-03,-3.264793595981820961e-03,6.197180655335647777e-03
1.755145352669737827e-02,1.742885368126748102e-02,1.699332599523012063e-02,1.710726450170306154e-02,2.865244117176299343e-03,1.594666311964705596e-02,1.595865665744764308e-02,1.594357197491199502e-02,1.632340362324610772e-02,-4.748383533967506787e-02,1.349090847724592097e-02,1.359477292249721032e-02,1.361463432753691818e-02,1.392538162079167557e-02,-4.441643041200623448e-02,2.051912849546787168e-04,-8.554079074253076150e-04,-5.835086897844628901e-04,-6.737973192399452293e-05,-3.052521753449918135e-02,3.290875607123662071e-03,3.165223282629252895e-03,2.394927901121550896e-03,2.304112149532739143e-03,1.782051371862231406e-02,-6.487547441058849574e-04,-7.924113262893052803e-04,-8.419057252680414759e-04,-1.025823999999987907e-03,5.159165936569109871e-03,2.523462318095053523e-03,1.169059716568258576e-03,2.833062767834682028e-03,1.681746714997809462e-03,-4.270629820051424080e-03,-2.966179639106115355e-04,-1.109786039985949423e-03,-7.231076440727782521e-04,-1.527645271553386332e-03,6.337754265091211483e-04,-1.546712877127995886e-03,-3.377560389638854105e-03,-1.928906279464381087e-03,-3.431923900592611255e-03,-2.674804544280832020e-03,-2.302420971472567655e-03,-1.822460157643321279e-03,1.821675665127151737e-03,-3.140035707200937356e-03,-2.924586301369843429e-03,-1.977669390787566844e-03,-4.594711274778619584e-03,-8.015072140157658521e-04,-4.740486840923402445e-03,4.717173064101423674e-03,-1.724025695931451913e-03,2.171134057538443973e-03,-4.852248335824369376e-04,-4.895109761793516208e-03,7.746874891549510381e-03
2.407773663087664842e-02,2.395387226728248886e-02,2.360520231213879966e-02,2.280113809462757518e-02,6.426210863284736790e-04,1.423643240965134261e-02,1.454146872677882646e-02,1.424660807613291856e-02,1.435065622876133609e-02,-5.200652985387382854e-02,1.201584325809946716e-02,1.234382762074344615e-02,1.227294159563692422e-02,1.308494382022481681e-02,-5.866391790936303224e-02,8.700303339569663997e-04,8.057844568484165545e-04,8.835062498275456349e-04,1.134323981351294513e-03,-2.956997075639085371e-02,1.484764589515268161e-03,1.211406181388230549e-03,6.868090870515982738e-04,6.718416737719253582e-04,1.672275243870289738e-02,-6.424384525191851628e-06,7.248830088400954903e-05,-2.696416536286164439e-04,-3.491296635552921450e-04,5.602873154243060566e-03,6.618401481525957881e-04,3.323221813315526373e-03,1.788202901228786498e-03,1.787115244231520569e-03,-8.691914809311499998e-03,-1.875686784956422559e-04,-3.433332195171535602e-04,-1.551740106151749954e-03,4.401896741398187937e-04,-3.627204742715424510e-03,-3.799465770684600906e-03,-4.445906793935969388e-03,-2.846856950672610551e-03,-3.613765087982969988e-03,-1.469840602736834003e-03,8.244355309992277593e-04,-4.878580873133584947e-03,-2.387290769965248218e-04,-5.960613845320980554e-04,-4.782017470881839982e-03,-2.566194957258829002e-03,2.166053681821761571e-04,-8.142491694352398893e-04,-3.592271397220158421e-03,5.583583133684712208e-03,-5.454989200863989002e-03,2.788368860055596456e-03,-9.579213127718470833e-03,-3.510025668126241349e-03,9.825200137433492617e-03
5.897314761415211465e-02,-1.741607331650955534e-02,-7.689354445137398970e-03,4.255532347504623059e-02,3.340141867739054166e-02,3.440102665424989853e-02,2.008191071936316421e-02,-7.809668721109453262e-04,-2.109176653551675384e-02,-1.894949067652954358e-02,2.943103643966558589e-02,2.119324729392196502e-03,-8.969818284106874373e-03,-3.470009147207548522e-02,-4.275592212590600266e-02,1.209592662926192892e-02,3.492781754902212713e-03,-7.307473921461036907e-03,-1.058562721810809258e-02,5.211309202926355313e-03,7.601883623669545512e-04,-1.944316466783454350e-02,-1.879306356385739701e-02,-1.063853207059837352e-02,1.315839750463003964e-02,2.030539755217108944e-03,1.221477299458976606e-03,3.310340234544650786e-03,-1.956386564811570840e-03,1.132122468464303450e-02,6.619634316195027735e-03,3.418721922134647286e-03,-6.678723233321935682e-03,-4.878814851856461653e-03,-7.454220340626331077e-03,1.165156218706245913e-03,-1.394636025965892943e-03,-1.083278222592011682e-03,-2.826888380869420694e-03,-2.989713102059787884e-03,-3.418312660986693504e-03,-3.474917065184713206e-03,-4.053770862926081228e-03,-9.528146771946103752e-03,7.335873633777344324e-04,-1.557780836421295001e-03,-4.953257149166271321e-03,-1.432489626555930734e-03,-2.836151211309637619e-03,2.657606199365985383e-03,-2.034807426283226622e-03,-8.317817439309946846e-04,5.526807546548029824e-03,8.159491884261812914e-04,-2.357417706593277484e-03,-1.045964610084565947e-02,-9.246522670877579259e-03,7.385842868039620319e-03,1.726311859443662843e-03,-4.967284745762607680e-03
4.457431780006720912e-02,3.317672849997573697e-02,4.814967062758104821e-02,4.667267160353183453e-02,2.574792482266050758e-02,2.386964472917884467e-02,2.218699144498409437e-02,1.906224366461842235e-02,1.491476555969306443e-02,1.659002984136946635e-02,1.265495771858096523e-02,1.455414328214201317e-02,1.513593625934350241e-02,1.357273106323842252e-02,1.609439202620594964e-02,1.676306253325489729e-02,1.608945742147636915e-02,1.557399843680206709e-02,1.718877137572901587e-02,1.299645434187599383e-02,1.049316810874244277e-02,1.020558116723882004e-02,1.062595834308440769e-02,9.138552306424988989e-03,7.929198206514619790e-03,5.234477321393863312e-03,4.124623513870455740e-03,3.686584992343076329e-03,1.433268900967837357e-03,1.536132098464497355e-03,-7.441550568347495053e-04,-1.475254850378086803e-03,-1.846096957040589768e-03,-1.134282858570629651e-03,-6.163509837413732933e-04,-4.528487705857358984e-04,-1.148121425428944454e-03,8.348171482875425776e-04,-1.229396685472451374e-03,1.253896065549577705e-03,-4.342136475053441267e-04,-1.558490184173043889e-04,-1.909115778327764076e-04,1.098587956636575772e-03,9.525447173862282681e-04,-2.124348496530461411e-04,-3.231283569000557333e-04,5.908201784489038044e-04,-4.041756349547883992e-04,4.654657578703601538e-05,-3.802770799468069892e-03,-9.312596124269359151e-04,-2.247041415359880140e-03,-5.143068391866849505e-03,5.019796916133868400e-03,-3.312198941798886413e-03,-5.664466272995611305e-03,-2.583717948718002727e-03,-6.258744876325152313e-03,1.310657077476205150e-03
3.388478749302059612e-02,3.577444099378884745e-02,3.293124917662560575e-02,4.102131425929980701e-02,3.729500112334305922e-02,2.062834536674008554e-02,1.962352189867989580e-02,1.788088845780794883e-02,1.573583391730909789e-02,1.197687775661583284e-02,1.376943138623843745e-02,1.029971724242115076e-02,1.187775943959453948e-02,1.232992308108984622e-02,1.110595215152933302e-02,1.361424831899047012e-02,1.305705905152130565e-02,1.312850646255654327e-02,1.260007185297786110e-02,1.431482054455446122e-02,1.116072241261142212e-02,8.362776028661360328e-03,8.452267182773330612e-03,8.417456160782573263e-03,7.325530212358511220e-03,6.603299226846478208e-03,4.463207167434882217e-03,2.984164926009836606e-03,3.074065453686126385e-03,1.403293206720295514e-03,1.565628867242497115e-03,-9.730476442406538759e-04,-1.197336533236659489e-03,-1.960367968632157742e-03,-2.686412888959475477e-04,-1.673800217850938271e-03,-1.290691924227248830e-03,-4.195832616401239655e-04,5.230950847820985562e-04,-1.521124532643115812e-03,5.903985561738121996e-04,-8.529153351402107104e-04,1.229263236452607681e-03,4.704476531039193519e-05,-6.616533108392272985e-04,3.380132939438866644e-04,-7.187613019891002288e-04,-7.516058518814044184e-04,4.874149943429349004e-04,-7.895901692080189689e-04,-1.671912105909676869e-03,-2.174804586941251477e-03,-6.273086014445231236e-03,1.949858137735335133e-03,-3.811873636277363173e-03,-8.843132063944501029e-04,-2.974991336490807187e-03,-4.570757232704293280e-03,-1.446507806080498228e-03,-6.147496831432174534e-03
3.140809708937571804e-02,2.595935021354490654e-02,2.562703854505960985e-02,2.103084934160465852e-02,2.901467765975053459e-02,2.655781850040162331e-02,1.554500930967018038e-02,1.383109542299088349e-02,1.347082894106376751e-02,1.119789890981175325e-02,8.976382497077035547e-03,1.024044679705723646e-02,7.656469175340313398e-03,8.698917437478467102e-03,9.038740352292492022e-03,8.485908382332773420e-03,9.635801252128074756e-03,9.915578820102808125e-03,9.304051940099073922e-03,9.630296168203777291e-03,1.047710784176894387e-02,7.595779220779312786e-03,6.433651102990935525e-03,6.230654987834523782e-03,6.018308923649172762e-03,5.260245061179833967e-03,4.341397584016346879e-03,4.383183400006495506e-03,1.881846626129027485e-03,2.048020885869333407e-03,1.107090385519552073e-03,1.134963429312092721e-03,-4.003604806408137115e-04,-8.179875632506753216e-04,-2.582399853332043894e-03,-3.624675782126045298e-04,-1.233240846031409023e-03,5.204859939251535537e-04,-9.233720808094758592e-04,1.037898878041510284e-04,-1.186108786610971626e-03,-1.097678564567553233e-03,2.165894453642428982e-03,-2.563655799266074085e-03,-5.975017484963404939e-04,3.345763697137313667e-04,1.727647867950494803e-03,-2.267316263894231677e-03,1.548017804154304834e-03,-2.506776106360424430e-03,1.140319702602247097e-03,-4.744179817576456466e-03,1.076884907529816011e-03,-6.199883996836230531e-03,-3.897373709182219443e-03,-3.623045994832107836e-03,-1.258348324713284968e-03,-5.921668801229512148e-03,-5.921119592875248756e-03,5.754564449224202315e-03
1.343265087715789577e-02,8.667415145202745155e-03,7.126923093592278310e-03,1.030579013452915214e-02,1.001396721986009403e-02,1.233194042075213409e-02,1.160288997013203711e-02,7.139724650247264957e-03,7.183876968434890070e-03,6.262980711918654693e-03,5.602407914538753975e-03,4.713427473344947508e-03,5.025192337164869315e-03,3.803987215341644249e-03,4.662641935738077656e-03,4.564370374343072918e-03,4.317360637397925360e-03,4.359799435569996877e-03,5.260659286457999677e-03,4.150715099003050683e-03,4.397762789932617086e-03,4.946722192818736423e-03,2.961188605108028369e-03,3.600603926878929474e-03,3.657677459122753074e-03,1.836387816245081163e-03,2.846744472585468165e-03,2.242680769611590103e-03,1.332459915749668834e-03,1.692503039468645516e-03,9.900828836349627113e-04,-3.043323863636260285e-04,6.058571117403993870e-04,-6.531787662610008581e-04,1.431547123244670627e-04,-7.156929360438072209e-04,-8.348315335480399407e-05,-1.533569566795366969e-03,7.654867559880247944e-04,-6.063933900780029860e-04,-8.099375371801617292e-04,1.109368369756713645e-03,3.754079226596839175e-04,-3.312592844107510614e-04,2.058826107913619850e-05,-5.781373208963537036e-04,1.709454381481612367e-04,-2.139299302472744385e-04,-1.115905239495128525e-03,-1.057485884469800070e-03,-1.724384620423136290e-03,1.179793206367219264e-03,-1.260988354275271442e-03,-5.209691211401367567e-03,2.601167121226332941e-03,-3.322359584249424003e-03,-3.063504016064289535e-03,-1.172413460348886889e-02,-2.344515762567454635e-03,1.156565081351687736e-02
-4.834962072192238239e-03,-3.589150732854862452e-03,-4.303165999384113947e-03,-2.847268810653237267e-03,-4.748450274009483702e-04,3.302675240863446084e-04,2.013911742007937038e-03,2.673316976956621304e-03,1.848158504882981912e-03,2.553567103817431291e-03,2.020017869055698318e-03,1.814168433509261592e-03,1.631814689041515345e-03,1.906482261895695160e-03,1.405715712965437429e-03,2.010852242882673214e-03,1.436446232233851150e-03,1.489283336062411939e-03,1.652915535817153043e-03,1.290611214748064268e-03,1.739711736253859650e-03,6.172094939839038773e-04,1.471102988364677384e-03,6.767937845380207805e-04,9.567827456945220696e-04,1.384650829808073674e-03,3.093484797861546873e-04,4.183380891807360704e-04,8.085485475527614575e-04,1.154287449127029772e-03,-1.439206680585220670e-04,8.291297691593143204e-05,8.075836165264203934e-05,-9.027919100550915981e-05,-1.429502936369585848e-04,-3.568196711081009220e-04,7.681677164616053410e-05,1.090583903208740225e-04,-3.746611957795792716e-04,-1.311118715083766512e-03,1.627644800231903884e-03,-1.209473604253739464e-03,4.504995403004306278e-04,1.644752275839887366e-03,-3.912884564932165438e-03,3.407021912349632677e-04,-5.641797283176061420e-04,-2.653810539457448158e-04,-1.549386134245156693e-03,1.489789872960491264e-03,-1.921250000000111454e-03,5.067429796652003294e-04,3.524971853186912836e-04,-5.398349299926248970e-03,-7.402917296072217702e-04,-6.865567379515032619e-03,-6.331859263331549720e-03,1.206207150755522805e-03,-4.604586980306355111e-03,2.695716096324369399e-03
4.147285522523581382e-03,6.078416318281687145e-03,7.318247336118855785e-03,7.176103999510114080e-03,6.554096693213279888e-03,1.294097047724737659e-02,1.172880182975150412e-02,9.716039603960382673e-03,9.483849953468457758e-03,6.360512073466263044e-03,6.144049802187556350e-03,5.685261534811975569e-03,5.090162613608513464e-03,4.154030699260943815e-03,4.707573959977688106e-03,3.519564924871049737e-03,4.041825804423059172e-03,4.549399523898696104e-03,3.634664923177373212e-03,4.573133189266164432e-03,3.803778319590202673e-03,3.760799355627139715e-03,3.575337598506297520e-03,4.280192891986008864e-03,2.723378322884523629e-03,2.990871220361066181e-03,3.334846066134506109e-03,2.045965770171153698e-03,1.998733264320179826e-03,1.013415528157269371e-03,2.253168365831973493e-03,3.558977286383257122e-04,6.200743944113712653e-04,9.980638182800708608e-04,1.247502853519307040e-03,-1.088256447956868983e-03,-9.488679483857325773e-06,-5.269685414680402727e-04,9.896250833890160147e-04,-1.342135770056922467e-03,-1.172077806624718658e-05,8.667140431187097573e-04,-7.730088495574775854e-04,1.949860724234439980e-04,-2.663764149770407662e-04,-1.447501353057789998e-04,2.061365552120740085e-04,1.129152830772366719e-03,-3.865562770563005669e-04,-4.544140153040901789e-04,-2.063007980744886293e-03,-4.748722176423107386e-04,-2.848443562610178479e-03,1.685055524486774514e-03,-2.538371458736663876e-03,1.264235652615614165e-03,-4.403237154588817391e-03,-1.089718284260254855e-02,2.753650102110259765e-03,-3.367523968950714592e-05
1.710468669527893948e-02,1.630332166608336464e-02,1.964197730987777418e-02,2.058189457376509435e-02,1.674754848564019918e-02,1.453924217181421473e-02,2.120088305022069589e-02,1.643356728667651895e-02,1.531465034405510121e-02,1.467838544119024445e-02,8.661861078342856374e-03,9.146703322090313573e-03,8.067973463423857433e-03,7.183520187587027171e-03,5.753241766356569434e-03,6.601255605381178664e-03,4.842490625077660281e-03,5.895138859887235488e-03,5.782519382943095490e-03,5.655115552779424286e-03,6.071687472743226600e-03,5.867472416429840576e-03,5.793652973092760713e-03,4.956479517742217768e-03,6.348180276364566790e-03,4.951036605384041313e-03,3.711272193371184351e-03,4.320497278978063273e-03,3.247557784561711045e-03,3.415958219486003346e-03,2.524666287511343355e-03,2.249624067628140482e-03,1.369321644498243569e-03,1.408048222886031531e-03,5.808063586445724909e-04,8.329087184740064601e-04,-9.543428642311265007e-04,2.836888347334874487e-04,-1.505652216017283390e-03,-4.867103431888298464e-04,-1.588366680561262962e-04,-2.455410407140761527e-04,1.012108181509368795e-04,-1.951759513300025816e-04,8.956742387627922828e-05,-1.156898098696847741e-03,5.003174603173823161e-04,2.450172556263242418e-04,-3.571821305842707694e-04,2.282422051513134458e-04,-5.992407822245178137e-04,1.500031995733862094e-03,-1.934478955007245919e-03,-5.700313676285463432e-04,5.545031188583979774e-04,-2.734017256091792782e-03,-1.403802071853701375e-03,-4.691972995985935202e-03,-3.047595832776848080e-03,-3.521018867924554600e-03
1.699883368730273348e-02,1.992652014377708711e-02,2.007636318540850090e-02,2.190429350104820816e-02,2.290163071845261605e-02,2.014750438778128636e-02,1.904955777460776503e-02,1.261681836747858935e-02,1.134635548686244166e-02,1.328593383764250374e-02,1.304369625907313146e-02,7.702552912788590035e-03,7.616890663728944494e-03,6.833397402840822935e-03,6.146501859549300187e-03,5.048670951282820639e-03,5.200900234712192011e-03,4.335936563003314412e-03,4.711763848396365202e-03,5.439794438690155783e-03,4.507934052238036712e-03,5.407822589411847951e-03,4.685592476488946098e-03,5.335105389651715116e-03,4.576473325486612662e-03,5.154277585010539654e-03,4.048257407863358956e-03,3.352496528061557537e-03,3.226263187118160423e-03,2.786669135968749145e-03,2.378412510860100637e-03,3.492688714122395201e-03,9.328644373247753970e-04,1.554310082241804015e-03,1.142782694198695012e-03,-2.589932185706106177e-04,4.472101390555149555e-04,4.297450887945104131e-04,-2.319280242526903461e-03,-3.609957264957903067e-04,-3.301362944514108161e-04,2.961235915240337452e-05,3.102156673830124304e-04,-2.843496654936500910e-03,1.352188827180584706e-03,-1.479144802391199002e-03,2.990237653502928936e-04,-2.229049628875026581e-03,6.197256605871312267e-04,-8.283873863764126171e-04,7.336779701209990116e-04,-8.917223601297531244e-04,-2.672577348650410716e-04,-2.201174289245997132e-03,-6.152733417828501472e-03,8.004121234522791270e-04,-2.478688082901593301e-03,-1.085532945736328823e-03,-1.047656004337214203e-02,4.322217228464443704e-04
7.298476194320645434e-03,1.719337607004652740e-02,1.810153563015314687e-02,1.814089297439264170e-02,2.007199521253721919e-02,2.076826135230240913e-02,1.868002945508102225e-02,1.797195396609335000e-02,2.007798341667196840e-02,1.939413154699955871e-02,1.469821969696970092e-02,1.020477064220182313e-02,6.593708132330507871e-03,6.736285505525679319e-03,5.797965270970466094e-03,5.508524709302382340e-03,4.271397670549013578e-03,4.973929604750014152e-03,3.269651784388503089e-03,4.478511434511511964e-03,4.343222010178181096e-03,4.112166030792470568e-03,4.666453275464534090e-03,4.595227142818139598e-03,3.733092530227018462e-03,4.407022574907705666e-03,4.009411176813595067e-03,3.449571224915049059e-03,2.956412657674853655e-03,3.268826513911591517e-03,2.218287240516575616e-03,2.032418081464413152e-03,1.793170682187340652e-03,1.425083582792439256e-03,2.194476324914825405e-03,-8.437447971671194289e-04,6.681382846487607038e-04,1.088077819734012885e-03,-1.806384269160760158e-03,1.005666003976463259e-04,-1.524235010222280574e-03,-1.863737505739285433e-04,-4.457143892452290887e-04,-1.951584591398151285e-03,4.743075761189019719e-04,6.705011772619702895e-04,-1.579826445570927046e-03,-8.935838335701329349e-04,1.251600182010948479e-04,-9.587912262157503038e-04,5.233127753310645215e-05,-4.204385315343620727e-03,5.668359057677435945e-04,-3.783795774117823725e-04,1.678353582940696415e-03,-2.359737776563731494e-03,-6.275051816078044790e-03,-2.059521094640809433e-03,2.006331550802086753e-03,-9.712734196496484659e-03
-6.369633184996876737e-03,-2.414709739533726571e-02,-3.383327786550068689e-02,-3.965059910307033170e-02,-3.516235052789183635e-02,-3.403082442688962900e-02,-2.879485741426433820e-02,-2.073756321657005755e-02,-1.292594904405313001e-02,-2.214173828546751877e-02,-1.349031357964923170e-02,-5.281794727986410115e-03,-9.403254472017389851e-05,3.462697916428885726e-03,1.210723128226318156e-03,5.469209847269689354e-03,6.673889156626621952e-03,7.534043795620433935e-03,1.142534011062941793e-02,5.984893942383557285e-03,1.096335008375215296e-02,1.307969052427280891e-02,1.569432681519484715e-02,1.653871761935340329e-02,3.969330794341567430e-03,5.512234593760424912e-03,7.150945687772831440e-03,7.558657443276183864e-03,9.620006004203018532e-03,-4.193567894448445798e-04,4.810909627492065618e-03,3.878878232283865853e-03,7.296432217017439006e-03,7.125733270052176348e-03,2.554058540551525525e-03,3.584965227335889983e-03,3.649991239597007598e-03,4.168310630969206294e-03,4.466178227680058302e-03,6.342412148349871629e-04,1.972366381344129805e-04,-6.652802924196776378e-04,7.380697515057248886e-04,1.312789327404180126e-03,-2.693365283048330949e-03,-1.072951444376110935e-03,-3.220782472613447234e-03,-1.768496545575999786e-03,-3.716452197120752852e-04,-2.063495823199727394e-03,-2.250631508973951860e-03,-4.190562697969114903e-03,-1.406015562649625718e-03,-1.875505196304790099e-03,-5.715523901496709445e-04,-4.041558580197499202e-03,6.218914912540634285e-04,-4.043173679006925071e-03,-5.727369876791600645e-03,-1.618975206611570142e-02
5.190641028347115632e-03,8.125622236260341899e-03,1.183083770491796978e-02,1.101972808758953232e-02,7.795360447846524932e-03,7.647168918004969111e-03,5.782968159740946475e-03,1.846615587283737718e-03,3.571919708318550411e-04,-1.355978949134003034e-03,-4.494355066327955506e-03,-3.550502189199845112e-03,-4.111161227757557067e-03,-4.130169172932413556e-03,-4.852816632990406866e-03,-5.122165318131664813e-03,-4.169229528129906118e-03,-3.172119832409077151e-03,-3.643010963195042300e-03,-2.530897753737449893e-03,-2.822531940757577826e-03,-2.549581822889796217e-03,-3.531440566087508306e-03,-2.563910065275228339e-03,-3.116847237561672004e-03,-2.119360840538556546e-03,-2.707458709229765021e-03,-2.923753988337608658e-03,-2.365411312128802394e-03,-4.212252356222261095e-04,-3.223496767390923549e-03,-1.514530547474189724e-03,-8.851819206723190569e-04,-2.313099604965567109e-04,-2.246493150684964629e-04,-2.441566851889973543e-03,-2.182313014620669653e-03,-1.847509527439036457e-03,-1.688644962324700825e-03,-2.277025474694278039e-03,-5.637125136811421341e-03,1.642337974900298083e-04,-2.423154287312877762e-03,-2.185050897649532409e-03,5.464261246860540461e-04,-2.168549415086741105e-03,7.826442612556412355e-04,-5.282988298822961727e-05,-1.832517498725181248e-03,2.277264516128942734e-03,-4.790495335406341239e-03,4.496040927852193816e-04,-2.671983400302983640e-03,-2.311373603055615240e-03,-5.569183359014464110e-04,-3.905860038108440596e-03,-2.911190269331070165e-03,-6.547656622588386884e-03,2.864930875576000065e-03,-1.441403827072993728e-02
6.408858964660055745e-03,1.834100423623217374e-02,2.123192345801339434e-02,2.882551834130779589e-02,2.663118045920867191e-02,2.187330498993063366e-02,1.897417701332728204e-02,1.700984388929985963e-02,1.055822617173997682e-02,7.388357985543463589e-03,4.365696670776707256e-03,3.961010171261902850e-05,3.269349159601110465e-05,-2.137908029329159756e-03,-2.401258998671972674e-03,-3.169239005030240457e-03,-3.761391899073389736e-03,-4.098852829123780100e-03,-2.140092428185719209e-03,-2.754219971483437990e-03,-2.791924654604096504e-03,-2.938997505612399221e-03,-2.702475595470564106e-03,-3.775324060530286987e-03,-1.068603671706359805e-03,-1.190273724109981333e-03,-1.668059176153601636e-03,-1.139185114876639475e-03,-7.602843077604796041e-04,-2.051860471637202460e-04,-1.147409713574026966e-03,-1.579923576507608800e-03,-3.378761120923346839e-04,9.542479094257039869e-04,2.410598436389486086e-03,2.715289070339333604e-04,-6.098208333332877503e-04,-1.211132470498654540e-03,-1.823563762931468702e-03,-3.343475039632462942e-03,-1.181332690851514882e-03,-1.800182858690821354e-03,6.687074591257816027e-04,-2.607345446726137047e-03,-9.089786394506196897e-04,-7.315047783173257451e-04,-2.376914428482254822e-03,1.517073863636402920e-03,-2.741259525924512937e-03,2.272146919888172207e-03,-1.946850393700710457e-03,-3.464123264397528986e-03,-8.344471065241978710e-04,1.718818105616035227e-03,-5.028319987913536411e-03,-1.377231329690380710e-03,-2.747821281378664410e-03,-4.839364928909874880e-03,1.399381053626192785e-03,-1.673314885496187537e-02
-3.394956059811094634e-03,9.712414763500200234e-05,1.194834569931148630e-02,1.502525467204104265e-02,2.256048409135273311e-02,2.135665109064107184e-02,1.578377202491410697e-02,1.355137607110047313e-02,1.174260514610667508e-02,5.559013799166771623e-03,2.173329725900618146e-03,-2.669934708910277053e-04,-5.206599002537343722e-03,-5.329475819032795762e-03,-6.345479502029319381e-03,-5.462919129374256208e-03,-5.607556464355482537e-03,-6.697309708534274035e-03,-5.146930800928391399e-03,-2.337169871246751011e-03,-2.524749839482459419e-03,-1.111888731754185136e-03,-3.285891325071460620e-03,-2.311433657042555670e-03,-3.213318968978374265e-03,-1.778031104958923726e-03,-4.606597800278456820e-03,-3.372833610648949369e-03,-2.240532917123532006e-03,-3.972974300304245657e-03,-3.852644726407548383e-03,-2.849227481001443286e-03,-4.463704396102476969e-03,-1.212150443667931143e-04,9.351256194337236906e-04,7.801470852018732496e-04,-2.214334606088286424e-03,-2.593718052666735621e-03,-2.027721139913082112e-03,-5.165219118274628346e-03,-2.201527291927930178e-03,-2.147732284570583530e-03,-6.501152647975042822e-04,-2.766531214039161420e-03,-8.430364238410675186e-04,-2.640787438481375683e-03,-6.354836105280394203e-04,-1.372969772648930222e-03,-1.221987199854652692e-03,2.185466711923546648e-03,-5.027279069767544122e-03,-1.703300168542936537e-04,-1.599018821351407254e-03,-2.979309446254004099e-03,-1.546608968141850477e-04,-1.691069865456304184e-03,-4.371940512452991007e-03,-5.446177764140287467e-03,-4.102880586592161719e-03,-1.369409603778549110e-03
-2.424214864864831284e-03,-2.859278653955898367e-03,-8.448754123979941490e-04,4.000829522383702284e-03,6.897305309197016357e-03,9.698765121455527743e-03,9.389314595005191985e-03,7.418791995325650993e-03,6.714881622609110770e-03,6.211758906565036098e-03,3.692565437041287358e-03,2.962243126472966902e-03,1.656758825497683160e-03,-4.431744084136182552e-04,-5.230540793999203511e-04,-6.721918121172886082e-04,2.803719968999333336e-04,-1.268431747215353813e-03,-1.112294932598285706e-03,-8.899420675246571015e-04,-6.068495566551381252e-04,-3.816017433942344838e-04,-7.498195275270685620e-04,-1.515053525100157512e-03,-2.676017754899192571e-04,-1.700542329109855236e-03,-3.944647384347249033e-04,-1.464363955657956625e-03,-1.039170892071990157e-04,-7.676358442000427891e-04,-1.736484304680443146e-03,-6.938540983138830097e-04,-6.920594862550502992e-04,-1.657997769580520217e-03,-7.451304642493789194e-05,-4.534503763347628221e-04,-3.449120261200692766e-04,-1.076995251931168931e-03,-1.831790633608888471e-03,-1.706288885978056794e-03,-3.857284701791987257e-03,-2.915030286714180487e-03,-2.974233380023624286e-03,1.747981586401406722e-04,-1.522660178426634694e-03,-3.893006701752977413e-03,-1.983127950611197725e-03,-1.529606094855367028e-03,5.796909334524145410e-04,-2.370466323689055053e-03,-2.429786531130837847e-03,1.570952330396016127e-03,-3.320738382099831104e-03,1.724213856993680061e-03,-5.197726956763487616e-03,-3.330526147193076190e-03,-1.135325221045264087e-03,-6.650266447050371711e-04,-5.732954698362924088e-03,-9.054226616365273345e-03
-1.246463577975353079e-02,-6.618561853913413305e-03,-3.562097803289449461e-03,-6.543458054352179268e-03,-5.576407466292254179e-03,-4.889162862732354155e-03,-7.287967554271357340e-03,-8.999455197682757271e-03,-1.349208743979243494e-02,-1.397664363987355038e-02,-1.706808282471046490e-02,-1.807444476828913918e-02,-1.854276730819299016e-02,-1.953849004247697543e-02,-2.468386835716209968e-02,-2.080280499212849160e-02,-2.247640319071799245e-02,-1.726259680275687644e-02,-1.610085044822840220e-02,-1.306863259013288543e-02,-1.441231463603013900e-02,-1.158431594634869860e-02,-1.226023500138235210e-02,-1.097651704457813619e-02,-1.058288840094987783e-02,-9.975536389288233718e-03,-8.372082583810365811e-03,-9.139772331666354971e-03,-6.725405225310308877e-03,-6.691370260747062267e-03,-7.080677471079948118e-03,-6.493636984741590901e-03,-7.055575526033999040e-03,-5.532654424993631997e-03,-6.191001220291858335e-03,-5.115876891334150689e-03,-3.326346263142928444e-03,-3.988871282750458200e-03,-5.424030464914891131e-03,-7.264331846108885819e-03,-6.975063265715959748e-03,-6.715698924731230805e-03,-3.426498209859593289e-03,-2.235544336331954374e-03,-8.864515186915906259e-03,-6.602751028493045182e-03,-2.644789156626436034e-03,-2.973318273092484358e-03,-3.082524888058011357e-03,-9.328810408921990116e-04,-2.163156805754070516e-03,-2.875418994413395622e-03,-4.018249622039353833e-03,-2.598886387147838865e-03,-2.588510223953258312e-03,-1.482400237794457773e-03,-5.233192390834456170e-03,-3.273705251163194861e-03,-7.390849610417381255e-03,-7.572864797507817929e-03
-6.997399581448689176e-03,3.519339924929211472e-04,1.663909654843303589e-03,-2.669512059945010080e-03,-1.476802053847739134e-03,-9.313864746296006804e-04,-2.381509379922749046e-03,-6.937188970023766554e-03,-9.344440459805789662e-03,-1.662452065383391783e-02,-1.485329448419110340e-02,-1.572569710794925052e-02,-1.831183006535944124e-02,-1.616214179454259978e-02,-1.796641474133052821e-02,-1.897390159421957767e-02,-1.992192471739879719e-02,-1.970869252633341076e-02,-1.774358432559047100e-02,-1.577518544436679396e-02,-1.346075729839091642e-02,-1.213065870023009515e-02,-1.378545252637434701e-02,-1.030495595498752762e-02,-9.138680271754668835e-03,-1.112446395276574067e-02,-7.783889457523066741e-03,-7.788039069613379370e-03,-7.242929346609947722e-03,-6.805264829912812188e-03,-5.964441498460427461e-03,-9.670387299372050494e-03,-6.165488723975594970e-03,-5.033427943116825995e-03,-4.428065813845924806e-03,-5.126176167025488575e-03,-5.906453754498690832e-03,-4.383631049041895357e-03,-5.119306930693160243e-03,-5.880549397945352558e-03,-8.279935621514494803e-03,-5.029199726402240264e-03,-5.698638357606537926e-03,-2.772132386704827516e-03,-7.096881862930632529e-03,-5.346876648330911933e-03,-4.026756831138142943e-03,-1.825444983818770225e-03,-4.223369088461441552e-03,-2.368099207248004160e-03,-1.341760108732537949e-03,-1.725450970245777284e-03,-3.656157938952637586e-03,-3.142029260202670784e-03,-3.926902936590453974e-03,-4.601100067259555025e-03,1.637826295585321189e-03,-8.512468193384274337e-03,-2.387462484368613712e-03,-1.050087286527510294e-02
-4.452281882165474124e-03,4.711575310193187940e-03,5.048072640992808981e-03,3.271545495802120115e-03,4.145485176096134171e-03,3.368299121519478887e-03,1.367338576158888454e-03,1.648906384196951276e-03,-1.899920258960962303e-03,-6.241182111121915121e-03,-7.297936797672708795e-03,-7.638132784913264327e-03,-7.055514262873549027e-03,-9.365420953600970058e-03,-9.042012353304491878e-03,-8.772975693376030767e-03,-1.228999069875590620e-02,-1.238042851743352026e-02,-1.006629523095892327e-02,-9.673459877076519622e-03,-8.949027032302129744e-03,-8.553266950699951396e-03,-7.934870589399628180e-03,-6.776440876656476472e-03,-6.991189692418606910e-03,-5.969679216036689710e-03,-6.706778001727706565e-03,-5.576206849650314733e-03,-4.696060614501749997e-03,-3.621527699424477789e-03,-5.855116788528873760e-03,-5.462757745341163297e-03,-5.189378697354227014e-03,-4.825553216374317556e-03,-2.812666508440417497e-03,-5.293012600229033728e-03,-5.749096605900648645e-03,-2.856824384192779148e-03,-4.865625756741868112e-03,-1.843032958658784174e-03,-6.102773519687436019e-03,-5.472011245840261925e-03,-3.768814387986668506e-03,-2.667044964803806650e-03,-9.286324365704210285e-03,-3.530512179887613459e-03,-4.370706354462901115e-03,-8.370980837934225999e-04,-1.563184121268060712e-03,-2.890146506895795425e-03,6.157175882242949027e-04,-4.023825622775758885e-03,-3.907032440670522161e-03,-2.752757418134517235e-03,-3.021913164030450450e-03,-3.019140098631711757e-03,-2.298207585151707498e-03,-6.031169550173041093e-03,-5.048901483924122732e-03,-4.180450885668248427e-03
-2.978636601079596470e-03,2.753229707917748126e-03,6.328207178433503839e-03,5.999981824378101958e-03,7.289328972594921567e-03,4.499332892562078919e-03,7.156867559686739362e-04,1.235311406867789681e-03,2.363242647058743599e-03,9.444921813299904205e-04,1.217033449844740628e-03,-1.852159574265070750e-03,-2.665044985394294467e-03,-3.602521846467402269e-03,-3.844944860339731194e-03,-4.312962732919330307e-03,-4.043004597294646250e-03,-5.498384829815771042e-03,-4.936866495384788570e-03,-3.515144814850845213e-03,-3.747569453064841793e-03,-4.740731168001654887e-03,-3.455308596620109470e-03,-5.160449808008870862e-03,-3.208093137757733575e-03,-2.795775960244311492e-03,-1.635135799207359597e-03,-3.727958225644902469e-03,-1.075326750006874461e-03,-2.807425386753523416e-03,-3.519264132137232392e-03,-3.133641716452264213e-03,-1.707751193387007120e-03,-3.957849148708276858e-03,-2.046653263954659185e-03,-3.127126630206139048e-03,-3.051969512013670473e-03,-3.668464912280649647e-03,-4.000689841498462039e-03,-4.293917606633247501e-03,-4.321446887870050539e-03,-4.897714351478938029e-03,-2.507669728356427385e-03,-1.979697315819472017e-03,-8.044287722933503651e-03,-5.400219433380834197e-03,-4.597960330843292760e-04,-4.289374244499898070e-03,-1.738668687634310024e-03,-1.042022256998877345e-03,-2.521639081435354118e-03,-4.078394701724886474e-03,-1.642335297268402361e-03,-3.984562092257896287e-03,6.838249310258877637e-04,-7.789692858107229341e-03,-2.119173281413859900e-03,-1.197278751416970283e-03,-1.378919073491557089e-02,7.368205128204603684e-04
1.239156485064480057e-03,6.686142516785851045e-03,1.035948092941683767e-02,8.057855732321424908e-03,9.354883217603074050e-03,8.358507850471484299e-03,6.520136178237860396e-03,6.113698863264427699e-03,7.241379941962083032e-03,5.597999145976868818e-03,4.448100159451988042e-03,3.282536342024168496e-03,3.603675558015984851e-04,3.619711444726896109e-04,-4.578347600723069676e-04,-1.016319006030718362e-03,-1.103579952267292295e-03,-1.279115110943664568e-03,-1.661912003196562137e-03,-1.709149677727331805e-03,-1.384744399210143060e-03,-9.486920587502552064e-04,-2.596297173886190184e-03,-2.734842253035561169e-03,-6.528291877281988242e-04,-1.911456480837219829e-03,-2.634136736554234300e-03,-2.966601936582217297e-03,-5.717387962791356396e-04,-2.297591419759914631e-03,-2.650476082585091677e-03,-2.428463725659171703e-03,-2.388849285693678097e-03,-1.815348550277673953e-03,-1.885407714990613125e-03,-2.522872875269419231e-03,-6.247159608725600917e-04,-4.139367012115970253e-03,-4.984599745870323118e-03,-3.966970052847935448e-03,-4.756126355851517801e-03,-2.210237068112551936e-03,-3.896816952209256318e-03,-2.744989803670710472e-03,-5.894875693143814856e-03,-5.526176470588276511e-03,-2.745510251450722274e-03,-1.897638865859743382e-03,-3.550539547314738361e-03,4.464711274059112892e-05,-3.736922030208238415e-03,-2.230747069831543264e-03,-4.113081359102302784e-03,-2.086260751471218956e-03,-2.167085402489037776e-03,-4.905591426657762016e-03,-3.229581273626060210e-03,-4.148201601812154596e-03,-4.022919916302166755e-03,-1.680196796817719782e-03
4.768992596059756783e-03,1.021629687095948133e-02,1.149011172824935048e-02,1.193789900831110015e-02,1.488335887388080384e-02,1.332305087766184025e-02,1.303822878392142670e-02,1.148478073984017349e-02,8.774769350716846161e-03,8.305092045849239366e-03,7.095930387678462542e-03,6.868215376184208347e-03,4.911781720764021864e-03,3.000396256623262363e-03,2.543527533297072155e-03,2.465496497733840869e-03,1.378153573013789863e-03,3.604691265686714311e-04,1.098547925131410454e-04,-4.749729067521170681e-04,-1.126007799230838651e-04,1.410204514948223140e-03,-1.100119868144911308e-03,3.004467158342713647e-04,-1.221313843338090246e-03,4.585981730576021596e-04,-1.019826246827803791e-03,1.525769019679187541e-04,2.649574019185495870e-05,-1.246612843058917406e-03,-7.804516361420155146e-04,-1.158550728771517904e-03,-1.123247136411004415e-03,-2.619666188818320449e-03,-2.084443061605836865e-04,-3.912076852699050700e-03,-3.230602234094364072e-03,-2.009561976343072348e-03,-4.220783898305025504e-03,-4.968918978632105160e-03,-5.699837361813819489e-03,-1.798744518182135996e-03,-2.855565168175901603e-03,-6.050384276679142284e-04,-8.813717473649507195e-03,-4.755240024229507277e-03,-1.959598399874529651e-03,-3.670819855437166927e-03,7.040126706904546250e-04,-4.958643052480663470e-03,-8.434610309841447141e-04,-1.921677804635322888e-03,-1.055335747542660929e-03,-6.273494718309906466e-03,1.923404663429798813e-03,-3.806302586882743481e-03,-4.021842880758932232e-03,-1.740547322198596637e-03,-5.878831478537347062e-03,-2.395408619398997976e-02
8.098310008086001544e-03,1.208603466065821981e-02,1.521353657758783319e-02,1.530902913854041182e-02,1.867032642785504751e-02,1.909303212765035493e-02,2.119918100061117180e-02,1.809698840018285348e-02,1.685444451567417665e-02,1.269399764479183824e-02,1.146958298784552487e-02,8.036814230359928812e-03,7.409096638655446668e-03,5.070163199009960348e-03,3.040181520663756774e-03,2.148912886969115126e-03,1.444698509219325246e-03,1.842620953917515183e-03,1.627423871048102157e-03,1.364373583899693241e-03,1.645506105322838263e-03,3.446325220390305372e-04,2.584736354097982511e-03,8.883267879030649948e-04,-4.960903562120040416e-04,-3.132567201966848791e-04,-1.759578161267636321e-03,6.624139902296293479e-04,-2.988329964032236706e-04,-7.355620300752524444e-04,-3.140120562626412624e-04,-9.393048426690717460e-04,-1.331486976021975695e-03,-7.562173038228873134e-04,-2.244958438100888489e-03,-1.015197713054069150e-03,-1.487219205134588263e-03,-2.572081230769309845e-03,-3.200060065696832753e-03,-3.091553946506016715e-03,-2.329354973485527492e-03,-1.494270018693067727e-03,-2.000137745408400291e-03,-1.107153477614459961e-03,-4.841607341261740596e-03,-2.346404841508226667e-03,-2.571578127434134137e-03,-5.526047432427414917e-04,-1.024128410121334643e-04,-2.720098522167566785e-03,-4.584463281958401498e-03,1.911032910671058970e-03,-2.089774862084423351e-03,-4.144187698022478057e-03,-3.190705394190927573e-03,-4.591545078050450587e-04,-4.674226688215897541e-03,-4.950783212419167592e-03,-2.464608228064207353e-03,-2.525008726003604917e-03
6.109321394153611681e-03,1.143187933796050056e-02,1.371736443464155984e-02,1.666026698774996512e-02,1.830197457397888736e-02,2.098246543537832243e-02,2.126070013488447902e-02,1.977006857534712239e-02,1.884815771467678036e-02,1.583111251500402689e-02,1.153847506461591274e-02,9.393548115308205521e-03,9.128223939762227651e-03,5.788115728726950238e-03,3.623885663587128256e-03,2.256484816216274263e-03,2.022671656298598991e-03,1.740790557233141880e-03,1.498491144551625459e-03,1.434063240121412949e-03,1.313554453904773340e-03,1.758188036607164287e-03,1.232959907922498302e-03,6.098599364459078272e-04,1.988332120542127973e-04,-2.775633202997733430e-04,8.877541318199421534e-04,9.546854422051106483e-05,-4.352824475296101559e-05,6.182427087178869697e-04,-1.747037667991632390e-03,-5.194590584109940335e-04,-1.055777559331592692e-03,-1.544135671836510551e-03,-2.515751134956754637e-03,-2.404143472795751846e-03,-1.602599999999890310e-03,-2.261662707838397058e-03,-2.387127011404513357e-03,-3.044212786259473894e-03,-2.317320885112912968e-03,-4.743948084297512115e-03,-2.715629964180065435e-03,2.318733850129684002e-04,-5.541382379115921894e-03,-2.802709751046136757e-03,-2.030354082387256578e-03,-1.420657171514659329e-03,-3.339445162366161228e-03,-2.357551578317932436e-03,-1.232236623616203217e-03,-2.699753950979459291e-03,-2.404765870443340784e-03,1.094359671599617109e-03,-4.394001388567572892e-03,-2.877889406648024943e-03,-5.111008517887533423e-03,-2.416390192220325625e-03,-7.048441801189510476e-03,-9.208675565653700462e-03
2.558355494302084077e-04,4.229070442846593302e-03,6.497483441000916418e-03,7.577349522194255435e-03,9.411647691860251796e-03,1.145550712990439819e-02,1.218474612042212170e-02,1.190732285106559617e-02,1.139787455189533380e-02,9.705718101456234370e-03,9.004056414542363843e-03,6.386260169455851635e-03,5.400259125327266929e-03,4.332712796584828330e-03,2.074526601415399617e-04,1.043919695917331497e-03,-1.186404678450808886e-04,1.004485072449600195e-03,-1.236834351490206051e-04,-3.580878458957645013e-04,-1.191613938560272040e-03,-3.517515320335073926e-04,-1.066822827938631538e-03,-1.074646836570081936e-03,-3.339705412250816487e-03,-1.532212282337478727e-03,-2.954755080053146719e-03,-2.110009270162653029e-03,-1.203224245511223030e-03,-1.123242931029904421e-03,-1.893481123559602030e-03,-4.038238473507463691e-03,-4.049599313108109833e-03,-3.199642482195029503e-03,-3.132435442741110521e-03,-3.702953216374138372e-03,-4.225120640990561588e-03,-4.079918789221145987e-03,-5.462087786259599113e-03,-7.710788004466347101e-03,-7.872829058716307449e-03,-7.227048903878680909e-03,-5.023115006871551810e-03,-3.720522980029430417e-03,-6.434769601529105945e-03,-5.923703024747856323e-03,-2.636512123982461160e-03,-1.816774468466850114e-03,-3.341503335681487389e-03,-2.213324268324307238e-03,-2.184999333895728309e-03,-2.769109368233656308e-03,-5.019935268635189289e-03,-1.120364038087151484e-03,-2.805129920389221390e-03,-4.642514059699672652e-03,-7.003060952887834147e-04,-8.715662073539149485e-03,-8.003467543138603540e-04,-1.551648496240603040e-02
3.266567968971749360e-03,7.499198710524348881e-03,7.502602118002982094e-03,1.144151413938979990e-02,1.313433454634661129e-02,1.515893084724934982e-02,1.599010761421313168e-02,1.622410235498012929e-02,1.456666090570534443e-02,1.262704152684562472e-02,9.228109989484844719e-03,8.855259775262171174e-03,7.681723834652546407e-03,5.926639226914797755e-03,3.308305262740754600e-03,2.413446240201281255e-03,1.431466059506836686e-03,3.518223612674754690e-04,1.737010485769330996e-03,1.189511830830886595e-03,-1.537840139502731369e-03,-1.319428428072726015e-03,-7.451998301219398208e-04,-1.221420868863007771e-03,-1.112510629046422304e-03,-2.924186454932242545e-03,-7.825220186271966954e-04,-1.335343617101689747e-03,-1.139866361302769833e-03,-1.128216363030855622e-03,-2.112083862098088505e-03,-3.703839871468797302e-03,-2.353211335095787941e-03,-3.495867452297720269e-03,-3.808798049340268374e-03,-4.078830621213833281e-03,-4.841213734684532422e-03,-3.867771757534806034e-03,-6.110276333103572925e-03,-5.931222247431341792e-03,-6.365799843678816156e-03,-5.565621449217656759e-03,-4.860879769284391638e-03,-3.071246230811353669e-03,-8.067830900442787834e-03,-5.649451791808974069e-03,-3.929016959799060994e-03,-1.162027463651010752e-03,-3.312600963319693725e-03,-4.590212966533241336e-04,-3.939579711443667344e-03,-1.620391459074651229e-03,-4.312655982259848420e-03,-4.250966562173811312e-04,-4.973416973346716195e-03,-3.221258741258652396e-03,-3.791663370253169074e-03,-8.746840148699156587e-04,-8.212027502398411283e-03,-1.252812896214440530e-02
1.976755525092224221e-03,6.255947248526945968e-03,6.756813731136866730e-03,1.021012373453317884e-02,1.336336633663360446e-02,1.503107462686557698e-02,1.671062838001460132e-02,1.652659734026594440e-02,1.443327600080472096e-02,1.434323724065117781e-02,1.297883893966715087e-02,1.259264687538983254e-02,1.058893264887056200e-02,7.979144502900882910e-03,5.628917570670593888e-03,4.859285262991683632e-03,3.968388940376901125e-03,1.737854057389799558e-03,3.115806969279913863e-04,1.784064129504279181e-03,-9.101219392076611431e-04,7.617210851202124537e-04,-1.433510247750163953e-03,-3.473760423204404896e-04,-3.173536556323348088e-04,-1.064317244724784011e-03,-2.777773906984891145e-03,-3.882048544923022860e-04,-8.113844170943027359e-04,-2.163679732603962253e-03,-1.806454484467011736e-03,-3.691002535023319570e-03,-3.981484987828012509e-03,-3.141707615341824463e-03,-5.097798668560704800e-03,-3.632278113382850053e-03,-4.436008676789526296e-03,-5.530299588679544152e-03,-5.660247180451148143e-03,-6.600696352136867923e-03,-7.588275633812154898e-03,-5.612563445867347484e-03,-6.098210755172126830e-03,-6.160344055374544249e-03,-1.041071269408984368e-02,-4.615754816407436137e-03,-1.342333654773375734e-03,-3.934062803496281985e-03,-2.057097043284902924e-03,-2.627942363112330867e-03,-5.474827035656974154e-04,-3.576573905747465303e-03,-5.280253568836098393e-03,-5.045239484432244292e-03,-2.328791233119345203e-03,-5.702864775020717071e-03,-1.028896140571053126e-03,-2.379942086305495644e-03,-8.283555003107552148e-03,-1.098256076083127357e-02
3.362952645202125449e-03,5.565450519439837061e-03,8.141599962595854820e-03,1.107923545074180824e-02,1.267773425154604394e-02,1.585188982432629914e-02,1.982319431523525688e-02,1.811330436335485683e-02,1.821393312101917197e-02,1.539903647898500059e-02,1.450454241362049250e-02,1.519934353859672856e-02,1.092038490830119120e-02,9.629835491489522475e-03,7.434613270514419531e-03,5.989286530354967324e-03,5.173763500088556996e-03,3.963933201070933554e-03,2.577847315888867879e-03,1.615558867362093618e-03,4.998129530044235092e-04,1.035729778759277974e-03,-4.881519327456577658e-04,-2.688560730362748248e-04,1.224981459415764661e-05,1.486992916934961250e-03,-5.905168637757368319e-04,-2.987744143064616654e-04,-3.430845225027507662e-04,-7.595111980092917291e-04,-2.948876301285933282e-03,-1.747311570849354422e-03,-3.167609046849671327e-03,-3.594037799748775464e-03,-2.165127830943267516e-03,-3.983930976193884518e-03,-4.427153370621036109e-03,-3.877856553998400811e-03,-6.393167213114781845e-03,-6.249218001915112126e-03,-7.626773435971114998e-03,-6.235200648560969457e-03,-6.117434154630392411e-03,-5.016675584587050596e-03,-9.274550477322836967e-03,-7.922717735766521621e-03,-4.007509871132848393e-03,-1.943785982195228102e-03,-1.602643293847810617e-03,-6.319310014374265308e-04,-1.930754294249482439e-03,-2.674352159468398188e-03,-3.780133456724105341e-03,-5.284229418054117028e-03,-2.835551758906533493e-03,-3.434272946433824473e-03,-9.464857685009259300e-04,-4.721794699313864273e-03,-5.443713608924994826e-03,-9.015324365741548066e-03
3.740339565341166319e-03,5.950466910196770126e-03,8.826142854525787299e-03,1.023595928507860936e-02,1.582921424152091208e-02,1.755714943764144498e-02,1.881828390446123669e-02,1.873807014472456123e-02,1.831253433744344308e-02,1.736184859325151653e-02,1.617965942821431025e-02,1.633769463027657035e-02,1.361570150820733301e-02,1.109323796132134950e-02,9.246280150296971867e-03,7.264954083205030222e-03,6.426762209108577602e-03,4.804129322010656719e-03,3.490234350968896351e-03,1.653130406303583277e-03,1.287737444057685324e-03,3.180526715328428795e-03,1.092731291443049813e-03,1.173424007172478491e-03,1.514822815993972348e-03,8.048026671466683370e-05,-4.703890789882675719e-04,-1.521179548622156709e-03,-9.499999999999944687e-04,-1.725952906737926711e-03,-3.374614144206366639e-03,-2.302077581553092604e-03,-2.534286762778598275e-03,-3.741474955131341047e-03,-3.083565771682477818e-03,-4.168696479273199633e-03,-4.148876003313421712e-03,-5.238835618484311354e-03,-4.660425888041686351e-03,-7.246944718500342511e-03,-8.137999086638866147e-03,-7.682900819289948703e-03,-5.093248196596828099e-03,-5.671158256880743168e-03,-1.199572370306674178e-02,-4.899031736913936862e-03,-5.830972435777356279e-03,-4.901204333810953856e-03,-7.300046609182578652e-04,-1.954852462252096822e-03,-5.373412560290338584e-03,-1.626143079315806560e-03,-3.432704850908021091e-03,-5.380229761539195681e-03,-1.885882542236549464e-03,-4.491158930582750917e-03,-2.593000626174060772e-03,-7.516448979591821948e-03,-3.284753871882570547e-03,-8.312282008368258174e-03
3.548183481595455682e-03,5.998250056693544066e-03,7.954806264394225293e-03,1.089731102197859063e-02,1.279781239690624961e-02,1.753795125371318542e-02,1.975596608572770252e-02,1.868039508006322236e-02,2.037292002290512841e-02,1.817678612539339045e-02,1.426702742942215739e-02,1.701819607541659243e-02,1.525650793032985557e-02,1.166637022977027975e-02,1.049284389958196791e-02,1.086142316851101443e-02,8.595433123877940437e-03,6.663374100298425501e-03,4.943690855434138172e-03,3.907966855915259372e-03,2.945385177774330863e-03,4.395396825396822270e-03,2.200578113442557774e-03,1.798119458979266635e-03,2.688071773552545580e-03,2.456947978096078646e-03,3.001413954328015460e-04,1.218357321051632752e-03,-4.727050769269183078e-04,8.267196819085629927e-04,-1.846745693551261457e-03,-2.056357965822106296e-03,-1.537332159594063637e-03,-3.055371922680229831e-03,-4.021786244433576095e-03,-2.559786682282107640e-03,-3.433535411578883534e-03,-5.461320486815430392e-03,-4.726582797134858127e-03,-7.743081246644937729e-03,-7.789884087145695565e-03,-5.266730097474968918e-03,-5.939431253826817428e-03,-6.986542062678835312e-03,-8.153909588746902776e-03,-8.781063884690527843e-03,-3.285950547223306321e-03,-2.659153353399681518e-03,-4.103272794491468096e-03,-1.391883946214256262e-03,-1.577063864517448807e-03,-4.562280928501172804e-03,-3.596127389914972449e-03,-2.516245201050776141e-03,-3.794593051440818803e-03,-7.414982886480234354e-03,-3.343609669662127824e-03,-2.811812873347111549e-03,-5.581014609793717718e-03,-1.344538670284934831e-02
5.127894476341311909e-03,5.166791358814738777e-03,9.066979047476039777e-03,1.524598371678838327e-02,1.880553149360496973e-02,2.030810540516232027e-02,2.430068614718605691e-02,2.358549564159745024e-02,2.306536748952030605e-02,2.044863701040958853e-02,1.889959006656227389e-02,1.913573756657419023e-02,1.617530332866282117e-02,1.370477870491424235e-02,1.416786362560181790e-02,1.023563554825924170e-02,9.123357161295527623e-03,6.800159081224743142e-03,6.784574139838173840e-03,5.197377655741861405e-03,3.572983114446595058e-03,2.940983934199316308e-03,1.285426214482074565e-03,1.265250336185278065e-03,1.247878650086073305e-03,6.185213840971587242e-04,-5.276741385502620868e-04,-8.050094140598148401e-04,2.088704783007153023e-04,-6.742847990538728027e-04,-2.136561463056252125e-03,-2.710525781514427478e-03,-3.843613307668361772e-03,-3.089958978914703492e-03,-3.192001494449134280e-03,-5.791803086866990913e-03,-5.704258761632726750e-03,-5.943694574095687022e-03,-6.799254566882738035e-03,-1.054973455718181269e-02,-7.629596031183614492e-03,-8.255119055514995377e-03,-6.453135383047369465e-03,-5.758684548834373806e-03,-1.393335171054069579e-02,-6.003190253941432381e-03,-3.412609830854819015e-03,-2.519723252820383740e-03,-1.609723831441949330e-03,-3.563404661826642585e-03,-9.671073187721310150e-04,-4.551827524102177065e-03,-2.768396851921583416e-03,-4.085566348557245243e-03,-6.569229951639463626e-04,-7.428315831526133978e-03,-4.376051622329043926e-03,-1.302684609142447120e-03,-5.004098005203777740e-03,-9.799611856033835569e-03
8.238184759385517100e-03,1.047336263391281802e-02,1.433591264904594126e-02,1.844480164511899667e-02,2.293783979934895315e-02,3.041688009837370185e-02,3.231128233735440503e-02,3.134792563806313576e-02,2.925382920752149507e-02,3.032099887827469781e-02,2.710410919907290869e-02,2.617252699148409772e-02,2.134603474584058705e-02,1.908437169853432341e-02,1.577474274668836871e-02,1.504777327935226047e-02,1.258657442256638608e-02,1.079083880867134915e-02,7.522468642871521678e-03,6.732984996813923088e-03,4.968428288477190480e-03,4.369194682151635381e-03,2.529221490174926590e-03,1.854096613374671106e-03,1.637688841201757547e-03,1.623353057589576676e-03,1.004306411017157107e-03,6.842928843710537924e-04,2.410120821861277518e-04,-1.067757423226801169e-03,-1.133093534087737525e-03,-1.437185596697332715e-03,-2.745478283689839830e-03,-3.087895427581644359e-03,-4.758536849615532284e-03,-4.418113615480199347e-03,-7.352325877329403403e-03,-5.236526291632082226e-03,-4.979071075456519349e-03,-1.034115595116376352e-02,-6.774542118748611355e-03,-8.139528637261290653e-03,-5.419637843336769928e-03,-2.861265020604600046e-03,-1.134550092896955374e-02,-6.109990261077990863e-03,-3.331835502735233656e-03,-2.983151132912796079e-03,-1.003600077957560220e-03,-9.622479636526954597e-04,-2.300907742509644086e-03,-2.638453608247345959e-03,-1.704042165682483154e-03,-3.043395854455265611e-03,-6.345632535540726704e-03,1.229646538202949909e-03,-7.922649473876370793e-03,-5.525316862179753541e-03,-1.489592060132792495e-03,3.227042624239145462e-03
5.867463414634254727e-03,8.829406238635865989e-03,1.204019067220690221e-02,2.251481952773609629e-02,3.216887033029919990e-02,3.594059784569395705e-02,3.846024954128434564e-02,4.171889009756835770e-02,3.552113815088529108e-02,3.710241685680702728e-02,4.066558408818269493e-02,3.619955987032213302e-02,3.095275782031133710e-02,2.759049448384551240e-02,2.442557841925396475e-02,1.543366252990430350e-02,1.496282367400246505e-02,8.084137605290146050e-03,8.991031076754999948e-03,4.501039446700709490e-03,5.023152454282892032e-03,9.440091036414791819e-04,1.476725325172218058e-03,2.664099446877208916e-03,7.741094736841064089e-04,-4.564918668154584994e-04,-2.323317743058972082e-03,1.646418232213528053e-04,-3.942783000808153617e-04,-4.730116351118651002e-03,-4.472200903210096085e-03,-6.123441309735360057e-03,-6.043071887001567367e-03,-1.207368786745044963e-02,-6.613238740534185638e-03,-9.221211453744616524e-03,-4.875620977680481492e-03,-1.242807887893671720e-02,-8.315908280478232981e-03,-1.335839324107439968e-02,-9.931755307708857103e-03,-1.310127790232966209e-02,-1.214701731879404799e-02,-1.247319540871502652e-02,-1.325792528304584050e-02,-9.617106733313784961e-03,-1.483156865001711115e-03,-6.493790141607908711e-04,-1.179555240793208649e-02,-4.042281662906886501e-03,-1.419794778487700783e-03,-5.908357703555552291e-04,-2.789235252846888110e-03,-6.708959092750032063e-03,-5.159763503476156102e-03,-5.876229539398639644e-03,-8.946567611287564725e-03,-2.565034057735910127e-03,-3.075486067242244430e-03,-1.975153556806974811e-02
3.887677855764539933e-03,7.803537241690925233e-03,1.168349794979491908e-02,1.420302404048918131e-02,1.945450261394586142e-02,2.218136725043780635e-02,2.094933136792451189e-02,2.225349213350980015e-02,1.920446860975492595e-02,1.918843134323402685e-02,1.756706722917799127e-02,1.497956409860533994e-02,1.220400090644444338e-02,1.177673356083244402e-02,9.988888257441165194e-03,8.343765279407690943e-03,4.901947430189441610e-03,4.733331929233269668e-03,2.611466902724556786e-03,2.646101456907200972e-03,2.160371502090808939e-03,3.097781033718498452e-04,5.196515910286218657e-04,2.104076389154720898e-04,-1.657760713114206884e-03,-1.716214137374048095e-03,-1.594824556230540905e-03,-2.938247837578082146e-03,-3.922266352240346039e-03,-3.689359276561086660e-03,-5.052893968871589002e-03,-6.874981476907932910e-03,-6.556347634484850639e-03,-1.002234459282542317e-02,-9.547934871098982118e-03,-1.077089743936406573e-02,-1.175998026532168797e-02,-9.362695023584199569e-03,-1.132997611817082931e-02,-1.422924809103161617e-02,-1.071975701224227306e-02,-1.151181406323731858e-02,-7.956968127490041121e-03,-7.840707325501095407e-03,-1.283970844118493583e-02,-9.524589874627753874e-03,-6.401009406520324387e-03,-1.863418224758915404e-03,-3.519427957673603499e-03,-2.922534799147216353e-03,-9.674082100436387369e-04,-4.599753118959798437e-03,-2.230635819619549657e-03,-3.555661943205530931e-03,-1.751896625113967066e-03,-1.597444520847727525e-03,-5.988656294200873052e-03,-2.996865528486417421e-03,-2.549825747542954543e-03,-1.621837502316398824e-02
3.226869295564076517e-03,6.041501456495134564e-03,7.627745162080475788e-03,1.400423291919327719e-02,1.699236946426549780e-02,1.900778828934755749e-02,1.941419110690634220e-02,1.999527879258753554e-02,1.759859953071265040e-02,1.616616027468252212e-02,1.249636465232470753e-02,1.291817215155795923e-02,1.281029407275503448e-02,1.072245405554798393e-02,8.884818039780317117e-03,6.402003570229207463e-03,6.353400700619891463e-03,4.625326696630895247e-03,4.740855190318077686e-03,4.256819519660940375e-03,1.028931018997585045e-03,6.853642437414003740e-04,1.217989193361573765e-03,5.920320187426060315e-04,-7.335925056745953290e-04,-6.255373180550884626e-04,-8.042377101388373467e-04,-1.674477452742603560e-03,-2.846126373072650068e-03,-2.183485119667021284e-03,-2.512227087422521168e-03,-2.980071871937245431e-03,-4.167750542353322422e-03,-5.990245551145807756e-03,-4.638839344782963968e-03,-7.245506097393035125e-03,-6.896906772689817902e-03,-7.062735694216525084e-03,-8.341901937973404332e-03,-8.250566405664164563e-03,-9.772059901080872718e-03,-7.306522839428057636e-03,-8.493723075933934386e-03,-5.238288211974293819e-03,-1.247777382392720354e-02,-6.871683942602164683e-03,-4.633050022634716686e-03,-1.720744070686709053e-03,-3.028636474016471389e-03,-1.394958976042091729e-03,-2.437943614541158988e-03,-2.567979030935788401e-03,-4.027458340963200635e-03,6.240222965440757634e-04,-3.537514645837136224e-03,-2.905811494842094281e-03,-6.186728505884674274e-03,-2.359180916798444237e-03,-2.609273327828287581e-03,-1.333573829804875904e-02
4.884936575777619472e-03,6.074196274162052891e-03,8.321755180803750568e-03,1.117016513390605911e-02,1.381464684305000121e-02,1.736979971015567212e-02,1.756173732735304832e-02,1.549255344418050059e-02,1.579349916892091449e-02,1.462509935140110864e-02,1.243428534811438606e-02,9.936195760212453848e-03,8.930207734954218046e-03,1.001249516375933395e-02,6.261498100297418698e-03,5.640197772220936941e-03,3.812414322250722715e-03,2.540920596736246685e-03,7.506129050247572869e-04,1.144252100840325789e-03,1.615990574374096770e-03,4.789429924093094033e-04,3.928394315091889195e-05,-3.637689569793550173e-04,2.220117046054791187e-04,-2.809779127340227868e-03,-1.066567152575374679e-03,-2.107623122598647689e-03,-2.161575622740421511e-03,-2.425304797646768602e-03,-4.444426958747743975e-03,-2.715523182548950851e-03,-4.358446643109581409e-03,-4.316852574594005551e-03,-5.802634306890921620e-03,-5.359398125836785029e-03,-6.017407665505375425e-03,-7.196133303660868542e-03,-6.438873581390085719e-03,-8.535706856201741993e-03,-9.209223497016858981e-03,-7.385940095175950147e-03,-8.071555555555628633e-03,-4.082783451165212379e-03,-1.661046520569004620e-02,-7.737473707274398690e-03,-3.217067144473753377e-03,-3.588980255516822405e-03,-1.212028472581317589e-03,-3.995832707237648163e-03,6.756197474555341231e-04,-3.821209115281408008e-03,-2.435689910646129247e-03,-2.969950353255571777e-03,-2.875409836065636205e-03,-1.018662380625426833e-03,-3.823471018418300466e-03,-2.986351552004505843e-03,-2.710688544701776465e-03,-1.559909043466407852e-02
4.782970061555616610e-03,3.498094337041831280e-03,7.870128556512760026e-03,7.153539533234625283e-03,7.748243077726267407e-03,1.430945580589260135e-02,1.352839172646689257e-02,1.369399796112066164e-02,1.199181296364664091e-02,9.635956370687558115e-03,8.925428967080041923e-03,7.298234778869614435e-03,6.247260696097926835e-03,5.228609275931519335e-03,3.722476922560507759e-03,2.287559697646449064e-03,2.128173985984542407e-03,3.937085975727564607e-04,-8.690973897390438709e-04,-5.506018035474468525e-04,8.714132762313739561e-04,-1.278937054397935114e-03,7.520376544422328240e-05,-1.260470266990235122e-03,-5.334389008558579120e-04,-1.485623341653774868e-03,-9.595713952946165843e-04,-1.663450081065756016e-03,-2.038826008898570342e-03,-2.783002779610866013e-03,-2.890288276876473109e-03,-3.508850669543724706e-03,-3.708510321251697918e-03,-3.573588805473809984e-03,-5.736232419486254723e-03,-4.555983756877243600e-03,-5.700860034184439436e-03,-6.771623189225902360e-03,-7.678140954965587475e-03,-7.559563356410226899e-03,-9.926207994340343829e-03,-7.329619810997137393e-03,-6.548059147965027554e-03,-4.652051003261846451e-03,-1.218539481656008214e-02,-8.806164167324360970e-03,-3.817092840577605145e-03,-4.115716606079265934e-03,-4.205359914050383653e-03,-1.767510041806699076e-03,-1.575634246279950662e-03,-1.904945588042553139e-03,-3.001726779000123656e-03,-3.262666386043686605e-03,-1.702686030842849021e-03,-5.137551859580312061e-03,-3.974903528478901382e-03,-4.206941957840011799e-03,-4.272028963530138251e-03,-6.784978154066132784e-03
-6.592856624845521481e-04,-1.134241248773288453e-03,1.769633106968639298e-03,3.096376311160378356e-03,3.920627288615216241e-03,5.195010499790024376e-03,4.978040404427955951e-03,5.672729166285988937e-03,4.940247229177126970e-03,6.399702175255814370e-03,3.692701465349172447e-03,4.709982279235286513e-03,2.061079141270355606e-03,2.719253895746254548e-03,2.307136490621248051e-03,3.972691383742211059e-04,-4.796777358879326979e-04,-1.683358925816855070e-03,-3.099783801054355279e-03,-2.435089590829333898e-03,-4.883153197074784763e-03,-4.159097871685306022e-03,-2.870646086870422015e-03,-3.472583157521122454e-03,-4.260379893727453925e-03,-2.892568039487309565e-03,-3.841975550412422748e-03,-4.264889149560031033e-03,-4.467719477860246369e-03,-4.510202588411241220e-03,-5.672216816392426642e-03,-5.909642776069462707e-03,-6.814455117234198556e-03,-7.600989189069208909e-03,-6.752459962487431487e-03,-9.531566314918292829e-03,-9.409312366737768163e-03,-9.670487663520478325e-03,-1.041923356191999488e-02,-1.146026969338602951e-02,-1.101334975369464529e-02,-9.614419066534315300e-03,-1.087940031897920504e-02,-7.905633520059535818e-03,-1.533957916171729483e-02,-9.651233842538232272e-03,-5.244935666495176806e-03,-5.014790740456835476e-03,-3.386432567551435954e-03,-3.263450761920345163e-03,-4.135865775220026914e-03,-2.367973389293288357e-03,-3.254217850505451877e-03,-7.322912258565406930e-03,2.683520782395584087e-04,-5.715996959052008913e-03,-2.301987440927086206e-03,-5.014629173989443127e-03,-3.691099298975446166e-03,-6.570314183087068785e-03
2.884044152068589921e-04,1.890276903712940181e-04,3.992406402162017656e-03,8.681565957061839964e-03,8.839838365552509306e-03,6.469823719275054862e-03,8.379524632155790562e-03,8.464313889734998569e-03,7.023427710077543261e-03,4.118917244148135454e-03,4.881250062370125729e-03,4.159877688128837091e-03,1.881333845045299585e-03,2.518949803634778876e-03,1.438736985501620877e-04,-1.200745457576310850e-03,-1.242997120097070118e-03,-2.532365606262211404e-03,-2.193509710104171381e-03,-5.141964687801610541e-03,-2.817906292563356584e-03,-1.953621906464612142e-03,-4.768593341467714138e-03,-4.088790322580691458e-03,-3.037153167443263583e-03,-2.538083878887119772e-03,-4.835508876088650924e-03,-4.709753753514224657e-03,-5.020256683226857752e-03,-4.365733627141491630e-03,-4.965836574331322466e-03,-5.022424964851103686e-03,-5.785858840700576489e-03,-6.062524179414577503e-03,-8.186554432715868745e-03,-7.806692686734699113e-03,-8.773643793855609094e-03,-1.040746386048654881e-02,-9.200579531096399893e-03,-9.186758175685458966e-03,-8.176067359642815932e-03,-9.369045226130785428e-03,-8.113705669407189972e-03,-7.091203462640033837e-03,-1.338540688184938765e-02,-7.727193653886339428e-03,-5.775625000000022061e-03,-3.537117903930098086e-03,-2.938509341199556629e-03,-3.910752174445561273e-03,-1.758606981934433301e-03,-2.045005448284803722e-03,-6.655726004541871917e-03,-2.092174488397335625e-03,-4.661680988457858610e-03,-2.342907746804288090e-03,-3.189028552493605121e-03,-3.341378413524009622e-03,-3.630856885823441089e-03,-1.356431384383379596e-02
5.317033857198239996e-03,5.660305326662723804e-03,6.661945019498373248e-03,9.713286519449255974e-03,9.928140390222063225e-03,1.444244429324723772e-02,1.460532925086761857e-02,1.210548978790261174e-02,1.162468261442831802e-02,8.738994125491023751e-03,6.385823435437952729e-03,5.428600400642314035e-03,5.837947585677238926e-03,4.403070894415583511e-03,2.908792164706340902e-03,-9.080029244517034319e-04,-1.534338285676084893e-03,-2.691999459057311736e-03,-1.486184370126563282e-03,-2.018132580104152387e-03,-1.571754096597119052e-03,-1.334148141399474005e-03,-2.189462345270724430e-03,-1.932763628587035173e-03,-3.394373135224934557e-03,-7.758039816233538218e-04,-3.136879345098440245e-03,-3.225647410161554783e-03,-3.160636086363310688e-03,-2.418425718422070620e-03,-3.200488765392605663e-03,-1.343985634477274337e-03,-4.634821527649361610e-03,-4.033841104191178938e-03,-3.320908495447708920e-03,-5.859614972774736599e-03,-4.912662321631315263e-03,-6.165703630697043879e-03,-8.130575910456901839e-03,-5.703240186862598357e-03,-6.924975409103130593e-03,-8.707549375130999372e-03,-4.760536741214079805e-03,-5.185122995655211398e-03,-1.233020114461657463e-02,-6.155577335375301933e-03,-5.305669582533280998e-03,-2.486658959537635209e-03,-1.440106211036777271e-03,-3.271972931603799690e-04,-1.818990348300404507e-03,-3.689867322080987635e-03,1.420657190409823625e-03,-3.190794300293689489e-03,-1.781644632991332398e-04,1.312437403646942108e-03,-6.362194209499046418e-03,7.212201125177698780e-05,-1.339824663514020946e-03,-4.553637536244810845e-03
4.992323617212440778e-03,6.246434274962022262e-03,7.447495491983134076e-03,1.173289422298420988e-02,1.452217963034719075e-02,1.578651317969909443e-02,1.573577326714016567e-02,1.602258868956634927e-02,1.739113806690881919e-02,1.446989073475299370e-02,1.414823157071219521e-02,1.170444322281396186e-02,8.624722851979575028e-03,7.307148376019490139e-03,5.377625345808292184e-03,3.726854903823334248e-03,3.115523670557644384e-03,1.890662603323105002e-03,2.360518691115294585e-03,1.324336981596271673e-04,5.631486390951299763e-04,-7.824917337550165580e-04,-1.084441520948729041e-03,-1.350581163844640333e-03,-5.806741923534589978e-04,-8.658893931483027618e-04,-7.345510953272974420e-04,8.612213740453384986e-05,-1.038558719567937542e-03,-2.876318275402688605e-03,-1.098025057764413131e-03,-3.088354002254763836e-03,-3.145623416830927582e-03,-3.808681248056366205e-03,-5.143213686111945682e-03,-2.712516845025823072e-03,-3.685455612045439311e-03,-3.828522576941380956e-03,-7.375029600194619658e-03,-6.784644386598389851e-03,-5.182722858133943095e-03,-7.131334687936050597e-03,-5.681339291160783511e-03,-3.807871747211976320e-03,-1.203520460891611618e-02,-4.801196928327684452e-03,-2.735346562131390092e-03,-2.114789330429936616e-03,-2.860453772817938330e-03,-5.849184204303755448e-04,-5.365791106514724955e-04,1.312851336158942287e-04,-3.283954441092994982e-03,-2.499836921070473002e-04,-1.333525172654789781e-04,-7.652507739937313910e-04,8.224008257546583768e-04,-5.745946317962875687e-03,-2.677659388646292868e-03,-8.538345934216283462e-03
4.279125630554874750e-03,7.305932563131717697e-03,1.268773350501947034e-02,1.575584513465502767e-02,1.658324410482396941e-02,1.867831411619841689e-02,1.939978592343571603e-02,1.798439560892224273e-02,1.569650513135483275e-02,1.621382157123834808e-02,1.299508866615258461e-02,1.130869370875487757e-02,8.690477489302923103e-03,5.904111761436152926e-03,5.471006931257146530e-03,2.286019899725221221e-03,3.326381342010488289e-03,2.554560025904580554e-03,1.700043407850133047e-03,1.283725602755473238e-03,8.312841980931373034e-05,-2.314152901726311551e-03,8.085770822089998009e-04,-1.767261055373150948e-03,-7.283162518302165218e-04,-1.259554016782960190e-03,-1.379698893524391361e-03,-8.242943237561189658e-04,-9.936227079663751890e-04,-2.933562736046932840e-03,-2.430890148053276023e-03,-3.405228590342920542e-03,-3.602450222249251217e-03,-4.351400617083525831e-03,-3.618708193979907652e-03,-5.510846958726265711e-03,-5.557397312175431717e-03,-6.290874868804628185e-03,-6.722986453981508875e-03,-8.340347957639888954e-03,-5.554131287297530729e-03,-8.292052874849078006e-03,-6.246581942687914890e-03,-5.488915662650552946e-03,-1.126098552197102656e-02,-8.778770125517521700e-03,-4.521845167584142774e-03,-4.474522415078312741e-03,-1.367823343848571793e-03,-3.065274900398370223e-03,-3.759532619279531192e-03,-8.003172777990121348e-04,-4.325008045771491609e-03,-6.662140761096236371e-04,-5.163558014266930035e-03,-1.703211426777516370e-03,-2.652320857932022845e-03,-3.624537031572721592e-03,-5.492323849065914275e-03,-7.979723918162397872e-03
-1.094638801811176256e-03,1.837470141150920541e-02,2.345064618793902059e-02,3.348728398763668734e-02,4.140751715562115964e-02,4.323163142536475684e-02,4.496819699141931664e-02,4.432231637246159678e-02,3.670130681705360831e-02,4.467849874990524606e-02,3.432046704054419334e-02,3.688710692603149738e-02,3.371870479108163982e-02,2.613421922770173267e-02,1.685655795993878936e-02,8.179989629978810795e-03,1.129882891744018146e-02,6.152050036930563695e-03,2.051745192229933578e-03,4.259238080969416328e-03,-2.992954144620794000e-03,3.988358144290543930e-03,3.015892547046040897e-03,3.390805217203862743e-03,5.285411983992098148e-03,2.882080282948880877e-03,4.488127218294015845e-06,2.458637206676879666e-03,1.776731769004658381e-04,1.651798464092994832e-03,-2.358233202057515195e-03,1.467041387593880260e-03,-1.132240127465587417e-03,-3.032599496633947480e-03,-3.097563451776561699e-03,-7.100319705278427575e-03,-6.835347400478567273e-03,-6.237443388345775309e-03,-7.933966953886907592e-03,-8.329788493207129080e-03,-1.254152087838025613e-02,-8.193856576242657119e-03,-6.707392750149747396e-03,-1.085798334437390079e-02,-1.755901961411704057e-02,-1.219530271398744023e-02,-7.765520935089410999e-03,-1.050696228374943010e-02,-4.898186947184452085e-03,5.624384329772359444e-04,-3.509004563716550465e-03,5.703090379008707734e-04,2.491762311227933846e-03,-2.764019412988189157e-03,-9.796623452012433089e-04,-1.194262742718522723e-03,2.334292120085323160e-04,1.300952110435683352e-03,5.674245616209125029e-03,-1.033792835023649402e-02
1.058955060310171926e-02,1.288747160459833771e-02,1.851625217371132351e-02,2.263700581127198186e-02,2.078964630370411584e-02,2.438440352533832040e-02,2.332278800377352371e-02,2.403257015599515045e-02,1.796117453974598391e-02,1.927410697230169667e-02,1.995965964403813298e-02,1.576568421434003039e-02,1.694334389967786653e-02,1.285316782405456285e-02,1.207937300778812173e-02,1.322282233841364819e-02,9.319921631559304961e-03,8.234699581947425850e-03,8.070902322532300804e-03,6.707083896505153936e-03,4.883080700822951467e-03,5.758313997669642359e-03,5.168792954584736955e-03,5.664850431498467086e-03,2.846951418675100140e-03,2.619683328159021479e-03,3.611536065636061082e-03,5.113415698243117466e-03,1.956754140024502629e-03,9.732528374788816791e-04,-4.808973317502281868e-04,2.276247861699808635e-03,6.956908277678145814e-04,3.569107074144302534e-04,2.096841455891760707e-04,-1.237969342343846852e-03,-1.957319695385921921e-03,-4.796756519833845892e-04,-2.932985428590995959e-03,-4.055302939555871684e-03,-4.309333889729224584e-03,-5.489449834493871118e-03,-6.899185878750341110e-03,-6.339376372955804126e-03,-1.236893042944385568e-02,-5.945421085261138640e-03,-5.168765555333804627e-03,-4.346373044524591209e-03,-3.386305795404585123e-03,-4.612303299492422071e-03,-3.251933244950449501e-03,-3.013260773525079303e-03,-3.353954048704953401e-03,-3.140360299116248290e-03,-3.505909178187450233e-03,-5.322313316190213292e-03,-5.216147762857685846e-03,-4.261171212732874948e-03,-6.240454545454614081e-03,-2.207535343143689904e-02
1.012718719357848414e-02,1.302311768176457087e-02,1.519655026574691717e-02,1.995774818622216354e-02,2.031914706946450627e-02,2.248343715460443884e-02,2.226089975141335234e-02,2.123820852225109107e-02,1.820282562248329294e-02,1.805675163320104998e-02,1.953808756024781254e-02,1.481810383664500068e-02,1.359616013451876715e-02,9.765667288041976132e-03,1.089542957500288373e-02,5.562036270870372376e-03,8.272436842188311476e-03,6.640674289609806678e-03,5.319345203731258923e-03,4.869260872270233728e-03,4.739246480905482013e-03,3.277134957034301323e-03,2.962168847373092533e-03,3.546279823472605914e-03,3.086373763903251313e-03,2.541108559124391139e-03,3.360693836615654025e-03,1.097169592422828511e-03,5.688905873361269549e-04,2.777193479228139334e-04,-1.160642631961815484e-03,-1.622352239180916474e-03,-1.497405827284807979e-04,-1.485724765740491530e-03,-1.650304124342272380e-03,-2.513129261569679342e-03,-3.529059587217022592e-03,-3.948135991379253182e-03,-2.016954963723292631e-03,-4.095609012835979730e-03,-3.032415957730457551e-03,-3.334193872425791384e-03,-4.967489573679397669e-03,-3.196352937662382595e-03,-1.046638175749441298e-02,-7.446861431870599110e-03,-3.933410618056072498e-03,-1.847567237578428331e-03,-2.808914660677886560e-03,-1.189151123238519053e-03,-2.110573598442852701e-03,-1.132080751549050792e-03,-5.034265516812539386e-03,4.723884911276679711e-05,-4.517100739415035732e-03,-1.181255497800809667e-03,-1.227072669826252682e-03,-2.400406173389831033e-03,-6.202244648318014711e-03,-2.132700852098824013e-02
1.312742959596187829e-02,1.215326554996955070e-02,1.489956112291694786e-02,1.806677111807451774e-02,1.955988351594392660e-02,2.158182695927541792e-02,2.074015426281008989e-02,2.233594045978987835e-02,2.026800804786587154e-02,1.884216207494658624e-02,1.576804531459692280e-02,1.378321596465723400e-02,1.228944018974165858e-02,1.160798209768432003e-02,9.347630502848758294e-03,8.375853162799920190e-03,7.385765248907038075e-03,6.699897377959822958e-03,5.776139328337481782e-03,4.802372106402679267e-03,4.280055204925080001e-03,3.949072329809841415e-03,3.822123920117657166e-03,3.993574805269018736e-03,2.619692032105869466e-03,1.705344635957860506e-03,5.842817600115490003e-04,2.381702779601710309e-03,2.260239875211556698e-03,6.594683106886650844e-04,-4.768373169789618250e-04,-8.861980519479591058e-04,-5.878344270569721116e-04,-1.084726666531107700e-03,-1.988809568150304817e-03,-2.184830534602242701e-03,-2.678923706860541175e-03,-2.645233896027614391e-03,-3.091494733176688818e-03,-3.754560221958616519e-03,-4.430453386957260500e-03,-4.893571428571419010e-03,-5.292635066258898936e-03,-5.346024720423715043e-03,-1.177087965510927210e-02,-7.298592859190389422e-03,-4.671850930005685271e-03,-3.944839903568601348e-03,-4.169260579218733026e-03,-2.499581809052363150e-03,-2.354199364544609738e-03,-2.371820208023813631e-03,-3.460268169292260616e-03,-4.146611361200480683e-03,-1.005465346534641135e-03,-2.718988571986658432e-03,-3.209642931718457125e-03,-1.270954425363311985e-03,-2.723403856297295766e-03,-1.805119315307496947e-02
1.021275889751139046e-02,1.064660145206160202e-02,1.644372364507971571e-02,1.579659381334273804e-02,1.859635798157930481e-02,1.945259473304003506e-02,2.157222573931130011e-02,2.004104111335385310e-02,1.895460343625189614e-02,1.624212619487010525e-02,1.481675971211582864e-02,1.272921409214086697e-02,1.214805005972815176e-02,9.005124872075708289e-03,8.830222713631393980e-03,7.802504291079624850e-03,6.309436418322584769e-03,5.516293911101746369e-03,5.927521785301559723e-03,4.632780065138503503e-03,5.071201061711913365e-03,4.532388038943059756e-03,1.264458627253369025e-03,2.199084904725812084e-03,3.227682807984477448e-03,2.682516483327263002e-03,9.377250331125035546e-04,2.105724612922287801e-03,7.599254399590343184e-04,1.369236571428648777e-03,-9.989954067853108657e-04,-3.794638670879786293e-05,-1.484126563169325518e-03,-1.674484860026674831e-03,-1.620622084935768436e-03,-3.515277290936284858e-03,-2.803091067393531470e-03,-3.319011002908826575e-03,-4.190803474714901826e-03,-6.158143043027593244e-03,-5.681190665184856006e-03,-5.029063381784488855e-03,-5.150344999625878009e-03,-4.372406469531076034e-03,-1.108650616912433551e-02,-5.489683810473214992e-03,-2.906341526603873140e-03,-4.615971965179187404e-03,-4.362732221490278617e-03,-1.293442976257755742e-03,-4.323528763500139940e-03,-2.794737917485336665e-03,-7.444922360871803228e-04,-3.077435038786008152e-03,-3.165475767797019599e-03,-1.495841494291370779e-03,-5.437745847345356112e-03,-1.402125656742600783e-03,-4.936585139677748812e-03,-1.464316249271256642e-02
9.087375572760268000e-03,1.078771417222045524e-02,1.317674216027870174e-02,1.728109644049663843e-02,1.728833196099677574e-02,1.971748891981582250e-02,2.152298964430432796e-02,2.172602279238561307e-02,1.867309658438879097e-02,1.746807949634310644e-02,1.799670395728904942e-02,1.520400007835604264e-02,1.350931924476013977e-02,1.265292878617403291e-02,1.048146075607239540e-02,9.627115571945418435e-03,8.485177857612795013e-03,6.970442516906868308e-03,7.217161416879686736e-03,5.727378387202055991e-03,4.526293517866506431e-03,5.987161427842254205e-03,4.082627588757373714e-03,4.447129349108672712e-03,2.771508223222942519e-03,3.113740373483685642e-03,3.275307631461340119e-03,2.283323912313917851e-03,9.749955874141449800e-04,9.397872223646088017e-04,-9.826037086599398365e-04,-3.445918185596321803e-04,-3.835096586722722459e-04,-1.593382693767096464e-03,-1.800673647915149948e-03,-3.735461505127831306e-03,-3.680818853857358713e-03,-3.450358122108899972e-03,-3.396229267357908990e-03,-7.622671163502309916e-03,-5.123929504791230674e-03,-5.126936715264716719e-03,-4.587090699184723404e-03,-3.882403629837443033e-03,-7.776927174365427797e-03,-6.731059537678705552e-03,-3.078724859848650311e-03,-3.394479894528640990e-03,-2.384135668923068312e-03,-3.769293147387789422e-03,-1.020040427375123408e-03,-2.345473612990456834e-03,-1.595537549885114176e-03,-2.341621811277120029e-03,-3.781427506359056213e-03,2.001011075876354430e-04,-4.022800000000083254e-03,-4.945404800000057118e-03,-2.194707408475141033e-03,-1.020118980292549285e-02
1.785468604983612984e-02,1.985337827367123983e-02,2.696433293217563240e-02,2.871677443168237781e-02,3.404247758675255781e-02,3.690978950885399207e-02,4.322051305702459545e-02,3.784821802415600650e-02,3.680847485016460613e-02,3.454331848507455338e-02,3.280486408235480655e-02,3.009126342650287125e-02,2.727934141783932773e-02,2.340535632356812584e-02,2.047156187859286089e-02,1.826675949544006097e-02,1.772696910107559448e-02,1.575355117364653224e-02,1.495461568197926916e-02,1.304238503693115440e-02,1.431141094881556788e-02,1.059964232624458977e-02,1.100878288789140964e-02,8.996403669724706287e-03,9.840019925989170954e-03,9.471805612370055513e-03,6.507351178051958354e-03,5.044308837145478758e-03,4.612369469416463877e-03,2.456269476718105603e-03,3.347062612068621955e-03,1.994627505791810897e-03,1.509140121707089896e-03,-1.315986093682544687e-03,-1.852167516147020790e-03,-2.553294951094552730e-04,-1.750850785340357825e-03,-2.811634509137351124e-03,-3.300844111928239073e-03,-5.043399056176995840e-03,-4.204934178980831473e-03,-5.395364134868089502e-03,-3.352338134526711231e-03,-2.564735520670925056e-03,-8.813660272277173968e-03,-3.882728426395971703e-03,-1.840747983682698664e-03,-3.287210456757880261e-03,-1.415374295680128444e-03,-1.618250755824293024e-03,-1.470606432959881008e-03,-3.836644205849663002e-03,-4.324489089019735314e-04,-6.837479786042719018e-04,-1.775889653999767649e-03,-2.007023642056434201e-03,-1.966603692571844853e-03,-2.634953799833942775e-03,-3.159148220790137119e-03,-6.502478276832758010e-03
2.214820362010596136e-02,2.329652309411732111e-02,3.274951968807572611e-02,3.647066288153505420e-02,3.784770484949833563e-02,4.177281665351703643e-02,4.552536396633571208e-02,4.401596321280095564e-02,4.205353609308213475e-02,3.968944536163518388e-02,3.402810534928113473e-02,3.208029444985396189e-02,3.075469003626314993e-02,2.745710298756727855e-02,2.346558381417914591e-02,2.274369702434631338e-02,2.058354871303068670e-02,1.972695587248320462e-02,1.910494087713865766e-02,1.693118534482753942e-02,1.530558425699795819e-02,1.356497825461047517e-02,1.364781821994543592e-02,1.147478877591560399e-02,1.143034927555975147e-02,1.146622486689640417e-02,9.774868085659109071e-03,8.655221206641994583e-03,8.046564791758983870e-03,6.896470939210997200e-03,8.478129535071215681e-03,5.196240143107464654e-03,4.274811620257089502e-03,4.063794702117956570e-03,3.337876335783535563e-03,1.562828709163558653e-03,1.599249930211032837e-03,1.799327387045603554e-04,-5.282939767282319229e-04,-2.086259362796463474e-03,-9.129645152883883973e-04,-2.613027567377206387e-03,-2.436692667706697509e-03,-2.858860502455538941e-03,-7.011970513043202721e-03,-3.046733668341683465e-03,-2.065507362630995391e-03,-3.972642202997719516e-03,-4.930224774405694713e-04,-2.119467140319732275e-03,-3.201510475291393775e-03,-2.622168852761905169e-03,-7.258723243038628630e-04,-2.736100514444017757e-03,-1.855181736642003924e-03,-3.730467141726079988e-03,-4.722460710746151542e-03,1.004338479868968148e-03,-4.358004895295154377e-03,-3.336545947858954742e-03
1.417815648847026849e-02,1.550713506810064840e-02,2.319691365546211470e-02,2.534159169260980990e-02,2.713836043415107299e-02,3.012970407480271631e-02,3.134085998940944195e-02,2.990013047349877884e-02,2.969248167539268943e-02,2.603770685898302087e-02,2.239237245780632476e-02,2.441580024342006675e-02,1.986994346613698767e-02,1.878746477281283828e-02,1.583952557612539405e-02,1.342380795122573474e-02,1.463170218703126017e-02,1.179403302565842394e-02,1.141009846082315614e-02,9.436444002457808691e-03,9.564069011030481779e-03,7.369225599701302587e-03,8.800073997202610687e-03,7.281630465528365730e-03,7.851492666091435327e-03,7.709102114530756202e-03,5.397762556365230321e-03,6.115444036667615386e-03,4.020867995761062165e-03,4.120681880108932084e-03,3.194723440075814772e-03,2.199507658643385342e-03,2.078479309840611765e-03,1.605915357916715223e-03,7.996376148613833397e-04,2.175837583366043750e-03,6.860966334165381590e-04,-2.333671487157479990e-04,-7.621098466521685844e-04,-4.221717844477198937e-03,-3.131221604379567664e-03,-1.564196491228134894e-03,-4.319326158165664661e-03,-2.431834932732193470e-03,-7.585072746074152106e-03,-3.428364745011183538e-03,-3.787738437001658947e-03,-1.792147656863544037e-03,-2.051359969018321742e-03,-2.699518668315690692e-03,-1.813327289211235250e-03,-2.948606256261819807e-03,-3.403624066987408301e-03,-1.596349058072544765e-03,-4.848739153460890502e-04,-4.051529042525100523e-03,-3.425629087582864486e-03,-9.069377707758201432e-04,-1.176443384487770071e-03,-6.893156625121983801e-03
2.656028553883938575e-02,2.958732882519172352e-02,4.064328079464762239e-02,4.921765893238998907e-02,5.451777736057868140e-02,5.115072585896502516e-02,5.987324533124781939e-02,5.485973216107428024e-02,5.026020123611215501e-02,4.852456959043141560e-02,3.296641131364386884e-02,2.369122582341224095e-02,1.908822455721242983e-02,1.313306502715758974e-02,2.827821281554883034e-03,4.712619051951538914e-03,3.496508215112960598e-03,3.221642801217904344e-03,3.284568599956138885e-03,3.381797780722162888e-03,4.409568159845324471e-03,6.937399456267010628e-03,7.836426230521805272e-03,8.434304489381433054e-03,1.029989125462955034e-02,7.035397492582418956e-03,5.785188127717026327e-03,6.997960596792488809e-03,6.214255829683146964e-03,6.465758195369701589e-03,3.906550768026935405e-03,4.404087765072618212e-03,7.621836290742735115e-04,3.467454101938306993e-04,-6.625499826649305620e-04,-6.735647722273507268e-04,-2.792357165157611197e-03,-4.268053865838838078e-03,-5.055004254761945141e-03,-8.752408171114703719e-03,-8.941518848225055160e-03,-8.678248696490363165e-03,-9.662623148582499127e-03,-7.758856093579967299e-03,-1.200466647669246739e-02,-1.019692829409748341e-02,-1.157536507936514185e-02,-9.062299094395065771e-03,-7.064952962191136006e-03,-8.221391563275386172e-03,-7.062179856115097243e-03,-8.963286874057077580e-03,-5.489428669305770718e-03,-7.180319352695163117e-03,-6.682276984924613236e-03,-8.100281630581849732e-03,-5.481266639030864078e-03,-8.491531967960021243e-03,-4.492285108802474350e-03,-1.048383862811913710e-02
1.417191274762451096e-02,1.764201870850927445e-02,2.449669156042483947e-02,2.781469224779883898e-02,2.954897598075352516e-02,2.967929507473279771e-02,3.121689286509762157e-02,2.710152826510717206e-02,2.490251574375673335e-02,2.304515876155209184e-02,2.121073875536938838e-02,1.918010215664017748e-02,2.022404720263632286e-02,1.677664867445097241e-02,1.610814399495020047e-02,1.720808108258005051e-02,1.524093289336825308e-02,1.327264643865479384e-02,1.083849260337195648e-02,1.224753052395984206e-02,1.153820213672405483e-02,1.020121996007983256e-02,8.502474063735724480e-03,8.852443039722650286e-03,6.063423442167269889e-03,6.682003171713060165e-03,5.521680238792098239e-03,5.348778119678511238e-03,3.781992372211268830e-03,4.022443054863437256e-03,3.238833185009394513e-03,3.309895976747754057e-03,1.758986007855201225e-03,1.812420322493454600e-03,-7.319945088355687577e-04,7.832493040519255319e-04,-7.632027654400255334e-04,-6.289775106792061359e-04,-2.236126046157691991e-03,-6.728200764691568032e-03,-4.796703484350635371e-03,-4.494065252201836884e-03,-3.663450477816428737e-03,-5.450528271954701437e-03,-9.014087631724905514e-03,-5.906396509632359272e-03,-4.236992312300322076e-03,-2.865571061329455320e-03,-1.450880816123534516e-03,-2.344983936473291845e-03,-7.126744891766310062e-04,-2.026041812333947197e-03,-2.978338723904795562e-03,-3.640320600539506853e-03,-2.144030084865068426e-03,-1.671060278977029665e-03,-5.081531436599858072e-03,-2.243857656362361307e-03,-3.194735680609805256e-03,-3.867080907557643790e-03
1.625624029619021638e-02,1.919753797530875106e-02,2.304012346892641769e-02,3.073938303685732829e-02,2.975798589174631983e-02,2.994322399638468454e-02,3.132128729990513866e-02,2.760342789043170042e-02,2.565785516530038821e-02,2.477760904114431617e-02,2.074499955958788652e-02,2.158136370744929977e-02,2.028917605684345607e-02,1.801348376594012063e-02,1.693366059817946745e-02,1.776864723808833577e-02,1.440218936852845182e-02,1.347419778663126906e-02,1.371799650738211689e-02,1.163247700327060645e-02,1.205728622877150734e-02,1.099652580179421441e-02,1.027630329878962551e-02,8.964234823420715037e-03,7.653768542374971354e-03,6.701823678997123265e-03,4.896139380369222104e-03,6.345329371547149197e-03,5.251856328426163928e-03,5.017189229294852226e-03,3.192635130792417352e-03,2.684946679632744301e-03,1.996493661192855467e-03,1.646991375827720717e-03,1.687863902333242364e-03,5.626022580048427421e-05,5.842247723345048854e-04,-2.481196721311391441e-03,-1.857428324297012582e-03,-6.608320595979669254e-03,-3.533746649392320669e-03,-4.531610024931198751e-03,-5.916278209063026948e-03,-4.067731504384963261e-03,-9.375693417159703530e-03,-5.101866791965254701e-03,-3.591457566386990850e-03,-1.574626979100703051e-03,-3.197681453226279818e-03,-1.985063757916996543e-03,-1.535837196365734620e-03,-9.078169135082230423e-04,-2.402407175785267919e-03,-1.269161329214056610e-03,-1.142792012510434425e-03,-3.308647056382972573e-03,-6.866474906624477114e-04,-4.186158486427208128e-03,-1.283835829118058162e-03,-4.330375836803650701e-03
1.649242811693386185e-02,1.972146192893404690e-02,2.658164688455835756e-02,2.943011357562810501e-02,3.011201720557701508e-02,3.432786956765972175e-02,3.315312279168029785e-02,2.900479272411985582e-02,2.749477105004216604e-02,2.619654824661923551e-02,2.388200034488698401e-02,2.215714962855708930e-02,2.019982833495110458e-02,1.779967689594354890e-02,1.801152444768311378e-02,1.976491230556642886e-02,1.746333692084173217e-02,1.475295809071957252e-02,1.410007600377404142e-02,1.463036685278927031e-02,1.499736110178035570e-02,1.294168068050092005e-02,1.243077781698052713e-02,1.106853235584374928e-02,8.670746574191456543e-03,1.120231298885638813e-02,8.587847922815897497e-03,6.797309445115735579e-03,6.477511346662107039e-03,5.239300038565345916e-03,4.835813214935463962e-03,5.119812143360864473e-03,4.122035106785874002e-03,2.485471068186099076e-03,1.728641851460714163e-03,2.410289147034363772e-03,3.405476243586359904e-04,-1.612530551590620224e-03,-5.273421588595060419e-04,-4.705877873992259444e-03,-3.223875829855309214e-03,-3.617789026484718659e-03,-5.139623970236572789e-03,-4.995308489465435584e-03,-9.893165335536637309e-03,-5.491830932969978679e-03,-1.084875529535014914e-03,-3.278268277494027737e-03,-1.563844570252203746e-03,-2.054032954206120275e-03,-5.511046161781190137e-04,-9.482714105794433704e-04,-3.132685957686483572e-03,-2.643797022805541991e-03,-6.748847106159010277e-04,-2.027546951748070408e-03,-5.365339839068547067e-04,-1.770310229552003040e-03,-1.728536898701014349e-03,-3.724965104686062990e-03
1.504931034482747711e-02,2.006535864896143856e-02,2.526273725893350350e-02,2.956459298959837265e-02,2.770113073024000824e-02,3.119917187836960745e-02,3.299283654281620626e-02,2.925850148577899962e-02,3.024867545258585685e-02,2.422067754163875417e-02,2.533812963122147530e-02,2.272635039449730568e-02,1.975740021976163385e-02,1.660361884332425819e-02,1.851861987736853551e-02,1.665927798275838173e-02,1.420448272849579412e-02,1.480848372833395640e-02,1.475416442239542089e-02,1.505815359702311965e-02,1.292453056524657008e-02,1.339356550580427484e-02,1.122584048484844867e-02,1.014115382169652330e-02,8.855457470621184990e-03,8.495975554274979441e-03,8.798575603614959550e-03,6.824650313381115142e-03,5.181463772111928080e-03,4.879969064191825093e-03,4.818499777942361964e-03,4.057906987484436248e-03,2.326291176187578712e-03,2.072592110252120205e-03,1.809766660412458856e-03,4.282743034711786602e-04,1.260731556558053674e-04,-1.538190116344326360e-03,-1.113951276193515935e-03,-6.801662438380450849e-03,-4.486214065431675356e-03,-4.544665558423389810e-03,-5.768730820317905308e-03,-4.316699578134726087e-03,-1.029770363284262732e-02,-7.354810259767595275e-03,-2.750951381768828100e-03,-2.066097861544045119e-03,-1.791315130197157447e-03,-1.928852347411658466e-03,-2.584120494592093056e-03,6.241729871645976648e-04,-2.544455171526024875e-03,-4.871169420148867800e-04,-1.964842604084425775e-03,-3.441539258256026777e-03,-7.966264854965261863e-05,-2.076726546906237404e-03,-3.184298286243622024e-03,-6.450840524766783199e-03
