2.434413160804803952e-04,2.588469224872593454e-04,1.532056899892406099e-04,6.521970080659150997e-05,-1.988554563779110408e-05,-3.122887100328145286e-04,-7.951133698201342213e-04,-4.240715379133048134e-04,4.082058685530183788e-04,-8.448778548713978005e-04,5.196437544741398188e-04,-1.169629007972867096e-03,1.388841716198925395e-04,-5.922164948453277015e-04,-2.245586364792375063e-04,-9.969993297088911976e-04,-4.482712677709791414e-04,-1.277442911222440329e-03,-1.624708531531717881e-04,-9.079662409913249457e-04,1.309471351107933674e-04,-9.013057613389267213e-04,-2.387905873264758473e-04,-2.203024231602496716e-04,-7.306294564140872433e-05,-4.360807157178487421e-04,-4.539874387486410312e-04,-1.422373688518570930e-03,-4.743585129967645619e-04,-1.677161255621442996e-03,6.096472633656054192e-04,-1.574646638518938102e-03,-1.176352436438962744e-03,-2.089951589889919078e-03,-8.468557452863466166e-04,-7.722550486162651053e-04,-6.284080574314608505e-04,-2.463192126398347850e-03,-2.975859382162323024e-04,-4.060509112518517847e-04,1.766240011314585854e-03,-7.197368807497966925e-03,-3.982842339007027312e-04,4.590379269260964554e-04,-1.033659333817658118e-03,-3.113249980341287106e-03,-1.882602626556109876e-03,-5.433299667164082601e-03,-9.782666942891567533e-04,-4.001495192801226251e-03,-2.144169217924314630e-04,-5.559870444667333947e-03,-1.961530994314190403e-03,-3.812740855729025626e-03,-4.787856699109607934e-03,-2.786670091177645067e-03,-5.664322613878899383e-03,-1.142289542952854182e-02,5.136771232600438088e-03,-5.039020858127637309e-02
-7.479132300593602407e-04,7.513667959698998571e-04,-1.814003601969747771e-04,2.861384152457470387e-04,8.005247661932482191e-04,5.753233830845892044e-04,-7.475199833633810499e-04,-3.964908068646407955e-04,-4.653621931931535669e-04,1.170574549136726777e-04,-1.042841883956381914e-03,1.374437120530787445e-03,-5.589706392037527500e-04,-3.582724951179689504e-04,-1.035590802485512581e-03,-1.116165162701671055e-03,-2.000233401907565087e-03,-6.842277796984933035e-04,-9.748200997879228735e-04,8.630223018081656768e-06,-1.414183730501456914e-03,7.469775778821737683e-04,-4.992318908434882152e-04,-9.920513886579782840e-04,4.989930479646939414e-04,2.073208650811998852e-04,-9.275951068281060655e-04,-1.081483024974150839e-03,-8.241703390592235601e-04,4.488010859553851449e-04,-1.345154763338427071e-03,9.444444070760535425e-04,-1.925589783104032912e-03,2.352858994432172881e-05,-2.897719614611777260e-03,-1.234188372427636035e-03,-1.722365038559222987e-04,-1.273666790701249822e-03,-2.063428712281503274e-03,2.928572091944047374e-04,1.486261140260555563e-03,1.554049695691762717e-03,-5.833438469035177702e-03,4.551074321944408312e-04,-1.818836818806391503e-03,-7.932169044126264311e-05,-4.380733572992418640e-03,6.912951355178904758e-05,-5.034418604651058962e-03,-2.455582522528960195e-03,-3.461729983513683016e-03,-3.069202187617528217e-04,-2.100232043220240808e-03,-2.413467861009974558e-03,-2.439736540664368819e-03,-1.517599329421572604e-03,-1.915023015762291067e-03,-9.558679967426616728e-03,-4.570868409392953198e-03,1.297876596535638138e-02
-4.504137710680713026e-04,-3.807573968908848630e-04,1.038831650928143243e-03,8.287671405683675490e-05,2.453899941296264296e-04,6.142347520191228242e-04,4.944000385208171611e-04,-6.109976677221409845e-04,-7.882758070062950793e-04,-4.421443836451732475e-04,3.338688053336942856e-04,-9.859827941355002456e-04,1.649594934927841846e-03,-1.582574267262875679e-03,-3.341681304902049753e-05,-5.006827270302967661e-04,-5.519897585955068492e-04,-5.083924349882679335e-04,-5.082440835624345678e-04,-1.380143034749352175e-03,2.649508969841868128e-04,-1.681560271018666406e-03,9.532759924135347698e-04,-5.680041359491784471e-04,-1.054094055062773996e-03,3.273609789656061267e-04,4.025224111282854882e-04,-9.365314021533970587e-04,-4.673434284485622741e-04,-1.253798454292958265e-03,2.159872269889829253e-04,-2.434719253166402891e-03,1.602728457541285120e-03,-1.759317161273160233e-03,-9.126097076162681962e-04,-2.149184085138956812e-03,-1.891377777777802525e-03,-2.750822683094240016e-04,2.046912038689362276e-04,-3.792689874078633821e-03,2.150637055180083541e-03,-1.393381846035947639e-03,8.670390706981064444e-04,-5.991739189866519474e-03,8.096856900147100669e-04,-2.414115275887417610e-03,1.788541895757779330e-05,-2.787818497174414118e-03,-1.712675244687045673e-03,-5.751283407485732919e-03,-9.117725264025622030e-04,-6.008760199456067257e-03,1.133411023483182163e-03,-5.386188715030866200e-03,-1.095265873433837406e-03,-6.535058770343639412e-03,-3.747017254038125661e-03,-3.946980754426546514e-03,-2.542269721945467596e-03,-7.542549341054749501e-02
-7.277894681810933479e-04,-2.647281260834237482e-04,-4.670151204032339191e-04,1.336992341157041374e-03,1.003353797180148377e-04,2.130975230783505004e-04,1.155435948902833491e-03,1.586846990181099907e-05,-3.842773774087676294e-04,-7.238343142808618827e-04,-5.627912341406712468e-04,1.519160162157984933e-04,-7.628485003098108312e-04,2.021711600157647792e-03,-1.408432804206439983e-03,2.923645691866606213e-04,9.012895861673831830e-05,-9.541565038787524740e-04,-6.669733176033678258e-04,-7.916610589008486439e-04,-8.296343241173870014e-04,-3.359364584453908655e-04,-1.262680441442287638e-03,7.493623415827270007e-04,-7.139097713940060564e-04,-4.587512943217818165e-04,2.522518522874629297e-04,1.594191644665230280e-04,-6.503417430129402634e-04,-8.169763487401571602e-04,-1.468009490205701706e-03,6.162268965291417154e-04,-1.554463263834481241e-03,2.986130124746830955e-03,-2.386373289564020991e-03,-8.482176398880161231e-04,-2.006155579814852732e-03,-1.230790507274358856e-03,-1.754330604802693946e-03,-4.345698081332404947e-04,-3.021577121944020537e-03,3.712196583039615791e-04,3.130027255029260366e-03,1.814094875811148250e-03,-7.485061876247552266e-03,4.874027862222879643e-04,-1.328490280777601352e-03,1.769982944856169510e-04,-5.880649777493370846e-03,3.746188554542056385e-04,-7.675736469663241301e-03,-1.743551401869156527e-03,-7.279052949466545581e-03,4.182810377932812997e-03,-5.419784615384578771e-03,-4.234532844205062679e-03,-6.670968707143660678e-03,-3.532066217044768381e-03,-7.439387879314867877e-03,-2.755522510598540364e-02
-5.743973600547645775e-04,-7.118980893388214765e-04,-2.671093009280303991e-04,-2.868697505171179433e-04,8.456015948714141420e-04,1.174700258005442624e-04,2.896323116136497681e-04,8.772063964299500142e-04,1.350520713914715721e-04,-5.807259309658779900e-04,-2.835961514740133996e-04,-5.071411555199120680e-04,1.439468324969413312e-04,-7.227600735500653694e-04,1.249220457361800230e-03,-9.485898140743066710e-04,-5.366399394856164688e-04,-5.730142888438352562e-05,-7.346123147093151871e-04,-5.160070996084557826e-04,-1.055024648388539583e-03,-9.723649352582009386e-04,-1.424778546292776774e-04,-1.136792217157357385e-03,4.551912947232815052e-04,-3.374913670525256739e-04,-6.405627029990629447e-04,-6.045783488481882996e-06,1.788107686305399977e-04,-9.275933500256532040e-04,-1.877584652228317144e-05,-1.893957994787687921e-03,9.963103697854915411e-04,-1.854990249791049328e-03,3.796311569301283762e-03,-2.102956904580463929e-03,-1.182681792143257336e-03,-2.195193790149920551e-03,-1.067661522364660122e-03,-1.246401558380154460e-03,3.595053824824890752e-04,-3.375910737134384543e-03,7.499963420885203866e-05,4.561710488145796424e-03,3.542475426076394009e-04,-6.050625378741952311e-03,-5.497867827033359796e-04,-1.543398017590384957e-03,-1.248184312221608432e-03,-4.063757952089599307e-03,-2.460412065983790843e-03,-5.042284209432053473e-03,-2.736860115317145403e-03,-4.663838997286510329e-03,-6.001399164526729406e-04,-4.515695820043686727e-03,-2.912350172576151034e-03,-6.473134973172589568e-03,-1.886099128040351130e-03,1.217127015841525930e-03
4.168468233126739635e-04,-3.105743869356243137e-04,-8.418333289601316518e-04,-3.591433003061235830e-04,-3.737635240532740754e-04,1.598238420257360685e-03,-2.276723188167486340e-04,4.706257439211338563e-04,1.348584817941764344e-03,5.080704805381265491e-04,-6.993057521891155731e-04,-2.466809183698517806e-04,-5.690212434130066145e-04,6.483652830552663225e-05,-5.226849094370869834e-04,1.759434413993147964e-03,-1.362839240062254818e-03,-3.832945697239218547e-04,-1.506569859670981294e-04,-5.421726700971822230e-04,-4.539802992989765400e-04,-7.819706096167796869e-04,-1.293000398525399408e-03,-1.241052346813622155e-05,-1.343794374393726459e-03,9.822731831249883507e-04,-5.849398327553216549e-04,-6.768400310757496713e-04,5.822960975825267451e-04,3.146455062963364599e-04,-1.084193714983248177e-03,-4.817077062670297783e-04,-1.916748844614076181e-03,1.200982423620497149e-03,-1.406534059860486225e-03,2.090438619123792183e-03,-1.847018234740257581e-03,-1.759671497584565326e-03,-1.557982646420778524e-03,-2.068076711705799618e-03,-8.538555901861352498e-04,-8.668334299677253911e-04,-2.988714715511956495e-03,1.448814789047566959e-04,4.440372549019720901e-03,7.002016453429375223e-04,-6.067241551814769353e-03,4.017307907392990624e-04,-8.839982116072512414e-04,-2.690943234384077579e-03,-2.951426391096925294e-03,-2.789988861041473121e-03,-7.021025057783225436e-03,-5.732846908994714994e-04,-3.945012147604909543e-03,2.625048580170760877e-03,-8.225151607403755755e-03,-3.826330224904023972e-03,-6.175257270693448527e-03,-1.684433757037483159e-02
-2.317499851943769992e-02,-2.133570060873595312e-02,-1.951987225176811738e-02,-1.912963364521018395e-02,-1.862308852405366449e-02,-1.755367388182057023e-02,-1.635826748485774002e-02,-1.595708480952318098e-02,-1.553220659837702827e-02,-1.504641471158936830e-02,-1.499533631186169592e-02,-1.473493924536335362e-02,-1.353192914225498714e-02,-1.288813579640124031e-02,-1.231897526501766343e-02,-1.293373504718038636e-02,-9.752698485086067418e-03,-1.518131412544611140e-02,-1.067626908494728570e-02,-1.079906784689940898e-02,-9.672644330378003807e-03,-8.664987931496916790e-03,-7.707605094371744979e-03,-7.834696076950231278e-03,-5.816151357549426137e-03,-7.203079044718281414e-03,-3.931114361200272259e-03,-4.976082899990379692e-03,-5.004523806128660657e-03,-3.006967591554902432e-03,-3.829743512610621521e-03,-4.085466439135405393e-03,-3.400431759276890259e-03,-3.975426254862462518e-03,-2.033518890003369398e-03,-2.986282628262829173e-03,-1.244967170401272989e-03,-3.489344731817401509e-03,-2.967182240743801262e-03,-4.522839335943896685e-03,-2.326476217985694664e-03,-2.210461801248570033e-03,-1.418215046955824442e-03,-4.182526615582836220e-03,-2.057047696532107815e-03,-9.156984747578556958e-06,-7.749369316514916799e-04,-7.797040593853819292e-03,-1.185211910956970481e-03,-2.248559848689683869e-03,-3.583048546176606248e-03,-3.808290935868253319e-03,-4.380525502318290826e-03,-8.535654605906500478e-03,-2.261365826012911272e-03,-7.001277868406790249e-03,-2.015386057410676560e-03,-5.775422464206457669e-03,-3.428964886891585403e-03,2.229806549264519205e-04
-5.978492329956565723e-03,-6.036110361671692508e-03,-4.877525526799605417e-03,-4.614447614715591617e-03,-5.018718494183550989e-03,-4.777736019861003776e-03,-4.600362525406228274e-03,-3.474790007723179905e-03,-4.219048390021466061e-03,-4.140093626697042423e-03,-3.899927799663088432e-03,-4.163571093499232253e-03,-4.841819424894293171e-03,-5.074663703179806140e-03,-4.625546921192624263e-03,-4.393852530108463376e-03,-5.025910246821257629e-03,-3.291920701563285159e-03,-7.873711857860199795e-03,-5.185315396731270468e-03,-5.598341188499075458e-03,-4.864979220339516776e-03,-4.153402391975273902e-03,-4.254387267203897996e-03,-4.548963259920809320e-03,-4.029540103421735443e-03,-5.068933164496761991e-03,-2.480850370611657838e-03,-4.236603470703931805e-03,-3.977596541206293232e-03,-2.765791281294216301e-03,-3.550149871379110634e-03,-3.513782542113278763e-03,-3.054121139573869308e-03,-4.374006859057389188e-03,-2.215978911081776821e-03,-3.669384947612615473e-03,-1.871606348759943502e-03,-5.435221522892749561e-03,-4.219291133281422371e-03,-4.600937224855172064e-03,-4.996795979268053856e-03,-3.213658653047740330e-03,-2.825936751731087781e-03,-5.327163224146307628e-03,-2.971133385538958331e-03,-1.517955940160145784e-03,-2.051515842699644723e-03,-9.477579593713711739e-03,-5.395535633432837347e-03,-2.954716530483915936e-03,-5.334284172176446612e-03,-7.675376305877328921e-03,-4.421701977677659420e-03,-1.053188906684650664e-02,-4.967039111835288775e-03,-9.192031275276270341e-03,-1.585213355677852652e-04,-1.105285008976653917e-02,-2.588871094824792083e-03
5.870113682267581344e-04,6.319857570888390503e-04,6.313268190146472053e-04,7.417364371782601742e-04,-9.301353366845799666e-04,-1.026020643594305988e-03,-1.119719339719901221e-03,-8.490755516848660011e-04,1.511832095610796036e-03,1.221345400794801952e-04,5.943914161021929526e-04,4.423492723493700827e-04,2.187674128277324764e-04,-1.770505871117904499e-03,-6.493317132442345688e-04,-5.318108703012870567e-04,3.231844351796713389e-04,-1.568774619530638806e-03,4.845389439843896949e-04,-2.468299495667809502e-03,-1.394765384117183874e-03,-9.797207486737771667e-04,-1.276458305801593963e-03,-2.276192692576321612e-03,-9.305876110890903266e-04,-9.669506257805629513e-04,-1.916349977904961298e-04,-1.486452404317953335e-03,4.132640270321250660e-04,-9.336206152860874021e-04,-1.158264444862611370e-03,-2.398060899863247889e-05,-1.186578820349436800e-03,-1.361286090926620146e-03,-1.366205075357454328e-03,-2.207733750379050914e-03,-1.110642389525448148e-03,-2.165685719370335095e-03,8.982454366451463534e-04,-4.261963157235107436e-03,-1.481270080229198961e-03,-4.536696234405419338e-03,-3.506396813004180636e-03,-1.803082391773610854e-03,-3.136423747517162047e-03,-3.985135180200487237e-03,-1.352207694780809726e-03,2.184628947597441143e-03,-1.635360824742350784e-03,-7.933899408284076152e-03,-2.353672154841959362e-03,-3.080733642859457937e-03,-4.646158005193390915e-03,-7.965242711094262448e-03,-2.964527267400556346e-03,-8.611821703659724644e-03,-3.894424168917836378e-03,-4.577096300645798303e-03,-3.819144970835198268e-03,-3.643578721609420945e-04
5.055876468742988598e-04,2.800153116368912548e-04,4.883490765068722447e-04,2.908182021387592151e-04,3.693840194165023678e-04,1.990549244805181890e-05,5.970870122908562101e-04,1.318315320226407102e-04,3.854960398471868940e-04,1.965587944871529302e-04,2.628829938977373130e-04,-1.476828485591930723e-04,3.000953596622384740e-04,3.296184637819226840e-05,2.150618163661219466e-05,1.055748543216310871e-05,-1.335761049884072465e-05,-8.902321146294633349e-05,-2.175460668525039409e-04,3.889974000477918929e-05,-2.163059579800905962e-04,-3.085897869463305920e-04,-1.466767873833556626e-04,-4.217550433532704125e-04,-9.458714682193005547e-05,-9.686623415628209583e-05,-1.920499531996572166e-04,-2.929373806448206264e-04,-2.673207707566397002e-04,-4.296674582535482310e-04,-5.157660096515979562e-04,-2.861614683917816323e-04,-7.470873396935759055e-04,-5.197045480285257275e-04,-4.341613380078501901e-04,1.259246344400342498e-04,-1.180075356644463575e-03,-8.132454752772636008e-04,-1.510549447634389328e-03,9.932753404154654625e-05,-6.706920254110878069e-04,-1.737470383406465504e-03,-5.052252643666161518e-04,-1.220906965826223370e-03,-1.690342347494212284e-03,-1.714032896106631705e-03,-1.827811741045866746e-03,-1.242304905466758711e-03,-2.061707315902891382e-03,-2.008823748197864200e-03,-1.793417881094429029e-03,-3.684730012759152885e-03,-2.689873925292583616e-03,-1.813206453920170698e-03,-6.491352049479235525e-03,-5.055117051709211162e-03,-3.932130626805582958e-03,-6.409667419463461330e-03,-1.920146166806500432e-03,1.758632159175668036e-02
-6.728526986980127916e-04,-8.988122536574918477e-04,-5.469999510027090351e-04,-1.203858927127742342e-04,-4.397853519007559222e-04,-2.137708039155710837e-04,-4.579591750589872418e-04,-4.950135840302513374e-04,-2.558780588473418948e-04,-2.382353866026390877e-04,-4.066735020000947329e-04,-6.148285047566568167e-04,-3.471799953735007225e-04,-8.470786131136686910e-04,-1.910618866876422474e-04,-3.096382564042510135e-04,-2.464978419739483344e-05,-7.092768113238234490e-04,-2.029083988488320162e-04,-5.352977396603869837e-04,-2.106385982224770600e-04,-9.272771080827042506e-04,-6.036432871506479392e-04,-1.282043039083469822e-03,-1.163750038506032418e-03,-6.989813932485780101e-04,-1.431141194572944377e-04,-4.217712768839638744e-04,1.149305611157632140e-04,-2.687074229330271152e-04,-1.039163757112212616e-04,-6.343028440172518130e-04,-4.338360289129437062e-04,-7.323886723551959550e-05,-8.261258393818664584e-04,-3.335333888120036502e-04,-1.012794288490340144e-03,-5.562361350450443392e-05,-6.394629518044378210e-04,-8.432085827731585284e-04,2.539638211993747847e-04,-8.703467352040263798e-04,2.266303807258637218e-04,-1.016769497709662379e-03,-9.726979295545451140e-04,-3.894004517177521575e-04,-1.554817972831732927e-03,-1.044333201941963088e-03,-9.876751981063433203e-04,2.461628320803934300e-04,-1.041079033333244244e-03,-4.671224388791819782e-03,-3.110018501731705211e-03,-3.278337780538694100e-03,-5.378665862903165944e-03,-1.006338652613597562e-03,-3.739369727327963248e-03,-5.098074195364585802e-03,-2.071073201406493144e-03,-2.245654442657285879e-02
-1.220392538209304862e-03,-8.259040009299560081e-04,-5.731857033892610431e-04,-6.475667033423193088e-04,-2.070186750861681218e-04,-4.222043907093404489e-04,-1.422307519004406171e-04,-4.164073715040120011e-04,-5.612502107139745976e-04,-5.067060882699533008e-04,2.208398191296333083e-05,-3.516975229902940202e-04,-6.464644430323727466e-04,-3.914344527068370984e-04,-7.167651577374978267e-04,-5.423053597673131417e-04,-1.150627710088581482e-04,-2.813531500866587871e-04,-5.461831480782895374e-04,1.205725115889044658e-05,-6.892953942513016692e-04,-9.367246109705338209e-05,-1.341892851092415639e-03,-8.879785572657470987e-04,-1.176731083930181686e-03,-5.806186752967791923e-04,-1.111627260909578896e-03,-8.998303230899516931e-05,-3.838935651735155778e-04,-1.992062502008348529e-05,-2.616234531316802888e-04,-2.240133058174048383e-05,-4.540317211864214309e-04,-4.728477329065622434e-04,-7.575745815906297217e-04,-3.426060784006513876e-04,-9.539767340144544036e-04,-5.483002530612970070e-04,2.995670037093369894e-05,-3.381305924965948809e-04,-7.330893936537936180e-04,-3.477182915962834220e-04,-7.941961262018765828e-04,-5.544920450396469960e-04,-4.207786639442000903e-04,-1.410573758882197352e-03,-2.342176061014495715e-04,-1.133451456126950176e-03,-1.233939891329043428e-03,5.234400546263114659e-05,-3.596969651355485381e-03,-2.427510965273654809e-04,-5.328266050604049502e-03,-1.835642859814100736e-03,-3.154169137906311007e-03,-3.123080348018468944e-03,-1.614080372181823930e-03,-6.808315548385188501e-03,-2.308930365856102628e-03,2.642993743058134198e-02
-1.518299730565338774e-03,-1.319453455502110802e-03,-7.391691707101878716e-04,-7.550606145716634143e-04,-5.176085645342762276e-04,-1.069546882434208382e-04,-4.309125774743717443e-04,-3.568079843397249109e-04,-3.996165441104067859e-04,-2.986350905336334900e-04,-5.510399709456700228e-04,-5.029396252087386119e-04,3.370108407123023315e-06,-5.352874405495860284e-04,-6.599224154578909240e-04,-6.292513002433767610e-04,-4.594613821011755538e-04,-1.258759635005945858e-04,-2.415394665980239233e-04,-6.300955412458065326e-04,-6.656507646962925057e-05,-6.104561460516395302e-04,-2.292294730245604225e-04,-9.138599781620053257e-04,-1.163030480160929690e-03,-1.481132984207587629e-03,-3.213646643966952478e-04,-8.789866047266039735e-04,5.513084785040655683e-05,-5.607951147947616956e-04,-2.164780731045819616e-08,-5.114737939901107741e-04,-2.438502683321331157e-04,-2.495430102849449530e-04,-8.405743023686127521e-04,-4.336005036434880484e-04,-8.785593420384340364e-04,-9.211944339295052462e-04,-3.264247757670609047e-05,-6.991724785100358148e-04,-1.204058027764267052e-03,2.623217205578707873e-04,-4.296688003931489687e-04,-1.402912915268571411e-04,-8.720732196972306874e-04,-1.079342927715235857e-03,-1.539026574766253668e-03,-1.032347796660328934e-03,-1.893427170954317153e-03,-1.536161951046991891e-03,-1.140178785192637627e-03,-5.824163558359419721e-04,-1.694847114444602643e-03,-6.246626373916591181e-03,-3.544569301384390553e-03,-2.109746015260373277e-03,-6.919362625184576933e-03,-5.617665264572313695e-03,-2.185715941168216083e-04,-2.978231902579222060e-02
-1.150968864277716278e-03,-1.389509003630671861e-03,-1.235390755682687488e-03,-8.382946162276301832e-04,-6.742820148349117342e-04,-4.263498912726098808e-04,-4.310210638569315347e-04,-4.434715308601667213e-04,-2.185001604041024610e-04,-4.415863923120879773e-04,-3.907321769737728476e-04,-3.981656524698402757e-04,-5.412647405042074998e-04,-3.521313321692717097e-05,-5.443328215056730769e-04,-4.944245291391576556e-04,-6.564605527581309202e-04,-3.317055295952608300e-04,-3.434553207292206857e-04,-2.270916233274601344e-04,-7.205995180442858984e-04,-1.961136723016511558e-04,-5.076159569553777848e-04,-1.418260022240261462e-04,-1.271800796397763072e-03,-1.245179590794197756e-03,-5.863383839736387420e-04,-1.276218865589882293e-03,-3.416255482154774859e-04,-2.688242035510501199e-04,-4.920008056028472680e-04,1.638898092912904788e-05,-4.433229771068983305e-04,-4.066542235236340636e-04,7.534149016732493776e-05,-1.133016009227859507e-03,4.664253887593309140e-05,-9.567271077189309870e-04,-1.127446982051437179e-03,9.326291210515184977e-06,-9.638933899618809921e-04,-9.145599297456166602e-04,4.113731776255232376e-06,-1.028876172299814790e-03,-1.905005140104551800e-04,-1.746340810104941551e-03,-3.796323356504072350e-04,-5.438603857199303480e-04,-2.898446641520320208e-03,7.040233345229791060e-04,-2.959721111225957057e-03,-1.617778478774414700e-03,-2.601115420415072094e-04,-2.710473453418135205e-03,-4.184558139280926750e-03,-1.219204388039412442e-03,-7.141115685192939676e-03,-1.587131266489813161e-03,-7.851188261654170816e-03,1.735694167343660929e-02
-1.238012196376702366e-03,-1.051702284165598883e-03,-1.499835115180221190e-03,-1.161940704370946964e-03,-1.029391909574667698e-03,-6.365764645600146144e-04,-5.757185324728636725e-04,-3.294161771562673763e-04,-2.221339989003339583e-04,-1.848733810099807034e-04,-4.836794834484638671e-04,-6.465879012681915962e-04,-2.085634178117369922e-04,-4.849220257400585661e-04,-1.881452281078438882e-04,-4.668409903219479778e-04,-4.960154706136624472e-04,-7.131150222381731681e-04,-4.767759439006863192e-04,-2.590904532291661263e-04,-4.358510812743073237e-05,-8.716493951630340789e-04,-1.573053767796845726e-04,-1.220008761295502948e-04,-2.082623161247578196e-04,-1.759131757316313325e-03,-9.275070922230039139e-04,-1.155065753333344748e-03,-1.078508415713450149e-03,-7.037784255536450127e-04,2.671297016083184366e-04,-9.626829571725693639e-04,2.425285189726740048e-05,-2.497072145235778836e-04,-8.313873363260506689e-05,-7.380432044693011583e-04,-4.080616840250270313e-04,-4.268940770348930410e-04,-1.409635464036233929e-03,-1.923350143588705590e-04,-1.062868604615973839e-03,-8.664352812438470396e-04,-7.540235781424190712e-05,-1.018434675992697718e-03,1.578966634325736963e-04,-9.245946947161317805e-04,-8.385943375706969962e-04,-1.755907029657261149e-03,-2.571391754888169897e-03,6.247223101426240119e-04,-4.114494820929258390e-03,-1.217681209248941930e-05,-2.091466971633812628e-03,-2.040208390237232237e-03,7.713710265196996286e-05,-7.332682880786011055e-03,-4.423737622714490718e-03,-1.820006977102513364e-03,-4.648472850105182276e-03,-4.878220149258546447e-03
-1.534447976284749422e-03,-1.204133802616492391e-03,-1.081491163160971892e-03,-1.540894741177332517e-03,-1.232886362644742238e-03,-7.127999651744217936e-04,-8.876153265326962999e-04,-5.768252692965595467e-04,-1.801965354155068326e-04,-4.869026400199152611e-04,-9.765358868371208298e-05,-4.127380804145203705e-04,-5.402566177076403809e-04,-4.368087792545838300e-04,-3.190668835779161936e-04,-4.289109207883478160e-04,-4.124933711680081627e-04,-4.469584501709455635e-04,-7.673862435713760689e-04,-3.661995779113427990e-04,-2.862795225039015427e-04,-1.454538904676953533e-04,-9.008208898066917460e-04,1.042006549854786266e-04,-7.769767510337656372e-04,-7.015724684498569463e-05,-1.066755810343470671e-03,-1.553233281473298012e-03,-8.388991415681886421e-04,-8.127433795389630775e-04,-7.211249825644052347e-04,-3.840757935500861545e-05,-7.396168322986773668e-04,1.158197890804804511e-04,-3.928710750887825631e-04,-2.057986992236522693e-04,-4.957135865049898133e-04,-9.560571485407139743e-04,-1.026752060052543800e-03,-5.866015940301539137e-04,-8.690899549362890875e-04,-1.195248040718044271e-03,-2.078899250477763902e-04,-1.149731574159986022e-03,-1.120657953115218315e-04,-1.873859610626020522e-03,-4.232439256458256816e-04,-1.809566675597038248e-03,-4.729218806367945058e-04,-2.435630227146021436e-03,-2.460182832675413857e-03,-9.256186472743807006e-04,-2.567040289210290732e-03,-3.820780920470494496e-04,-4.312012406118921094e-03,-2.425337932697365587e-03,-5.766331848879508760e-03,-6.240736152767658966e-03,-2.604227586293004354e-03,-1.859938382354808101e-02
-1.237478147424755101e-03,-1.380391649261978942e-03,-1.342752480457883989e-03,-1.040660888705473687e-03,-1.579869440161433365e-03,-1.148665212519582113e-03,-1.006391660069791069e-03,-5.613926370054228782e-04,-5.020503812832147238e-04,-3.161422842548236144e-04,-4.156327144213809214e-04,-3.319551634240456065e-04,-2.443938321493819297e-04,-8.114999739596298828e-04,-2.783475633983270928e-04,-1.988163460160387536e-04,-4.815980082782644867e-04,-4.156679307971020360e-04,-9.110862056523722722e-04,-2.613545571320771178e-04,-5.590334559282627127e-04,-3.718868923515304334e-04,-4.660060620406819825e-04,-2.582878516761142381e-04,-1.146266456666747717e-04,-8.132565532373697012e-04,2.642497800277139532e-05,-1.383304961932589486e-03,-8.659928901908402026e-04,-1.401079533303583322e-03,-1.195550533958998412e-03,-4.106228530878340706e-04,-2.396505101577779445e-04,-9.484594923496879500e-04,4.250126590161018916e-04,-5.248836443726092758e-04,4.813404762213173947e-05,-1.308327294587283141e-03,-3.360103100503747820e-04,-6.743329791539000306e-04,-1.076108569647874109e-03,-9.943087997823796004e-04,-1.998049273965598152e-04,-1.284575489758745751e-03,-6.118123851773431352e-04,-1.508818660376075749e-03,1.801169998503411877e-04,-2.093708905813651631e-03,-1.363768399112816809e-03,-6.757907987735182554e-04,-3.330846335254547368e-03,-1.550900992404436428e-03,-1.017599344474347592e-03,-1.869200260171960263e-03,-3.425812465594339860e-03,-1.745346661384689253e-03,-1.098238080951726521e-03,-5.155171473752316949e-03,-6.427823498828277339e-03,-8.010930556939592842e-03
-1.245530259978879905e-03,-9.844543974836380759e-04,-1.834785372332137362e-03,-1.150797702321518711e-03,-1.143440325072513737e-03,-1.455630174255542145e-03,-1.275552831288120480e-03,-7.346420149345721110e-04,-9.067174392521873839e-04,-3.480091843879653266e-04,-3.609347133171168917e-04,-3.976656704651837602e-04,-2.465328826208487397e-04,-4.848080349448939674e-04,-4.051648477226828617e-04,-3.339227437172464304e-04,-3.746642198779393451e-04,-1.760963974301688148e-04,-7.481297034789591597e-04,-5.568982262363041114e-04,-8.074222348198996585e-04,-3.195669664546652348e-04,-2.582767926579829709e-04,-1.108601102500253829e-04,-8.844457340185684540e-04,-3.445815734389271476e-04,-4.368595883788706897e-04,1.222693750989059098e-05,-1.734121053937309623e-03,-9.835493909406078060e-04,-9.252407240672443382e-04,-7.912945041931228026e-04,-9.193097178307269241e-04,-4.831981729335061153e-04,-4.552224789780018733e-04,-2.414833352305227490e-04,1.066928593240382248e-04,-4.265247548521031444e-04,-6.986119146241490108e-04,-4.690902684310035769e-04,-1.198958316686332508e-03,-1.578892348592702373e-03,-1.486149558333931149e-03,-2.749624576910108110e-04,-1.053857415976880169e-03,-9.001562988924037122e-04,-1.047234099011148207e-03,-3.246556412170829853e-04,-1.985271942111180559e-03,-1.665990520147630051e-03,-1.749986254220271603e-03,-2.155006054702602366e-03,-2.539089865330478295e-03,-1.517391476965172532e-03,-2.181386055954306728e-03,-4.626745631200718245e-03,1.570782288184848603e-04,-5.053596763037789680e-03,-1.011306655281482949e-03,8.107004580414517783e-03
-1.277704707650005383e-03,-1.312276805741052245e-03,-1.239690799158661228e-03,-1.383758868283162941e-03,-1.502321457676928295e-03,-9.226032360285022198e-04,-1.618958530845986078e-03,-1.148005380623146835e-03,-6.730557620387140174e-04,-1.034166431172951284e-03,-3.747503367419080414e-04,-2.974710174367037720e-04,-4.969164592392529868e-04,-7.260486903350642305e-05,-4.551457982103941646e-04,-6.253932664028264690e-04,-3.103547390552440226e-04,-5.005042842024881805e-04,-2.375800760643030347e-04,-4.000590726581672156e-04,-7.854515699085638618e-04,-6.024781328003417282e-04,-1.110763176612025233e-04,-9.052987735604885785e-04,1.179059755127436941e-04,-1.104274991495579790e-03,6.419038258128652816e-06,-2.572574636384609504e-04,-3.746193697210882436e-04,-2.327499030791681071e-03,-2.791302068417878305e-04,-1.328959878755655482e-03,-8.031478412249174565e-04,-6.384710658416805707e-04,-9.630754772937280637e-04,-4.140206048738198381e-04,-2.711598065842575384e-04,6.565909643683429673e-05,-5.775658854106229022e-04,-2.418935827263211046e-05,-2.401776083101614997e-03,-2.771741491767908469e-05,-1.042014884375555171e-03,-1.553628042215085417e-03,-9.916910323945911897e-04,-1.508000533601114692e-03,-1.866821307599959021e-03,-7.085922606214654570e-04,-7.902549605155745208e-04,-1.044969494201451006e-03,-2.043241403014263349e-03,-2.850230068223675445e-03,-7.820169223356204921e-04,-3.411588821373673190e-03,-2.574717176355639531e-03,-1.701420300708305407e-03,-4.403106572321830933e-03,-3.942521782469032322e-03,-3.075156668478312531e-03,-5.884199075970780735e-02
-7.670999330125107115e-04,-1.513740206172487033e-03,-1.148958153792817294e-03,-1.111991995707880621e-03,-1.568260926558835222e-03,-1.401752201919890346e-03,-1.015891422459856913e-03,-1.464007994317640402e-03,-1.178318055213297940e-03,-9.490836443915984374e-04,-7.983980102428903797e-04,-4.497727438801362842e-04,-4.128952733659326294e-04,-2.953747444794037921e-04,-2.419012701682015721e-04,-6.543552504376151093e-04,-3.326030499418050862e-04,-4.861853378161260192e-04,-3.702041769744531126e-04,-1.137203844592262164e-04,-6.985830269827269417e-04,-4.876738225629010303e-04,-8.911581125160730320e-04,-2.486099380137770623e-04,-2.020976232140777966e-04,-4.548995020229723292e-04,-8.164887128810420459e-04,-2.298725346623478941e-04,-3.778575915959552184e-04,-3.998053321419934181e-04,-1.473610417738280146e-03,-9.141073089792661581e-04,-2.062130435472416066e-03,-8.116386375837527723e-04,6.083683526456677942e-05,-1.162490762050194830e-03,-3.893308509338429886e-04,-3.804689276324984474e-04,-2.283433250266539395e-04,-4.575487365895290672e-04,-3.963364507299512005e-04,-1.544226920739459824e-03,-4.849732925721927435e-04,-7.900732564246651076e-04,-2.468591493425515739e-03,-9.323528442614497118e-04,-1.874657994923924122e-03,-8.679424318929956699e-04,-1.651788830248242506e-03,-6.526490240338931942e-04,-2.583181530029709291e-03,-1.526326300984412465e-03,-1.454607169899974637e-03,-3.586883012929361920e-03,-2.705299792400518016e-03,-1.315206688389698297e-03,-4.470121190941182647e-03,-4.036443583535084638e-03,-6.571467444120720775e-04,8.014759013186368436e-03
-6.923259360882716039e-04,-1.061361166107285293e-03,-1.016783339791503581e-03,-7.192531852135970565e-04,-1.514395508921923461e-03,-8.714024190912218661e-04,-4.960105232211022572e-04,-1.150982009879050316e-03,-6.122756168125891929e-05,-1.821526727811417377e-04,-2.704515613071645968e-04,-3.177011397847879517e-04,1.675260314442587111e-05,-9.218052157404629712e-05,-4.799366157679483299e-04,1.862534560647696562e-04,-6.979927692166277935e-05,6.513827544656635197e-05,4.034139659654203177e-04,-1.460761347246985759e-04,1.547622066821587126e-04,1.268252084526437532e-05,-4.931478344039504341e-04,2.810268413229985213e-05,1.686597724753951589e-04,-5.015690833371857664e-05,3.939449356562925919e-04,4.022057529654730012e-04,1.295091192704793046e-03,2.615400921047252611e-04,1.392838518617762426e-03,1.513114926673129264e-04,-4.012976107775053443e-04,8.580920238089886042e-04,-4.651103057963970719e-04,6.017837588198113969e-04,8.761308476583006769e-04,-4.846245721074225938e-05,5.440710691102790524e-04,-5.210726535793263215e-04,3.462418931741800777e-04,2.391443715901644539e-04,-8.080580557851118348e-04,-9.659631991027480208e-07,-1.502780656348596134e-03,1.558497902951966666e-04,-1.363929699130283016e-03,-6.440678420373486049e-04,7.848720430173133065e-05,-3.614083703973282585e-03,5.493774826297727169e-04,1.072918726894582682e-04,-2.066766731839958255e-03,-1.005790915977012668e-03,-4.076198203691492987e-03,1.773112755406400275e-03,-3.490160413177571981e-03,-2.605235676741352643e-03,-4.286530483340613394e-03,-1.177554309089213569e-03
-1.165222501020800848e-03,-9.427556528084639516e-04,-9.158310671943746106e-04,-1.086793374055617387e-03,-9.087285192765675234e-04,-1.375954291112303296e-03,-8.389672180039420800e-04,-4.842074073167347103e-04,-1.121416519756567292e-03,1.817478972913559425e-05,-2.007974978394554328e-04,-3.553423512044136690e-04,-3.970581257669317460e-04,1.321453835029749984e-04,-4.047348760656647461e-04,-5.025678132720369420e-04,3.994761999776965202e-04,-3.731603085438396358e-06,-2.916757498111974809e-04,6.226109227736912298e-04,-1.074612392890964653e-04,1.918926534323908088e-04,7.280453339114040874e-05,-6.592382623929666542e-04,4.559123798538265292e-05,9.604427016252408344e-05,1.431045005747577691e-04,-9.565524470212902089e-05,5.815827262107731328e-04,1.608096410436060620e-03,9.104239368175707505e-05,1.454230099482377563e-03,-7.839825334822775760e-04,4.340913436722974904e-04,7.058352435741568637e-04,-4.311739978054471268e-04,-2.042021468427111753e-04,1.389443262270573069e-03,-9.044735746783555061e-04,1.868026509804147960e-03,-1.425530798748378576e-03,4.036571927865493397e-04,-5.023495016901937532e-04,-5.974928181680227296e-04,3.971284540137626305e-04,-1.327800558202231473e-03,-2.153004305192209207e-03,4.225104453170875046e-05,-1.692781950040920472e-03,-8.343898517039084056e-04,-3.725764665259518812e-03,6.373476755197273087e-04,6.896392957680304303e-04,-3.009832955914940999e-03,-3.042983965553790974e-03,-2.501864782364208051e-03,-7.675492636554873821e-04,-1.791381693413258329e-03,-2.953278848589430648e-03,2.653080069511472988e-02
-2.196580920976154124e-04,-1.221890426290065963e-03,-7.655699030171016477e-04,-9.849519662014714471e-04,-1.034648981340893304e-03,-8.446268639375119304e-04,-1.548211150506754921e-03,-7.123971091245169616e-04,-4.524117561939140753e-04,-1.177815828695453430e-03,-1.991072735495576966e-04,-3.474798374356377465e-04,1.661597172603736935e-05,-4.107551100513318781e-04,2.705511712697899478e-05,-2.946812587196446457e-04,-6.227246244604493428e-04,2.890545323181147323e-04,-1.012710599400764617e-04,-2.342699687482400700e-05,7.070185146651726885e-04,-2.140178535513882004e-04,1.204741537907130599e-04,1.822198059445264600e-04,-4.418265694048386901e-04,-1.274357361246073578e-04,-5.601454248267969755e-05,-1.448206770100569419e-04,4.230157832539371333e-04,2.715412626016164852e-04,1.548708419947287650e-03,4.660600926130854609e-04,1.174268404421126158e-03,-6.625748216538418370e-04,-4.967200597742191449e-05,7.221473468444468500e-04,-2.683873460686318443e-04,8.711751254408173131e-04,-6.019692622333610525e-04,2.995630161768180551e-04,9.911375405608697283e-04,-1.187131231528242665e-03,1.091021440951339910e-04,7.954456825840182637e-04,-1.176336231650330043e-03,3.123395377803200781e-04,-1.555091137899710296e-03,-1.399963001946798137e-03,-1.912534111496851596e-04,-2.087509698906829959e-03,4.010408884537299879e-04,-5.012194763000897904e-03,3.443288268559244365e-03,-2.160400240511137302e-03,-5.299486133090797668e-04,-3.147844739574584636e-03,-4.555770553519115744e-03,1.900260432320693320e-04,-5.403568298602578514e-03,-1.154055798079916748e-02
-1.820958457917603267e-03,-1.759857591798224717e-04,-1.177578455980036803e-03,-8.526573727375516987e-04,-9.304546791882435620e-04,-1.004281005456084683e-03,-9.047458796812929633e-04,-1.483947956759054145e-03,-9.024329388934372760e-04,-4.900006611746900685e-04,-1.061867723651769993e-03,-6.888340006050568966e-05,-2.692175765096035999e-04,-2.570613004986837136e-04,-2.962911825370150845e-04,-5.061213637346307038e-06,-2.370379022855364343e-04,-5.343164718594535945e-04,2.138214461884077253e-04,-2.993691912538201468e-05,-5.606664527598431279e-05,3.449860242794371102e-04,5.192660519134300012e-05,1.684374157650885765e-04,-4.929047239216705024e-04,-2.136721258587575894e-04,3.465119647629761354e-04,-4.243961594824415830e-04,-7.078916974709900233e-05,3.347471460699172688e-04,6.977845455775743416e-04,8.549332474549051946e-04,9.650034420367995013e-04,8.397551414927125922e-04,7.633688587388582616e-05,-3.629732346546970362e-04,4.603081998467193985e-04,-9.039337705994298549e-04,6.105099709407316427e-04,7.325078022825743307e-04,-1.537024092851187358e-04,8.162863967333798152e-04,-1.098509837863162648e-03,1.441872642741471233e-03,-1.551129171331334152e-03,-2.425724895526831218e-04,-9.292764330592525593e-04,-1.307157482418569916e-03,-1.630807655910227567e-03,-1.323470409368892665e-04,-2.233353202806173318e-03,-1.519239262835946591e-05,-4.261496981802267991e-03,1.523701599315718498e-03,-7.986163751605730027e-04,-4.634514766918448186e-03,-2.883830339839968220e-03,1.039558669995101794e-04,1.007789119919542866e-03,8.394783887469921616e-03
-1.280214643981778715e-03,-1.510423463913004903e-03,-4.168300211542028252e-04,-1.151968818831016188e-03,-7.565547075764119528e-04,-1.049655186125314629e-03,-1.070943086295718816e-03,-7.439043394678087739e-04,-1.563010585656235190e-03,-8.187241056119094664e-04,-5.717395470415724502e-04,-1.247764243895089402e-03,1.482861857103227399e-04,-5.785006622449551843e-04,6.643875680107232074e-05,-6.722428487411733497e-04,3.358179879885991631e-04,-4.171898316517555385e-04,-2.744310280504168634e-04,-9.440151233275505716e-05,5.792306266595094764e-05,-6.718395259875424238e-05,4.718397021612491136e-04,-1.231669422802797562e-04,1.386076525654110329e-04,2.835829503069437559e-05,-4.039808265963524192e-04,-3.120001098559154287e-04,9.506430011271713122e-05,-1.173138085633969346e-04,3.697202195712584504e-04,7.647898429394597278e-05,1.764414529576104279e-03,1.985049773908983408e-04,1.100128634805787710e-03,2.749417557796784333e-04,-5.912986819039225180e-04,4.207834378920936110e-04,-4.969868882120143973e-04,7.654748040717871630e-04,-8.598556617640386139e-04,-1.891430394186450667e-04,1.476985340327443197e-03,-8.502413664968356535e-04,7.780048919644057650e-04,-1.496970349444458424e-03,4.425985477378246535e-04,-1.207701077745406944e-03,-1.987529788312723724e-03,-4.708841940026231836e-04,-6.796442329684742375e-04,-2.405425383289838334e-03,-1.258038164765915273e-03,-5.299356524647482435e-03,1.641873385282328034e-03,-4.372313897681573674e-04,-4.116592295299711414e-03,-2.134370063570185591e-03,-2.856948201641750385e-03,1.061345327089454303e-02
-8.119934473851856500e-04,-1.154768483509453639e-03,-1.572465071310432489e-03,-2.379083083326779657e-04,-1.395851578262958604e-03,-7.971837068921399034e-04,-8.945943646178193022e-04,-1.002017832421684762e-03,-8.372137080132565929e-04,-1.532790651931325351e-03,-8.720250052297205332e-04,-4.540332554406440683e-04,-1.026006822624600046e-03,-2.288956799085758477e-04,-2.703741484306847187e-04,-1.860961914926004105e-04,-4.473879079870338041e-04,6.353213210187232932e-05,-3.179144313766219020e-04,-6.986059357990333533e-04,3.087375720787458207e-04,-4.155163129930912946e-05,-1.204645178999262228e-04,5.321326212265634027e-04,-1.837294440182291012e-04,-1.511768654805890422e-04,7.225376781524564290e-05,-4.738878082513487550e-04,-1.748638362557579286e-04,-1.265464176734876244e-04,-7.476316284037816048e-05,4.714916083436473916e-05,8.220111399287438180e-04,9.603897898971775838e-04,4.094235100844200283e-04,1.774618047078899965e-03,-1.650578716364996604e-04,-6.974790393597427680e-04,7.326807498549790928e-04,-1.563550185991674838e-04,7.203169171680331778e-05,3.557502229084840437e-04,-1.068771944276227377e-04,3.674374497577012144e-04,-7.855321687907594998e-04,-3.357087847899765942e-04,1.794502512162211361e-04,-7.111348161767664560e-04,-2.753296466635070557e-03,-1.006233068772711958e-03,-3.890302363543089617e-04,-1.953121531708657075e-03,-2.329976785524411672e-03,-1.108141984043545421e-03,-5.098298719011707184e-03,3.972473506121088310e-04,-3.846629908271134149e-04,-3.665629040757308228e-03,-1.728101512042236202e-03,-5.283472759717327237e-03
-5.911212697829518452e-04,-6.127261060115033560e-04,-1.244263029226817373e-03,-1.659775984569455531e-03,-3.079490297430645808e-04,-1.268559820717889315e-03,-7.726106675268112423e-04,-9.073552595140385027e-04,-1.203875070634903175e-03,-6.976410195418562355e-04,-1.681393458349690661e-03,-6.489659348610585113e-04,-5.375975702103452051e-04,-1.266802240906611532e-03,-8.654556346960829902e-05,-1.320496156188082049e-04,-3.749299593777079471e-04,-4.730084582949058451e-04,-7.859423567645026562e-05,-4.169657185779654038e-04,-9.443163895800867264e-05,-4.135964323119292719e-05,-4.739965418275680486e-05,-1.216155971081818080e-04,2.743129367177669095e-04,-3.995499551046418116e-05,4.150553063101438647e-04,-2.543621761192914072e-04,-6.611770261078876504e-04,2.355118525177923243e-04,7.831929081285077688e-05,-6.385523560238982096e-04,-1.300661496195646468e-04,7.652582470775074310e-04,1.399205097517441541e-03,2.070702689643873912e-04,1.549186167772395508e-03,-1.977127290917114635e-04,-1.178498307058667817e-03,7.444704156815163407e-04,-9.374125626836367613e-04,3.638730208429701084e-04,6.688797067721499647e-04,-7.099272998477929248e-04,8.848880876575590700e-04,-1.690093963854629074e-03,8.487496824327759671e-04,-1.458046658796661706e-03,-1.462980246763391251e-04,-1.252876081312628929e-03,-1.271934932465360307e-03,-2.100136059674125727e-03,-2.604325911801932351e-03,-4.281821690251738470e-03,4.949202655841255854e-04,-4.808562577583245720e-03,5.842926281763694240e-05,-1.699078607899260577e-03,-1.124544199183593338e-03,-1.017853467803743299e-02
-1.045125462297886868e-04,-5.280739917634392740e-04,-7.849762757260974992e-04,-1.133642224860143552e-03,-1.679598248263747479e-03,-2.709220611519894432e-04,-1.318478111378223365e-03,-7.793296163604030834e-04,-1.016330109573401318e-03,-1.026695102402881742e-03,-9.815174024368716974e-04,-1.510996635786654354e-03,-8.129549354950815288e-04,-5.054723884868649389e-04,-1.386777152993395792e-03,9.845987606015574800e-05,-2.437679000277548109e-04,-2.674279514023457805e-04,-3.380593943342962110e-04,2.233044564933936587e-05,-3.057983075292527433e-04,-7.742772565976530378e-04,2.801756388570110414e-04,1.045979493135682539e-04,-2.483157431347374319e-04,3.306323005783161177e-04,3.482299896074406739e-05,6.169003341177261678e-05,-3.002945787265734402e-04,-3.522864015586789355e-04,-2.081845665934087307e-04,1.612532081663286664e-04,-4.224919412457623117e-04,1.138323828302331892e-04,8.733174906567944644e-04,1.132579212472680820e-03,-3.886503962974451509e-04,1.604588355025981811e-03,-3.991933538915133140e-04,-1.389139300128003623e-04,-1.287459535985446531e-04,-4.652976498337721748e-04,4.914052365953035587e-04,-1.520548785221808024e-04,-3.335299223562160874e-04,3.033273509205397967e-04,-1.274426415275632185e-03,-5.349230407565464408e-04,-1.203642194935851742e-03,2.451290622561950083e-04,-1.636012369041358726e-03,-3.158712406184824208e-03,-1.353808196553205967e-03,-3.270517470943696062e-03,-1.327733395704026615e-03,-6.745729120526554237e-04,-6.791971685753439222e-03,2.219834676020691639e-03,-3.551503850759433947e-03,-5.504694691191900670e-03
1.007450078931612886e-04,-2.334735225270200714e-04,-5.310695373868070442e-04,-7.573521119507054151e-04,-1.068366892539499404e-03,-1.812588788262159065e-03,-2.590961906975050967e-04,-1.276594400409344606e-03,-8.799245177192985571e-04,-8.998819223020074979e-04,-1.003914248471255571e-03,-9.040000689233535338e-04,-1.645771700073536984e-03,-7.520567994750130712e-04,-5.607367936728033068e-04,-1.038681803693453217e-03,-2.056684178776414492e-04,-4.428203849104929836e-04,-2.132334629831923213e-04,-6.064152180019795465e-04,-8.148273661203986838e-05,-1.009713366754069131e-05,-5.359968337262113964e-04,1.094884725795050893e-04,-2.458855088224135054e-04,9.310802513786787876e-05,3.992183894138378984e-05,4.675089332545853162e-04,-2.875218501400030459e-04,-3.846455434081015308e-04,-1.613870591210251650e-04,-6.738834607162690754e-05,-1.990985530892914448e-04,-9.009819003493568763e-06,-1.792916591780325673e-04,6.065766126806656968e-04,1.422840714503396638e-03,-5.676289630833323023e-04,2.074833134997366903e-03,-7.760375348283234847e-04,-6.170812886484407711e-04,-5.831737120195431060e-05,-7.093474598678439292e-04,3.343000333427852870e-04,-1.414801349619435381e-04,-1.322280686060867355e-04,-1.965211557716977709e-05,-1.812971300837659281e-03,5.020952655924658089e-04,-1.427892643028549294e-03,-1.616152753848644789e-03,-1.581491274407444006e-03,-3.338324526633365541e-03,-2.468443107785705994e-03,-2.329124311537278738e-03,-3.285503284650541801e-03,-5.630855588613437653e-04,-6.470636494171324617e-03,9.115762519253159911e-04,-1.893647784982614019e-02
-2.376804714131581446e-04,1.974986741600614603e-04,-2.960292551966099998e-04,-4.276414021740843258e-04,-8.999509110028209788e-04,-1.161307163260736838e-03,-1.711055212473197628e-03,-3.114642655892490100e-04,-1.125072716916710640e-03,-7.742165338325132304e-04,-1.119067006608912267e-03,-1.019459181692267905e-03,-9.137289089359078124e-04,-1.718945753001588968e-03,-7.118447916667491882e-04,-5.822066115702186637e-04,-9.997545234811866174e-04,-1.784969786765140632e-04,-2.676310401821196212e-04,-3.726679782482850861e-04,-7.928845511117828303e-04,1.755212098736202617e-04,-3.659213592813905088e-04,-3.679455988095224768e-04,3.263350751923196815e-04,-4.304900303673970803e-04,-1.962148831194152716e-04,9.040273178170534461e-04,-8.542259100728156248e-04,7.732634981148507440e-04,-6.903201152501049417e-04,-5.854644041650796087e-04,-1.257161642199800357e-04,-1.259370728868757178e-04,-5.813899560295225150e-05,5.758234136354149204e-04,-2.290579347110460436e-04,1.169031138907207631e-03,9.994632411122574608e-04,9.574398547717888645e-04,-1.856151890417464048e-03,-3.846543123752123468e-04,7.497041598867722960e-05,-1.769740947566078777e-04,1.677960544553700676e-04,1.161435887679026119e-04,-5.635371336625532700e-04,3.341249566075857216e-04,-2.303868651716098771e-03,9.321700203593100099e-04,-2.735603551376972805e-03,-5.135063573077108161e-04,-1.992792685035427863e-03,-2.519418969450604694e-03,-1.545254271513684394e-03,-4.219382594335882412e-03,-3.966698008849527286e-03,-2.653991094992110133e-05,-6.178892148817819244e-03,-8.923531498541718496e-03
-2.631087568913136054e-03,-2.427972123983115037e-03,-2.317209678480067463e-03,-2.505341060866663611e-03,-2.850448476941872065e-03,-2.676416067959021261e-03,-2.540491369016759614e-03,-2.088940986853791027e-03,-2.328140534485883314e-03,-1.836626800807914395e-03,-1.911915494012057315e-03,-2.316513792220695374e-03,-1.510771653408387455e-03,-2.013596926993669635e-03,-1.365459644188825837e-03,-1.455074857607150871e-03,-1.447427995840155825e-03,-1.155895169057468211e-03,-1.491923310465663845e-03,-1.753496056737240778e-03,-1.315899005111374363e-03,-1.401220661159191094e-03,-1.562302864489941660e-03,-9.525933509664239515e-04,-1.343416815490766766e-03,-1.418195794804953322e-03,-1.479419911126732918e-03,-8.677433185367272985e-04,-1.218813934661384761e-03,-1.189042789152444093e-03,-1.420512382792678491e-03,-1.091612892354608443e-03,-6.248570458345201369e-04,-1.235723524886384993e-03,-8.493735982907995533e-04,-2.440622280285151789e-03,-1.201767192962512575e-03,-2.357167690655134935e-03,-9.050013456401636300e-04,-2.330978087028280459e-03,-7.851605435427662675e-04,-3.188724435943132707e-03,-2.295890849622316161e-03,-2.537741875394381591e-03,-2.499091413356791663e-03,-1.605442894430154400e-03,-1.559754402149171387e-03,-3.378533196389420321e-03,-3.764100125351585707e-03,-2.174269836403057432e-03,-4.848772631161074251e-03,-3.232474159901538996e-03,-5.211025753500299687e-03,-3.318160145344244139e-03,-5.017583769975351646e-03,-4.191340466750377060e-03,-4.770082462963378712e-03,-5.359238962796003189e-03,-5.332894625760163654e-03,-3.015890202573954723e-02
-1.408111288146101248e-03,-2.819583083302227601e-03,-2.226997884461820714e-03,-2.422432387914108792e-03,-2.529652047299280667e-03,-2.981781223971953151e-03,-2.381094209579466894e-03,-2.840896836574195207e-03,-2.080149762708873376e-03,-2.364382698919872006e-03,-1.913890048829731830e-03,-2.037817812436369409e-03,-1.762645749598098187e-03,-2.103385913092012307e-03,-1.604905049566091035e-03,-1.202873266316708623e-03,-1.949935648208971821e-03,-1.282045303916231043e-03,-1.379291843155590639e-03,-1.225668453600626748e-03,-2.037037045178708219e-03,-1.487411403784486214e-03,-7.719620663350018966e-04,-1.717534660449757111e-03,-1.096997339835251682e-03,-1.530557806777866833e-03,-1.181009059171445096e-03,-1.547350826267396154e-03,-1.125812096459735288e-03,-1.196966270165016272e-03,-1.455657904561888025e-03,-1.562007071173427417e-03,-9.273809432996932408e-04,-1.372722235178309600e-03,-3.676544968365778746e-04,-1.362115400402587068e-03,-1.628252176743040947e-03,-1.209879571738203298e-03,-2.179829906302559357e-03,-1.355684073385575407e-03,-2.000629585863523355e-03,-7.379293996252870875e-04,-4.201117513862183579e-03,-2.199398316673257907e-03,-1.415369542710160321e-03,-5.510130025023739393e-03,-4.401100193204163192e-04,-2.185823814509593385e-03,-3.094816585287496653e-03,-3.385736727314435542e-03,-3.682930472827165500e-03,-3.635143273461687290e-03,-4.743594297727231172e-03,-4.357272825206885171e-03,-4.260804265051250893e-03,-5.233786479029989974e-03,-6.791031846457840776e-03,-1.957616661986164366e-03,-8.995233477416318332e-03,-1.828439205671571546e-02
-2.129627416011415676e-03,-1.442353759076282901e-03,-2.677504844273045827e-03,-2.319019576241906910e-03,-2.499374695143316560e-03,-2.613464490355851648e-03,-2.884582512877816290e-03,-2.380519827769649911e-03,-2.874200624255769405e-03,-2.037866344696822457e-03,-2.317836548819111886e-03,-1.893060020766641673e-03,-2.215415958202106295e-03,-1.871170679256691383e-03,-1.727172872521377540e-03,-1.853447625736568717e-03,-1.570035704891184058e-03,-1.616840809369189972e-03,-1.382595559591466832e-03,-1.205903464672778693e-03,-1.137701226030014444e-03,-2.093922911384218325e-03,-1.621674508635087856e-03,-1.289020750493476055e-03,-1.094658284357662723e-03,-1.339112306431950285e-03,-1.362009254568980008e-03,-1.558533904731222415e-03,-1.157907017780793451e-03,-1.369925177463661740e-03,-8.253304536501766559e-04,-1.433491855066384730e-03,-1.651471259803341876e-03,-7.512335950938714467e-04,-1.568459383392425358e-03,-6.325185439364185754e-04,-1.802132933433192195e-03,-1.491911313145618005e-03,-1.782580841692521642e-03,-1.880852201012710515e-03,-1.601360393084490762e-03,-2.180715360335937474e-03,-5.789237002503000874e-04,-2.963570082598427236e-03,-2.368119183884516681e-03,-2.833852383008667736e-03,-4.110481686275316120e-03,-1.679433043466052947e-03,-2.214873982786411295e-03,-3.292737893523356007e-03,-2.842209191158261150e-03,-4.755537186259234383e-03,-4.875068421324928701e-03,-2.903334478493193455e-03,-6.458637658774032432e-03,-4.291564636320646664e-03,-4.511321302752549153e-03,-7.262798214412723684e-03,-3.292194266477296415e-03,-2.001745100717187628e-02
-1.751886826901150008e-03,-2.052259352946515618e-03,-1.485171380681044387e-03,-2.622186558871587771e-03,-2.392728424600043275e-03,-2.555233997001006563e-03,-2.389822336485436516e-03,-3.043627273763217095e-03,-2.577212594312002121e-03,-2.841217198096742617e-03,-1.824806464885652324e-03,-2.416691034135104790e-03,-2.031726689812414846e-03,-2.091585022230346008e-03,-1.936849395313971697e-03,-1.833043633544538574e-03,-1.826044701625839867e-03,-1.299367917479721376e-03,-1.626281216383914513e-03,-1.687198351556611076e-03,-1.143191092499986402e-03,-1.289950327104332113e-03,-1.978287693594983545e-03,-1.367701798316571082e-03,-1.400222843074450541e-03,-1.594449747119716524e-03,-1.058163173587948471e-03,-1.596931784434683877e-03,-1.181969646735337538e-03,-1.100326065196644302e-03,-1.509774551076922778e-03,-1.314497056131040762e-03,-1.127357236239722501e-03,-1.507584101547358377e-03,-1.145216532151090453e-03,-1.317733002993373963e-03,-9.604428657672423389e-04,-1.182923009743471875e-03,-1.864736829205551963e-03,-1.492918833937668900e-03,-2.045558647286554489e-03,-2.130285499771864943e-03,-2.670383508259281148e-03,-3.006140921535439565e-04,-4.276767320147126586e-03,-2.679972742245510364e-03,-2.018302000591048508e-03,-4.794253672085586893e-03,-1.170256035675470768e-03,-4.010309865249533576e-03,-2.736404784095864198e-03,-3.216648440194649732e-03,-5.521320303820063426e-03,-3.429956573597852439e-03,-6.174836262017065550e-03,-4.787695625474814101e-03,-5.330961771970507863e-03,-7.389700020650575782e-03,-6.375413660742681836e-03,-1.548539383586241928e-02
-3.295634321900869652e-03,-1.767300816559919585e-03,-2.138302977855096720e-03,-1.474131967908638924e-03,-2.573020178447014191e-03,-2.398927168333119062e-03,-2.561598562967320331e-03,-2.426624396505705494e-03,-2.979305732382795703e-03,-2.712635789734480201e-03,-2.605293571315346439e-03,-2.311083136139880853e-03,-2.152889796253570302e-03,-1.939377926290829354e-03,-2.183575395302304444e-03,-1.789752374719775965e-03,-1.985955930766794119e-03,-1.902608252990241463e-03,-1.374877586470957128e-03,-1.347481675568799452e-03,-1.899758667995114607e-03,-1.030409237260856937e-03,-1.784667131516011387e-03,-1.699967417232420199e-03,-1.654077110497673402e-03,-1.413933193333631469e-03,-9.505521368447571130e-04,-1.496864644883442097e-03,-9.343254037396626433e-04,-2.092104830747176358e-03,-1.031721824171800668e-03,-1.494544790457048335e-03,-1.167401133947541629e-03,-1.274637005686608641e-03,-1.977778870393461647e-03,-7.747616102642720633e-04,-9.907956416962721176e-04,-9.766733453944332743e-04,-2.004070470250916922e-03,-2.038768767017382598e-03,-1.233134314934990075e-03,-1.958995230420672393e-03,-2.988625047750186146e-03,-1.784843941197248110e-03,2.006989899995292360e-04,-5.672409916021897008e-03,-1.452294161792697536e-03,-2.672049617840421311e-03,-4.684540749130786108e-03,-1.771321246630065726e-03,-3.012997672297762497e-03,-2.479925570275615804e-03,-6.102421468106773196e-03,-3.297945158135422335e-03,-6.916696846415313661e-03,-4.886135114750431163e-03,-4.694918315210137687e-03,-7.017382629615786550e-03,-6.602860656956502546e-03,-1.133870837490384177e-02
-3.427686833457139776e-03,-3.473237572003433447e-03,-1.584270068763388682e-03,-2.105180433194648888e-03,-1.582615418842077447e-03,-2.788768224208874619e-03,-2.240618405439142972e-03,-2.531995836871337412e-03,-2.498934442612760209e-03,-3.135617592668354763e-03,-2.505216500980898906e-03,-2.881522214731408512e-03,-1.938140077217526732e-03,-2.293794010334711860e-03,-2.036884809107431752e-03,-2.149655293562190931e-03,-1.964642035247685797e-03,-1.784046974239505978e-03,-2.071616096320580067e-03,-1.387340409700153505e-03,-1.663948416758239410e-03,-1.590740128603333704e-03,-1.147958413096865230e-03,-1.683863919564326664e-03,-1.999433964795231233e-03,-1.113546090559918269e-03,-1.420688645455985563e-03,-1.600162721263327084e-03,-1.280480915025327500e-03,-1.243350679514819901e-03,-1.751002226699918153e-03,-8.426031289965118598e-04,-1.409894800757042783e-03,-1.906257239678505952e-03,-7.210782366957558739e-04,-2.111009477273730582e-03,-8.345258446523485217e-04,-2.080756710838884294e-03,6.190740119133553957e-05,-1.442214599322940924e-03,-2.594767939060904985e-03,-1.594644140365676643e-03,-1.952213100355499253e-03,-2.016052298532301692e-03,-2.378212208726646851e-03,-6.971442420882760938e-04,-5.234439700820801150e-03,-2.998819599705543695e-03,-2.748215376959640185e-03,-5.628709170629997080e-03,2.571557903451169485e-04,-4.399050776437155724e-03,-3.337385322519837664e-03,-4.290413789875305653e-03,-5.148971144140332065e-03,-6.963951026894780148e-03,-4.816094222419730134e-03,-8.005889389329745934e-03,-2.865096272433776195e-03,-1.393017699586257020e-02
-3.494599334716797824e-03,-3.485738269215811480e-03,-3.355316175227218700e-03,-1.778052946810877331e-03,-2.063484300057703055e-03,-1.496764010920636394e-03,-2.913832841317998221e-03,-2.235846307283723307e-03,-2.533942696580603060e-03,-2.563735701450999861e-03,-3.104801283477850050e-03,-2.534746951425842672e-03,-2.811046608509389783e-03,-2.004131352896910620e-03,-2.336654792720543796e-03,-2.224625752803370896e-03,-1.941752444926344830e-03,-1.841761783376041472e-03,-2.233379737244675645e-03,-1.455979633419220327e-03,-1.423856110205318215e-03,-1.783439052660199930e-03,-1.685685336072258698e-03,-1.231949408262818712e-03,-1.627487499078746590e-03,-1.680349323668933487e-03,-1.724408525527151501e-03,-1.041822035745765913e-03,-1.833292229866070877e-03,-1.407438071468354026e-03,-9.256089827736107200e-04,-2.043105524486203955e-03,-1.588573770083737038e-03,-9.089925565602130237e-04,-1.373512611129517128e-03,-1.237468510244368056e-03,-1.549001185192654118e-03,-8.990253970675242791e-04,-2.097686992971655937e-03,-1.138698865477571175e-03,-1.750809189613330118e-03,-1.516407784303131770e-03,-1.443433929409610513e-03,-2.764871231423392944e-03,-2.569906313963786666e-03,-2.674297812415809064e-03,-5.751503585417898660e-04,-5.119951955485390650e-03,-3.449687134027917997e-03,-3.165114320062786292e-03,-6.224551489512520838e-03,-7.610084437458891843e-04,-3.296618427581093653e-03,-3.639372623191758273e-03,-4.857480850827175164e-03,-6.362924809350335720e-03,-5.558832499359242854e-03,-7.013151608514616754e-03,-8.212887170263891840e-03,-5.958290768351884488e-03
-2.155686947550864568e-03,-3.455301818301633517e-03,-3.488039580129058577e-03,-3.517682120642545707e-03,-1.710953096902958397e-03,-2.136392945037020406e-03,-1.355629931804513012e-03,-2.931933282772073834e-03,-2.277658719357775283e-03,-2.489708343891826239e-03,-2.860063765288035995e-03,-2.977615481376847534e-03,-2.322426693953512540e-03,-3.038878993741037874e-03,-2.058080284503273263e-03,-2.472816071155140450e-03,-2.066289512648665939e-03,-1.894495377870234181e-03,-2.069062756933265617e-03,-1.917496844265589601e-03,-1.631469894239648451e-03,-1.809126016139289651e-03,-1.579912430658066439e-03,-1.682033733942959672e-03,-1.044589882612642108e-03,-1.906517656245391512e-03,-1.408348290481404577e-03,-1.423203947329288637e-03,-1.576138303281653195e-03,-1.680605756149075158e-03,-1.352840041692965605e-03,-1.298549018651942808e-03,-1.150463613097483162e-03,-2.027993911526712687e-03,-1.482493502666646463e-03,-1.172483103776533579e-03,-1.290550019462780463e-03,-1.265694479455575653e-03,-1.937215426791815374e-03,-1.351891952784770598e-03,-7.508334819520298383e-04,-1.456877290300634745e-03,-2.304638006838586033e-03,-2.936652746805705483e-03,-1.448727185503368006e-03,-2.356623256942530584e-03,-3.303315065455009712e-03,-1.104131363906117781e-04,-6.259764534018720863e-03,-2.829246272883965529e-03,-2.965612850100145508e-03,-5.053545304085056179e-03,-2.472298107409251142e-03,-3.451931091331517966e-03,-3.810025009268726282e-03,-7.834021780098588197e-03,-2.406186207782776056e-03,-7.735807983010972895e-03,-6.613027146039767573e-03,-5.315046801748012952e-03
-1.833169501519662332e-03,-2.180309924083239682e-03,-3.358690530318684479e-03,-3.722047530770257202e-03,-3.447473850424442616e-03,-1.785846104573141383e-03,-2.009905476578745416e-03,-1.515227488686664336e-03,-2.756423328910265376e-03,-2.426852256627626877e-03,-2.595997113997113026e-03,-2.539803925852093542e-03,-3.086919367068595172e-03,-2.503662667537086620e-03,-2.949713126427060302e-03,-2.100606955668608573e-03,-2.282124005131909179e-03,-2.284634386121843930e-03,-1.973024586900498992e-03,-2.037681526706740676e-03,-2.064156174901119346e-03,-1.873241879639969904e-03,-1.289182151746313910e-03,-1.678547988154463922e-03,-1.646713980049776095e-03,-1.278719923436466175e-03,-1.329905669708273145e-03,-2.086038357569265558e-03,-1.425323024912112995e-03,-1.505223164790513461e-03,-2.020880475454675269e-03,-9.008588474967238816e-04,-1.464034507810529863e-03,-1.303346256286352315e-03,-1.717114743565228540e-03,-1.606933391013929844e-03,-1.021486024223910690e-03,-1.804403381789223930e-03,-1.789353035545424931e-03,-9.565653000441048373e-04,-2.110506659932381152e-03,-1.034358990407479315e-03,-1.117148626199791338e-03,-2.501245916563217282e-03,-2.012686995391388314e-03,-2.827317027332847121e-03,-1.586432439965660074e-03,-3.878836556870224068e-03,-1.398993356816446033e-03,-3.230826062893644296e-03,-3.937572107453138695e-03,-4.225403821640981786e-03,-5.536941032733412420e-03,-1.426835001725300237e-03,-5.266146234718496570e-03,-4.649972968907662048e-03,-5.742782885199902189e-03,-7.335001216341200010e-03,-1.002018929162307170e-02,6.650328899717708811e-03
-1.490979549354364648e-03,-1.816290285966955763e-03,-2.092894003168900563e-03,-3.413569780566323361e-03,-3.685590261342494827e-03,-3.363177945705851917e-03,-1.939374094821610852e-03,-2.137616191856323098e-03,-1.420384302009830135e-03,-2.929630420240685040e-03,-2.224454956363493448e-03,-2.656349750674254218e-03,-2.603231459522582433e-03,-3.175889085441440697e-03,-2.467323764356024220e-03,-2.999601477405161587e-03,-1.952292142775951438e-03,-2.577506411849526946e-03,-1.885893201738143583e-03,-2.207451124937832680e-03,-2.185808276030123259e-03,-1.691730973926737231e-03,-2.165192699304181647e-03,-1.583620971339854246e-03,-1.566934443391154817e-03,-1.300546762494887189e-03,-1.700583925172526349e-03,-1.416201296945960404e-03,-1.847376912404544245e-03,-1.800603665156982674e-03,-1.297468497109761530e-03,-1.687417235851672911e-03,-1.249845933286795364e-03,-1.966079712735605261e-03,-1.249251881014834271e-03,-1.606343027090254613e-03,-1.953156792730889341e-03,-9.679470837325696323e-04,-1.371765710683053689e-03,-1.359400875856162962e-03,-1.430380068104451742e-03,-1.811591356588456011e-03,-1.337325654450325632e-03,-1.454485427588708734e-03,-2.829459508076380761e-03,-2.159739568596951136e-03,-2.383932469145348503e-03,-1.738243930617202216e-03,-3.592250635211787207e-03,-1.987105823249081613e-03,-4.021871915560237647e-03,-4.698499999999974398e-03,-4.057143314801142653e-03,-8.832603049245359161e-03,8.351479365079897063e-04,-5.683898742492462207e-03,-4.116828837983948185e-03,-8.358396747242764768e-03,-6.171743992442523495e-03,1.385365083715809839e-02
9.457021412485927710e-04,8.308252658210915804e-04,1.624709558859202627e-03,1.720998359971409510e-03,2.290008650949058172e-03,2.374509183632116799e-03,2.822083491382710967e-03,2.636163120427093606e-03,1.526669966276905741e-03,2.407825470743048864e-03,1.980173673052087590e-03,1.913026928541855564e-03,3.051619025755754073e-03,1.595333794810969638e-03,1.314928999961844161e-03,2.339083097186893184e-04,1.324951970470139139e-03,1.966327526354107354e-03,8.440491725374499668e-04,1.574030251441059947e-03,2.295071541642720349e-03,1.037331836317249021e-03,1.931554657898129190e-04,3.576706413008886015e-03,1.714278866982177959e-03,9.001003685976308568e-04,4.227331650645879159e-03,2.180591119417253816e-03,3.303995651124297384e-03,2.639237484489470251e-03,3.069194480158649301e-03,2.461703258350284289e-03,3.331816697150204783e-03,3.462882363077420152e-03,2.131175097305735427e-03,3.257854158174308418e-03,3.868909888113100659e-03,2.460681231293432910e-03,2.730695553149604677e-03,2.888163823465714902e-03,2.132743533504642252e-03,1.477255659157166367e-03,3.015221182914920410e-03,2.090949002271362284e-03,1.102281380081824615e-03,1.948905564438602536e-03,2.031551745251004935e-03,-2.445201913359914539e-04,1.937155012599158562e-03,2.779303813146593086e-05,4.110071180755607394e-03,-2.734368821930878435e-03,-6.613713102620850199e-04,-9.112987804655890223e-04,-4.752799046379199352e-03,2.597015342584242485e-03,-1.500764139572868154e-03,-3.129666739508672312e-03,-4.086429113877643356e-03,3.501947145575495281e-03
1.714546936926492071e-03,6.946079460571578240e-04,1.038681163905226480e-03,1.593271637942587698e-03,1.958548255890662018e-03,2.063914806466576705e-03,2.294870296141149433e-03,2.749495661457971966e-03,2.545489267777777988e-03,1.743983928238412731e-03,2.370279070243310176e-03,1.945529636118995898e-03,1.880836295679932241e-03,2.984966104431333294e-03,1.541672901828432685e-03,1.331522684350838499e-03,2.164389728851372555e-04,1.364914166534610378e-03,2.077189804416145359e-03,5.184411400608053121e-04,1.943289734297816516e-03,2.114889936801408153e-03,9.413273818960901044e-04,7.137185580064060687e-04,2.919896902985039989e-03,2.065469955780773435e-03,7.919602323866322627e-04,3.660651096198716103e-03,2.615782969420052569e-03,3.588023106468502931e-03,2.081500870037682107e-03,3.152616508088453267e-03,2.747187671816313410e-03,3.528735942275524392e-03,3.508089540700041857e-03,2.247902937811443059e-03,2.385631004656449308e-03,3.667457820639615992e-03,3.043543648358384025e-03,1.841586271935892949e-03,4.182421789785823948e-03,1.140667863407826728e-03,2.127154863233022414e-03,2.559390949155720962e-03,1.761249931274869174e-03,1.426545915005034831e-03,2.126074791701638642e-03,1.979311755719281949e-03,2.665036293899511466e-04,1.943607639241699261e-03,-1.021370267521125438e-03,5.803005905993398328e-03,-5.975344343664856610e-03,-8.668615000375235607e-04,1.349639620926119683e-03,-5.388647385259176872e-03,3.090630253548802640e-03,-5.383479083160319818e-03,-4.576757769941010561e-04,8.119646065599585988e-03
2.029350220836306947e-04,1.782700701056094596e-03,7.895607073183953922e-04,8.604971887417736187e-04,1.559067558432745059e-03,1.859617565532285539e-03,2.111831308864925167e-03,2.438204986831356887e-03,2.775285530942416500e-03,2.507404332055745283e-03,1.645489915787127968e-03,2.362993053064248172e-03,1.680476657547349444e-03,2.070987440253901305e-03,2.853046048337290041e-03,1.798008099853706495e-03,1.111273762136751790e-03,3.763992580421404157e-04,1.348837108706188882e-03,2.075026494021364829e-03,2.017574505411293877e-04,1.833215593292833933e-03,2.440672681816801002e-03,8.348870063612126406e-04,2.466450536179211187e-04,3.679126898661181939e-03,1.998083430955789174e-03,8.391037740555972943e-04,3.543705168767403123e-03,2.256483136910833031e-03,3.182927953072369181e-03,2.808639377310347823e-03,3.247135777636889296e-03,2.753311687049217471e-03,2.953828399322887179e-03,3.419680612596770648e-03,2.095947407818550545e-03,3.018840132667678991e-03,3.710918591161099789e-03,2.997329940428412626e-03,2.156591746241175861e-03,3.651944953468022267e-03,1.888252315515038127e-03,1.247373496955511436e-03,3.375637870985340617e-03,1.626800228345427713e-03,1.030924589731471459e-03,2.837466927575978994e-03,8.423739130434422778e-04,4.508842586550903218e-04,1.837251133954799108e-03,-6.830391294513135777e-04,4.511592000902586198e-03,-3.287266554642466129e-03,-2.877143777583556546e-03,5.847671526416122747e-04,-5.644268341900183540e-03,1.503542965224358846e-03,-6.576755061083222782e-04,5.627046526446873205e-03
-3.736211283454938257e-04,3.602039824596356930e-04,1.521447403224654611e-03,8.436322995583188811e-04,7.263093746599829032e-04,1.704982465859015278e-03,1.869303100267067762e-03,2.206079645001790372e-03,2.215764478389199189e-03,2.670177682127559873e-03,2.432920308705610862e-03,1.710783115172949311e-03,2.356315000126104307e-03,2.090713374329254345e-03,1.815902514053864244e-03,2.820086306017067883e-03,1.776878961649536659e-03,8.962115579047746266e-04,6.735671960311784019e-04,1.005867250840156938e-03,2.247010165638089422e-03,5.641211160227673502e-04,1.419885109210405330e-03,2.764236544467399328e-03,9.136310004539230671e-04,1.344860177397496509e-04,3.352024362377255696e-03,1.300100580158612120e-03,1.437824574047844505e-03,3.821067112846927155e-03,1.805119003931661198e-03,3.772914661825771312e-03,2.314792873081736660e-03,3.528904191175111574e-03,2.512664888930069267e-03,3.206081926744434180e-03,3.272499387013626335e-03,2.089295736981434341e-03,3.254984401995308831e-03,3.788663798526149991e-03,1.915182032394260967e-03,2.829255701189429140e-03,3.235672636870568202e-03,2.204518604404418370e-03,1.706371415797585528e-03,2.496485650694149280e-03,1.785356764228977506e-03,1.275929053150587312e-03,1.031308315921714664e-03,1.970326875170910676e-03,1.292144972670141595e-04,3.294958484203372884e-03,-2.349868000019207908e-03,6.848995337924743826e-03,-6.406943701149680863e-03,1.498858151985381143e-04,-8.476635167142042120e-04,-7.174457832714096865e-03,2.659520990333286150e-03,3.522626821998022656e-03
-1.837543741183358037e-03,-5.226824906693044569e-04,4.869924625217153199e-04,1.496825835195182784e-03,9.741712831911859089e-04,6.603032005082426015e-04,1.715596369961507398e-03,1.748175481848803295e-03,2.196188988452628301e-03,2.279613787510840605e-03,2.762935956928829363e-03,2.343355672549568211e-03,1.716630764017229279e-03,2.380126346006641511e-03,1.985288814331691472e-03,1.815885420092148289e-03,2.906628895805493228e-03,1.409146058989532669e-03,1.224960260301751489e-03,5.304075416683385388e-04,1.285574244528837982e-03,1.810150743154818886e-03,5.629530280157513285e-04,1.870255067535859204e-03,2.285606290095916829e-03,8.811579076645985721e-04,4.635533430351659856e-04,3.167989796735042052e-03,1.572083298438623801e-03,1.055377399009036670e-03,4.454901367420404691e-03,1.894433217816749934e-03,3.120530699170831739e-03,2.480296477066618304e-03,3.524732986981453636e-03,2.868473812617036885e-03,2.598122390557343429e-03,3.662504611815988083e-03,2.159353662431008625e-03,2.569470447520204402e-03,4.393177046524665043e-03,1.997239876793559243e-03,2.711517488086470206e-03,3.277712560127330702e-03,1.916428180152578587e-03,1.648711882035671251e-03,2.476487942596132530e-03,1.756048934491143175e-03,2.371658237907236025e-03,5.225860252417889248e-04,1.591484505198548140e-03,-2.383162832955914938e-04,1.907085799395526323e-03,-1.611222402335253266e-03,5.387022834288230505e-03,-4.481844808463988916e-03,-2.002780002446685661e-03,9.137568590625888033e-04,-9.347119165245686145e-03,9.256754391061381912e-03
-3.596217029641401823e-03,-2.041267483900017533e-03,-4.554036666459167497e-04,4.757993523663561482e-04,1.451716528630227080e-03,8.502848771793391266e-04,8.840894688842462204e-04,1.627366696900992742e-03,1.816479777025243160e-03,1.994345093598106928e-03,2.277762955344628075e-03,2.905672545306552286e-03,2.391882688353515803e-03,1.681241586585997209e-03,2.319388988504638306e-03,1.762836099047430461e-03,1.978313517010227805e-03,2.976517216203880024e-03,1.578879699913235705e-03,1.250697767456925534e-03,2.740316466098735473e-04,1.275928671661805342e-03,2.064925423286128377e-03,2.439397519763290075e-04,2.189778482194585773e-03,2.122261191286529871e-03,7.470659485716674934e-04,3.439039483832376687e-04,3.129701448801935643e-03,2.266232780094876251e-03,7.520668723411306654e-04,3.994655969427013224e-03,2.287991561106866335e-03,3.535214438098234838e-03,2.099365016826090172e-03,3.026057888495713166e-03,2.596846160693047287e-03,3.603841268730339185e-03,3.244404995525377623e-03,1.236429036146105250e-03,3.698743093765079898e-03,3.223664293981708985e-03,2.922675619670224868e-03,2.181337169682062010e-03,3.856458083961033980e-03,2.212133982988230118e-03,9.893914479477603201e-04,2.305943449064333430e-03,2.468526203986643082e-03,1.579212793851509896e-03,-7.171297089601757742e-04,2.952378476556684599e-03,5.182064633755393331e-04,-3.609870005931411011e-04,-3.615096407728836847e-04,6.197947130314325828e-03,-2.018604730431376639e-03,-8.228886916903398185e-03,1.684579905135890135e-03,4.034782236400119744e-03
-4.072758417824740192e-03,-3.607066585698886010e-03,-1.937503100720983779e-03,-4.538555449150888247e-04,3.669820026278850151e-04,1.518007310767249428e-03,8.446452772402543961e-04,6.996337605443840504e-04,1.794611210272162305e-03,1.826338501446975356e-03,2.046777939671443145e-03,2.319112083057722935e-03,2.772416506545184040e-03,2.496179998737045602e-03,1.650985367379699141e-03,2.128394476514955565e-03,2.148840208207995067e-03,1.735280543053874724e-03,3.000544619961610648e-03,1.829224304431743657e-03,8.025539545648623877e-04,2.749392535202965305e-04,1.321031759957087565e-03,2.267268163839640874e-03,5.727268501748049778e-04,1.699339952435129260e-03,2.317468637250408303e-03,3.198564162513204486e-04,8.828086773825383074e-04,3.225729740636481928e-03,1.844695143648884383e-03,1.165961519189473612e-03,3.670730072920723366e-03,2.739985659138133300e-03,2.918037137230259336e-03,2.130170249087498698e-03,3.430752414509376062e-03,3.323638494752675747e-03,2.590531398383161613e-03,3.229329734677822885e-03,2.602447485586945140e-03,2.846599146217571475e-03,3.597932454640320916e-03,2.294980203026546813e-03,2.276037776850619275e-03,3.778930889581686315e-03,1.714794654367181271e-03,2.002263995951757917e-03,1.045018494813258281e-03,2.743093373932780840e-03,2.019831305563155651e-03,-6.954282547463253765e-04,2.247967907219325726e-03,7.614131611819074030e-04,1.032764022194439463e-03,-2.170194372529236047e-03,7.052919915573320660e-03,-7.412663238405568615e-03,-3.414740739539912258e-03,-1.124657040102825314e-02
-1.721954183234372703e-03,-4.077775561374069255e-03,-3.608054482677489419e-03,-1.882521656561232746e-03,-4.812206468298334868e-04,4.254591362032501150e-04,1.594004679983145956e-03,7.198344545978211176e-04,8.156557591938724643e-04,1.637422205706854251e-03,1.776839691368766816e-03,2.285932034463886674e-03,2.024344729649328774e-03,2.898593123021631600e-03,2.475153544288916790e-03,1.518256232171721030e-03,2.462177144986739050e-03,1.760493157645113887e-03,1.822334965039333274e-03,2.968803609197131436e-03,1.512068609339529881e-03,1.292256503322542372e-03,2.752484290848201021e-04,1.187928653109588100e-03,2.282454180162363493e-03,4.734967067745160909e-04,1.940481445738857042e-03,2.072338822899929146e-03,9.385553877883305151e-04,3.928659285922610412e-05,3.328173651359068487e-03,2.034572134631484897e-03,1.036578401378429430e-03,3.877172329642517620e-03,2.254477113449720495e-03,2.949434578922027848e-03,2.400798793086924687e-03,3.163500409631898793e-03,2.927692627615688555e-03,3.208756535670738343e-03,3.149280212116242067e-03,1.734909091424831438e-03,3.493359251501750983e-03,4.154721186358093996e-03,2.285644342771701518e-03,1.687005780139411940e-03,4.271322976011442812e-03,1.009320568297832153e-03,2.570268822903419570e-03,1.479963623523081629e-03,1.271557182059900341e-03,1.888960898138793663e-03,1.173771800923327328e-03,1.975374369725977491e-03,-1.383972984701934816e-03,9.319348729552861133e-04,-5.129293585575227243e-04,6.722526455199568512e-03,-5.597414898811318117e-03,-3.295429312243143560e-03
-1.113686002274738357e-03,-1.659310888882329065e-03,-4.079894888624359568e-03,-3.617099332463047032e-03,-1.979473581356382995e-03,-5.242607883393100897e-04,5.246092918634631848e-04,1.432738976165277974e-03,8.985324258416985555e-04,6.612141158601828050e-04,1.657266199523112563e-03,1.817172665996591571e-03,2.140239234731826801e-03,2.198914675408550866e-03,2.766031047193657794e-03,2.418715774129269903e-03,1.400966328471368828e-03,2.771879926076103052e-03,1.912887199634297425e-03,1.525417152168182184e-03,2.916320562847447926e-03,1.882917080342421095e-03,8.874222744295167786e-04,2.726884977568531389e-04,1.454748408341911348e-03,1.836917432725493219e-03,1.879506219938303164e-04,2.062942551649706285e-03,2.496733378703762472e-03,7.073194337098922006e-04,4.412857145636707402e-04,3.204582199616892984e-03,1.327191113573373497e-03,1.004468904720054847e-03,4.495495313683164039e-03,1.823710816941255834e-03,3.483191125254665645e-03,2.000298243513133015e-03,3.482620311812320828e-03,3.288815181604321479e-03,3.475920001164840324e-03,3.260273840570883461e-03,1.092469660719287217e-03,3.299975213791498090e-03,3.948765357517924901e-03,2.025009100131555748e-03,2.004746438118190123e-03,4.301727759993130909e-03,1.683382527474547525e-03,6.304907145822127813e-04,2.928894091641677348e-03,7.124110431085311015e-04,2.460441022059584905e-03,-1.111573490164901971e-03,2.737120699999278598e-03,-2.221278090926667812e-03,2.288702976436477778e-03,-3.446975624669274766e-03,9.622178171831091351e-03,-2.457062036937949362e-02
2.131512198896882374e-04,-1.036007353746616014e-03,-1.718628757405815839e-03,-4.121038628397848125e-03,-3.679499932402869895e-03,-2.008247697106144408e-03,-2.977071916663482937e-04,3.946098701237997562e-04,1.417122905748007455e-03,8.758013124495693091e-04,6.875935103239584536e-04,1.773044589931788411e-03,1.695669038857244154e-03,2.143722153503233811e-03,2.019535624031194593e-03,2.934934280793600331e-03,2.398520663748839651e-03,1.599281295783255667e-03,2.255039372594035401e-03,1.641630485050030348e-03,1.993353320245602831e-03,3.174128625693632341e-03,1.566350194028358692e-03,5.940424012727025952e-04,5.054478814696441438e-04,1.475153386192367246e-03,1.959647833850787155e-03,6.039406761214052496e-04,1.713906422426438514e-03,2.078272083884754109e-03,9.193474539219083537e-04,6.183732446498873409e-04,3.581349983110716263e-03,1.108994782092380740e-03,1.389321118491192988e-03,3.719425823395490840e-03,2.466273306912208051e-03,2.974511920606218857e-03,1.910454062197737861e-03,3.488511575774002390e-03,2.999605968493468389e-03,3.301209630786018298e-03,3.486202381776570738e-03,2.000525570882268501e-03,2.464280098634202918e-03,3.526399778430733441e-03,2.387566241664974311e-03,1.625325229047405338e-03,4.505552565363011956e-03,1.906878789130026820e-03,6.664317657101309243e-04,3.680323271304274720e-04,2.978004037135189696e-03,2.890461624583291755e-04,1.229506829626009603e-03,1.747894632914391523e-03,-6.518285949948666568e-04,6.786736338862298275e-04,-2.902746470479505934e-03,-1.380529928520288392e-02
1.241913535133186549e-03,-1.267148338116836675e-06,-9.038985252618294587e-04,-1.710046405922358665e-03,-4.104563738171201556e-03,-3.702033130608429860e-03,-1.903244016847184354e-03,-4.724222107383085965e-04,2.869810300478514774e-04,1.575696692534706359e-03,8.032696682541853959e-04,6.214167386131425053e-04,1.784688597182861524e-03,1.853150912907695859e-03,1.794161838098290050e-03,2.540872093224901332e-03,2.684689331499697570e-03,2.330470829089151784e-03,1.600602974764146801e-03,2.225356890296913397e-03,1.835897990826766083e-03,2.028693880536406625e-03,3.119877847974991941e-03,1.399479358422749077e-03,8.900708087704130213e-04,7.430778965886944290e-04,1.105842313291839412e-03,1.494660073896717824e-03,9.670747772026714196e-04,1.580130101782583566e-03,2.352691409025668440e-03,8.519550379960153484e-04,6.111936753190510066e-04,3.537186756343421376e-03,1.228439389471681692e-03,1.250330742530087998e-03,3.576509843625930683e-03,2.295246005302049083e-03,3.661459552290467420e-03,2.110502602714147465e-03,3.445039547926798552e-03,2.609396744412995593e-03,2.862682523887693283e-03,3.437061731340418716e-03,1.365635887003395455e-03,4.199287566817635695e-03,3.539230382017541712e-03,2.394090263604984389e-03,1.273718574993641748e-03,3.637399807434480315e-03,1.901004378663546891e-03,1.324586641718942951e-03,1.975800021780995189e-03,2.046145065950736273e-03,6.851899141469495460e-04,3.995650117920982228e-04,3.280992255283888691e-04,-1.191029404159024739e-03,2.026362222321740313e-03,-1.423769882143863762e-02
3.147620408135403790e-03,-3.099513639042894477e-03,3.193004389880918070e-03,1.696024730127530236e-03,3.014621000093938626e-03,8.199596178128881405e-03,3.324429788183798015e-03,-3.210545493928196933e-03,4.798563688760876939e-03,5.225095568205190494e-04,9.560064448626883968e-03,6.037609713728979768e-03,7.971026578683657396e-03,3.648950792244711871e-03,-2.752400618262401677e-03,3.178125234269287090e-03,1.335033352044806294e-03,1.875913445225955165e-03,3.389556595701799253e-03,3.992581654420526704e-03,5.946740659455082394e-03,-1.695729974409962643e-03,4.716470389002890180e-03,-1.115821484498892222e-02,7.107754392255282057e-03,5.722899069835163735e-03,7.329944347900545741e-03,-7.361010356099571134e-04,-3.341764540187634747e-03,9.345074684029111220e-03,5.480475329651617912e-03,-7.244027716303167060e-03,3.884278338960152604e-03,1.191042079751008717e-02,-1.619300261864752011e-02,5.057925847850422256e-03,1.363941079803548430e-02,-1.487532727132869804e-02,8.440006956844778654e-03,-7.581002796698348666e-03,1.292689807295678214e-02,-3.934406354354651192e-03,8.400385791516115251e-04,-2.069443164212830203e-03,-3.532393659153464007e-03,8.754755229616172779e-03,-4.280944659356846101e-03,-9.048009605440663836e-03,7.907394928676274651e-03,6.398963617121422674e-04,-3.912235802728258882e-03,-7.179157060523462953e-05,6.977873359308217616e-03,-7.067534103687908402e-03,-6.053218236338072343e-03,-1.203157971863728112e-04,-5.038261562447229891e-03,-2.267831936208967222e-03,9.907936202488065378e-03,-2.002722415820293658e-02
8.684219098233976909e-04,-3.317634846269678977e-04,-1.398977960638789794e-04,-6.786064828840309392e-04,5.237462297861692146e-04,5.660558667088835772e-04,8.619967576382202192e-06,7.743387585428891575e-04,1.466778958243129555e-03,1.734771406105248140e-03,6.772334937605418515e-04,-4.001617942513196101e-06,6.987911994804168157e-04,1.009404954077328413e-03,3.625317816617176954e-04,1.523736989084319962e-04,2.490601859403005955e-04,3.351669531869665543e-04,-2.799325171594541388e-04,-5.452424965550017286e-05,-1.874562473273372288e-04,-3.008843729979825588e-04,-1.254335633007740711e-03,-2.334686304895372826e-04,-8.786588529158047582e-04,-3.162032149711737640e-04,-1.020895790727162285e-04,-1.125672120214695924e-03,-2.701094800577349768e-04,-1.064300723791568087e-04,-4.095609192450677086e-04,-5.257380352645038687e-04,3.114654795501153569e-04,-6.928889157499839918e-04,3.957314007219242535e-04,1.431854310977985370e-04,6.096656368667936884e-04,5.701554662563227543e-04,1.536037800154906822e-03,8.614645867329736662e-04,1.500538885387909301e-03,8.527654815711884287e-04,4.748178564260314288e-04,1.193446824212171086e-03,1.109877603310148583e-03,-7.465465729349286166e-05,2.855828004095535685e-05,-6.688127510039578805e-04,9.492898794405529037e-04,-6.917478018442761332e-04,-1.180068835225630240e-03,1.131743092880245781e-04,-1.843069461827386794e-03,-1.996038999409148647e-03,-1.147650522153892232e-03,-5.256945510360675226e-04,-3.146896400158241767e-03,-4.704644664860259742e-03,2.169370466190050702e-04,-1.690173184076304916e-02
1.867415223912439462e-03,1.835674796748021104e-03,2.323175572519027218e-03,2.204978160228023357e-03,2.053127016129000556e-03,2.970741917556632070e-03,2.381887895581716926e-03,1.938041543026622956e-03,1.642700319009072823e-03,2.365963521346588303e-03,2.299111578357198888e-03,2.568403600598241632e-03,2.550761862330246186e-03,2.392788530668088758e-03,2.295588255728389301e-03,2.507632937831786712e-03,1.564580869179196376e-03,1.682475100656944268e-03,1.067901071286802639e-03,1.585847017080646397e-03,6.143707517328769437e-04,1.784368333465392170e-03,9.196797291049070523e-04,1.877416576964467763e-03,1.756619066602149639e-03,1.235448821062891606e-03,1.112054280352233956e-03,1.284430045974896666e-03,9.986779661016022616e-04,8.828575130753634663e-04,7.199825475384155193e-04,1.044449030660262118e-03,1.348913717402029254e-03,7.253428362086221165e-04,7.232474763171967266e-04,1.784430402982103460e-03,1.145215016626170267e-03,8.368223208789086001e-04,2.042009038089051022e-03,2.704867125446732551e-03,1.738978015179625750e-03,1.857712274526992797e-03,6.517914803483079852e-04,1.328067272388774129e-03,1.591691858292883493e-03,1.120012107174768934e-03,7.007317508478037556e-04,5.568261096043455221e-04,-2.992910550081461277e-04,5.418435284660784836e-04,3.437653778559327401e-04,-5.271120938280782187e-05,3.203837957042733435e-04,-1.227503085982578276e-03,-1.189805487305596425e-03,-1.372190061302842054e-03,-1.502651476151021853e-03,-2.385867874143740748e-03,-2.249303702898763305e-03,-1.638819919257587798e-02
1.815343700134508390e-03,2.059059365310998268e-03,2.062300123876977236e-03,2.447275793596810720e-03,3.229944712478916360e-03,3.707267087765066249e-03,3.438120106954442069e-03,3.301225381398455866e-03,3.483833000918820991e-03,3.844955355055826481e-03,3.132467344783585253e-03,3.071276774229604861e-03,2.186969105317672964e-03,2.980435344288779372e-03,3.376992646128373562e-03,2.637216074548666238e-03,2.875925883034096894e-03,8.448484608185911167e-04,1.747988886897290000e-03,1.920009254974573655e-03,6.564379986455460897e-04,1.383525964841464785e-03,1.614765047434733002e-03,1.164723184941800693e-03,1.984282251548609606e-03,1.272134911580076683e-03,9.788906805590024372e-04,1.131982336333549896e-03,1.385470207209907843e-03,9.582885440596200120e-04,1.211540735485472321e-03,4.190938596033338200e-04,1.224483648100444574e-03,1.195297259489963917e-03,1.435909851985759040e-03,1.244809730905113276e-03,1.415432288116435762e-03,1.896418361737205269e-03,7.427552653060826579e-04,1.900078044832532141e-03,2.096518297001669692e-03,2.658794456782991554e-03,1.989296736197887581e-03,1.654765981735211019e-03,2.932663239074953694e-04,1.863346464142606393e-03,1.255167393432420498e-03,1.047956185847398079e-03,1.876046072984579495e-05,-6.380568994827726526e-05,1.385535490858879389e-03,-1.351060344179722114e-03,-4.428016643550695378e-04,1.410876306411667220e-05,-1.636797985098159243e-03,-3.166360882364832466e-04,-2.982657757282063116e-03,7.897865875202260497e-04,-3.831538688936456712e-03,-7.498350069355867384e-03
8.056927101281308179e-03,8.338111849047242716e-03,8.577470231814956353e-03,6.991966480446856411e-03,6.197191953059556085e-03,5.475372960070663646e-03,3.675580461064887131e-03,1.650797209526051962e-03,5.034043497559785672e-04,2.179110199414145894e-04,-1.879825977124686346e-04,-3.962779183934776956e-04,-2.010796742507038571e-04,1.637364815372858952e-04,-8.075384658188949644e-04,-9.214587764646373774e-04,7.872031534092712259e-05,-2.876922407921298159e-04,-3.257826770656728065e-05,-4.893700093077659689e-04,5.742087140772961424e-05,3.282530359683763109e-04,9.539847797104133737e-05,2.488770478765664224e-04,-1.736797159423432674e-04,-5.731025887440104960e-04,5.725958031156065317e-04,-4.616859966229973811e-04,6.961674585483573026e-05,-4.885135242596630152e-04,-6.821192832540948952e-04,-2.006601091855612744e-04,-4.637186273736196426e-04,2.564465289827260212e-04,-8.546106098519227914e-06,-3.808288232357559793e-04,5.868521205814598678e-04,4.863228077202450960e-04,7.361175454886038309e-04,3.469250016460968225e-04,7.056026538350032270e-04,1.844060035614758443e-04,-2.246467721353764737e-04,-1.208755519269504508e-03,3.950619187587491379e-04,-8.466172865265386357e-04,-5.876175724162331420e-04,-2.381892974285601127e-04,-5.741333530563928235e-04,-1.818017834060835052e-03,-8.281097327513884786e-04,-1.523482403565416159e-03,-9.405482791309912509e-04,-2.425203502081189032e-03,-1.334433088089054600e-03,-4.102997391666511444e-03,-3.834127463481135415e-04,-4.180896419786755622e-03,-3.593175939849674316e-03,1.668429836713627989e-03
3.400035521305334006e-03,1.449994680850987807e-03,1.923624872200029295e-03,1.464236037934595622e-03,2.225093167701854609e-03,2.571987104258642489e-03,2.232703378089765604e-03,2.651678903206516717e-03,2.687165332597288726e-03,2.588469006025182016e-03,2.708729265700948654e-03,2.092239436784096816e-03,2.605783724513118307e-03,2.331445096395624687e-03,2.256590674466717877e-03,2.476899381987441532e-03,2.225768678969274397e-03,1.766715016709923024e-03,1.818748062408662245e-03,1.789807417521375142e-03,1.969648698945419829e-03,1.706525848797387163e-03,1.547905513896412431e-03,2.548309348269931027e-03,1.570672143152775395e-03,2.358042735042754391e-03,1.100084266281427551e-03,1.914060511379864216e-03,1.988555575592024054e-03,1.027061713979910904e-03,8.668459468090306853e-04,1.032066998741045915e-03,1.132802591162730341e-03,1.463328349717562486e-03,1.485755922959032180e-03,8.332344194548026769e-04,1.589681712019904531e-03,1.754953049703889077e-03,1.409138768392763363e-03,1.362076707202981764e-03,1.547863803803076633e-03,1.951096210684255235e-03,2.377241512097981631e-03,2.542752968568086965e-03,1.775701844521147864e-03,2.105076322848101113e-03,6.115664414613602171e-04,1.214521980367019643e-03,6.385354522325541096e-04,-1.064212872035759881e-04,-3.862938911556374388e-05,-1.427926690475621546e-04,-4.576757781640364070e-04,7.810035485027778685e-04,-2.552367656107528381e-03,1.008783713965702180e-05,-4.563114306056386023e-03,8.502456420243702066e-04,-4.526127021696259821e-03,1.065287041057383713e-02
3.316307249694540760e-03,1.907473252389244511e-03,2.448057199057160956e-03,2.502395659432314016e-03,1.817842167751233546e-03,2.356540969982111409e-03,1.323413470608892414e-03,1.239361457161055561e-03,4.972008539005742149e-04,1.715723907337951895e-03,1.055072958274681392e-03,1.253775092770576102e-03,6.783452397627602213e-04,8.996121556927602712e-04,7.973071497408676291e-04,1.294144621822311417e-03,6.362973355930092974e-04,6.328428818839583524e-05,3.016193528693617010e-04,4.105039810879367447e-04,8.181867590503496364e-04,1.167181700757947185e-04,8.776204764351771886e-04,4.095247413106390994e-04,-4.368517233794930068e-04,-7.239172096586879814e-05,4.275299745762025684e-04,1.848374579113149104e-04,1.189030678382268943e-04,3.248741099917518247e-04,5.596812632145399909e-05,6.747011975018853873e-04,1.318312433254437296e-04,5.141118911382072101e-04,1.028764651880592195e-03,5.483747228966555321e-04,1.665015604159375030e-03,-1.987812423006051507e-04,5.809374999999919421e-04,1.398407740473222834e-03,5.135061945144394398e-04,7.219210023786858327e-04,6.978064861012145447e-04,1.791263316631760928e-03,8.837626639440009741e-04,1.315940964451552348e-04,9.050787628865945237e-04,-8.595396648846391919e-04,1.207724886877900626e-03,2.684055247578832405e-05,-4.372788695416510683e-04,1.150782844137703112e-04,-1.457173320409540672e-03,2.984579078006226432e-05,-3.177840104091347873e-03,-1.248979186439213782e-03,-1.194499299342446788e-03,-3.689375437580010800e-03,-3.733286654251946612e-03,2.098090037013299047e-02
2.114335618886622244e-03,3.353159858753149408e-03,4.071048976170535752e-03,4.966669049098871615e-03,5.640476600455027016e-03,5.387724839240284024e-03,4.732360513216131610e-03,4.649098057106125330e-03,4.211705670103086351e-03,3.603879204150990320e-03,2.804026182079024862e-03,2.058346508870241478e-03,1.879896415854670835e-03,1.617214221579681968e-03,1.960273573923189145e-03,2.212977254661365432e-03,1.422567987512421677e-03,1.942553268277810198e-03,1.776010605378705240e-03,1.270859045505052902e-03,1.548247781451286267e-03,1.029615720940606476e-03,1.154435098514105824e-03,5.190997841606689867e-04,1.319212846870443075e-03,1.185134983984909626e-03,7.057276394136407019e-04,7.189818977220676288e-04,5.441818181817794069e-04,9.306541380556122411e-04,3.528265036306099125e-04,4.379723672089883284e-04,2.622172414985455267e-04,2.391344897100291514e-04,1.046056722841439985e-03,-1.800412575515242762e-04,5.813789070806190751e-04,1.492479711922239211e-04,8.884230705577785339e-04,-2.470692045884199245e-04,1.055374705028903947e-03,7.751298733880569161e-04,9.877126993263006093e-04,5.473380776505274705e-04,9.704949032353541545e-04,6.796156660620772145e-05,4.952622092821112832e-04,1.033379670725326910e-03,-4.833612342031694134e-04,-9.158100651450450135e-05,-1.315238460799902562e-04,-4.359140762406368244e-04,-1.981158631258362213e-03,-1.035246481069476221e-03,-1.664779077596332266e-03,-9.478567294707595809e-04,-3.904603361228372715e-03,-1.384313814255775732e-03,-4.184205597938364489e-03,-1.771515311510116295e-03
1.584884816330496202e-02,1.219504920611989840e-02,9.661116033239665335e-03,6.795879317779763770e-03,5.249579520158250551e-03,3.331213658446847362e-03,2.199323941139561672e-03,3.319647189152002335e-04,1.424254868015959201e-04,-6.083995459705541673e-04,-1.327104344791466169e-03,-9.799743783149039190e-04,-6.418630200756455769e-04,-1.419069223887225832e-03,-1.166191533106010307e-03,-6.422472658635940308e-04,-1.878621147715318299e-03,-9.938855248809463395e-04,-1.906657200133680865e-03,-9.685788798510890085e-04,-3.932293838072500186e-04,-4.529365955715033303e-04,-1.179691181863127495e-03,-7.760044639193844134e-04,-4.441048180335348608e-04,-8.056967090126570218e-04,1.441246048741222569e-04,1.069723198382552427e-03,-4.782037886702091792e-04,-1.025531785399902385e-04,-2.509008354523540262e-04,-6.860494383286861635e-04,-6.066340022737095336e-04,2.641448596505127319e-04,-3.136076979685297416e-04,2.748162932493186466e-04,8.603783120839570602e-04,4.950603861500141659e-04,8.556476248061991446e-04,5.008267634422230736e-04,4.016256450130241840e-04,1.324436044619282027e-03,6.955722983257170899e-04,-5.288746895074616840e-04,5.454905597275437569e-04,5.517061327654971701e-05,5.677927564743515988e-04,2.989041964698098660e-05,-3.799142910695332983e-04,-1.110692897843668699e-03,7.197402842173173960e-04,-6.862233572339778787e-04,-8.463513979279862045e-04,-1.516896057794043639e-03,-9.439987954140214698e-04,-7.150195299714589767e-04,-5.094652280858651301e-03,-1.629616584068681621e-03,-8.525965322330847059e-04,-5.312622399435812902e-03
4.573981038021745875e-03,3.436761244559090843e-03,3.611218317972324492e-03,2.809087030716751233e-03,3.026336017081070629e-03,2.321250212122601131e-03,5.803891766003460573e-04,8.515418002834889300e-04,-6.875689173838443193e-05,-1.529196874495732095e-04,5.249440984177693300e-04,2.729384341149315783e-04,1.989185790255477732e-04,-8.523051483007631145e-05,-2.263998925742313349e-04,3.980115223258833728e-04,-1.967773749495407387e-04,3.689918141751129672e-05,7.922877111407603456e-04,2.923830089579783028e-04,1.648508404841350682e-03,9.561633164067598150e-05,1.060079363925759766e-03,1.337246511034046403e-04,4.031098763808145633e-04,1.531293811336777633e-04,4.503685134119116531e-04,-5.227307456170622374e-04,8.983583026245644393e-04,9.042250034174258849e-04,4.421539965479508020e-04,1.099374261584956354e-03,1.013321072363553596e-04,7.876000347838276816e-04,1.650611386282823181e-03,-3.136495252632395250e-04,9.842824425610788817e-04,6.191256311418309559e-04,9.056181624422056983e-04,1.498924654268052065e-03,4.955093365506870471e-04,7.151129419155932178e-04,7.100817919464284594e-04,1.114566707110672093e-03,-9.371258524058181548e-04,1.584640110735201180e-03,-3.203209601833786305e-04,1.347916632556920311e-04,-2.387064854981773199e-04,-5.488845312879060559e-04,-1.206234562027731685e-03,3.115691381605434828e-04,-1.999985880549410427e-03,-1.954028108922131746e-03,-4.269055793990988957e-04,-2.422953530934752586e-03,-6.469795621433486891e-04,-2.165089172868903469e-03,-3.353591371529093899e-03,-3.677894630141121703e-03
-9.725853654615868038e-03,-2.058206066249838873e-02,-4.070300360768523695e-02,-5.115368045625083571e-02,-8.630702054737808548e-02,-1.108101971895952970e-01,-1.044105583107521190e-01,-9.309560432932337259e-02,-7.521935965095209731e-02,-5.716403643862853767e-02,-5.474594568558835417e-02,-2.809738261976773774e-02,-2.037041353861811580e-02,-1.146433033171329226e-02,-6.900355374304093957e-05,4.761791051429270158e-03,4.805310383353149709e-03,1.022155713008187326e-02,2.992403658196087727e-03,1.392017735218285986e-02,-3.815706572540049314e-04,1.423901218596112378e-02,1.340068250237128056e-02,1.449637585914964610e-02,1.504246414725631496e-02,9.355367541454490468e-03,1.368285417182462521e-02,8.751062468848677320e-03,6.714692642458835667e-03,1.541139607805683438e-02,3.433131311595163156e-03,2.285997945195201997e-02,1.688328635046899145e-02,2.077033278542373892e-02,1.549199146234950253e-02,2.232805948066240997e-02,2.154820060823885164e-02,2.212382697717093019e-02,1.854710732703044110e-02,2.747440281526163444e-02,1.228309033280502484e-02,2.351262811107105236e-02,2.250271077366000974e-02,2.151307045589097300e-02,1.985662658163436442e-02,1.050496587862546731e-02,1.027799515155263486e-02,1.115599911934553323e-02,8.939188065460426831e-04,7.474462129031057833e-03,-8.154237995824608481e-03,1.793481165048574832e-03,-1.318042340627929030e-03,-2.068789560085662008e-03,-7.465839911279235387e-03,-9.262515700699783597e-03,-6.048505467800798993e-03,-1.208183982683982798e-02,-1.848189276340455461e-02,-5.759759995665838551e-03
3.864068415703265664e-03,2.610963919179015453e-03,1.428970053316053722e-03,1.168858752137265280e-03,-4.737491161318915724e-04,-1.328436230369980584e-03,-4.446058098126626635e-04,-1.160289288640111924e-03,-7.056717369065934175e-04,8.727238327347242204e-04,1.193950520292881958e-03,1.743472355837247072e-03,1.634162869555981458e-03,1.982292699041945504e-03,1.933635516506900139e-03,1.477676752389488419e-03,1.567013803851796021e-03,1.496399469792044062e-03,2.356088413880205387e-03,2.499899626387233186e-03,2.020623858924028727e-03,2.545445195456730574e-03,2.258287977762251687e-03,1.159123583764045317e-03,1.707833562980828586e-03,1.479082192645005903e-03,1.900993565666051453e-03,1.390618439106728992e-03,1.251554645627253690e-03,1.164871165644133224e-03,1.779034991144607010e-03,1.616158435178052365e-03,9.141472010120576131e-04,2.036949485892710320e-03,8.001909267787528021e-04,8.288533108977904230e-04,2.040964116514745914e-03,1.320102215598137297e-03,1.192750956923208008e-03,1.587897158322064449e-03,1.686361298060962350e-03,1.654530925363554639e-03,9.117340305060015696e-04,1.725871855177852493e-03,3.370549555892040001e-04,1.399318068605470786e-03,1.193563623545927264e-03,-1.256410738928334062e-04,3.083367797082633781e-05,6.631915470063043340e-04,1.442280837858617279e-04,-1.187187568435656539e-03,-7.624014650847128283e-04,-4.995078957033338230e-04,-5.071953205347089081e-04,-1.106631479439155541e-03,-3.543567006937716098e-03,-5.699982871264994968e-04,-2.660027347310865101e-03,-3.537708631378205012e-03
2.571920444824627328e-03,5.139667217071610793e-04,-1.162801901336130064e-03,-1.266736364090073055e-03,-3.041979818365301083e-03,-2.989639539204824552e-03,-5.053350948554670430e-03,-4.070128493840278680e-03,-3.002499914386475878e-03,-2.976775865260065500e-03,-2.513262637768029842e-04,-1.644111696992196130e-03,-1.101283686134483207e-03,-5.141832838353578659e-04,6.361884433602801175e-04,-1.111334682844742185e-03,2.493589564407698795e-04,-2.307766016712477100e-04,3.631899870884931726e-04,3.106748769826027899e-04,5.780856612878441372e-04,9.524126597340038653e-05,3.451374162945545186e-04,2.517669319382054272e-04,-8.433928399111319555e-04,4.353534917827086084e-04,-3.504299408396478093e-04,4.783766084943898329e-05,5.023996022209045991e-04,-3.163652766639884692e-04,7.903211464139936384e-04,-3.812607587632484856e-04,-8.024328923362837802e-05,-2.876149886448579841e-04,8.462280434120138684e-04,-9.712898953035710436e-04,1.144475613246853304e-03,-3.223076297860569798e-05,3.482962033260360215e-04,4.529320231328360529e-04,1.254023286605413390e-03,1.167555322524150424e-03,9.930072941613540360e-05,9.863619155247018919e-04,5.492471877703620792e-04,2.052439949048045370e-04,1.140071723273468557e-03,-1.592479532792282675e-03,3.270014511936080782e-04,-8.182710329577797068e-04,-4.663613899874340183e-05,-2.081919195736839714e-03,-5.219223576930848629e-04,-1.730373430406126432e-03,-1.579682119205347204e-03,-1.459777353971697432e-03,-6.699897177042549255e-04,-4.180442745854662245e-03,-3.256189150165002440e-03,-1.203994426879591035e-03
2.162460941437288967e-03,9.417561392551052502e-04,-1.216569093539879862e-03,-1.833178534073509570e-03,-4.726728065923430262e-03,-5.518058633464817224e-03,-4.620207077993761062e-03,-3.127985748695284382e-03,-3.605126841107866680e-03,-5.736864116276046239e-04,-1.274169475529127920e-03,-7.559595894701420273e-04,4.296938820977173326e-04,-5.172672093484215932e-04,-1.034065584204087999e-05,8.692711799822395264e-04,9.190861172706949475e-04,-3.152474000838759128e-04,8.245314972035191169e-04,1.112383211806140543e-03,7.478372655776392014e-04,8.670445699936717024e-04,9.878657577347452722e-04,9.885788467175885604e-04,1.400452590706027659e-03,8.660511320521184324e-04,-3.432423901765123062e-04,4.741939780240809164e-04,-2.516355754068288524e-05,8.854388529846288951e-04,1.103113315017097010e-03,3.909036630350334060e-04,-1.551623449831064021e-04,4.784830283989312434e-04,5.511435397232370553e-04,3.613074607675481956e-04,1.137010658502748787e-03,1.169381649768446449e-03,1.426081682734506783e-03,1.294440757544991364e-03,1.006128422690705151e-03,2.762229128563411379e-03,6.512711323546854043e-04,1.427253643680721209e-03,1.684672074954266224e-03,-9.439936844881624523e-05,1.670134292123737511e-03,1.317512708274570571e-03,-1.240099382951904061e-03,-1.200687540663567280e-03,8.400730789897586275e-04,-7.066932137244663929e-04,-1.148861420612753330e-03,-9.573444810923122019e-04,-1.844348449089807437e-03,-1.477802534617198233e-03,-1.415619819487990284e-04,-2.773872178618320798e-03,-3.469492651396626545e-03,-2.954218839512115849e-03
