2.953889704192224838e-03,2.511756440354893580e-03,4.485898344754586306e-03,4.299499696487413779e-03,2.379604851657792907e-03,5.979753299925259086e-03,5.620565529710660861e-03,2.186986947867939658e-03,2.085498524311823858e-03,5.228839956730093469e-03,3.001723391330866995e-03,1.729425960897379390e-03,3.655504966887618973e-03,2.466040416157037288e-03,4.896244632443410259e-03,4.946581060938536577e-03,-8.197300038959323644e-04,-4.233012882195422589e-05,2.455586737926802616e-03,6.329787638527096562e-03,5.644210620223191581e-03,-3.332315802479000975e-03,2.359380189468196238e-03,-1.398638186713736277e-02,7.434380252954717050e-03,-2.801722406950848433e-03,1.504046038517060620e-03,-2.139391334250860966e-03,-2.320236295380938719e-03,5.660010968466725259e-03,7.966477494852324936e-04,3.470442631123131852e-03,8.156669810241925708e-03,6.072467875039403579e-03,-3.200533573814633159e-03,6.092208813429837375e-03,5.795474313772380585e-03,2.097108290647541821e-04,2.920302165053925009e-03,1.300192214301391057e-02,8.787642519077931702e-03,-5.365923042400571642e-03,5.818632196509867203e-03,1.651466325423407494e-03,-7.061086944765542980e-03,1.552684388292988223e-02,3.005931464686428540e-03,-2.202985486216446631e-03,-1.280017844804686236e-02,-2.040227357172692390e-03,2.298709958496784889e-03,-1.782808970738960011e-02,1.218484975444644475e-03,-1.357103129083878437e-02,-1.837584284613835023e-02,1.595930011675489313e-02,4.110392041152683730e-03,-5.265144659254403052e-03,-1.513340640224357901e-02,-8.302184156453563946e-02
4.859490209679571612e-03,2.885984570263133882e-03,2.556168067418527947e-03,4.358275748970414330e-03,4.314857656841333995e-03,2.409816795110813082e-03,5.888922681520309364e-03,5.629548294241617026e-03,2.217467955464535057e-03,2.044145059302240018e-03,5.080973989513568219e-03,3.126106221470244077e-03,1.774812836641549837e-03,3.599701267281246470e-03,2.355920227657151873e-03,5.090700010433235959e-03,4.933361578471585560e-03,-1.020681925938381586e-03,-1.961296231376704092e-05,2.438682558608509018e-03,6.412909087239313487e-03,5.637864432609779840e-03,-3.678043826500511024e-03,2.365694086197910138e-03,-1.405650716740680824e-02,7.585426603589163173e-03,-2.840740217501795672e-03,1.432405913538838419e-03,-2.237183567652372817e-03,-2.137607614512134456e-03,5.405900482339477328e-03,7.746563169595933147e-04,3.660109053230623834e-03,8.230229078862385736e-03,5.819366740827904526e-03,-3.208904898788630163e-03,5.768314490392396042e-03,6.281999252742970566e-03,-2.131463437274243940e-04,2.839967881991737123e-03,1.340571035662825768e-02,8.589859103252240127e-03,-5.557031715292778604e-03,5.503128088413951867e-03,1.775829255191466952e-03,-7.078245810477270736e-03,1.589460392789693657e-02,2.868852019058369760e-03,-3.092126260966263519e-03,-1.273453493627252006e-02,-1.919930252578062229e-03,1.835557366350901035e-03,-1.897369917135973555e-02,9.601958351672267760e-04,-1.424349160921788496e-02,-1.970676492166613739e-02,1.688540293996466587e-02,4.499491523621562336e-03,-7.152407916089077375e-03,-2.447664720474647046e-02
2.912957409454446350e-03,4.859795087738807626e-03,2.955680490516214912e-03,2.565899577480843050e-03,4.345209828441627849e-03,4.222112408614091435e-03,2.467903993089483935e-03,5.721144745582000708e-03,5.653152192046662257e-03,2.202331068410337805e-03,2.145768131233424456e-03,5.027534468957428615e-03,3.039977252504481430e-03,1.753885163042421961e-03,3.677791996875463820e-03,2.309738216168045685e-03,5.036407259554011653e-03,4.959813337658855285e-03,-9.896029960386925131e-04,-1.043987081158635522e-04,2.367008906648517853e-03,6.450849250611107207e-03,5.483055625588672578e-03,-3.530674944902994529e-03,2.531592082724800144e-03,-1.458999581617306633e-02,7.653884033004056640e-03,-2.695379811320957383e-03,1.005161285422142810e-03,-2.030882770870875292e-03,-2.186825984875965384e-03,5.521249419849083226e-03,7.861370401356247619e-04,3.338223283420304124e-03,7.900995852768839117e-03,6.127707866912691405e-03,-2.810273082333800652e-03,5.353676064957739629e-03,6.139973849235818779e-03,7.025483025523760253e-05,2.986851286321786595e-03,1.265281826850674085e-02,8.441163552581881085e-03,-5.696332738471189712e-03,5.379339258574348907e-03,1.336958802705735068e-03,-6.053815257940987730e-03,1.464274077719729915e-02,2.748995119647663042e-03,-3.495904903885094141e-03,-1.359364428094272242e-02,-1.540204419098722185e-03,1.617051913949275411e-03,-2.092547749833261958e-02,1.583330728782436723e-03,-1.748156823723669151e-02,-1.874169324673214190e-02,1.738344820595678908e-02,4.871534172170857713e-03,9.450230091276408395e-02
3.246119001130334109e-03,3.044574768742293758e-03,4.717521196988298630e-03,3.078983394542449473e-03,2.473649301524105670e-03,4.341981754676936360e-03,4.239360472757222435e-03,2.388082739811222838e-03,5.781177957893715927e-03,5.580448071575400126e-03,2.215559707715208243e-03,2.037670240767280785e-03,5.164806799039881220e-03,2.909127905080281188e-03,1.768733867175106660e-03,3.622744280355106976e-03,2.450404168060791189e-03,4.826564486667122601e-03,4.996536899714579087e-03,-1.028483142952660735e-03,-3.196500436582447752e-05,2.285093419854867646e-03,6.401226012785506472e-03,5.708069597992677588e-03,-3.662004248234899170e-03,2.526348007866374527e-03,-1.495367877145132619e-02,7.759742609179403998e-03,-2.962957496782941177e-03,1.232136938092211111e-03,-2.294924119615673972e-03,-2.151054389695712232e-03,5.479170785861204457e-03,9.144923640035373122e-04,3.379119020119353105e-03,7.958804768327309639e-03,5.997750487571673617e-03,-2.822086177426128169e-03,5.509476745963179378e-03,5.932397408609604329e-03,3.907636744246942317e-04,2.504555154362262878e-03,1.277800255451829771e-02,8.582967585473340322e-03,-6.028448608300943957e-03,5.725437348688903159e-03,6.685092536455129785e-04,-6.955923429831005131e-03,1.544279672900491195e-02,2.527637357801811296e-03,-3.051462598520234687e-03,-1.439821564247277530e-02,-1.123797296305960617e-03,9.351223824281859436e-04,-2.143704700094078985e-02,1.644669650931241713e-03,-1.804095022817640837e-02,-2.400355270638918417e-02,2.153357315200707042e-02,-3.301908985507466532e-02
3.913745539815977233e-03,3.225988762314440685e-03,2.935854199665679717e-03,4.852883075431865291e-03,2.952593579038075618e-03,2.429883112672005709e-03,4.415906364321598755e-03,4.217520840076731045e-03,2.311021636655046299e-03,5.802383550229688568e-03,5.577861267551893765e-03,2.116781759156719130e-03,2.210182867280752195e-03,5.005626582471872817e-03,2.970865597090207189e-03,1.869550649757198337e-03,3.408313675372002735e-03,2.496844874838887764e-03,4.845522290916627270e-03,4.920616027389833509e-03,-9.811084304902181925e-04,2.210372955608758477e-05,2.366289437494130052e-03,6.244376018859417767e-03,5.500297711004209847e-03,-3.754223472693033262e-03,2.735800795108936194e-03,-1.536216057605046571e-02,7.757947404087355003e-03,-3.199551469507770033e-03,1.597431987585347987e-03,-2.296472489950057011e-03,-2.146317554128019962e-03,5.418906424415711152e-03,8.977149658759952643e-04,3.345756921101746169e-03,7.993162463407565629e-03,5.935908465221239293e-03,-3.328615355641508910e-03,5.894456079087126779e-03,5.598369944157212223e-03,1.429450371731496032e-04,2.666196817498912332e-03,1.314335802290880935e-02,8.275238999632407097e-03,-6.398475330289864725e-03,5.863292757651282841e-03,4.485563239420732183e-04,-6.972958782880496996e-03,1.571773225888918601e-02,2.324458663184027392e-03,-3.628161296808670062e-03,-1.679056784163921248e-02,2.025686647423057858e-05,5.462602568814141617e-04,-2.318302653631668792e-02,2.365356161567399966e-03,-1.958900359496566768e-02,-2.477550172938374970e-02,6.893266228115456362e-02
1.810684839247704439e-03,3.864148564739422302e-03,3.272125777128330297e-03,3.016485706105092972e-03,4.627105156460777774e-03,2.983426803530453940e-03,2.528345252439720154e-03,4.325071860994373664e-03,4.174831942497945515e-03,2.358630920709735464e-03,5.767669936372532037e-03,5.550458190077266728e-03,2.237864659996684040e-03,1.988218837376477550e-03,5.045059535822482046e-03,3.100187301680646518e-03,1.755536903506060798e-03,3.602251295261532562e-03,2.243558782663074205e-03,4.868700485653116791e-03,4.916279882658159198e-03,-9.700464852432999843e-04,-4.414598216207630323e-05,2.318778698224853007e-03,6.337347305176304485e-03,5.285438691199151676e-03,-3.626069146902508381e-03,2.593039036398141987e-03,-1.547181958955224680e-02,7.585441833368435083e-03,-2.855831206206579671e-03,1.318745734857415660e-03,-2.232753296364729714e-03,-2.355313816134667164e-03,5.647045603576643369e-03,6.098172024376612719e-04,3.528169343567998106e-03,7.895919489136883282e-03,5.582163836017572239e-03,-2.744936922288267796e-03,5.246255737704985656e-03,6.118938164320246627e-03,-2.740412474190320811e-04,3.101664477250215980e-03,1.287024245499534050e-02,8.000057559681663516e-03,-7.038130792198890769e-03,6.505256715190818953e-03,1.882038273473439960e-04,-8.012002417323150702e-03,1.649207019215068182e-02,2.546661925629060356e-03,-4.548618703568795170e-03,-1.626840520287553549e-02,-2.003722392288890489e-03,2.551332037949701013e-03,-2.911375400729579455e-02,5.158272776392252776e-03,-2.264385751915707137e-02,-2.856474349626639958e-02
1.008584265722119004e-02,1.218468706635151763e-02,7.567674835719089346e-03,7.474377111692864957e-03,8.052540477964909363e-03,5.149027552178067624e-03,7.961755556924561203e-03,1.056095548262320737e-02,8.702352491062673168e-03,9.747384753826620479e-03,6.346542737797836869e-03,6.430521126811475190e-03,5.410049506880170757e-03,5.839028236100719284e-03,5.444246818162718805e-03,2.439671079524818615e-03,4.372320451595571554e-03,5.882360022149227437e-03,2.971640596885816491e-04,3.177790238157348658e-03,1.839867827488670489e-03,9.746328501705243605e-03,5.799818536915022846e-03,5.474049985276740983e-04,-2.566309545072628651e-03,-3.896854133398627591e-03,1.631634467050546320e-03,1.666854073126376387e-02,3.093322797861932250e-03,1.639634205944956805e-02,-1.549736263523803989e-02,8.699052031946633359e-03,6.841603348503162664e-04,9.627702745849127386e-03,1.761482308515904967e-04,-4.088273959407175140e-03,2.807004053523497796e-03,2.801197147338006007e-03,-3.325491185989193853e-04,3.581097707894131867e-03,-2.915458541724816593e-03,2.436532418155207443e-03,-5.457863790590169149e-03,3.209271057813227815e-03,-1.346794398193854308e-03,-7.749691489361716472e-03,-2.467949047263189553e-03,9.638978221999218790e-03,-8.467017587560875247e-03,5.388044843983801936e-03,-1.910734500744418673e-03,7.421677190545796160e-04,-7.083152187646781471e-03,1.516057494866533293e-03,6.163256104946734232e-03,-2.694930531869763838e-03,-1.911110588628835930e-03,1.385743781471564934e-02,-1.016404097929381016e-02,1.289781223249342468e-01
1.249969470812769233e-02,1.012480284552818785e-02,1.191718081070551778e-02,7.495316062992717077e-03,7.420039537984615859e-03,8.127345236365254855e-03,5.015219276493550725e-03,7.950275125085995084e-03,1.029381931314037220e-02,8.760542719033268325e-03,9.658537955749718976e-03,6.175046087300017916e-03,6.580136604385843774e-03,5.273490265441389824e-03,5.880245899473351794e-03,5.333267704020575387e-03,2.489531333436761397e-03,4.353466975505554219e-03,5.748155976196205920e-03,2.720158673958024994e-04,3.180008971201427233e-03,1.884712204750404758e-03,9.523364818836517129e-03,5.830559701158056010e-03,5.511653167391389850e-04,-2.656606012687954578e-03,-3.736904771690370119e-03,1.629866159311194008e-03,1.632220246248901677e-02,2.996710730655616391e-03,1.636085194304716037e-02,-1.595683516166297722e-02,8.336647518107549032e-03,1.181363925901030053e-03,9.643049333971184800e-03,-1.989093566252982917e-04,-3.757911275187105805e-03,2.476532720499972223e-03,2.905353451765171988e-03,-4.770601806747939901e-04,3.968614857410344629e-03,-3.243011302891482799e-03,2.335076961938646525e-03,-5.597060438209891173e-03,3.591923650225598529e-03,-1.725792929128330128e-03,-8.364703273834390301e-03,-1.799346888726193177e-03,8.515276794017557008e-03,-8.875983401750931617e-03,5.842856082937404778e-03,-1.843733521214612229e-03,-7.695521703280442652e-04,-7.145224025219904657e-03,2.280049824531411168e-03,7.471679266364091541e-03,-4.113343582371154980e-03,-1.503021978536683975e-03,1.100639365067718201e-02,-1.923925647112223192e-01
8.781674707785095887e-03,1.245354190561574065e-02,9.939615188789661590e-03,1.182597473795738048e-02,7.486861240356846442e-03,7.316017033618533484e-03,7.986953620637509896e-03,5.050360347954227329e-03,7.814258266935472999e-03,1.034998388883976751e-02,8.677155451986173079e-03,9.482111496218293550e-03,6.203920988233734349e-03,6.495648533210266438e-03,5.256502158881538704e-03,5.800503115401526265e-03,5.336979982258175347e-03,2.540741750146693900e-03,4.283522460741169720e-03,5.796913001327298406e-03,2.850236039267224587e-04,3.105409725419245454e-03,1.920268188168948887e-03,9.619806055511548326e-03,5.622625859033735657e-03,6.101041648529151578e-04,-2.700926662704110533e-03,-3.818466428858246185e-03,1.600219810293748712e-03,1.596255835646200397e-02,3.193328467672686653e-03,1.608686720082272079e-02,-1.615643823090654602e-02,8.480888947103155245e-03,7.258566495194906931e-04,9.438664819087552380e-03,1.039138060567662076e-04,-3.872066266207273635e-03,2.362163804294143028e-03,2.987241028283581928e-03,-6.654915370400231716e-04,3.868486050036862214e-03,-3.311802510266150489e-03,2.243108663930342295e-03,-5.338116531641123007e-03,2.755809948907422813e-03,-8.507658314894529913e-04,-8.877606780622618321e-03,-2.064775331603531123e-03,8.626779359302337233e-03,-8.089565760094383218e-03,5.635378903374177462e-03,-2.096606290300480693e-03,-4.056518324100163325e-04,-8.890538037761594112e-03,1.826020694802694792e-03,5.092451868680725018e-03,-2.549117630236043524e-03,-1.068943623552664297e-03,1.890090034337253422e-01
8.648825675732815799e-03,8.623252713013332058e-03,1.238546687433613597e-02,9.743397364500749891e-03,1.172813003602792524e-02,7.563112547784712862e-03,7.240460580493253070e-03,7.973683091313570059e-03,4.949090090476620726e-03,7.763028140382796476e-03,1.016329318837495485e-02,8.618981894504336438e-03,9.467878065865107523e-03,6.072553701509939179e-03,6.433608549562309237e-03,5.380453128867875891e-03,5.791857865199991594e-03,5.276188045466550028e-03,2.429397342505181141e-03,4.272982546212377233e-03,5.772744227495214299e-03,2.884657996525376105e-04,3.194044652503893848e-03,1.857330621174723556e-03,9.483282590700926537e-03,5.694695146529336893e-03,5.696394372851650402e-04,-2.838937344688899096e-03,-3.729143729673903198e-03,1.416382295083768719e-03,1.608463866883137403e-02,2.743815078236181565e-03,1.591307553454345339e-02,-1.619508950919620535e-02,8.176075832976617899e-03,9.379920974962058927e-04,9.584258708658623116e-03,-1.487264010597647566e-04,-3.990100051255279431e-03,2.609728281205753956e-03,2.764051097133839174e-03,-2.953017982561158142e-04,3.558599041371113530e-03,-3.564053846963868583e-03,2.489937712475158525e-03,-5.546490651758215380e-03,2.615736660499203958e-03,-8.080181834660407278e-04,-8.753668871328466883e-03,-2.773545085208209936e-03,8.401321190524925486e-03,-8.486177298853724016e-03,5.259148787271059056e-03,-2.851547201755134150e-03,5.597384423193075371e-04,-8.053374578796254277e-03,1.090099336274553748e-04,7.855815606348490882e-03,-5.041972673072225158e-03,4.300530538280641912e-02
7.110703346507468020e-03,8.608086027161305359e-03,8.657409709823957883e-03,1.215239148460184847e-02,9.629316261430209689e-03,1.156223355412211440e-02,7.399308964277991063e-03,7.274505006311837892e-03,7.847780160438766819e-03,4.981557059276048652e-03,7.751035757357787465e-03,1.011233351970759926e-02,8.422535018856933467e-03,9.294534275602801127e-03,6.235420439081799764e-03,6.403203348982851838e-03,5.173611358165405155e-03,5.762501443372218014e-03,5.248033827748415855e-03,2.514894595997548780e-03,4.256386312577058011e-03,5.668391246445883720e-03,3.716979021518633476e-04,2.983554748268251421e-03,2.047364465080055065e-03,9.433286751936867734e-03,5.588029354093007953e-03,6.347824495144254332e-04,-2.824035833132053711e-03,-3.845056445735716907e-03,1.455486234286436148e-03,1.596254163918633950e-02,2.730097879129662203e-03,1.566600519818096143e-02,-1.666598892396128212e-02,8.252164733972446389e-03,9.448773461678217295e-04,9.327302122548909377e-03,-2.121042386613320851e-04,-3.987827817118266491e-03,2.807799175411724354e-03,2.514165555421069443e-03,-3.182749964388585716e-04,3.663555532550293991e-03,-3.397645376295440906e-03,2.065651507898369574e-03,-5.917443588273328149e-03,2.083302693793339169e-03,-7.999255631774269439e-04,-8.892362455551626813e-03,-2.800530701919993776e-03,9.381216705666743302e-03,-9.924029941607463018e-03,6.377599473195143080e-03,-4.071611503671206458e-03,-1.843458256619308453e-04,-1.048886018666946723e-02,2.013750903944390176e-03,7.119542953767947838e-03,-2.179617785886943382e-02
8.145733031680386232e-03,7.098384677550273816e-03,8.460900702636138873e-03,8.584883366730756624e-03,1.204206758953481511e-02,9.640618039262541239e-03,1.129854048127675731e-02,7.513903539487062390e-03,7.180565638244234238e-03,7.720646143563311692e-03,5.028444089315089148e-03,7.670074959193976666e-03,9.967292763196791347e-03,8.400452738495435903e-03,9.305020594872537298e-03,6.124499601464038559e-03,6.328474923857437331e-03,5.122829035848177476e-03,5.706883259729226242e-03,5.335021514950395380e-03,2.414651452969662510e-03,4.319894022908791521e-03,5.539711795840760594e-03,4.345936590132606740e-04,3.159163150236104795e-03,1.686396523943415292e-03,9.391156353227805842e-03,5.679471390719076189e-03,4.037123041692645639e-04,-2.773640412478051240e-03,-3.669496786667743923e-03,1.470702108654309672e-03,1.568529415363617563e-02,2.663414914128708726e-03,1.554265121986911878e-02,-1.719003064225179886e-02,8.464078835868629400e-03,6.965359610408059345e-04,9.356999065864398529e-03,-2.461811167649217264e-04,-3.705934133170864231e-03,2.067483964387164912e-03,2.884057474431292196e-03,-5.640444208784183618e-04,3.921558251971493485e-03,-3.874303731835376970e-03,2.512426140011571676e-03,-6.315791396804929479e-03,2.801593187908376584e-03,-1.987610558103103560e-03,-8.688731198462407851e-03,-2.894132289900436771e-03,8.888309570244386920e-03,-1.067968457944752300e-02,6.011265184595411017e-03,-3.518827234715346097e-03,-1.870381969547181859e-03,-9.205173027961581489e-03,1.034102030747551058e-03,7.365439921474935259e-02
7.722661174888866865e-03,8.028172520748928440e-03,7.068074948539936411e-03,8.405220579494799074e-03,8.512706363500315010e-03,1.185108673550882598e-02,9.601456127616689318e-03,1.127283122806904334e-02,7.280222247960739870e-03,7.132819920307387034e-03,7.769443635791926060e-03,4.991189063039218853e-03,7.538500052633194740e-03,9.894762186487587180e-03,8.428703612114540542e-03,9.184624451835500178e-03,6.082644007639548614e-03,6.254496381885141579e-03,5.189094971400705532e-03,5.692841239311325664e-03,5.081284748323391248e-03,2.490464550494814189e-03,4.327787084446553523e-03,5.474328191724116277e-03,4.542686045060026771e-04,3.066266716454296715e-03,2.021297450341393541e-03,9.148439048283770608e-03,5.455457039345659905e-03,6.203333129100965272e-04,-2.821232260181737606e-03,-3.656078266540936129e-03,1.505223203745632973e-03,1.513676320333600701e-02,2.929116853347752108e-03,1.512721106482565331e-02,-1.752492431198173287e-02,8.532747781910531362e-03,8.210688588928862766e-04,8.954678407056432601e-03,7.828113790482754979e-05,-4.124192083912040993e-03,2.517542159399455658e-03,3.199434020151728075e-03,-1.190864859138257527e-03,3.775956156335380856e-03,-4.089228728724667722e-03,2.377815153332646196e-03,-6.276871392236130567e-03,2.285301425288586465e-03,-8.320869784364067672e-04,-1.039679295663526945e-02,-2.356752517801275967e-03,7.872683476263617197e-03,-9.835392202722094412e-03,6.236784154046259680e-03,-3.267550611142506535e-03,-1.934650409718210529e-03,-1.069324125450278433e-02,4.680714086666996898e-02
7.541650223909473864e-03,7.712747253119500886e-03,8.062525387501181390e-03,6.956616086954294127e-03,8.252989215751774590e-03,8.536339584807543096e-03,1.166589025806702255e-02,9.491262177954663468e-03,1.113169806951790942e-02,7.302093355755712167e-03,7.076225659934497897e-03,7.720303775700279592e-03,4.865455291854590275e-03,7.561125525481001731e-03,9.854462990998413136e-03,8.237260520821061346e-03,9.215542727069862827e-03,5.932274124531135805e-03,6.266356509834819163e-03,5.185345584985058716e-03,5.629086816459295296e-03,5.198507269469661643e-03,2.437923779399334395e-03,4.086339486136097120e-03,5.666749059212869422e-03,3.163051008110964106e-04,3.066480652275489598e-03,1.895274460427399509e-03,9.233545191741262745e-03,5.456534881077704582e-03,5.493824208329337738e-04,-2.714420035079729426e-03,-3.847897337993590444e-03,1.511160488597942811e-03,1.513812766249698905e-02,2.890765178517323321e-03,1.510585500064675658e-02,-1.802717267533496259e-02,8.325896350022109552e-03,5.998259369326252449e-04,9.145861274045282915e-03,7.742230677324031995e-05,-4.174391520903326935e-03,2.504482488282216025e-03,2.334961194569475963e-03,1.251963308695316413e-04,2.675380168730892311e-03,-3.444548997155552975e-03,1.789996889312481590e-03,-7.823809914436158017e-03,4.240124517320894952e-03,-2.320975866431583892e-03,-9.805283461482731944e-03,-3.359920641186810858e-03,9.390365227344718915e-03,-1.188696064656197433e-02,5.675032810927239414e-03,-5.096426170068329466e-03,3.714289326315002213e-04,-5.548105978760747847e-02
5.485033740971032197e-03,7.428772774454982068e-03,7.620445938669890944e-03,7.939412870918994766e-03,6.918496161707842970e-03,8.305298767611065877e-03,8.315337168460291625e-03,1.165077577191383530e-02,9.444961536904512150e-03,1.096872870756462372e-02,7.240340399365851644e-03,7.016538219322175120e-03,7.576937349987182199e-03,4.968878593962328463e-03,7.474736914494579942e-03,9.703911680076924423e-03,8.214847165553320132e-03,9.017741117472732187e-03,6.043689866077821965e-03,6.277313732369215263e-03,5.130242305631580943e-03,5.490809365502008141e-03,5.233295244166267721e-03,2.420633030966360712e-03,4.041991715908670006e-03,5.540041975446672977e-03,5.150142131759413624e-04,2.993850961482761620e-03,1.970485474330097454e-03,9.001240463924043908e-03,5.647057594070291689e-03,3.950585486882419745e-04,-2.624084019634001074e-03,-4.185829430999205361e-03,1.350173888243303430e-03,1.536745811990638047e-02,2.594865154280332886e-03,1.470752653013989927e-02,-1.817536539638365048e-02,8.417291332288226804e-03,6.940471784532960221e-04,9.108458234056438993e-03,-4.242070520388753919e-04,-3.782467832212442049e-03,2.269311165286653272e-03,2.390819382259204082e-03,-3.884126343181306079e-04,3.042072422089249235e-03,-3.960263212018751838e-03,1.925074532813008700e-03,-7.131765513798115144e-03,2.774608237192202100e-03,-1.401413550017367379e-03,-1.090828636633021931e-02,-2.750650026256924036e-03,9.246933921049117766e-03,-1.394796744886989126e-02,7.048933779800021712e-03,-6.034080289373512825e-03,6.969117356720298806e-02
6.081743823587957079e-03,5.390982953885624894e-03,7.467479562990750330e-03,7.506579111980401717e-03,7.963466624975896330e-03,6.882217561285442105e-03,8.188499653018058155e-03,8.283001488752377017e-03,1.151513186899070888e-02,9.274159615860807365e-03,1.094485262362703167e-02,7.156385043098640458e-03,6.955039901700797896e-03,7.587914857332594097e-03,4.905810152262863807e-03,7.414854034490445459e-03,9.579466791022568650e-03,8.102569878502430961e-03,8.977641761112962332e-03,6.092230608616849320e-03,6.193411968510792627e-03,4.972862721143644568e-03,5.640966448144747736e-03,5.179020038186339832e-03,2.258516951762268733e-03,4.342808236102256754e-03,5.532362491401470600e-03,2.089373328681323316e-04,3.003033170700150200e-03,2.090505702993487088e-03,8.928540438485024766e-03,5.499541425841178444e-03,3.605647995118367935e-04,-2.722549560948158472e-03,-4.057786701528951975e-03,1.751496707912679387e-03,1.484676010512653126e-02,2.670487630700610696e-03,1.480543632317064297e-02,-1.878185174371102550e-02,7.876872023970178313e-03,6.611059687679010166e-04,9.142255722076162924e-03,1.180447284835939438e-05,-4.325162500882763668e-03,2.137099899178629067e-03,2.257524086388736778e-03,-4.923775209888045122e-04,3.504713284683660772e-03,-4.479609762023636747e-03,1.990047128347532685e-03,-7.649613844532176382e-03,3.764487796880646494e-03,-2.526099905418680101e-03,-1.263473178596120558e-02,-2.540733012630376660e-03,8.367624607898166422e-03,-1.377101817362853982e-02,6.574874638783931649e-03,1.649467804942667329e-02
3.237234716280976230e-03,6.010802626002021039e-03,5.446446953935854540e-03,7.346297741776548935e-03,7.567590368115594338e-03,7.814510702341253071e-03,6.832615138968092458e-03,8.096917745722990653e-03,8.215053401306730840e-03,1.140511882142431106e-02,9.201262111801245328e-03,1.077808208012541111e-02,7.102334958918604321e-03,6.907367622569588091e-03,7.595770370103878920e-03,4.877635406394745070e-03,7.299077677396311088e-03,9.554841398403703806e-03,8.144146717781007919e-03,8.884633036119186922e-03,5.926270289372057541e-03,6.152356238560916998e-03,5.046987031812194546e-03,5.553966406239735018e-03,5.077536596859227522e-03,2.427276240527960309e-03,4.208844325588088388e-03,5.496111629484394002e-03,3.291802140215641321e-04,2.960869617991924649e-03,1.952303821684137682e-03,9.063225804830345872e-03,5.263987994602968047e-03,4.777721670038008223e-04,-2.746919623270606577e-03,-4.062154871491178813e-03,1.487086316625658945e-03,1.505450301302200047e-02,2.385527892964140698e-03,1.451409472251395487e-02,-1.922915129866917261e-02,8.145034228717307895e-03,8.125423202935367836e-04,8.559269782275195568e-03,-2.586274883074525673e-04,-4.347559753544366634e-03,2.612109191388624612e-03,2.387872571464133044e-03,-6.885242234052104922e-04,3.555553846153786720e-03,-4.932833719008333957e-03,2.019347084175201860e-03,-7.986530984267874167e-03,3.546317022687175274e-03,-2.951667218151668871e-03,-1.197422107877927147e-02,-3.990406030841687872e-03,9.592110891524100250e-03,-1.592344741028721769e-02,1.418141349611710955e-02
7.335701928955136800e-03,8.594113408120974962e-03,1.111166763480225979e-02,1.053914469445256345e-02,1.011962136189594949e-02,9.420594173812597144e-03,6.003109670999200176e-03,5.440309249707065732e-03,3.452039656197433692e-03,3.837034311348191170e-03,2.693149038461560042e-03,2.997148488830428219e-03,3.009473817324745133e-03,1.019195052857054754e-03,7.627108929630111236e-03,6.807725257437126885e-03,1.223956899876743219e-03,8.254958066108010299e-04,1.055043640897809949e-03,2.345197997326490744e-03,1.409108208109926272e-03,1.159156441717875546e-03,1.669655359463205870e-03,7.354787426856194054e-04,8.823772751606257826e-04,3.489172738171070296e-04,7.200706694572752689e-04,1.181300939772244327e-03,5.736963452795159745e-04,8.213082574198499533e-04,9.098831892129691885e-04,5.356536715896598362e-04,6.952102333294201634e-04,-1.695984945384283000e-04,6.776668124818174474e-04,1.078507047205883550e-03,5.335006625139967996e-04,3.732583616897438119e-04,4.568520880402334111e-04,3.201767492370184882e-03,-7.702797327713922727e-05,-2.722054230895070326e-05,9.633768897314109970e-04,4.856452738584206307e-04,-1.617593439379070522e-04,1.706215411453761545e-04,-1.456626644141437166e-03,-8.068727573834333497e-04,-1.428218872314867725e-04,-1.008125452352272083e-03,-2.705884887657812252e-03,-2.069885729515402555e-03,-1.964733178654280363e-03,-2.349994458546431075e-03,-2.966141038012533922e-03,-3.028612240310228718e-03,-3.242236586103961274e-03,-1.220474354719269837e-03,-6.675064045364215506e-03,2.775206776636034156e-02
1.126088159031973270e-02,9.876112714156842429e-03,2.096993618937981196e-02,1.319703862500471586e-02,1.221031780110585357e-02,9.408006993006961388e-03,8.708345493795139475e-03,6.559210453323093687e-03,5.555699522956882540e-03,4.651506220945202802e-03,4.464159372170135517e-03,3.478168446026120349e-03,3.569897080838242611e-03,2.624154545037420648e-03,2.892782915369444298e-03,2.491063742616797441e-03,2.144459541457944488e-03,3.144279828752242437e-03,1.533579064419104358e-03,2.113907375643199211e-03,2.001191762705423378e-03,1.825232707249074176e-03,5.580552607868725749e-03,1.601574249186808914e-03,9.482651475919996048e-04,1.790935844614433307e-03,1.366314111431610884e-03,1.941863920998610328e-03,8.343522169583643703e-04,2.846144363341318942e-03,1.262258296940147861e-03,2.604689628902532358e-03,1.314601133488106080e-03,1.788409919118192281e-03,1.121750964171068206e-03,8.540391274490314851e-04,1.512116781892590151e-03,8.796604372786522973e-04,7.977550069090243862e-04,3.016231376625331043e-03,1.454265114532503648e-03,3.472433828276702897e-04,1.579505679462639943e-03,1.510220630685421691e-03,3.262938726947925308e-04,-6.257856193756107088e-04,7.260445522047303092e-04,2.046132310995946720e-06,-2.127498255029364183e-03,-2.569161109607618915e-04,-5.726906714046760445e-04,-2.492251016678398694e-03,-2.960390411308077684e-03,-2.088636363636325096e-03,-2.928767153445314270e-03,-4.499189769621214641e-03,-1.335406231855934978e-03,-5.204904004141371054e-03,-1.059936710550870350e-03,3.394009611477990379e-02
8.606820664045505484e-03,9.396025879221493043e-03,1.154317119457929676e-02,1.185232154340827744e-02,1.215360509365888408e-02,9.792582930478046371e-03,8.139926195630850514e-03,7.327326180154769032e-03,6.301917737604197968e-03,5.250772440841257500e-03,1.197590894134553836e-02,3.419960034187582119e-03,1.238803783447998269e-02,3.206228846669754041e-03,2.433977169943047410e-03,1.963153807327907251e-03,1.990603849912587868e-03,2.112213655210137386e-03,2.942348600225312173e-03,1.511980964162555358e-03,1.796091023314313247e-03,1.933384710234150369e-03,1.598631362106190182e-03,1.762060901644477585e-03,4.598841844974450215e-04,1.603888421461397394e-03,1.293280894667869253e-03,2.049056278310364826e-03,1.003637500339769331e-03,9.547501277754903617e-04,1.092016471838530610e-03,9.332518985105672316e-04,7.216853701829287031e-04,1.746188804975545720e-03,3.352738445098481473e-04,5.838405476379610959e-04,5.677603281569964210e-04,1.419436352401232809e-03,1.857874606040180523e-03,2.872390764771521991e-03,6.621516925891586958e-04,6.513177973286017955e-04,3.965241826533008910e-04,-4.367561260210190365e-05,4.056185243323315862e-05,1.968038766953630675e-04,1.718137836603839705e-04,-4.958258822810077777e-04,-1.597643801055347859e-03,-1.530501516175110767e-03,-4.714937893203571833e-05,-1.447437022079483843e-03,-2.499144294457937652e-03,-2.495080263089408546e-03,-2.981395516470819202e-03,-5.191707723161979350e-03,-2.812868144973889283e-03,-3.063289664041210329e-03,-2.279505366747266483e-03,-4.237985676169044036e-03
1.161680705919357001e-02,1.028524470515079434e-02,1.105882185031663127e-02,1.320986345290639692e-02,1.233133361842509226e-02,1.104695287179867022e-02,9.710977856163038879e-03,7.203303644516044144e-03,6.487213434736570014e-03,4.712764337291851062e-03,4.535584621246466219e-03,4.786835068306944871e-03,2.904606498715107087e-03,1.456735315123389423e-03,3.318150543136865090e-03,2.538554550025063847e-03,2.067006653916165712e-03,2.034234103390365062e-03,1.239547262559124313e-03,7.069309275686817308e-03,2.304644351464536951e-03,1.874741333401020197e-03,1.620647059563117475e-03,7.413641537693469938e-03,1.319735213591846082e-03,1.946983722718836386e-03,8.832204553106663301e-04,4.748716211711017689e-03,6.351975755977421010e-04,5.827661918949214722e-04,1.422155874039389726e-03,7.784152884315727544e-04,1.182219406547417020e-03,4.891791691769905182e-04,2.843362897374794151e-03,6.361990869480332444e-04,7.123127873797482001e-04,6.697506388228003120e-04,1.198344371837901457e-03,5.387792310983479174e-03,1.081271676300526617e-03,1.468305529556481826e-03,1.627068626710092419e-03,-6.364549402813833557e-05,4.079173578646102236e-04,8.219829151600431972e-04,-2.861307682790824964e-04,2.737689089153583135e-04,-7.224658612229232059e-04,-1.291776778490114942e-03,-2.832053055964962656e-05,-2.353250561006331541e-03,6.660052131499702090e-06,-4.142531883933996822e-03,-2.300277540867118765e-03,-3.706523084907267177e-03,-4.297327935222789927e-03,-3.618672447458524087e-03,-3.888737770515229061e-03,-6.117643496316805228e-03
7.600736144705090222e-03,8.923597998355651748e-03,7.574021546635192198e-03,8.144809465313309835e-03,1.199480427974954772e-02,7.309027988401773680e-03,5.872348344418946813e-03,1.306134055517938451e-02,4.089804644709081095e-03,5.276855681091442360e-03,3.062411030969645811e-03,3.367861399302114582e-03,1.489346711746095337e-03,2.314848088977408333e-03,9.465475884017822156e-04,2.241870000812606900e-03,1.652167958272956604e-03,1.202151668421235073e-03,2.058054589333627171e-03,6.793272861111344279e-04,1.668080265503037044e-03,1.117304406984651012e-03,8.980302722985425120e-04,6.286775082066432298e-04,2.038397641681326462e-04,8.327346739701343807e-04,5.713347297229876042e-04,3.214132562450338119e-04,1.700336533967217547e-04,6.007043925604637095e-04,9.608887617027192019e-05,4.368876999260222038e-04,8.362792006759469363e-05,1.361679821778880809e-03,1.914683056654176282e-03,1.317771021800434638e-03,6.830090288745066735e-04,2.550704183592249577e-04,-1.506998820754800014e-04,3.971696406169216570e-03,1.736362299301380963e-03,4.054370397705958076e-04,1.197322043892424647e-03,-1.076456292245165562e-04,-3.245845543402194468e-04,-1.606378743146076517e-04,-1.566964143680306702e-04,-7.170801553506766981e-04,-4.439076566125128463e-04,-3.033832629331666727e-04,-1.681776937618039477e-03,-2.490263068649864811e-03,-4.677240495372293901e-04,-2.111597840986982957e-03,-4.006213763990821783e-03,-3.755217994595680918e-03,-3.771463171991642355e-03,-4.127007425139970348e-03,-4.142971008145657393e-03,-5.891287111306410529e-03
9.280793739266766582e-03,8.910794412010144411e-03,9.091093591905671789e-03,1.022591435554144959e-02,1.012031740138026950e-02,8.607410291798131899e-03,9.306207302850647706e-03,1.560544617293366937e-02,7.493732217673573955e-03,5.184989461443462525e-03,6.830353835472902611e-03,3.877952895972622965e-03,2.740254861555132919e-03,2.499547268374026961e-03,8.617160162147452160e-03,3.074654264940935959e-03,2.951275841701162927e-03,2.047641877108240856e-03,1.743749728537254346e-03,2.123278987146951565e-03,1.735950126936727182e-03,2.629884295898189065e-03,2.488068533474151536e-03,2.406389690617210218e-03,1.316334008122668504e-03,1.010258229745843650e-03,1.614743435858964019e-03,7.930731842800109975e-04,4.752204360130854281e-03,1.779682505717627484e-04,3.923554899972430884e-03,1.347909092148719861e-03,3.239781700349568007e-03,4.913399706217595406e-04,3.823940353927618614e-03,1.825989344165703399e-03,1.070796815116281057e-03,1.261153725572248434e-03,5.031373598612014296e-06,3.635634454896655068e-03,1.661988368995914647e-03,7.939060745435772958e-04,1.178260173830995806e-03,1.602617069696067901e-03,-6.284634760709665875e-05,-5.715936904588160040e-04,-2.756975598151050659e-04,-2.679530944207259859e-04,-7.988817322835157098e-04,-1.417184151663609558e-03,-2.064770037760830113e-03,-1.086593223861988255e-03,-7.190940869479477398e-04,-2.775550351288078380e-03,-2.519880848081312592e-03,-4.089580259796392510e-03,-3.402165439584263918e-03,-4.281541574103362759e-03,-5.246709988781445184e-03,-6.233551031687576544e-03
-6.481267092069303327e-03,-4.151664472788258418e-03,-5.706448935564581784e-03,-5.990977868910441623e-03,-9.798763248533837438e-04,7.865521684435279604e-03,2.328487278182920454e-03,3.275936372463101719e-03,2.091435512104507233e-03,3.120067510144404390e-03,2.233795971661365742e-03,1.816464920629329554e-03,-3.723038942234613269e-04,8.937284278265851534e-03,-2.731566719907452603e-04,7.020166599330133692e-04,2.416460823683920110e-04,7.527075543290745983e-03,-1.225687051222126627e-03,5.533175619576296070e-03,-1.293887175766409532e-03,-9.374156982961711401e-04,-4.912364395847761698e-04,-3.419770474042376895e-04,-1.674774397441304661e-03,-6.243267074799044389e-04,-1.454651104543368051e-03,-8.751024500282342938e-04,-2.541576757187277431e-04,-7.836394848672885004e-04,-1.176205060098724654e-03,-3.132865194492659043e-04,2.468116471502262814e-03,2.049299185231282330e-04,1.225542630476341311e-03,2.578995109987721780e-04,4.701831653209700155e-04,3.458820925672791494e-03,7.891280009579095846e-04,2.219924363116486388e-03,1.065094255867083967e-03,2.601914216925701887e-04,2.581978847760262020e-04,8.846560273486518211e-04,-7.289301070265015144e-04,-2.112993441929442769e-03,-1.859504193298131946e-03,-1.208952890351821683e-03,-1.811656513285782397e-03,-1.394747313967369682e-03,-3.226794463206946600e-03,-1.751174094908405443e-03,-4.186311025736953219e-03,-3.535703588300230862e-03,-2.699348052488998676e-03,-4.568379759591092298e-03,-4.216154972657289515e-03,-6.040472566924269537e-03,-6.578388598142424597e-03,-6.375907949976601825e-03
8.971917761314729400e-03,7.691139551418801727e-03,5.721100929854627988e-03,1.650979025163965214e-03,-8.864583628279807835e-04,-1.424476418864868612e-03,-2.426840938340294341e-03,2.314399867455392210e-03,1.853645373262864746e-03,1.565895258389766854e-05,5.298177095800946871e-04,-9.385246338216207728e-04,-1.439158318520475464e-03,-1.609090909090958197e-03,-1.382705615227980672e-03,-1.026176107031191807e-03,-1.060738810144463105e-03,-5.312528047869204432e-04,-5.649855526265210948e-04,-7.036899985138677987e-04,-7.057938794802259743e-04,-1.166009449391225807e-03,-1.528601848323184794e-03,-3.320336578203771875e-03,-6.164698576611771057e-03,-6.589872206516402160e-03,-6.798637696986636544e-03,-6.457522814192088144e-03,-6.425966020337392330e-03,-6.074273752628485401e-03,-5.473644654949563933e-03,-4.719977315996274486e-03,-4.579484020995222039e-03,-2.704154322594720748e-03,-1.449601350288309658e-03,-1.998896617607580969e-03,-1.536807462265791895e-03,-1.038120404411893528e-03,-1.528418821281508216e-03,-9.096953391550093851e-04,-1.561272574800185364e-03,-1.742240476190393909e-03,-1.714062023385876056e-03,-2.270207006121459890e-03,-2.237477913838313483e-03,-2.722068350389684078e-03,-4.804571117716774364e-03,-4.521963671699778635e-03,-2.401718684977189287e-03,-1.824405757188263559e-03,-1.782164496583687726e-03,-4.385600695338658095e-03,-4.123338388532942628e-03,-5.417208358963283323e-03,-3.402923427514015046e-03,-4.014254273504210685e-03,-1.958848910232753766e-03,-9.077259039033230489e-03,-6.538262265109166804e-03,-7.824375759680552572e-03
