2.167642414381370369e-03,-2.781743705183847663e-03,4.822119227721070010e-03,-1.084166592220612950e-03,-8.776013810499773676e-04,-2.120972366315699827e-04,-3.801202539145457499e-03,1.344418289611582114e-03,2.788769085697577910e-03,-1.475397439387628531e-03,8.829113325105645074e-03,-4.640228982804611713e-03,8.849521974377940262e-03,-8.887532629312844311e-04,4.983440968717524171e-03,5.905180570723434982e-03,3.010735850857274454e-03,1.955282898152836853e-03,6.744748001405119139e-03,-5.933798671482195045e-03,1.013919618722671813e-02,-3.842696314657835423e-03,5.971928552525569180e-03,-2.329801684489830535e-03,2.341552554428593096e-03,4.780503359313182689e-03,6.438490524307202961e-04,2.512575804255479019e-03,5.915492090722949611e-03,-4.750317127442244686e-03,1.444839441937023454e-02,-5.601747672256426544e-03,9.426569332540855189e-03,1.010223833111997338e-03,2.809037130993038370e-03,3.349360312864710712e-03,9.911684108919250388e-04,3.103175586918017342e-03,1.420846119346343833e-02,-5.120524408223438122e-03,1.718747106799772134e-02,-1.207944563831015415e-02,1.007687545963080640e-02,-3.564609816242843982e-03,-4.492115854054715487e-03,6.483467262699731462e-04,-1.044726720729983668e-02,-4.197841138842799136e-03,2.646269268199766354e-03,-1.368156916083661592e-02,1.660768760541967565e-02,-2.119769321264572057e-02,5.589605241683897816e-03,-5.816271047590452006e-03,-8.340827728401516497e-03,-4.341561501131136445e-03,-7.269748538706501638e-03,-1.473985257160264663e-02,1.505076937644739439e-02,-1.302412269996322536e-01
-8.374196010481083433e-03,2.029239643380406199e-03,-2.903027279587285913e-03,4.976295946844656003e-03,-1.231475968369814128e-03,-7.009445215408003499e-04,-2.756033261630485794e-04,-3.818050024985310178e-03,1.540315006870724259e-03,2.115042597928455149e-03,-7.505731147122984013e-04,8.220419662266175570e-03,-4.389050137471051279e-03,8.949660745963866973e-03,-1.156455535467031418e-03,5.052722489792352452e-03,5.922480905675380977e-03,2.952027629046680927e-03,2.255866171537188134e-03,6.042995988247038680e-03,-5.312686274514200925e-03,9.154702195493654923e-03,-2.918505780776548073e-03,5.771409603814762861e-03,-3.074969520971553103e-03,3.048102818604366167e-03,4.686406802849892202e-03,3.631101570639351387e-04,3.355948879774188487e-03,4.102070125664002836e-03,-3.081190493288718611e-03,1.320269536378257912e-02,-5.062266681773103412e-03,9.443714426085167771e-03,3.880973751947942407e-04,3.145264986872670868e-03,3.446086943582790576e-03,1.300377294789775186e-03,3.433434072740396571e-03,9.285951925023535822e-03,1.250031681628080774e-03,1.231955864378546026e-02,-1.027653260995002073e-02,1.035649856635583767e-02,-5.058217359035847328e-03,-1.286719170851001719e-03,-3.892796339138803862e-03,-8.033270331916078297e-03,-1.064955655541111219e-03,-8.008663848558396359e-03,-1.893716167536736369e-03,2.362604594269650769e-03,-1.161321868610511177e-02,6.702014567122668333e-03,-1.051005758073060396e-02,-7.346846783511030120e-03,8.584613367449289581e-04,-2.093569483305453977e-02,2.883966538126885026e-03,1.417315632480026788e-01
-1.495029260917823954e-03,-8.699695974199499193e-03,1.936767639611678988e-03,-2.686461212528298576e-03,4.796820995370624716e-03,-1.085367584776834220e-03,-9.054888935176114368e-04,-2.086608538354602321e-04,-3.748615191708670052e-03,1.211500130854513109e-03,2.791022349678611361e-03,-1.296714211430660983e-03,8.416876341410337720e-03,-4.510832550617579519e-03,8.739778977402884452e-03,-9.991796358989146840e-04,5.143779344986812788e-03,5.757633773571121071e-03,3.062326477879426332e-03,1.831516743712145083e-03,6.643368953207543469e-03,-6.084396338081352572e-03,9.675206180544265733e-03,-3.421878233135713151e-03,5.600745866640584672e-03,-2.310251361950499231e-03,2.538912568558455898e-03,4.583443104450414876e-03,8.552237496705510133e-04,2.030295593100730090e-03,5.952395084363631614e-03,-4.863848342476558874e-03,1.416568197033025132e-02,-5.607582244925947423e-03,8.784528388753470168e-03,8.605965681245193646e-04,3.529455996686382217e-03,3.110821442058178416e-03,1.025790940937301764e-03,1.374064231211559158e-03,1.462284568095392583e-02,-4.907727610935121686e-03,1.613915124765676404e-02,-1.194950121060604428e-02,9.608533993490370531e-03,-3.057000684397375833e-03,-5.657735498400542733e-03,-1.159398615042460390e-03,-6.330906900855740559e-03,-8.951571797513404455e-03,4.627027341091882739e-03,-1.831938181804771554e-02,1.248992500191120972e-02,-1.738763146975664045e-02,4.393080032016925297e-03,-8.689993715168889410e-03,-4.033797086925275562e-03,-1.338772995687489108e-02,-2.546599468353564783e-03,-3.376635643978607298e-02
-7.489852316105062233e-03,-1.730796491016539651e-03,-8.845669426094517757e-03,2.028544864103093079e-03,-2.758250741331074070e-03,4.861441082720200681e-03,-1.078392979146585058e-03,-8.599292629116931210e-04,-1.986566742125294642e-04,-4.087884355577152753e-03,1.609032943104079898e-03,2.372777822157372523e-03,-9.816655230274653598e-04,8.290794422077380627e-03,-4.664819152335749654e-03,8.834263770958455247e-03,-1.048683662059107530e-03,5.101446895630473363e-03,5.922405924268518002e-03,2.682597302608876865e-03,2.453412243824281379e-03,5.919257804072297277e-03,-5.631350432652667409e-03,9.619235258383885753e-03,-3.740656355726784156e-03,5.921116605168044722e-03,-2.833198802907171184e-03,2.503079030568049895e-03,5.046628436478636272e-03,-4.265300192189057610e-04,3.782221289645565018e-03,4.305792251762108683e-03,-3.761540649570261144e-03,1.416022487213362997e-02,-6.003896276397325052e-03,8.706185451451414412e-03,9.878155049474410254e-04,3.373501460395630144e-03,3.637370951886583024e-03,-1.498178934236140021e-03,6.123059015082543861e-03,1.056438376348824495e-02,-2.287692634738637976e-03,1.534815676574582954e-02,-1.292936193249229378e-02,1.283200590328160452e-02,-7.639708704430376272e-03,-1.863068740394180486e-03,7.809448658963855138e-05,-1.533500310530673712e-02,2.427822022957668805e-03,-8.450967499850933415e-03,-1.066870675210478646e-02,1.204164939237230107e-02,-1.916451367160517186e-02,7.314151378924824316e-03,-7.062481562783294586e-03,-1.881532266929373740e-02,8.216598493536947725e-03,-8.067840915634572063e-02
-7.479967382592557154e-03,-7.823605554690278921e-03,-1.797338587009005527e-03,-8.919939976191079353e-03,2.021543010062058169e-03,-2.661516597264755937e-03,4.851432038179908160e-03,-1.196674366389821912e-03,-6.545454855123528440e-04,-5.367326029913863658e-04,-3.663873425868239761e-03,1.206456652143318362e-03,2.742864057307312781e-03,-1.299021983061935054e-03,8.363042409657494777e-03,-4.687674877266722120e-03,8.815326716483924338e-03,-1.143901528451600957e-03,5.074627327383269756e-03,5.574957421328331775e-03,3.322912523328282967e-03,1.817919036057763851e-03,6.425526608189124911e-03,-5.652250915409195650e-03,9.115910911531795863e-03,-3.608609472621922103e-03,5.766896705593229332e-03,-2.527034348619425046e-03,2.587405710618097439e-03,4.068143834110938932e-03,1.378880220944462024e-03,2.174042165145057947e-03,5.219869256740011440e-03,-4.293753829703198487e-03,1.405092361447071898e-02,-6.296903652317571883e-03,9.351974822346538832e-03,5.630981343604698477e-04,3.379414131501152704e-03,1.765728165308677383e-03,3.221993194737408309e-03,1.563892649108983030e-03,1.349075388510329737e-02,-3.322336709811136036e-03,1.503396011666692858e-02,-1.151237939856323417e-02,9.516545575093638895e-03,-5.114114080621990320e-03,-3.754327408347059520e-04,-7.169106413833852345e-03,-5.300294640546046425e-03,-9.396500005404902559e-03,-1.689818450341325912e-03,-1.288950264003255707e-02,1.275827935030316579e-02,-1.760455071271328428e-02,1.047607246585092501e-02,-2.098144160253537921e-02,2.511286372971809847e-03,-9.290373079111608964e-03
-7.122061747812468910e-03,-7.891080772480107627e-03,-7.891830694108968938e-03,-1.783405924171034248e-03,-8.878288766397905013e-03,2.057623307780101496e-03,-2.762398675312364733e-03,4.797595582267291658e-03,-1.101276057685342605e-03,-9.246163968605109916e-04,-2.122640006385449751e-05,-4.229539013881548730e-03,1.486044652722712418e-03,2.558200544996224422e-03,-1.231181141371125122e-03,8.257536125022384155e-03,-4.693183786194939089e-03,8.572235273970567684e-03,-8.028684732517172044e-04,4.697315654397328510e-03,6.289506715670687906e-03,2.366832082953118470e-03,2.059435643464749451e-03,6.612580628054761690e-03,-6.453914523197628282e-03,9.714489880388983700e-03,-3.581395667257705490e-03,5.404693833736786551e-03,-2.394916170372430979e-03,1.734115385861534830e-03,5.698673330324897229e-03,-7.213110502784488096e-04,3.149031947822447317e-03,5.197725950922939611e-03,-4.578585193706311007e-03,1.409487903997105017e-02,-6.282245891864083123e-03,9.147299136763070715e-03,4.597255749285622983e-04,1.810497738570057864e-03,5.581648371393090578e-03,-1.067014446966488804e-03,3.895898639750260215e-03,1.290826265839213789e-02,-4.916668207379141543e-03,1.855979546446408224e-02,-1.658468968309981945e-02,1.164338719207444472e-02,-3.421834341328079850e-03,-8.074694730705420098e-03,4.343614140105869596e-03,-1.738769337689401520e-02,-3.743470783802005548e-03,-2.985352988336641405e-03,-1.500733296008990338e-02,1.439015169611080475e-02,-1.781836814838577004e-02,-2.002745034858105771e-03,-1.662556854448754302e-03,3.154348981472711658e-03
-1.022892029391166482e-02,-7.341008318395070287e-03,-8.144515379394090537e-03,-7.744562044276901563e-03,-1.840001573866195195e-03,-8.942012810632537709e-03,2.005781442057241390e-03,-2.824348163042887747e-03,4.922836145693642793e-03,-1.319119511208521368e-03,-6.677836275002587037e-04,-3.828224553724941088e-04,-4.072585219079253964e-03,1.421913312086435163e-03,2.602047804185035965e-03,-1.149272540855144969e-03,8.215326335598925611e-03,-4.829957316316137519e-03,8.789066186749953935e-03,-1.412364625054369745e-03,5.488498297655363539e-03,5.395877242206754965e-03,2.978223251360477900e-03,1.865540932700434631e-03,6.373480507858709891e-03,-6.075951663192121453e-03,9.562821318347302507e-03,-4.097781213764703848e-03,5.852344030976943008e-03,-3.405232760517500328e-03,3.554673442729207409e-03,3.980855208504193235e-03,2.423732177517012919e-04,2.775188358123392100e-03,4.822371518061260333e-03,-4.165532907370381524e-03,1.425233897333163559e-02,-6.998338696202469587e-03,9.523761847015024470e-03,-1.209235437682245826e-03,5.562838127964459846e-03,2.441930747754169490e-03,1.676764011913645927e-04,3.746645262057036064e-03,1.117356051769423722e-02,-8.474859650835514123e-04,1.501295081200875077e-02,-1.511997100915783189e-02,1.379012418016297738e-02,-1.016517375217118428e-02,6.647418050798993908e-04,-5.682474868589753800e-03,-1.166657542086608351e-02,-5.194446261565357180e-03,-3.239730853470458929e-03,-1.529588746686408839e-02,1.897266089898129796e-02,-3.288408373468163642e-02,1.979993486717706100e-02,-2.458616171024123262e-02
-7.129424284036861396e-03,-1.055642563051953191e-02,-7.605759484940201841e-03,-7.917956891312399187e-03,-7.962421857081004167e-03,-1.685148928357394242e-03,-9.103946018635539206e-03,2.032282839737704558e-03,-2.741115957062381734e-03,4.666530653942807354e-03,-1.012764494467059727e-03,-8.599202638430003109e-04,-5.139737563747733950e-04,-4.216545913511948740e-03,1.653874885425507708e-03,2.404161607821395791e-03,-9.485152628330167793e-04,7.950310228994034167e-03,-4.752694653205721299e-03,8.592145682704669524e-03,-9.578966468742611522e-04,4.670655984437565439e-03,5.850457586872004866e-03,3.048362415060013042e-03,1.729249047523475150e-03,6.586698882817646448e-03,-5.978774052489936076e-03,8.817262527575319558e-03,-3.458810818135960984e-03,4.747482798263373723e-03,-2.307380728643185219e-03,2.183335025910888242e-03,5.100300817217125020e-03,-1.738576488186454022e-04,2.911588606862084566e-03,4.836395239423091005e-03,-4.262040899537043737e-03,1.399910163662817196e-02,-7.043462050202473589e-03,7.758425829583812453e-03,2.470313412630513548e-03,2.699755336561966961e-03,3.019643230691150017e-03,4.878708094037923653e-04,3.339140573283337458e-03,1.292406883808479637e-02,-3.948312170418060568e-03,1.697657223934382481e-02,-1.551138840788662994e-02,8.825330692093714957e-03,-2.727095848399860908e-03,-7.103516495768129498e-03,3.114774362444776615e-04,-1.683281239248953648e-02,-5.222031561275068332e-03,-2.698284481116349030e-03,-1.400402588496852709e-02,1.222211973714028461e-02,-2.446528606620197374e-02,1.422683935368143915e-01
-1.818111640686686072e-03,-7.351703752195956794e-03,-1.085201180639102682e-02,-7.423592941184715792e-03,-8.040628235857549821e-03,-8.067719415798951799e-03,-1.743380343293808414e-03,-9.252045173138287101e-03,2.080269042825157524e-03,-2.956469013771975945e-03,4.964348403249986726e-03,-1.212311794490669855e-03,-6.838896661238861099e-04,-4.106924843891974174e-04,-4.153807474028077887e-03,1.503514649223751864e-03,2.483178970473148405e-03,-1.176933313163645856e-03,8.174425599576312998e-03,-5.249724679956771327e-03,8.969189843403269774e-03,-1.578421911739622593e-03,5.245449687489009416e-03,5.529768861926306379e-03,3.014607661345865535e-03,1.858693522665718235e-03,6.441083974157386059e-03,-6.618740826658516506e-03,9.443941727084133320e-03,-4.201414258801384506e-03,5.901177942092393318e-03,-3.542989799968219132e-03,2.544499319179380388e-03,5.026997553506301619e-03,-2.436387985887723004e-04,3.135236109071593783e-03,4.900060093554712073e-03,-4.745220918855819203e-03,1.431615239966859722e-02,-9.334974246505308576e-03,1.199048697778618520e-02,-4.418888936894804190e-04,3.300979123666280667e-03,2.788368072203368554e-03,-1.313362604921840748e-04,4.927169792849376770e-03,1.185312594694951788e-02,-2.999659328821800957e-03,1.823815177805672427e-02,-2.200611619002257324e-02,1.863353036831991161e-02,-1.195731766571012100e-02,-3.129858473625032542e-03,-2.158791976849503379e-03,-1.642760833665323286e-02,-4.848338747604293356e-03,-9.387795318906149312e-04,-2.355011564062286025e-02,2.619226918005133214e-02,-1.628314852620457165e-01
-1.118881116233806303e-02,-2.091153828025345447e-03,-7.289531303539840100e-03,-1.087723649899077771e-02,-7.638533041651465565e-03,-8.140371186857411900e-03,-8.109939516324087688e-03,-1.679756872864217234e-03,-9.289980105779275729e-03,1.812278993028747839e-03,-2.650001788856488731e-03,4.721534876554702408e-03,-1.196081099363975912e-03,-8.885572880806940623e-04,-2.069806130332426590e-04,-4.348803823907104911e-03,1.537329313042332763e-03,2.455173957427150312e-03,-1.092621700374752768e-03,7.514699549397283428e-03,-4.504399098621871163e-03,8.422163960166402855e-03,-1.197726795374222299e-03,4.994430099585302034e-03,5.608832000564916397e-03,2.966603187854252068e-03,1.890151058021409146e-03,6.162064274982550702e-03,-6.185949994180597704e-03,8.422050470583980139e-03,-2.960872917749309951e-03,4.601510272638249278e-03,-3.100264086336730011e-03,2.169036813329955089e-03,4.912141898153911564e-03,4.294123775595304891e-05,3.294489227942851064e-03,4.552199776215067745e-03,-4.272399153125782528e-03,1.239620576255212950e-02,-6.720784261169160563e-03,9.394395044514964460e-03,8.117991892848485215e-04,2.453997844334709216e-03,2.793828444004165835e-03,1.132851291841376626e-03,4.090382100821974946e-03,1.166377469697919139e-02,-2.668975916432029302e-03,1.423891705788884500e-02,-1.648516094436974430e-02,1.428928403326294727e-02,-9.525580208973687818e-03,-4.711993414939177893e-03,-4.748351975399870729e-03,-1.705950242524547841e-02,-9.814190506080352084e-04,-9.974506887595617835e-03,-1.533900240053941155e-02,9.547053293239629590e-02
-4.580415912511773963e-02,-3.958481385812228498e-02,2.314506038376523689e-02,7.168328731418102152e-03,1.751662743419642176e-02,-1.388518583867714203e-03,8.933215084481352028e-03,-8.867560936460936599e-03,-1.576967272078457502e-03,8.756375086798194769e-04,-2.384550216269802278e-02,1.696013162910680466e-02,-1.401238174673851387e-02,1.449040606277583049e-02,-1.087423969707649631e-02,-2.766473982984504407e-02,2.485292121966406129e-02,-1.280075231676773909e-02,1.495378917639750760e-03,-1.933106830460497999e-02,5.184082342397944862e-04,-4.251424559443751916e-03,-1.426285542105966940e-02,1.166965843796221973e-02,-1.325272917908139640e-04,-4.043429714227012028e-03,8.871954464088652528e-03,1.638538114644579047e-02,4.473005257347182143e-03,9.982383524066667721e-03,-6.626383419942049463e-03,8.555866257080414761e-03,-5.677670447643985516e-06,1.094828050422228145e-02,1.199956983640737031e-02,-3.107477661345977964e-03,3.515675044694512637e-03,-5.660390642565914059e-03,1.391867117031509414e-02,4.206801506220388988e-03,-3.173770505132635783e-02,-2.976676819944548604e-03,-5.148196516149820823e-02,-1.387463691896662424e-02,-1.683801330805392849e-02,-1.466860467901925057e-02,-2.017316705401731372e-02,-4.720793253794504374e-02,7.391123902676099977e-02,-1.170757997535758210e-01,-1.514318952981088921e-02,-5.090027292649862249e-03,-5.425437673089611446e-02,-2.269977933985327725e-02,-1.699853319860489612e-02,-3.736542704789926062e-02,-1.718801000655192229e-02,-3.122469016010229539e-02,-6.033100630531284397e-02,-4.060824722834141109e-05
-1.243643095210287750e-02,3.746932073521209647e-03,9.060786045025335383e-03,8.228735277265010473e-03,-3.318263073603929057e-03,-1.939234067141073700e-02,2.591174247602209910e-03,-1.556526343109277668e-03,9.803062115225542623e-04,1.233954198985051090e-03,1.726251275743214764e-03,4.273610227019180533e-04,3.948683971441427874e-03,3.779450640275232336e-05,2.163753467328108533e-03,1.901691006013216676e-03,2.844620715928950633e-03,1.409555525972033775e-03,8.441297178454009549e-04,8.267908613215234261e-04,4.214016925125617721e-03,3.272196317439259126e-03,8.554844177479603530e-04,3.172621420242444285e-04,3.386090779497172992e-03,2.215622776413493818e-03,1.518499034393199854e-03,2.703470390207216717e-03,2.870195621194522768e-03,3.267210132473092384e-03,1.847991266375470076e-03,4.121049962238275931e-03,9.810583639868078010e-05,8.008491235540652698e-04,6.862792759512369167e-03,-3.201515151514624678e-04,1.883093946559144831e-03,4.494300038318970077e-03,2.615857698258499276e-03,1.175209151399751739e-02,7.457791570485363015e-03,-3.490078986561220061e-03,-3.337071936619542931e-04,1.648726361386963855e-03,-3.975154932603107427e-03,-5.256113950691125624e-04,-8.296545971667670591e-03,-2.963422353690427051e-03,-5.905443738510044371e-04,-5.659458401998919419e-03,-1.365736895847420758e-03,2.404721987233764211e-03,-7.944414363926368544e-03,1.819834452111505777e-03,-3.295468098776062164e-03,-1.056885836364333288e-03,-6.951990335246218712e-03,6.382352523098863695e-03,1.440225952660740584e-02,8.921776821032953442e-02
-1.738700962445440673e-02,-1.563817388246254055e-03,1.406512806465952392e-02,1.116242017168293625e-02,5.218515780422558134e-03,-2.939772725760566013e-03,1.412298815242430837e-03,1.839343318226520016e-03,2.873536240638360252e-03,2.102865374300769835e-03,3.156865257618028924e-03,1.340788194042655517e-03,-3.060305021400418907e-04,3.614158013924134109e-03,-5.941228873859717935e-05,1.189436843587771781e-03,1.917887772041123587e-03,2.263979762674003977e-03,1.575831730869435695e-03,2.570029166666548443e-04,9.711553719172004006e-04,3.331294065713947573e-03,3.292224190773213911e-03,1.336632597655561900e-03,-2.771343514755180760e-04,1.201728708916056064e-03,1.886109389123335946e-03,1.965668324266664144e-03,3.327746078860901232e-03,3.220748566851409402e-03,8.441202692819266881e-04,1.113427145708577749e-03,3.383799162869079169e-03,2.211327163114173500e-04,4.791436307537347413e-04,6.872594952420273823e-03,-5.936961594588145361e-04,3.275413700439650205e-04,4.206985587044430319e-03,5.260017905102956637e-03,5.528263542668184318e-04,-1.358600737730664924e-03,-8.427711587098037777e-03,1.774949846350030048e-03,-1.530761547655032492e-03,7.863305399856167829e-04,-3.033334895857776360e-03,-4.294839638728218702e-03,1.353791608391627897e-03,8.979598595482580223e-04,-3.194947721510408341e-03,-3.600564317754292171e-03,5.084134316134326752e-03,-4.914374163783212686e-03,-6.778342292235376224e-03,-2.302070979495625478e-03,-4.454525492322226367e-03,-1.480649546827798001e-02,-1.617335532994925232e-02,-1.817952143131183057e-02
-2.631783350823639969e-02,-5.875355874036329064e-03,9.384225860673594405e-03,8.825606207565396891e-03,4.452194599075026162e-03,-5.918917096136599217e-04,-3.676530707860484106e-03,-3.657015239812110713e-03,-2.699583629103737611e-03,1.180119365025280058e-03,1.693372932278905179e-03,2.268423692841892245e-03,1.101519477331572945e-03,-3.333337368006437733e-04,3.550233546871210503e-03,-6.723482564278590026e-04,1.444997944592245733e-03,1.962349878401668194e-03,2.082240208473606826e-03,1.970494319155957456e-03,7.300125575555600332e-04,4.451091377372547717e-04,3.135048621272409908e-03,3.277940664964339255e-03,1.392976530645051968e-03,5.613255096884532642e-05,1.433584904471485889e-03,2.032197256913417533e-03,1.437474011852544987e-03,2.334294350809369614e-03,5.824491645592201660e-04,8.350596361439973714e-04,4.273745836277761576e-04,3.327126929299018075e-03,1.869669626910908187e-03,3.052361988967114003e-04,-1.255634383626101636e-03,-6.514278281348222146e-04,1.270682865924362896e-04,5.746013667425891799e-03,-4.448622773044077702e-03,5.329944976471399053e-03,-7.936171996713623856e-04,-5.114633037467368991e-03,-8.031996838637748453e-04,-1.200022552662631395e-03,-3.722723293607846200e-03,1.069026302971190934e-03,-9.329437195950007408e-03,7.332381266249679867e-04,4.908075582308289719e-03,-9.144092674210846372e-03,-1.996049841343429127e-03,7.745247999999925990e-03,2.370785594694930273e-03,9.735448577680424825e-04,-4.954717069826541226e-03,-1.704818948776591278e-02,-1.011418574427662420e-02,-2.187676090729433892e-03
-1.709704627409466132e-02,-6.820085757057417659e-03,4.497362326402622569e-04,4.399334699962737481e-03,7.457027764705898183e-03,3.316284663398727408e-04,2.876685061095784167e-03,1.226777814261188499e-03,1.016462586462101416e-03,1.914387211367652580e-03,1.887645011765767258e-03,1.844401820695923616e-03,1.990031762481526013e-03,1.658267948766436670e-03,-1.968271743914832466e-04,2.986078261641550088e-03,3.866204800428841952e-04,1.836514443076128550e-03,2.460356457459656442e-03,2.093659499067862008e-03,8.841934657217009191e-04,3.214150728399259565e-04,9.761527462528564805e-04,2.730380109113740746e-03,4.051725879814103461e-03,1.491853628950638548e-04,-4.568403837152867279e-04,1.948853781512636246e-03,2.626368175952426259e-03,1.519737469897162151e-03,5.933797132190750520e-04,5.662337668731860178e-04,1.667580225120610625e-03,1.046643727616922105e-03,3.304573092625481823e-03,-2.384128155194333628e-03,-2.397578750940985049e-04,-1.093778562490290134e-03,-5.218618597679860230e-05,2.270355837681904253e-03,-1.071934821398503115e-03,-1.933521481748153633e-03,5.093094799695760400e-03,1.066823098811121558e-03,-7.300965373115192794e-03,1.130080837420791668e-03,-2.411795179193425721e-03,3.039250578812122648e-03,1.219303588650329142e-03,1.517759765244063030e-02,1.647481740234916668e-03,-2.891416792847473498e-04,-2.013440214435740236e-04,-2.811777439867331908e-03,4.937885772325963096e-03,7.220345732964076127e-04,-9.458199894919874784e-03,-1.709263054616801461e-02,-3.436988528414351100e-03,3.084284390863248002e-02
-1.735367479825981538e-02,-8.326437517725809173e-03,-2.684205238684939272e-03,2.041297907720109658e-03,5.144406576030389859e-03,7.425624736603837414e-03,1.159407612647360680e-03,3.325802169605193703e-03,1.836726175104413288e-03,1.214256493267608112e-03,2.053330961487145456e-03,2.194363611362644059e-03,1.792877924876825528e-03,2.463435965773661061e-03,2.397244011724535169e-03,-4.985055310005617838e-05,2.988259803322083387e-03,4.198481959643791191e-04,1.968017118293799526e-03,2.583240104036805315e-03,3.130873630035536925e-03,4.301541300519646149e-04,1.280507978695230283e-03,1.066859559829384969e-03,2.728968548321285530e-03,2.745879861462250607e-03,2.564790458539806554e-04,9.472963291484604725e-04,2.171487814540811693e-03,2.519795559137347554e-03,1.816132057875138092e-03,7.975958641817468969e-04,8.011441513190311432e-04,2.986840501782276908e-03,8.787586050725687548e-04,3.749251124112170947e-03,-1.313537144565246747e-03,9.977152931389550970e-04,3.274942761766392349e-04,3.008258131394429824e-03,-1.613059399925275425e-03,2.308040809526813557e-03,-8.215686850872199777e-04,8.353454699658372645e-03,1.767925525525677172e-04,-4.835764281177911891e-03,-7.388189284317563067e-04,1.527426762142905774e-03,1.243520989974992953e-03,-2.942480680817777510e-03,-2.111250553435118152e-02,-1.464944563552843205e-03,6.988068851686642276e-04,-3.378717082960444335e-03,9.062059681398917021e-04,7.310651783900883049e-03,-2.423776929422354065e-03,-2.331924256209620683e-02,2.983081841741917328e-03,2.030205476775000933e-02
-1.919252963497765016e-02,-1.112353751575090657e-02,-5.888633702725562524e-03,-1.898153386411204329e-03,1.489669304653872981e-03,3.734538506649967993e-03,5.821672953529049947e-03,9.210941396507834646e-04,2.641922011141310637e-03,1.269481195607951099e-03,1.408810372327801977e-03,1.668187749684920057e-03,1.136663085895730629e-03,1.483308780995636024e-03,2.250290307796475649e-03,1.341902481450269911e-03,7.751164672420237821e-04,2.693327986418785763e-03,5.887895293938211422e-04,2.496756903884921920e-03,2.086017346725917848e-03,2.404313750264766049e-03,1.300289839699257438e-03,1.041324631495435743e-03,8.197695220992324769e-04,3.163947951728168784e-03,1.753549218968108916e-03,7.336247072519155562e-04,8.573172285181503843e-04,3.053135959830012135e-03,1.594830663100739237e-03,1.416381584261266731e-03,1.881385587340312574e-04,2.009098095290820767e-03,3.053790078526822868e-03,1.313990209284826138e-03,3.151220194536860295e-03,-1.315779379143053535e-03,1.262750228816334353e-03,2.785937210792362780e-03,-1.847583232467648077e-03,6.925740685747932505e-04,2.431735243714898929e-03,1.316650258429810910e-03,-2.792204485358295175e-04,1.630603501800571148e-03,-8.122398324522361532e-03,1.204574598531513337e-03,1.004334381190649965e-03,1.230080452307992858e-03,-7.810802454633025390e-04,-3.111637656064907692e-03,-3.825251153951127235e-04,-9.243548671897297000e-04,-4.757464788732355780e-03,6.354712105699136934e-04,9.605171758892215583e-03,-1.134432631467563977e-02,-1.222721743537734168e-03,2.300913831518102554e-02
-1.408530439388598100e-02,-1.347676617424453833e-02,-7.889964017582219713e-03,-4.186361929817430938e-03,-2.139647925098736927e-03,9.467567523825366847e-04,2.501427671974491319e-03,4.058417524545407037e-03,1.870254283138070078e-04,1.573965350687575636e-03,6.417263083450291039e-04,8.262414195188252973e-04,6.601958375585090157e-04,1.282335785564029957e-03,8.239452586940584434e-04,1.592564908410275910e-03,1.461320116528888212e-03,2.804159889594422294e-04,2.756167663868001709e-03,2.401688885819470043e-04,1.574853730305458225e-03,1.339905778480662488e-03,2.397365758406137630e-03,6.752302423693409307e-04,7.248436367272236523e-04,1.318003325637035015e-03,2.202715841166725738e-03,2.263070327555535052e-03,3.867551216866926432e-04,1.040907641465566415e-03,1.208733016061162195e-03,1.184240672470404480e-03,1.131701146380738191e-03,1.434665257531112870e-03,3.590826503708348665e-04,1.004947655688287478e-03,9.178538010131300070e-04,3.039181128053931348e-03,-8.420530051494539391e-04,3.471784044934948885e-03,-2.553156955515141404e-03,4.147188908352357744e-04,1.487375861542634958e-03,2.786134563764480852e-03,-4.840345967946336710e-04,2.745305192833348649e-03,-8.807255036069552455e-04,-2.621635865395211418e-03,3.140802218114506755e-03,1.527836336528954741e-03,4.210375560003734932e-03,3.664189734342835660e-04,-1.571646731842371103e-03,1.829129879182104807e-03,3.935827379019154852e-03,-9.080111761827343265e-04,-1.441150257773346054e-03,3.180395253699155791e-03,-3.038604575010491349e-03,5.583532878143122880e-02
-8.657460878799398338e-03,-8.944659107216092545e-03,-9.232370742270016445e-03,-5.494285014424939335e-03,-1.549519751946460203e-02,9.385799678202235916e-03,-2.059218623623091076e-04,1.443026658584191770e-03,3.499210080337481019e-03,5.313342889122393831e-02,-6.224547180285697895e-02,1.097929916953556797e-03,-5.242747707418086208e-04,-2.750672814707974829e-05,4.814183330296674867e-05,7.597366806222923636e-04,2.403018298290147611e-03,1.046692862466501971e-03,1.338225492574913545e-03,2.732407947886741819e-03,1.420794917802622277e-03,1.599175078422675244e-03,1.413791190756589523e-03,2.414452594750474222e-03,-1.474761835095302531e-04,9.925970969007417814e-04,6.051644630764623162e-04,3.383244771621760506e-03,-4.767713668615378847e-02,4.031775213413486131e-02,8.027722333886771686e-03,1.823608757853710451e-04,1.849941960312498921e-04,2.679631642393294076e-04,-2.749125689368739443e-04,-7.543780926265752397e-04,-8.668137447211108661e-04,-4.620780585678704324e-04,-4.632582764511116585e-02,4.972957656425412709e-02,6.927835342214447344e-04,3.629587733093657918e-03,3.145427959564430203e-03,7.076465196838977074e-03,4.019757450925304579e-03,5.418853150854806462e-03,2.592906916549183628e-03,4.512891576743196381e-03,1.441747565400066126e-03,5.518593287900201531e-03,6.234540255983258249e-03,4.785468966902982346e-03,1.837266502734566159e-03,4.437447320891230867e-04,6.275190569158235233e-03,6.992229310495536379e-03,-1.041199391999393375e-01,1.482594590685078206e-01,-8.337561157773581977e-02,-4.525030986808122047e-02
3.154638559701909706e-02,1.667408899089363808e-02,1.211117516899777938e-02,9.469608090091291216e-03,7.552642549855123275e-03,1.801931878612084148e-02,-1.097190611241677990e-03,8.761900655092264706e-03,3.799070043529828491e-03,5.528902773332298841e-03,-5.273270064270831753e-02,5.790050639633271407e-02,1.611701692116694357e-03,5.929652346765115420e-03,2.720708893522255818e-03,-8.183394709443845769e-04,4.734135062573624660e-03,2.212391083949381484e-03,3.915501238609502867e-03,7.636686116445597691e-04,-1.958315950899497133e-03,-4.082166793370005625e-05,-2.658671987127138748e-03,2.937756616249029276e-05,-1.177205429589823962e-03,-2.094245869835719299e-03,5.325946592555834934e-03,7.813156069364160169e-03,-2.232947349182509613e-03,4.596776216859049108e-02,-3.617529771921963039e-02,-4.338169452934973608e-03,2.409040277638610332e-03,5.914231722589498265e-04,2.106477905703747506e-03,7.496806394445070746e-04,9.892278920940277118e-05,2.675560385849108744e-03,2.413698269925069421e-03,4.595480133496310238e-02,-5.524808903122950532e-02,-2.508395194809315883e-03,-4.204378656953586951e-03,-2.385308112231467222e-03,-3.981670229923931111e-03,-5.673553508926353767e-03,-4.290331143985965170e-03,-9.095564060129669032e-03,-4.749980629164717721e-03,-9.442551675559306829e-03,-8.537923247853032582e-03,-7.437647798516110360e-03,-6.873243630792286694e-03,-7.145987170675769870e-03,-7.430774337952290517e-03,-8.280284360834696059e-03,-7.805763380824007162e-03,8.489826467608430072e-02,-1.930963194212576284e-01,9.500047461847001273e-02
1.129586250523189478e-02,-3.245261436144720752e-03,2.637204666618989373e-03,5.315335271361926010e-03,6.481810019102087275e-03,4.213813132678794447e-03,2.566025893541480380e-03,5.214203101631531036e-03,2.893246943962549111e-03,4.020155862948134040e-03,3.756872361290358817e-03,1.824666711004512823e-03,-4.086598010905791341e-03,-5.022901620757725359e-03,1.279637431799832571e-03,-1.314188269121302054e-03,-4.945910341904826042e-03,2.960284341365397847e-03,-1.307288616804212289e-03,7.493708453746492602e-04,1.541900275315168144e-03,-3.736173178414893287e-03,3.232321158275765997e-03,-1.626196927689052205e-03,5.242240389564214662e-03,-5.687223977798853101e-03,4.893803290342456846e-04,3.964978402513138350e-03,6.107595842916251072e-03,-3.783672915434488707e-03,-9.485182803259517700e-04,3.256205791810403132e-03,1.831095077395537927e-03,9.240217369208553059e-04,6.024045394767406922e-04,-6.141935009436795155e-04,-3.455073962584408794e-04,-3.672805561882458870e-03,7.983939921897862746e-04,-1.160890729231047489e-04,-2.129374515195464265e-04,-5.202306096635504577e-03,2.000922368883628968e-03,-8.153552415643483065e-04,-4.772247933067155627e-04,1.086947814390558462e-03,-2.121620286917202513e-03,-1.304883605745294373e-03,-5.547852239293976813e-03,-5.352131278766409034e-04,-3.612001544600321645e-04,-4.376304238443266131e-03,-1.787842237182601728e-04,-1.512498996683796617e-03,-6.694384650798110986e-03,-7.998017789772262839e-03,-6.417605426438073926e-03,-1.013999500124963642e-02,-1.333195166085054950e-02,4.720236620097986030e-02
6.118379316197374886e-03,1.446347586430064402e-03,3.150408694367858725e-03,5.034788868577629202e-03,8.550301064993553676e-03,5.572788440655623496e-03,4.808946824668600475e-03,5.828415771610798678e-03,4.943797958607350392e-03,4.356541162055199354e-03,3.378950081936449301e-03,3.240688145168369762e-03,2.641071072798610499e-03,-2.805945595266666915e-03,-1.234206411366285498e-03,-1.417119938110260368e-03,1.091422540198479143e-03,-3.960774560898415626e-03,3.481123457801972142e-03,-5.396856878389964069e-04,2.288690876055404777e-03,5.697180451601235613e-04,-1.730307207207138973e-03,1.038240894551767683e-03,-8.910044659391816967e-04,1.012750568794056972e-03,-1.947140474938092959e-03,-2.559865366842045166e-03,3.773514986375976505e-03,5.130383781938263783e-03,-2.406732877149909099e-03,-1.116800689309097689e-03,3.167805370075156817e-03,2.921612080483935135e-03,2.118666409885166559e-03,1.038694687457918878e-03,1.391655870259950471e-04,-6.837987235066726515e-04,-4.232902468861199190e-03,2.864343707712753515e-04,1.392678520490742578e-03,-4.226638631089393427e-04,-4.958779497779412272e-03,2.248181149233426969e-03,-9.067325314707761798e-04,1.248315528587233721e-03,8.699736929309783437e-04,-1.999769092874922796e-03,-1.284091979441823769e-04,-6.758335251070124623e-03,-1.573596663164713921e-03,-5.649189866700846281e-03,-5.025662979358167665e-03,-5.269697454530430925e-03,-6.147334862385215280e-03,-6.207057894665093944e-03,-5.573831367674187548e-03,-8.229269289132701282e-03,-7.734730656219387414e-03,-2.275788323389164175e-02
4.539458105736427981e-03,-2.937597854440269531e-03,-1.759056713331020455e-02,-2.230903478093771916e-02,-2.751920694387806517e-03,-4.825634075410145662e-03,-1.460625575613669520e-02,8.379916273720561248e-03,-5.523972414288510005e-03,1.404347728923402427e-02,8.857367191467747577e-03,2.867511611563942388e-03,7.976260566856597026e-03,4.395945291403810865e-03,6.501709136793097296e-03,9.313024705834345874e-04,9.349348861378271825e-04,1.109457932675870021e-03,-2.382497803370644662e-03,3.157474877175128931e-03,2.441380443952198293e-03,3.039007508349666868e-03,3.009433362324084524e-03,-1.329697986577126978e-04,1.727407809303523967e-03,9.913139613056218703e-04,7.297972740702851494e-04,-6.930957815438641484e-04,1.701910590429537564e-03,4.099145591932047000e-03,7.705282271492523705e-03,-1.873350038368321729e-03,-9.163299311905119754e-04,3.960092497490658170e-03,2.944225285567406494e-03,1.929930731997137440e-03,-2.914702931099813271e-04,-8.504206792127105494e-05,-8.300944517451119917e-04,-2.115845098553996006e-03,1.442500331383016936e-03,1.227162264832205169e-03,-2.212438989768183142e-06,-4.335027849952591793e-03,1.335807023122674835e-03,-1.887394495412563487e-04,2.711249555634531651e-03,1.063590036611408891e-03,-1.087091622763276593e-03,-1.626011782032313379e-03,-4.978651053635211460e-03,-2.285276250458308754e-03,-4.259469475747182203e-03,-7.939785973871854238e-03,-2.947915586737063186e-03,-5.373559983488952578e-03,-5.148343816766417190e-03,-5.962166471277924318e-03,-7.122081110718753334e-03,-4.051935158084507549e-02
-1.258158837583497024e-02,-5.582627303230366760e-03,-2.340377686521978356e-04,-2.584820415371826170e-03,-6.835010459312904421e-03,-1.918697876567735739e-03,-1.540801908870769073e-03,1.529704544969061688e-04,-3.061617627400889038e-03,-2.458150365454297558e-03,-4.522995331799066661e-05,3.140005738819121408e-04,-1.478421651605586491e-04,2.825010706197197269e-03,1.739989071768126326e-03,-8.976816534147922383e-03,-2.950164604618740402e-03,8.856923283838446289e-04,7.788374244850375036e-03,3.818067465274469201e-03,1.054630680931425805e-02,2.702986897960149917e-03,3.849251722978661461e-03,3.179695723202146350e-03,1.225726380739740199e-03,4.118705484549350579e-03,1.146705592702807440e-03,1.077547802729828886e-03,-1.064094125252978366e-03,-3.738848954941195908e-03,4.446906772076444914e-03,6.046714435697390401e-03,-3.861740238326319191e-04,-8.366281202790963210e-04,3.541437470789815696e-03,4.163986476964242137e-03,1.758506466238324165e-03,2.244168859115079802e-03,2.027886813916866208e-03,1.082203599449799809e-03,-2.814244880746270545e-04,2.758845070422638428e-03,2.905656146050906996e-03,9.938686800945509530e-04,-4.548759661033462652e-03,3.268765266501897238e-03,2.677357409965271367e-03,1.599981472904196591e-03,3.598059651919736316e-03,-1.149446117317856533e-03,3.199424921821212436e-03,-6.432614199324953805e-03,1.048838907395096198e-03,-3.111219933442896900e-03,-4.148688492654603079e-03,-1.507835486294601714e-03,-2.311270106825020001e-03,-3.335055975694277506e-03,-3.870607261713359618e-03,-3.562828430843557881e-02
-5.372049302313652679e-03,-1.046749244041817774e-02,-1.214609099336241230e-03,-1.679306672897799965e-03,8.965557038970334584e-05,-4.430410763316935778e-03,-9.773724810887487058e-04,-2.610226634546077354e-03,-2.094115690686816026e-03,-3.436106067387929841e-03,-2.102826524712995190e-03,8.418539737757835782e-04,-9.620071528097118990e-04,9.732416998382957280e-04,-4.591675586788559614e-04,-3.824980475430394611e-05,-6.572069446422783116e-03,-2.960284590605119590e-03,-2.509749140483575648e-03,1.187433802314643650e-03,1.286312147295875976e-03,6.510297401689579995e-03,9.749773576377437738e-04,1.489088692471802295e-03,3.048588906073297633e-03,9.724735394260540207e-04,1.805676792437086418e-03,-1.084221121680710226e-03,6.156190584466852381e-05,-2.766812334330424894e-03,-3.043460015835375981e-03,2.095488860942046772e-03,4.428887100408778789e-03,-1.507475473726588430e-03,-1.836069046708937351e-03,3.447079985818725292e-03,1.884216695272644118e-03,8.113853821926167182e-04,-4.775315408775845070e-05,2.741314420257102459e-04,3.346622508471051882e-04,-2.082331854802238740e-03,1.670125270151228813e-03,1.156962723241082135e-03,-1.228181948985211007e-03,-5.707698926556022644e-03,6.799781664744592455e-04,1.469849204854824741e-04,-1.551298739139253207e-05,8.378807854355338263e-04,-8.938812960432445135e-04,-9.264557175698576652e-04,-7.513553689709942876e-03,-1.783863363048050993e-04,-5.556773420106209463e-03,-8.773488576449888984e-03,-2.262640060782937501e-03,-3.402987625759100465e-03,-7.899189464143674053e-03,-1.046494049465090254e-02
-6.027509871244669630e-03,-1.112135769225816757e-02,-1.027479406363593882e-02,-1.711732152102656739e-03,-1.486197917165186545e-03,1.962214000441910825e-04,-4.223204810753485548e-03,-2.063209103563006571e-03,-2.375682301785543224e-03,-2.012285517170719819e-03,-4.523735365126255051e-04,-7.928455514777298313e-04,2.979882765450638307e-03,1.554738809098606480e-04,-1.438849359514777452e-04,3.174324671224530020e-03,2.081483973163105947e-03,-6.971242426982563779e-03,-1.578023410096737614e-03,1.303560599874802224e-03,1.998935695393405047e-03,-5.547659233179208504e-04,5.758509535112033874e-03,-4.335613474231645153e-04,1.654953427179861386e-03,2.849205674784085433e-03,-7.956293488619470972e-04,1.967557307387517770e-03,-1.919328924215686931e-03,-4.111339461504944274e-04,-1.694142097273796050e-03,-5.495703760653959311e-03,2.148081803094318079e-03,4.591430400949371438e-03,-2.070055190113011603e-03,-1.625400123546943010e-03,2.514068077850355448e-03,2.650993669734300062e-03,-1.868073463295944674e-04,-7.141540612846087287e-04,6.632734120393102544e-05,-1.115688725747204617e-03,-2.714707808407105811e-03,7.287510251338187757e-04,-2.017179368184618285e-04,-1.621303144173043232e-03,-7.204711404728737431e-03,-4.708150940492622180e-04,-3.490679320555513561e-03,-9.228354305757073550e-04,1.040996879605447702e-03,-3.694686682912040263e-03,-1.788985841149220470e-03,-1.003666470981197378e-02,-2.955884691848814118e-03,-7.817473525910119403e-03,-1.121206841365480003e-02,-4.773740770393999737e-03,-8.731478084986010399e-03,-6.362041910744575812e-03
-3.274418406249245475e-03,-6.067624506105263361e-03,-1.374458402461938185e-02,-1.064011817806907560e-02,-2.888809139622813306e-03,-3.534882514443656986e-03,-1.246214901467217542e-03,-5.464686823182854196e-03,-2.331744516479459205e-03,-3.637688938984168664e-03,-1.735380378741225573e-03,-3.287471340007970706e-03,-2.694514958716693991e-03,5.580181466001218763e-04,-3.040572427116912326e-04,-7.872369765903471876e-04,2.902598511650572870e-04,4.951372662116603407e-04,-7.336154249808714625e-03,-1.962926581487193286e-03,-7.457021970683710586e-04,3.123351032014048435e-03,5.948315757971897513e-04,5.165841317552732383e-03,1.497396534270254136e-03,2.564174147499221831e-03,2.770370341536326862e-03,-1.412093397823388713e-03,1.715207450944578613e-03,-1.331531710418779090e-03,3.174947764784936781e-04,-3.354632079293989530e-03,-3.785661758011135258e-03,9.506646071896115687e-04,4.457516559196450338e-03,-2.360242458075687000e-03,-2.407414674193266400e-03,2.359486502602562048e-03,1.419599863642592675e-03,6.028179914412671496e-04,1.849931635140989578e-04,2.222979118408877113e-05,1.078136556767116514e-05,-2.491256788407662359e-03,7.997141353286407435e-04,7.270232282754744051e-04,-1.149359185752377860e-03,-7.547844676565652194e-03,2.682798694611262733e-03,-2.950308747186405206e-03,1.548387619510251936e-04,4.048097395242361259e-04,-3.076257177839596992e-03,-9.093887755289238638e-04,-8.449139027814304287e-03,-1.574601466334934552e-03,-6.023813572104400570e-03,-1.083988359576826092e-02,-5.886509559804319058e-03,-1.658356592424094916e-02
2.739761181017298652e-03,-3.156969698773746686e-03,-7.985199085932028970e-03,-8.629836595344057143e-03,-6.803388652684908347e-03,-1.767432556543548864e-03,-1.198708210906465404e-03,-5.922052883347656222e-04,-4.746459351011934544e-03,-3.104327068962040113e-03,-2.363479806088610285e-03,-8.967359093156041091e-04,-3.709212211044136519e-03,-2.881248957222761441e-04,1.476611238901932377e-03,-7.638710661834555854e-04,-3.010251865670700191e-04,6.870112632197766626e-04,-7.157077166481685395e-04,-6.026740049993652495e-03,-2.847186495176899732e-03,-1.611129031369605471e-03,3.071243045239435438e-03,1.856245617075022664e-03,7.351127721959485085e-03,2.632064756966739656e-03,2.005482538058776191e-03,1.185848031357980212e-03,-7.316658886670299872e-04,1.766794944811221580e-03,-1.550028642530519411e-03,-5.469380697586084632e-04,-3.095333811947266825e-03,-4.106786001746341210e-03,3.686120140179286776e-03,4.055461255432140505e-03,-2.266816693811927238e-03,-2.019382963711929390e-03,1.679550073901012837e-03,2.119736017866813167e-03,6.173956415336675184e-04,5.512594417439085036e-04,9.064358077171628253e-04,8.815281407230418826e-05,-2.205300742615526680e-03,2.089262629755182614e-03,1.192132184010418058e-03,-1.164578242798324078e-03,-6.448030799054407271e-03,3.033328709153077039e-03,8.815167691294869276e-04,1.201413591035319561e-03,2.168740226694406466e-03,-1.707538028226320568e-03,1.829771085763879724e-03,-7.350116875814925212e-03,3.272992058644807068e-04,-5.252496402332791810e-03,-8.817853227718625703e-03,-2.401727610731345733e-02
-1.487737927082717279e-02,-9.290346920209025189e-04,-7.621309343981449817e-03,-9.014384956881007008e-03,-9.461445024548775090e-03,-1.049244045049170168e-02,-9.261660675919647763e-06,-2.855746196323057789e-03,-8.207000568264516058e-03,7.197323087935005026e-03,-7.157686894357417028e-03,-2.060419297444465942e-04,-1.693314885243696615e-04,-1.415529594813669679e-03,4.004837906371410024e-03,-1.062198263022829867e-02,-2.526446602670035305e-03,-2.126664531183154218e-03,-1.052053992834754356e-02,2.752851419620032380e-02,-1.438720377362067565e-02,2.447924297883562195e-02,3.451815341026252815e-03,-2.091351353989763170e-02,1.926418279575359271e-02,-2.956350033074140946e-02,1.976895546598046727e-02,-7.831136037226956587e-03,-4.409355578545539386e-04,5.133275135300330045e-04,-2.238058751250013984e-04,7.016481551485508929e-03,2.652173129097621664e-04,2.236623030746100541e-02,-2.858571881570544718e-03,-1.197871677039566950e-02,-2.199908069068815322e-02,3.204792583149812524e-02,-2.336018077016672329e-02,3.223078710593310636e-03,4.219909737449977806e-03,5.959084838385203184e-03,5.842495080313088278e-03,-2.432511005794081409e-03,1.760051000398980825e-02,-5.750356866395414483e-04,3.950361805028597059e-03,6.864873504538987481e-03,-4.006085820262018926e-02,8.217804015135815598e-02,-4.761076398873022308e-02,-4.323561120068706784e-03,-7.692136263661096887e-03,-7.138545893400256165e-03,2.361218339070982226e-03,-3.354426771514893400e-03,1.396244327490498522e-03,-1.125969916485052014e-02,8.486974638237223048e-03,-2.435086028751672852e-03
-1.644470219897377740e-03,1.231965038763147870e-02,-1.015341983919291428e-03,-5.631975945742897409e-04,3.205253896209210064e-03,2.245508498131152005e-03,8.131274607910966542e-04,1.123478043894405708e-03,2.076802824945189838e-03,5.024596008918794619e-03,-1.268593669142521925e-02,1.353321999902807899e-03,-2.862813971642674381e-03,-2.804255888005709619e-03,-3.106870626332153100e-03,-7.600367802606913456e-03,8.170318391418879278e-03,1.216076877720993071e-03,2.367591645320888359e-03,9.839536042740152852e-03,-2.988974012257080565e-02,7.154105465664248494e-03,-3.043093278394151668e-02,-2.613228067215579015e-03,2.521444591287433715e-02,-1.290951281211269279e-02,3.809374250729416489e-02,-1.625367486907337497e-02,1.080669024080424534e-02,3.265315883767743420e-03,-7.922055367232307826e-04,1.305296196693902979e-03,-7.855458838309774955e-03,-1.643413132494996780e-03,-2.491781970363544582e-02,-3.009420457131871483e-03,1.164953759105722547e-02,2.596955975606016903e-02,-3.343220030977500645e-02,1.809048148426349936e-02,-2.111991409799065036e-03,-2.487793705000636724e-03,-6.063594182966592673e-03,-7.698414373288712219e-03,-1.152041019297454230e-04,-1.937832829407353311e-02,-5.643536933368738413e-03,-4.688541910157321101e-03,-6.436079582400420357e-03,3.502400053980692790e-02,-1.039103779532025429e-01,5.105404744627404373e-02,-1.800867283702297815e-03,2.316042675623709683e-03,1.644673913323143385e-03,-2.749309507966865747e-03,-1.116000559917112696e-03,-1.032865447919803850e-02,3.860741113298590561e-03,-7.958952034573866380e-03
1.027111206075545860e-02,4.447027598001379416e-03,1.356539040384082068e-03,1.698799661169543725e-05,1.738521828060553102e-03,1.231609387691100623e-03,3.576915713692833628e-04,-5.485838996055305335e-04,6.669624824568290465e-04,8.879969687164200685e-04,-2.050913354505177946e-03,-7.943379053189965214e-04,-1.775618379101096943e-03,7.955998221625256112e-05,-1.639079409097363290e-03,-1.165982077972056849e-03,-2.517531421566909355e-03,-6.745232900621330645e-04,4.352969472250931221e-04,6.296455134690012246e-04,-1.284182965049960007e-04,-5.869146906771570806e-04,-1.335041954417500462e-03,6.300816545126708412e-04,2.281448001029877295e-03,1.815899541411070649e-03,1.426785341943453880e-03,2.317913641362126282e-04,2.018068930640222036e-03,1.476762419656544711e-03,1.150925480153570241e-03,1.041727223681364551e-03,2.385885692693669971e-04,8.789987866935726740e-04,4.979959796522276307e-05,1.274476987447612690e-03,-1.673391199281341196e-03,-1.956375494218716947e-03,-1.818780676827275687e-04,2.481415570307776968e-03,-1.400083918833960189e-03,-6.526922787862972884e-04,8.899083914061616505e-05,-1.760165574600068214e-03,-1.847512028558100919e-03,-2.500728797283297347e-03,-4.809487998997013570e-04,-3.943540509372581160e-03,-1.905142187041897021e-03,-3.077766511989103466e-03,-4.816325385988909011e-03,8.357611199715004767e-04,-7.654341877496723123e-03,-7.865648677001940009e-03,-5.621894985848914332e-03,-3.117085266245185962e-03,-4.032500943924403544e-03,-4.526702675559481255e-03,-2.766911662938335240e-03,-7.972943438325365284e-02
5.125654954273593626e-03,2.363045215485494281e-03,2.840042436132569383e-03,-2.055946710574838021e-04,3.101375377944332479e-03,4.650808809803420700e-03,4.040040891590426439e-03,4.553018308430493641e-03,3.920248352788568633e-03,5.505384013610576527e-03,4.986614997437253775e-03,3.605352376287891507e-03,4.312628677493230561e-03,2.790281524805854080e-03,4.253283906500457227e-03,3.449190416134175277e-03,3.896919645006533851e-03,2.511732487715361613e-03,2.639707439024677540e-03,3.808978280074325033e-03,3.959896875897027727e-03,2.865756589254227129e-03,2.285602094240887089e-03,1.179111341303053576e-03,3.051863948792571564e-03,2.864204347654656334e-03,3.409406188805096365e-04,1.036146748106051008e-03,8.388480507233711438e-04,3.527866405274981704e-03,3.393901664966564400e-03,3.108567261674108611e-03,2.157766493681996522e-03,1.368371291131732824e-03,2.058861298831999448e-03,9.604567672575966978e-04,2.308470249275142595e-03,-1.932809441261704002e-03,2.876859746509277628e-04,7.504654513060160688e-04,5.602914238722684487e-03,-8.922080768631134419e-04,9.423415060801334977e-04,1.365992471883300781e-03,-9.398715294179850379e-04,-1.956867990866742110e-03,-3.168214329833285610e-03,-1.909839489740800195e-03,-3.654977078772904658e-03,-2.853444155292285660e-03,-4.435562603180122701e-03,-5.150968457865302656e-03,1.795215928351596296e-04,-6.778694133323669851e-03,-8.632714955046199776e-03,-7.360148659901813266e-03,-3.595064053094670833e-03,-3.676946914150562053e-03,-4.946197891951764451e-03,2.118715912885070843e-02
1.038529881222040666e-02,9.646410436573651589e-03,6.891256005907782194e-03,8.633923014964624970e-03,6.032470652128509893e-03,7.182359739996495643e-03,8.843876924918871174e-03,7.491268372716377438e-03,7.121508454962811700e-03,8.064586109647664536e-03,8.351406277172443438e-03,8.054941759621550915e-03,6.605186681756089820e-03,7.433940154970818288e-03,5.635278947219535955e-03,6.837711182686149851e-03,5.482527124724069674e-03,6.164941442597647071e-03,4.762984125424815987e-03,4.511223128304205771e-03,6.377785710522870105e-03,6.370989587113635999e-03,5.037853565974693450e-03,5.082553969856913600e-03,4.340942763087980369e-03,7.164441792726287082e-03,4.150242292622388293e-03,3.340484981510123078e-03,3.527227943046023183e-03,2.308275228464670183e-03,5.644278302610009068e-03,4.707531186363976376e-03,4.018211936837827632e-03,3.592160102679448769e-03,2.963268347236534903e-03,3.704072796946527961e-03,2.851609939652151836e-03,3.785277225463619648e-03,-9.701249979692370853e-05,-1.578274188761868610e-04,1.951981330539444542e-03,5.346431277026735332e-03,1.163293109137521046e-04,-4.214739182586772748e-04,1.403905230754434220e-04,-2.894159593309886779e-04,-3.439584604304407600e-03,-1.398457636615758892e-03,-8.647354477118146098e-04,-4.090590022238054131e-03,-2.905345797205074240e-03,-2.297790389270425431e-03,-6.516923076923132781e-03,3.914654354064419327e-03,-7.386412831132257821e-03,-9.088170244731732725e-03,-6.983187135992437872e-03,-2.422217270195013445e-03,-4.605104633660849107e-03,-8.266790707876220390e-02
-2.841960773905901315e-03,-7.962035079564657933e-03,-3.464696162473932493e-03,-4.504335057383364489e-03,-3.276694838312678524e-03,-4.466642401800953455e-03,-1.767295298468031864e-03,1.823626621036412683e-04,-2.343971631205983672e-04,8.245457948123775761e-04,5.405306734873386015e-04,1.898261489026249445e-03,1.926985039020694861e-03,4.168885083456584520e-04,1.993235290397131574e-03,-3.079782250492986255e-04,1.406407062554550658e-03,4.405431049311570252e-04,3.070839421066951067e-04,-7.660178187081355958e-04,-6.315173537081272999e-04,8.929363813375183019e-04,6.114601568173464114e-04,4.192980243234277352e-04,-7.243696361581063257e-04,-1.682846796378078928e-03,-6.322707294097663271e-05,-1.569247584395204497e-03,-1.224855566908980434e-03,-1.012201954923625750e-03,-1.389049793917795711e-03,9.383074293462781348e-04,1.621650840320654294e-03,1.329760950778752151e-04,3.935121162564643037e-04,6.539296685447244968e-04,6.646754190153161389e-04,-6.751969579422012349e-04,6.399047017322174232e-04,-3.383038992938313706e-03,-1.150158246944518519e-03,-1.170471927945707655e-03,3.121136700613992218e-03,-2.725231450910181423e-03,-3.123703468753613426e-03,-3.062505175470182743e-03,-3.384843002471912225e-03,-3.075111666964470362e-03,-4.970893899436284666e-03,-2.269368027814768190e-03,-6.949114488475702754e-03,-5.193370252685658092e-03,-6.043573193868939999e-03,-9.370042596694390380e-03,-1.949604942309950519e-03,-8.867260619383270440e-03,-1.014566638174773522e-02,-1.224514783667561384e-02,-8.868966771180158623e-03,2.626347689200477734e-03
-7.461235277012265646e-03,-1.150241448746315738e-02,-1.027149966904201614e-02,-5.623665649040067264e-03,-7.448678651184988987e-03,-5.637912874002009786e-03,-8.635056572784349793e-03,-6.939169549450627597e-03,-5.598429090909088669e-03,-6.108119436425546271e-03,-4.715211678832142810e-03,-5.736689923475035702e-03,-2.996894022735690447e-03,-3.093090817102241066e-03,-4.557298691577400807e-03,-3.532380510973943608e-03,-5.261436982684417757e-03,-3.509232567687130527e-03,-4.755203236284153215e-03,-4.809836369333808821e-03,-4.685698700976676304e-03,-5.594227367712387676e-03,-3.130762392271889058e-03,-3.412161354183857083e-03,-4.529557038619467027e-03,-3.490085839431299186e-03,-6.259382697145450709e-03,-3.638939714820892905e-03,-4.143770958390541152e-03,-5.294604086876942770e-03,-1.545195450924368016e-03,-4.435657822082710033e-03,-1.214140493878550740e-03,-1.165134750972004378e-03,-1.900349779725446281e-03,-5.380601599422930609e-04,-2.411203714980947061e-03,-1.591674511276076768e-03,-1.924812494369264630e-03,-3.153356751802166482e-03,-4.948471072943474471e-03,-3.814875158973511128e-03,-2.260902287658540614e-03,1.402977437879395200e-03,-3.944013170827605219e-03,-2.341527178775344720e-03,-3.600407742137630776e-03,-5.993768493494855236e-03,-3.459869194312710419e-03,-6.590848043566692634e-03,-8.758226604107923006e-04,-8.363801739970970484e-03,-3.930035618587016805e-03,-6.693136853521396493e-03,-8.638896818659275861e-03,1.287690824413707845e-03,-8.895451349024131177e-03,-1.599115003076919186e-02,-8.863894650772490350e-03,-7.339847572788625596e-02
-4.225673936838253777e-03,-1.092649143739468295e-02,-1.002438974772910940e-02,-5.886640858784901974e-03,-1.581118314988616850e-03,-4.006642001782936141e-03,-2.455490487781510339e-03,-6.045387687392478164e-03,-3.744435854274363439e-03,-3.225471577134762877e-03,-3.621799808762208445e-03,-3.015878252446789216e-03,-3.338331277877437143e-03,-1.952429397378897466e-03,-2.008410288254453262e-03,-3.364775182153617681e-03,-2.095025479627944491e-03,-3.806234738627836765e-03,-2.171957863208870236e-03,-3.893233875117611039e-03,-2.882907496893581060e-03,-4.226483562562878722e-03,-3.800398029781065171e-03,-1.883412634814003554e-03,-2.737625060118164394e-03,-1.772420323646120999e-03,-1.610349102426508316e-03,-4.638426249238549251e-03,-1.172342366221787533e-03,-5.299133257860212491e-03,-8.586604806691314727e-04,-1.948594973495980116e-03,-3.529866613697895013e-03,6.490509946635991537e-05,-6.299737317353035692e-04,3.284430286171059581e-04,-8.535580401183012885e-04,-1.029176740970492348e-03,-7.758036009797670488e-05,-3.846259979146835536e-03,1.012085350685066948e-03,-5.101567416272606223e-03,-4.077786317617087056e-03,-2.376620852860714637e-03,2.019039313714260982e-03,-3.255561143290934371e-03,-3.339959996105491043e-03,-3.956309991696620523e-03,-4.577028934137449163e-03,-5.017182478426893827e-03,-5.066905375974273436e-03,-4.091528755115037864e-03,-7.590601952732085704e-03,-3.809633346746505410e-03,-9.288850578129252342e-03,-8.127087285923451435e-03,-1.390894412191621705e-03,-1.192005610703497642e-02,-1.382010031295406206e-02,-2.171548727404835552e-02
-3.246557440728070100e-03,-8.872412023625677463e-03,-1.101306101306104637e-02,-1.050738205063712211e-02,-8.354887340223280182e-03,-3.807767920241548858e-03,-6.268709760689107104e-03,-4.082139439337447752e-03,-7.557086731649157244e-03,-5.678306049260133451e-03,-4.660591680589907734e-03,-5.303837022421408962e-03,-4.866014874138701631e-03,-5.156305593225793925e-03,-3.319103837366446479e-03,-3.155732511967131951e-03,-3.923388009195838411e-03,-3.427556999012100480e-03,-5.709340824713451425e-03,-4.081778014184482030e-03,-4.142936547286862371e-03,-3.789568944520143624e-03,-4.591114126383858546e-03,-4.642355123204569729e-03,-3.386576940253345318e-03,-1.946931527171928125e-03,-3.021945777398654838e-03,-2.790288785328257429e-03,-5.287479737670198673e-03,-4.024016500372973142e-03,-1.996884388568050551e-03,-3.474331469479165820e-03,-2.025305290081680278e-03,-4.493968903835914193e-03,-2.281370913143449485e-04,-6.932538465098551711e-04,-4.263090836872119867e-04,-1.388209812834933967e-03,-1.474739126241640056e-03,-2.963080445743981103e-03,-1.714566524888009192e-03,-1.029186141675108570e-03,-5.911730831038393939e-03,-3.915337368257316639e-03,-3.303448074565477986e-03,3.452878730094115743e-03,-3.917559739385151341e-03,-5.144787414087951920e-03,-5.582895595792614941e-03,-4.888329450411215554e-03,-4.392425215847360967e-03,-8.003447144404931060e-03,-2.427696249060224288e-03,-8.463488557804136128e-03,-5.636721383460933064e-03,-9.510841538663423675e-03,-1.186769520225774976e-02,1.569897783625124861e-03,-1.590773944481885943e-02,-3.046684645066001507e-02
-3.676344083079114127e-03,-7.146878387652451543e-03,-6.706705050378676362e-03,-9.324373905277757654e-03,-1.050365410362280767e-02,-7.022950586623245665e-03,-2.019573325192859821e-03,-4.019608593066126626e-03,-1.803670943211776101e-03,-5.090398783298508839e-03,-3.527095352772525224e-03,-2.698463482797196222e-03,-3.696996413019347592e-03,-3.509774029157239350e-03,-3.356913867606264174e-03,-2.037641369008765142e-03,-1.828145011801707385e-03,-3.491482675367081883e-03,-2.178599268702883108e-03,-4.300782876777452246e-03,-1.561141023414253223e-03,-3.525045263932625409e-03,-2.517620617082881249e-03,-3.698807420740219710e-03,-4.339290968640936545e-03,-1.149007111516463448e-03,-1.954667220576811366e-03,-1.645578475851301042e-03,-2.274956931034504554e-03,-5.128609731185292987e-03,-6.471497128354392699e-05,-2.685655437969124409e-03,-3.253996143904466353e-03,-1.232582256359900184e-03,-3.688419686174255075e-03,1.276512738909352804e-03,-5.568465912952756018e-05,2.112376642151629028e-04,-5.423019892960279347e-04,-4.043879073935170709e-03,3.372586650576798822e-04,-1.142463387849903915e-03,-3.562127415429565533e-04,-4.235950669457708498e-03,-3.283210851538437801e-03,-1.633135867707976186e-03,3.260069215206030501e-03,-3.069269804899429563e-03,-2.975691383720081244e-03,-2.980150874349718915e-03,-2.521975607171946052e-03,-4.616609947358071148e-03,-5.212728764462559901e-03,-2.423086509376816411e-03,-1.070470184030685931e-02,-2.531669851515265263e-03,-1.037948814890218320e-02,-9.818492112435187741e-03,1.638797814207662660e-03,-3.736950141167992567e-02
-5.901208272070023429e-03,-6.283886395256384726e-03,-4.267426276482886444e-03,-6.836203942247752810e-03,-1.007566286718139005e-02,-1.052036555140741132e-02,-7.616309414206015767e-03,-3.254686197166354981e-03,-3.916239937645307929e-03,-2.241791161973799313e-03,-4.821426899104675444e-03,-4.277148359024182493e-03,-2.805372142568929306e-03,-4.016386081548304829e-03,-3.256651917569166645e-03,-3.220432403337229136e-03,-1.927375417206282811e-03,-2.251445937639941740e-03,-3.419491961194336994e-03,-2.975955182907399476e-03,-3.669860801046903338e-03,-2.609611803925692038e-03,-3.480131289475581115e-03,-2.913903189743614723e-03,-4.280194685938865790e-03,-3.617367596177674307e-03,-1.775662959614863817e-03,-1.682313698131441496e-03,-2.399831256149001155e-03,-2.533549323391231286e-03,-3.973942908540100197e-03,-3.547229448545403886e-04,-3.475286787659057509e-03,-2.906970370450651098e-03,-2.516819912471336771e-03,-2.950885277077401701e-03,5.717170447115101171e-04,7.542642532993349986e-04,-1.072472491239875913e-03,-1.865729945929946350e-03,-1.154822057075185083e-03,-8.535177698555964070e-04,-1.161296947616920509e-03,1.625921204359732648e-04,-5.649819755362679892e-03,-3.536935213533891256e-03,-2.438224126946677683e-03,4.012526091379050794e-03,-3.902726290136841227e-03,-2.054355037072666448e-03,-4.916329481382325159e-03,-3.117478510028510227e-03,-2.706502325727160908e-03,-5.888431443710546997e-03,-3.452092757696827077e-03,-1.085050661579009187e-02,-6.054993667026213611e-03,-7.496480096989323501e-03,-1.226647317324720647e-02,-9.092698013281925659e-03
-4.207875531499262814e-03,-4.876590315474633487e-03,-4.092702810887714759e-03,-4.529913368130035131e-03,-6.953479871866979044e-03,-1.062145053618352222e-02,-1.016162688281293386e-02,-7.274434295016798079e-03,-2.148151989159803599e-03,-4.057263274500180587e-03,-1.614081021802774496e-03,-5.228873313676171176e-03,-3.133501921311681801e-03,-2.202062792141711457e-03,-2.900291123876290022e-03,-2.569017569405699069e-03,-2.605279231680828877e-03,-9.508042549804929635e-04,-7.309363590004452123e-04,-2.965788090414782450e-03,-9.164689223791545360e-04,-2.735188673208498438e-03,-1.529043207179696471e-03,-2.084051096857719720e-03,-2.029820329633510913e-03,-2.391717966662413111e-03,-2.808488133331315650e-03,-5.376440920212979075e-04,-1.041199143469027704e-03,-1.647105882562757305e-03,1.885156373003800780e-04,-3.682876437776189723e-03,5.835476767231967008e-04,-2.129448491290763645e-03,-3.321549628460480300e-03,6.286397337341359049e-04,-2.554364685560541869e-03,1.825202073990072910e-03,3.994810745902031336e-04,-2.469752973222787487e-04,7.863227461729435262e-04,-2.002601054965252089e-03,7.259051586029805717e-04,-6.462162920204680494e-04,2.383750279948313410e-04,-3.119731683932081695e-03,-2.500005867924762031e-03,-1.768389907454863625e-03,4.654700507168273854e-03,-4.180829572669012527e-03,-2.463519782013865508e-03,-1.315067443836638074e-03,-2.086154942965831940e-03,-2.951944863856162133e-03,-6.953944090454085292e-03,-2.805595307068313622e-03,-9.000983731068955968e-03,-4.242272735174961763e-03,-7.587554105196340180e-03,-3.672850006048408028e-02
-3.557996852956189955e-03,-4.095931688523354354e-03,-4.834999720286338801e-03,-4.329869363226306750e-03,-4.828327146278052484e-03,-7.192538473495977726e-03,-1.055825912061446499e-02,-1.049768967540946722e-02,-7.703821202998693829e-03,-2.163922474128071420e-03,-3.233007236143776823e-03,-1.797703734941053866e-03,-5.129311614666946795e-03,-2.772494185663258552e-03,-2.406252609968217212e-03,-2.597017416193588349e-03,-2.230148052591599851e-03,-2.752323424916442839e-03,-1.007977990274296770e-03,-1.582166418605975705e-03,-1.832377983165673274e-03,-1.627446263294913490e-03,-2.846879055248692416e-03,-1.404101306443141742e-03,-3.047861390473151442e-03,-1.066009409663371942e-03,-2.451697898333154470e-03,-3.065435683238169201e-03,-3.141888035397299474e-04,-1.670772796023502378e-03,-7.366150144836056471e-04,-4.483187489722520154e-04,-3.762774067444324844e-03,6.998832121847303918e-04,-3.463272090286715049e-03,-1.757727973153487425e-03,-6.405343550446875554e-04,-2.887883434978452939e-03,2.133932436529039321e-03,-6.417301716608233295e-04,1.212624589417427446e-03,-2.050354990397798007e-04,-2.863752961632552024e-03,5.593161564592059659e-04,-1.874807293883882543e-03,7.944508102073336627e-04,-3.973228161965288059e-03,-3.420170486928538010e-03,-5.653120507727746541e-04,4.405689337383605388e-03,-4.122276579778577817e-03,-3.263036294801461429e-03,-5.199855639214863955e-03,-1.589171410499696417e-03,-5.364820059979984700e-03,-7.771920981224625727e-03,-3.079367277118165609e-03,-9.758143878295936352e-03,-3.782653511340163758e-03,-7.542644877722977370e-02
-1.090888207444195429e-03,-3.334788102356608420e-03,-3.924420032476999901e-03,-4.888735576923043148e-03,-4.432944006999148083e-03,-4.458613168403485760e-03,-6.973226656704694867e-03,-1.049373669447305028e-02,-1.046572529963404191e-02,-7.104757923901808096e-03,-1.626182858002862656e-03,-3.245136915441205073e-03,-1.402717922328610128e-03,-5.027939774873396717e-03,-3.195966039206049603e-03,-1.958307869324151570e-03,-2.597095983174650419e-03,-2.176216131508868813e-03,-2.625916664566121592e-03,-1.219702110758036665e-03,-1.217316955157660401e-03,-1.847394559772946995e-03,-1.379883355468810354e-03,-3.124651551899771101e-03,-1.867724653994553251e-03,-2.442014585823638461e-03,-1.703629110774513818e-03,-2.910381127737471721e-03,-2.848492138132274493e-03,-8.355483620721728929e-04,-1.280681850893602416e-03,-9.744534311528168071e-04,-5.075730192750986481e-04,-4.294436647321330652e-03,6.764510573310909705e-05,-1.826397096656915547e-03,-2.154842809364611918e-03,-9.563107115375486453e-04,-3.716898042103668372e-03,4.358441071031237974e-04,-6.623649274477097797e-05,6.679913557454163556e-04,-7.876464631855114847e-05,-3.537308910070006735e-04,5.183488234294657444e-04,-8.965074730278171661e-04,2.425339257996074038e-04,-4.853286371823181677e-03,-3.422766147226961788e-03,-2.295064407595881831e-03,5.521165049600920346e-03,-4.496729229730097449e-03,-3.901596341196255724e-04,-8.901042449089632954e-04,-2.485619958476650588e-03,-5.189355886772525732e-03,-5.526263276316750739e-03,-5.279980222941485675e-03,-1.057341988527713689e-02,-5.250640601118077705e-02
-2.972449500877588483e-04,-5.452793077167939623e-04,-9.163394331374674715e-04,-1.024759339804674936e-03,-1.461994429102169259e-03,-1.075401679014056705e-03,-1.590934547702497516e-03,-1.196486020133938647e-03,-7.336101971419153054e-04,-1.385652652097697259e-03,-4.947425929817009065e-04,-8.596247010021454589e-04,-7.457755405921933593e-04,-6.741112042813215922e-04,-9.483842309828539700e-04,-3.084410537197612343e-04,-8.280785256099524759e-04,-4.078210704043986170e-04,-3.373289355409213905e-04,-1.465018571586165557e-03,1.148088887918992661e-04,-1.428388968833805336e-03,-5.594259114522447379e-04,-3.364536409556681106e-04,-1.983288504763770430e-03,-1.048785925071539236e-05,-1.994123335655953975e-03,-5.519088931791863622e-04,-4.963577978270569202e-04,-2.686413316139735392e-03,3.332934917560541398e-04,-1.425112273689240188e-03,-1.113825665706542987e-03,8.356368955993624193e-04,-4.083403129821383017e-03,1.320890067383814802e-03,-3.407988621765575907e-03,-2.163159963951145903e-03,2.538480943985089609e-04,-6.022179906935715664e-03,7.354023104985293576e-04,-1.797676030110907045e-03,-1.696761416363107159e-03,-3.599215621427571195e-04,-3.120653094372053717e-03,4.186120002605639326e-04,-3.416757646470583096e-03,-2.662028033042486376e-04,-5.381422061169738834e-03,-3.520553494211105684e-03,-3.580954312726958386e-03,-2.186151410713264506e-03,-4.823788178006135734e-03,-2.806751628741957060e-03,-2.509264461480740539e-03,-3.012695906923811787e-03,-5.039112506306427444e-03,-6.937252939907156968e-03,-1.317234973413281647e-03,-2.870643195172698295e-02
-3.946223747389992890e-04,-4.867098403274883580e-04,-1.082794781137551114e-03,-1.413737494917855593e-03,-1.365571280175580321e-03,-9.995365349470186275e-04,-1.434546646075714714e-03,-1.145984667489295672e-03,-8.796534981174813873e-04,-1.197354335751291653e-03,-3.021547887024212515e-04,-4.508755301325831182e-04,-5.457135026494302956e-04,-1.695639089770693299e-04,-7.161790698356992370e-04,-1.322963029135662278e-04,-7.404965437418694479e-04,-9.977752385413958178e-05,-7.242973544348170478e-04,-1.168691113890129012e-03,2.756851637600064376e-04,-6.085846547357662674e-04,-9.661593535822725820e-04,-1.534330878139090234e-04,-1.456089537416248476e-03,1.050474151117058861e-04,-7.207865168539869709e-04,-6.266790175026231520e-04,-8.050742038928679995e-04,-2.391991881169900930e-03,1.159316422735130861e-04,-8.691763933133145759e-04,-1.214059443630067549e-03,-4.787845693489486314e-04,-5.048979479949154518e-04,-2.689659186181051972e-03,1.287964784843074594e-03,-2.853147222141506900e-03,-2.022317599780287540e-03,-2.349321120765383939e-03,-2.250943653744316101e-03,1.609691826519954265e-04,-2.064179024396214403e-03,-1.165343327262354477e-03,-1.121991505498118324e-03,-1.739243014980265635e-03,3.105849607593489021e-04,-3.218788651858354392e-03,-1.042098934868737961e-03,-7.108383336501010452e-03,-2.588620938843271598e-03,-2.568549041271084906e-03,-9.530575132141146447e-04,-6.400251548272246210e-03,-2.620133293706809925e-03,-3.839189107260062607e-03,-3.751405816961369405e-04,-7.117136566074802953e-03,-5.572037539609176089e-03,-1.653252016262896779e-02
-2.106913984272074786e-04,-2.312053617844141737e-04,-5.323611415752410808e-04,-5.280299395660270406e-04,-1.125355074400740318e-03,-5.283023723967823814e-04,-1.069625868664286815e-03,-4.967744871846388336e-04,-5.450493749360084883e-04,-7.124960097811771330e-04,1.619779532629389335e-04,-2.092601601022669598e-04,-1.166664642771928330e-04,-3.247365663389427046e-05,-3.563969285292730360e-04,1.635095514417616615e-04,-6.713671541417133614e-04,-8.469195526777435366e-05,5.156192254798842595e-04,-1.478003403735995893e-03,7.398981488057568973e-04,-5.645211890111735860e-04,-3.583503970057024110e-04,-1.702535317486219527e-04,-9.318427043378664596e-04,4.250197862569609643e-04,-1.150022447192280929e-03,-3.781230705906745256e-05,-1.373148830011337797e-04,-2.185797195212359906e-03,5.726205927376700660e-04,-7.547583510184937986e-04,-2.518178581984017658e-04,-6.691427418996365173e-04,-2.089390053912649082e-03,2.659880311719986946e-03,-3.733957655540636085e-03,2.173958056374435642e-03,-2.471358443038284766e-03,-4.934507376577255792e-03,1.379117518343876084e-03,-3.839866150272905603e-03,8.079088491814340233e-04,-1.653674998708014017e-03,-1.693058855654759826e-03,4.541311987504457136e-04,-1.687097230938730628e-03,-9.678198876459596358e-05,-2.777287521761658429e-03,5.594621197687066349e-05,-5.835103775774710434e-03,-4.499712066361426233e-03,-1.232231430805229462e-03,-1.190164424920752296e-03,-7.062280981101741288e-03,-1.669511826710353862e-03,-2.807350573378575645e-03,-2.887740827657272330e-03,-3.970302699983162785e-03,-3.247398952154952056e-02
2.700543682833397375e-04,-1.014605399690740595e-04,-1.811393802057063569e-04,-3.702650411847202864e-04,-3.994823906956001614e-04,-5.117450539684673637e-04,-5.174734606600344886e-04,-2.977769984491120472e-04,-1.822321847078664330e-04,-2.988200124938153240e-04,1.049502977894492984e-04,1.799225325142565161e-04,-1.988344779052643810e-04,5.381243758455899612e-04,-4.323765480676681756e-04,4.651142174215345312e-04,1.440691305397932278e-04,-1.172449892687305365e-04,1.654086116135901764e-04,-8.979903734835358595e-04,1.295551196622399389e-03,-3.998305160820378348e-04,7.072918311137918847e-05,7.531423837039302217e-04,-1.535664717775071537e-03,9.934465114674309507e-04,-3.408119583602022863e-04,-1.022644938544819725e-05,-5.398894782551468100e-05,-2.370466809549584379e-03,1.384803247484811496e-03,-7.042715777311897313e-04,-6.992452926992616695e-04,5.724899413330675115e-04,-1.885058917242130126e-03,-3.095032074272123230e-04,2.867568059800089386e-03,-2.649747969427485809e-03,2.353629039468331692e-03,-6.170876366773135786e-03,-1.625737075670499743e-03,1.673854914018899423e-03,-3.901408885988882393e-03,1.661506396329979996e-03,-1.119906941513786362e-03,-6.752439546146156131e-04,-7.708063631376967442e-04,-1.359107966033190748e-03,1.632462945218546605e-04,-2.838775555748430327e-03,-4.735205499239415142e-04,-6.037519166952761383e-03,-3.780506685978796220e-03,-9.226355211375746003e-04,-3.566627346956867048e-03,-4.217151054672928223e-03,-3.709626385558546617e-03,-2.322041090927881926e-03,-3.137459978655300890e-03,-3.803555948539076581e-02
1.066047741292744074e-03,8.739329179279302882e-04,6.601523963579338915e-04,7.344957121750190924e-04,3.337469225057342905e-04,5.116370392056261663e-04,-9.416225856790750670e-05,1.670087842586531204e-04,1.690863355658687528e-04,-7.443710790878529308e-05,4.992158813635877001e-04,4.135922205989641786e-04,1.834567576455088851e-04,6.510750719967758199e-04,5.649442263766942765e-05,9.811929423529878319e-04,2.554507504324735425e-04,7.135677092014711164e-04,4.389505161979881257e-04,-1.024150578130136793e-03,1.619417166617575805e-03,-8.032094768215485405e-05,3.598923332436356512e-04,5.882900537212266794e-04,-7.759068828572342940e-04,1.009357952045033310e-03,-4.668980425332533283e-04,2.805348148978289925e-04,-1.524949640998504708e-04,-1.254331955598569481e-03,1.077763294201851928e-03,-7.389683394222836856e-05,-4.218213472708983564e-04,1.439947123352516391e-06,-7.715703789841806947e-04,5.266224936870887415e-04,-4.720998031862746178e-04,1.470223230212594533e-03,-2.871474919688863855e-03,1.054671550821846548e-03,-2.025087227564837701e-03,-1.847839931695181501e-03,4.454274251620848624e-05,-3.154907096111135307e-03,2.157304970292753775e-03,-1.840748410124148958e-03,-1.274650562535459405e-03,-4.095445393412496340e-04,-1.944946277048710277e-03,3.925882887560836355e-04,-2.686238111941426695e-03,3.352335121059181033e-04,-7.434077777777768278e-03,-4.817066053089469509e-03,-3.811747653230019325e-04,-1.396868033576501283e-03,-7.058793402522554189e-03,-8.462351886184189299e-04,-3.807927706370946123e-03,-2.771640698727540972e-02
1.119879862459137367e-03,5.541768674070916573e-04,5.814335382924525107e-04,4.812012152887967212e-04,1.953862338443618999e-04,6.962455506055438646e-04,2.349798663245932407e-04,1.743879402068181583e-04,2.832602979842068305e-04,2.530258961401614913e-05,1.094278004383803611e-03,2.468785558964155052e-04,3.401578468635160562e-04,1.049956670532320750e-03,5.442759739063292692e-04,1.159309905181665811e-03,3.893469099146751235e-04,1.027284698625914768e-03,7.285889929349136096e-04,-1.093053271949997541e-03,2.036647485614283531e-03,2.737828665780400956e-04,5.047258691774736232e-04,6.510417553215835885e-04,-7.399853724481003257e-04,1.600254703999284172e-03,-1.291909456004913565e-04,4.061780318902935197e-06,5.034985614294747516e-04,-1.694726353107993281e-03,2.093313596421215225e-03,-5.868319761352794924e-04,-2.212989669839580834e-04,6.120260049922545461e-04,-1.510701997869685030e-03,1.242310820188806354e-03,-2.168341719681834046e-04,-4.240564934220945447e-04,2.654428913091968698e-03,-4.532616281686426517e-03,2.274256698495759604e-03,-1.630377713325736498e-03,-2.420170893455855007e-03,1.250184859808399279e-03,-5.201289368546773394e-03,2.513551906017680738e-03,-1.568895481990480352e-03,-1.296807748101345059e-03,-9.917502262443336075e-04,-1.923630208877650811e-03,4.905352450324098950e-04,-2.217457523841953257e-03,4.109630864258068074e-04,-7.546769668039200393e-03,-3.864770869759750344e-03,-1.242851112585200606e-03,-2.911483625095693389e-03,-8.868495371890067897e-03,-2.104606610616309870e-03,-4.541654921557468361e-03
2.421244883958030222e-04,5.263290444645464874e-04,2.476462386618147240e-04,6.810915622624326730e-05,5.912122279210608533e-05,1.440034881748645970e-04,-6.826276421305334469e-05,4.458074469996634216e-05,2.259099243238733227e-04,-2.178912923954928868e-04,5.216166422757063893e-04,1.996957646467407597e-04,1.200429884464208099e-04,2.025796981676503334e-04,1.115949804290084082e-04,8.756467684771281762e-04,2.126713311134251412e-04,5.689535334680702544e-04,3.846979117562536465e-04,-3.073759351535530955e-04,8.024109475287919020e-04,2.952488344576070334e-04,-2.936156977399800513e-04,5.162436372962617669e-04,-2.456671660912447932e-04,6.238582909228884569e-04,8.113184254977176535e-06,1.431764269828911143e-04,3.567382354270332272e-04,-1.210230156983468615e-03,7.269595245743356877e-04,8.459418919361090202e-05,-2.065436422318500892e-04,1.670379311430022010e-05,-2.920774506773113495e-04,1.141305139149784641e-04,-1.476201860609015757e-04,4.692141131431804094e-05,-2.810755942575434980e-04,1.018574543779901271e-03,-3.050969249017104409e-03,2.823083827377291348e-03,-2.933316391249187177e-03,-2.334264798668302023e-03,2.248224540828724688e-04,-3.936193797027011387e-03,2.135974786132355946e-03,-1.254767997581727025e-03,-1.787774711653552714e-03,-5.022186727832697638e-04,-3.139376105187246645e-03,5.433748760188837406e-04,-3.460299001296132052e-03,1.732693142016609403e-03,-7.705394024251680483e-03,-5.032038929872795913e-03,-3.370099244065177888e-03,-1.388346300053194468e-03,-6.751479456756164475e-03,3.115691316711032000e-02
1.044811160167610256e-05,1.150964409269720009e-04,1.448838788468737493e-04,1.680095569205241528e-04,4.820465249397494912e-05,-1.225308643499598861e-04,5.063232722358898849e-06,1.647472349198740810e-04,3.600370632424271461e-04,5.825937836208902739e-05,2.239542021895940917e-04,3.169723930635879173e-04,3.897382665919296176e-04,2.540263528191843739e-04,2.092767926653136157e-04,8.740918637684120650e-04,1.077108448731024792e-04,7.171262384468761811e-04,4.500037444268872476e-04,1.847895572142372440e-04,5.212612205802787287e-04,6.881578259003156986e-04,2.519404299597328327e-04,2.863967297970507133e-04,-1.358744567457634918e-04,9.014152448599637140e-04,2.444655398062900857e-05,2.681782455681985269e-04,8.226711948991925131e-05,-4.938785986226933026e-04,4.243346592778583868e-04,5.218796943364464744e-05,-1.332096671965762175e-04,2.162933994795992998e-04,-9.244744618725844482e-04,2.372619423678314239e-04,-4.058162328180668871e-04,-2.130532035938389394e-04,4.120731222678887355e-04,-2.355747673033942863e-03,1.795253540621017914e-03,-2.913894602093156354e-03,2.030078476233954012e-03,-1.882771866920134084e-03,-4.033675989973339870e-03,1.449561166378349501e-03,-4.866180185957103346e-03,1.694908210544795969e-03,-1.085665744115257457e-03,-3.101955617051184878e-03,-5.303060172758758536e-04,-2.695474025570955730e-03,1.334379607729528931e-03,-4.536564075613105061e-03,6.607962521217455257e-04,-8.548400178573929351e-03,-4.882181126183301849e-03,-1.058940279387556678e-03,-2.102870851047509981e-03,5.798497656804645767e-02
