1.112448533238997832e-02,-2.585468201793149519e-03,1.859115284848598948e-02,5.812243843853212057e-03,-2.949970414174617021e-03,1.535327843829111145e-02,1.534117812899395659e-02,-2.740934934847169199e-02,1.005751228647201213e-02,1.308886010375166949e-02,-2.537308720667404063e-03,-1.016964501738130792e-02,1.556072551639977458e-02,1.225019995326347491e-02,3.360649587582583125e-03,1.055542642765976841e-02,6.011851010301883826e-03,6.383934996975579312e-03,-3.416426741255686357e-03,-1.204625342259820972e-02,-4.996677078840509358e-03,-7.033750210787648258e-04,-1.872469191309723575e-03,-1.316046855890613343e-03,6.126216991464595620e-03,-7.338554664062116664e-03,1.534350179360500057e-03,6.687976266972001788e-03,-2.186349496314825974e-02,-4.310151263526676739e-04,7.173852253288637119e-03,-2.846718916226887146e-03,-1.448291066047826918e-02,-8.971799991168719068e-03,-2.743190494821707865e-03,-6.282910418547693956e-03,-4.632301967069408187e-03,1.126489164749483636e-02,1.296019226466735633e-02,-1.302026137363531712e-02,-3.546229988754225331e-03,1.049273170477144079e-02,1.184214538198271119e-02,8.798091230282231723e-03,1.703600124070799374e-02,2.524357698512614753e-02,2.742744383301728289e-02,6.144482115993598129e-03,5.733216561782049879e-03,-7.478854476288904207e-03,-1.583311827615103626e-02,-2.615270901029647863e-02,-4.778373400801930529e-03,-8.353687643873836458e-03,6.189958617453325193e-03,6.562827026115172768e-03,4.107614805387583765e-03,1.324434095668109400e-02,1.013967860719422638e-02,7.050504923109782163e-02
1.147501634367664898e-02,-9.735927404556843009e-03,2.280638798372558798e-02,2.615982966210391412e-03,-1.134326312536306468e-02,2.090984336058678700e-02,2.006404957025444483e-02,-4.522599072836046286e-02,1.230449282014422184e-02,1.839672773716743981e-02,-3.895225055453017168e-03,-1.696490916125455509e-02,2.178222864612357895e-02,1.498291012237949402e-02,-8.937479032410502794e-04,1.023800023455925974e-02,4.601727034704767606e-03,2.912114165864665687e-03,-8.686954038288015323e-03,-1.883128496091735285e-02,-2.988434785679798013e-03,1.523298685530073649e-03,7.452833957165679252e-04,1.540770351826656901e-03,1.152354244174176590e-02,-5.695920259373032750e-03,7.679639386640996386e-03,1.583369100635644011e-02,-2.703135168821617709e-02,4.251712201899823622e-03,1.093025567138995388e-02,-3.644542283954142932e-03,-2.119990497529467000e-02,-1.298305258906427319e-02,-8.822941603360640256e-04,-7.031561914515406519e-03,-2.655984466993517330e-03,2.204768600004399642e-02,2.201938809623008725e-02,-1.475257508993662800e-02,4.118160610446564604e-05,1.994389017015051752e-02,1.827357049864141228e-02,9.155126270286381360e-03,1.655656571827832449e-02,2.483009472564543310e-02,2.366420234362805186e-02,-6.705733614365908153e-03,-2.265578918263588294e-03,-1.309494435816750159e-02,-1.544936994404457267e-02,-3.065558554630529176e-02,-3.006277748236957435e-04,-6.976958384876699205e-03,1.381399235077550303e-02,4.862011359941717341e-03,2.650217137561765648e-03,1.527258054575097307e-02,1.145598853616899317e-02,3.850982806816224957e-02
1.140241034904224474e-02,-8.371417174032532230e-03,2.141233936417938702e-02,2.272844593896149699e-03,-1.031152578311389165e-02,2.141789173330429716e-02,1.901951565087788357e-02,-4.060943400705132461e-02,9.796442261884939773e-03,1.651417398747861628e-02,-1.799015984799138233e-03,-1.568734070165001687e-02,2.101075726490361437e-02,1.413244158666053345e-02,-2.084421712430621371e-03,9.947191598219202666e-03,6.094837689736079533e-03,-1.580289739228697265e-03,-8.601136834606481693e-03,-1.485405206715174724e-02,-2.716700620638990132e-03,-1.037090351315845182e-03,9.572690742011106006e-04,2.143712700496727339e-03,9.485061414596106938e-03,-5.252203349850026980e-03,6.376621381752146239e-03,1.422915805451959760e-02,-2.456350960665150407e-02,1.017207550229919360e-03,7.660817390058282869e-03,-4.035382818773572064e-03,-1.929964322362499179e-02,-1.169990939914568318e-02,7.112427654352801052e-04,-5.425123324580701303e-03,-7.414998189056574334e-04,2.162790859256926226e-02,1.639907813738544079e-02,-1.427260702999852068e-02,7.228652853854447124e-04,1.763318499652339819e-02,1.513480908975270781e-02,8.067307351447413830e-03,1.569627990115328095e-02,2.254372662456724519e-02,2.069217100495065326e-02,-4.945684739066621809e-03,-3.332140500322626329e-05,-1.352961516838736486e-02,-1.540758314379741395e-02,-2.616926773670044323e-02,4.738347834552567961e-04,-7.573930719380291866e-03,1.097073146546329037e-02,4.314498368468037276e-03,4.320919362477582994e-03,1.294702262190822184e-02,1.019877900969182703e-02,4.323259811915859674e-02
1.117925460203824176e-02,-7.104056629772997726e-03,1.987341197130174791e-02,1.668020721884748252e-03,-9.591831695870065011e-03,2.144527838099271819e-02,1.742403445303870521e-02,-3.639097710600625035e-02,6.917123716706524705e-03,1.429706183367495526e-02,1.758369745058708709e-04,-1.446360759689368711e-02,2.021038599053501944e-02,1.328840887238016619e-02,-3.181216917199489701e-03,9.717530497125119113e-03,7.699508933461409604e-03,-5.942296660638055235e-03,-8.266356266586227797e-03,-1.051811968947161634e-02,-1.898981250152734354e-03,-3.033117631945965714e-03,1.646631562154253882e-03,3.108600431861524831e-03,7.727643731304755653e-03,-4.676325589100875126e-03,5.113116311730823461e-03,1.268834483515439426e-02,-2.185812642984964402e-02,-1.578944606454236533e-03,5.161620686420992539e-03,-3.439196600016485549e-03,-1.619733957890006487e-02,-9.290613174893713744e-03,3.137288760362302430e-03,-3.251835232188362516e-03,1.609215572848291149e-03,2.159765029117798399e-02,1.105839415937683208e-02,-1.346681080049952350e-02,1.956356958261803915e-03,1.576658932074840452e-02,1.225153299940621998e-02,7.469226887599288156e-03,1.534581626039142194e-02,2.067287989055665090e-02,1.818098432124915301e-02,-2.451220396994333289e-03,3.319725679123204654e-03,-1.270740957456301806e-02,-1.414532186841170949e-02,-2.026776493344581084e-02,2.761636285273174046e-03,-7.059134276984458702e-03,8.685444692547372378e-03,3.874098808042297001e-03,5.962781194385991142e-03,1.175335955993985979e-02,1.061103643337676060e-02,2.458673937619149444e-02
1.163349206834235830e-02,-5.190406068232082150e-03,1.888768253367492655e-02,1.621025229558049549e-03,-8.265336732992002028e-03,2.206233461426248751e-02,1.654694850718039720e-02,-3.132139169321129790e-02,4.788565244967280671e-03,1.277714017418995172e-02,2.780861301965088274e-03,-1.259576591098206765e-02,1.990283668281007598e-02,1.284722640563199479e-02,-3.859725799003259437e-03,9.892920081930271087e-03,9.684638657688812019e-03,-9.993057767014175766e-03,-7.574668729017685308e-03,-5.857713122998744505e-03,-8.163741842969095752e-04,-4.784725120273219424e-03,2.553283631234909336e-03,4.374554909804259824e-03,6.329591265835624210e-03,-3.676060068570979715e-03,4.329964397900284284e-03,1.167531350997728229e-02,-1.867037840923800249e-02,-3.896808126914804056e-03,2.836228383696921124e-03,-2.942326317865554507e-03,-1.337362010932297528e-02,-7.123539260522856673e-03,5.354512386615592479e-03,-1.330545468073261826e-03,3.708512804783408064e-03,2.143184491941761000e-02,5.621281694713080139e-03,-1.294701596187808335e-02,2.847763477774613392e-03,1.377190162476809622e-02,8.926995641901511180e-03,6.263120114429872320e-03,1.458026474996882739e-02,1.837804275787054131e-02,1.498741438179929629e-02,-8.019437570057478572e-04,5.750743453739283993e-03,-1.263093328320810498e-02,-1.385183457160360683e-02,-1.577173298901432888e-02,3.621684404217901353e-03,-8.131667770164290390e-03,4.313370996648713609e-03,1.005371553322811744e-03,4.944649913292894182e-03,7.364491555243654793e-03,7.770221235193072382e-03,2.768739488907014795e-02
1.200748970800363628e-02,-3.166007660509021372e-03,1.807807451709475197e-02,1.813646919834290905e-03,-6.704810356144677401e-03,2.293724718049405462e-02,1.598584202035601212e-02,-2.606806713576374779e-02,2.886846913566250197e-03,1.149353763967181363e-02,5.468426066299321257e-03,-1.063596606145532884e-02,1.970656734070972554e-02,1.247160177537649621e-02,-4.573818026023136231e-03,1.003239394648857211e-02,1.162118237602521517e-02,-1.412176763077043276e-02,-6.958301700993877598e-03,-1.306779179726624308e-03,1.433247246263126063e-04,-6.615126034975402601e-03,3.394274536069186079e-03,5.522658693658407357e-03,4.841961985159830111e-03,-2.635728648163180188e-03,3.545616567578812207e-03,1.055062134866950781e-02,-1.568525410641606610e-02,-6.587036031967156459e-03,-5.498667829353264887e-06,-2.931793290731771369e-03,-1.106631643908563035e-02,-5.416639156662860638e-03,7.435839021704714925e-03,7.445661752548432977e-04,6.064474908013609000e-03,2.163881117802587961e-02,7.183684478668520479e-04,-1.207320589404741427e-02,3.800878143874326237e-03,1.180365351846220101e-02,5.845663282253235615e-03,5.118930941424755694e-03,1.390812860063120326e-02,1.665458327315121403e-02,1.260891628510084350e-02,1.561638251097137399e-03,8.582740424067501761e-03,-1.232532143351991114e-02,-1.336727108971080824e-02,-1.140391564631172347e-02,4.189450715955109379e-03,-9.056826245288574634e-03,8.731766453229023502e-04,-3.933344942172560532e-04,5.918362704287213547e-03,5.348305783112136148e-03,7.172649339974222077e-03,3.935423991624882600e-02
1.194033116152685287e-02,-1.722934507558373553e-03,1.710641789114768566e-02,1.957207366086963132e-03,-5.118070607402738087e-03,2.384841418980178027e-02,1.552381578648303999e-02,-2.057939882096235934e-02,1.157960829707751268e-03,1.034240947298538556e-02,8.314884198363943144e-03,-8.771843881507555840e-03,1.950623343691612957e-02,1.213283361905452724e-02,-5.228208503839020665e-03,1.022975855487225777e-02,1.361905558481899155e-02,-1.810818193703171708e-02,-6.178966323240005221e-03,3.430394867635868771e-03,1.301980609819275046e-03,-8.263907193183985325e-03,4.397646179597768795e-03,6.777250187579249296e-03,3.360051398430199173e-03,-1.755053121645895739e-03,2.590668983315075596e-03,9.266131628775254453e-03,-1.273231877298493589e-02,-9.156180623429788570e-03,-2.592934456946760675e-03,-2.528636295190248885e-03,-8.265742458170837609e-03,-3.261811192284965171e-03,9.751065874624332760e-03,3.059411458531057469e-03,8.545196241112761396e-03,2.186876169315130070e-02,-4.122944731660883703e-03,-1.104750525735021145e-02,5.014483573470314773e-03,1.005476506784249401e-02,3.046009881645760000e-03,4.263908372343982317e-03,1.311689354658965301e-02,1.433000285443245848e-02,9.673134023887471761e-03,3.464358777679497035e-03,1.080537301142928813e-02,-1.272635485961697878e-02,-1.321442545476815902e-02,-6.888195829373072558e-03,4.963341264132477629e-03,-1.010925499745639160e-02,-2.892523602057874184e-03,-2.717610655092839427e-03,5.167715630354822835e-03,1.589633320963926896e-03,5.824510113734793909e-03,3.080605529118215016e-02
1.130246204598688714e-02,-1.153045004103395903e-03,1.500716043584820331e-02,1.062541801345591409e-03,-4.487112925284453789e-03,2.377816726042433076e-02,1.408454905738372974e-02,-1.599502496215646566e-02,-1.419828177554278287e-03,8.286732308976297451e-03,1.035941147131132743e-02,-7.582374677717959241e-03,1.865785719862483177e-02,1.120612892821493470e-02,-6.251819940068539111e-03,1.007037375394414375e-02,1.534195605306920562e-02,-2.244898500444550762e-02,-5.740650166189928925e-03,7.703524540985254646e-03,1.893001096115475229e-03,-1.055725582229238499e-02,4.765621011543664728e-03,7.465040396931135573e-03,1.386044506164441428e-03,-1.299871057602668047e-03,1.339677122213912656e-03,7.793817927569417735e-03,-9.895343519916230748e-03,-1.183424606461019012e-02,-5.244966329531629626e-03,-2.165531538681910763e-03,-5.554912299839228490e-03,-1.179195664912530920e-03,1.188121668150414131e-02,4.913714508472782558e-03,1.059687523945111731e-02,2.166979739023366588e-02,-9.546159528310867518e-03,-1.063488764458622032e-02,5.821235749635759842e-03,8.085011480487038632e-03,1.088430416142383559e-04,3.616557709459380411e-03,1.291267071961701811e-02,1.257844836827686288e-02,7.201267099445970467e-03,6.214343660600055337e-03,1.413372279901126127e-02,-1.235741210708083369e-02,-1.263478109840580552e-02,-1.952768597755689256e-03,6.527299076694586741e-03,-1.034891221373446767e-02,-5.750887550061992148e-03,-3.582372559912786608e-03,6.183129236258288856e-03,-1.000655069021549361e-03,4.866330916090702736e-03,8.801583465695324293e-03
1.320895544981634875e-02,2.264828295494637853e-03,1.559139663041243622e-02,2.592564404653945661e-03,-1.056731819896330072e-03,2.629014786341257390e-02,1.515889033184160926e-02,-9.154744147177117097e-03,-1.630303086598268100e-03,8.660219407287225030e-03,1.472238931122043203e-02,-3.898859919854356492e-03,2.024426824822357987e-02,1.269977535215400730e-02,-4.984294842854461796e-03,1.219424141911609749e-02,1.919370951661880653e-02,-2.458135019552353667e-02,-3.127909494658381428e-03,1.402552053882704687e-02,4.492834690610949741e-03,-1.086854842795715280e-02,7.030523727098990719e-03,9.974932137711910174e-03,1.263741795048554852e-03,9.671293947802801381e-04,1.806574017695884932e-03,7.922546318925608941e-03,-5.518283906627613825e-03,-1.303125427713598336e-02,-6.589489550684638104e-03,-5.560549829066789530e-04,-1.631842739728395176e-03,2.057528156156923638e-03,1.522453195937505457e-02,7.975892416812298269e-03,1.377107595498934349e-02,2.278980726660760625e-02,-1.350351781869663093e-02,-8.960041312831602822e-03,7.744907648106343426e-03,7.283197013780154903e-03,-1.817616962555148197e-03,3.731233706519341761e-03,1.337842194258257247e-02,1.150949534987641930e-02,5.037188707717614282e-03,8.873476059958949197e-03,1.748733802386861005e-02,-1.163438831665215487e-02,-1.197766851225320200e-02,2.793284019589432551e-03,8.082578508511165452e-03,-1.016754905358451151e-02,-8.310247890793459602e-03,-4.343220953254667109e-03,7.552357249987464750e-03,-3.028141264474989037e-03,3.785410042511120395e-03,1.085930271783661430e-02
1.442127258590078509e-02,4.081286668970324390e-03,1.482420718813937978e-02,3.281635573774849442e-03,1.206221975685868412e-03,2.720503888114136903e-02,1.465590876381353026e-02,-4.379417461431866707e-03,-3.811242529041040852e-03,7.890791897881208050e-03,1.686161702068693369e-02,-2.482822938556786523e-03,1.956433130297403206e-02,1.208786443427899322e-02,-5.505276755895771243e-03,1.243322439380634137e-02,2.079669836174220104e-02,-2.821230400355838330e-02,-1.957118017303733411e-03,1.826459096952994660e-02,4.944225506405341281e-03,-1.305311808202262031e-02,7.606088686682966130e-03,1.049303660300742250e-02,-4.601434759766549970e-04,1.599629657315923895e-03,2.995716800227179273e-04,5.578600880689099303e-03,-3.935978869526408908e-03,-1.633274775875992110e-02,-9.742130314619387721e-03,1.436641550271945309e-04,3.175219553312597521e-03,6.477743634149381660e-03,1.922970649464023074e-02,1.101380514065402987e-02,1.536840367238987391e-02,2.010391191165701585e-02,-1.960328883095202590e-02,-9.574804234697189761e-03,6.178016701283945561e-03,3.203675524251054473e-03,-3.762092447193837817e-03,4.974272180941076427e-03,1.434144451120167828e-02,1.230543251362693595e-02,3.801046603391278113e-03,1.285942186265757493e-02,2.111170096443382507e-02,-1.030930274852561931e-02,-9.130707096233170797e-03,4.861264871854590816e-03,7.948022124416332171e-03,-1.180141517173147539e-02,-1.099109931393970827e-02,-3.828821521781343006e-03,7.086111254817245401e-03,-8.796230521675035136e-03,2.795507463096199869e-03,2.580873601589857985e-02
1.256549352712887924e-02,4.912895852613908751e-03,9.076683075018970523e-03,5.858408889084002445e-03,5.032911641000672835e-03,1.514059843518708939e-02,9.331222745003024677e-03,4.606461442497029424e-04,-1.950437046652457682e-03,7.939350952046207027e-03,8.351109237825341675e-03,-4.960018446527674710e-04,8.854557429131612936e-03,6.828266119647739135e-03,-2.127792281863993395e-03,6.373928592154967480e-03,1.077762437919231077e-02,-1.509074651570012013e-02,-1.152253815985623472e-03,9.108099040755348458e-03,1.801107279772026218e-03,-7.649522962047811819e-03,3.561732522726354568e-03,4.514257165925170991e-03,-1.364411516108222835e-03,4.324186341245541960e-04,-2.708903469939274479e-03,-2.647396625787126322e-03,-7.619865757954621781e-03,-1.320716480415516127e-02,-9.932586024659805640e-03,8.744513912136810726e-04,9.947569338905195430e-03,1.434373630047373893e-02,1.875559334508752896e-02,1.410872787646207278e-02,1.052145706043886020e-02,4.414995412378739346e-03,-2.179077655879400888e-02,-1.218740561344954822e-02,-3.522973762573929340e-03,-4.325579369994252653e-03,-1.012747445959831820e-03,7.475576303200877001e-03,1.280743247686756681e-02,1.203479440186566544e-02,7.077725144137462371e-03,1.313468523410449805e-02,1.510804447804065843e-02,-1.945041916461187105e-03,-2.026426272985775053e-04,4.337407209261045712e-03,3.955219492356239382e-03,-1.022625681414385257e-02,-9.671016933201400864e-03,-3.649018889386078206e-03,-4.825750859969663367e-04,-8.868851690500811555e-03,-2.372290147555625259e-03,4.915234675726865010e-02
9.398170090939080012e-03,6.744788174923610144e-03,5.938076919623515824e-03,1.142069651682699541e-02,8.924282057900424434e-03,4.429289298059558254e-03,6.352602906544913518e-03,4.544440410916874597e-03,2.216526052180784780e-03,1.185175031120452339e-02,-2.810866313184309621e-03,2.846393277876963206e-03,-6.575416580731900012e-05,5.287502599345938678e-03,3.002396476764659494e-03,2.317758603535058793e-03,2.398779202016402493e-03,1.779999999999949591e-03,1.125385759405253755e-03,5.103619020746987672e-04,6.598176535650256006e-04,4.131224610157259534e-04,6.163992295932914324e-04,-6.209274513460944503e-06,-3.816976597839634813e-04,3.124826175270347235e-05,-3.273124473185671287e-03,-7.436921638213971238e-03,-8.612132037185849659e-03,-5.978601378214587307e-03,-6.091849451735030334e-03,2.626612778254855049e-03,1.427095486210784754e-02,1.967478838103625324e-02,1.611414459093047161e-02,1.521478615644380160e-02,6.224253862657919828e-03,-7.798925561794944721e-03,-1.514682614941843634e-02,-1.326481936572122475e-02,-1.132345737001528609e-02,-5.776748455861293978e-03,3.940177092565664771e-03,1.058762437477659205e-02,1.033695260977454157e-02,1.227970152817953187e-02,1.050089418248147631e-02,9.448323613768121187e-03,7.702623884205742934e-03,5.088354247988641568e-03,5.775035576925621403e-03,6.814973348695167570e-04,-1.627069002157666274e-03,-6.059771973425782075e-03,-8.193707767438402484e-03,-5.526553277467692940e-03,-7.190885601249794902e-03,-8.171318448802296006e-03,-6.698130551000000890e-03,1.360485627327566232e-03
5.004334214979696410e-03,5.718393042278854463e-03,4.596324768859180038e-03,1.414461416344570815e-02,6.507014631255606148e-03,2.623366581863764875e-03,7.221919123078525925e-03,4.042417842517741743e-03,1.351906011743460529e-03,1.697130283073356588e-02,-8.205196674029328549e-03,3.284464672522803899e-03,-4.491100216234078317e-04,7.866022642769834178e-03,2.228256607785942742e-03,2.336550753185540584e-03,2.477011443968312517e-03,1.870000000000068656e-03,1.176613484930134424e-03,9.880792329560240429e-04,7.282356988254519697e-04,2.434814938328809620e-05,3.799733767667489597e-04,-3.080582632286718754e-04,-7.488734270921198598e-04,-3.552525360432502808e-04,-2.870498625463188160e-03,-5.909338506105862171e-03,-6.658554716361128091e-03,-4.127723547924547556e-03,-4.180977782654939773e-03,3.259565951551793381e-03,1.348483851333634291e-02,1.704256110689806800e-02,1.423293971158100767e-02,1.321537277111887489e-02,5.025185512107231342e-03,-7.509794026530985933e-03,-1.370144259627914529e-02,-1.154115960304743886e-02,-1.181381196111113384e-02,-4.287067407049221894e-03,7.009286140165139900e-03,1.156145260655288415e-02,1.185076639491164027e-02,1.268054309875806841e-02,1.129314135672958297e-02,8.932105634450670031e-03,5.650762281395943151e-03,3.831249341370955054e-03,4.048480075254820738e-03,-1.812671648370648694e-03,-3.023120949373994584e-03,-7.121554680058911520e-03,-7.888284387829874733e-03,-8.178774485815732895e-03,-8.536840957739577282e-03,-8.975545958312635547e-03,-5.523270026468217637e-03,1.429903846613738393e-02
6.341025826212625359e-04,4.274934492878627867e-03,3.209075143712575729e-03,1.730208177941238226e-02,3.764433049293809674e-03,8.175676322278623486e-04,8.439686220575419104e-03,4.495083715364307266e-03,1.916476900598731948e-03,2.305693166216606430e-02,-1.290748184903729029e-02,4.153022622964031192e-03,-4.358013393930948291e-04,1.010234627018961190e-02,1.839987548627146276e-03,2.367489703968551819e-03,2.505780273642530930e-03,1.395299591440262018e-03,1.270948522866943578e-03,1.077846016985567826e-03,7.071138323272462868e-04,5.328933414320363932e-04,4.495723246268377516e-04,-1.498703092571215660e-04,-7.718519275959321874e-04,-2.684860879275622215e-04,-2.389793954269318812e-03,-4.621123396902120095e-03,-4.765731274268208452e-03,-2.571513781034957292e-03,-2.374160706357510836e-03,3.735549466438485827e-03,1.200421599497526401e-02,1.480156369295761512e-02,1.193433148191047968e-02,1.100388868948868129e-02,3.467152987621109714e-03,-7.250238485753761862e-03,-1.275394079415862782e-02,-1.065786267002843089e-02,-1.105435766916592136e-02,-5.200176117795171984e-03,8.288025765053311580e-03,1.475403844079093384e-02,1.233104068431596645e-02,1.406589820510264870e-02,1.137086363284513929e-02,8.573306747749287124e-03,4.503926145635946988e-03,2.756230752309312207e-03,4.208300198236276241e-03,-2.582127810212582822e-03,-5.323171243469130079e-03,-8.071263226436651075e-03,-6.993379133975723833e-03,-6.767441890821936958e-03,-9.528029613020594715e-03,-9.632299330996046960e-03,-4.576945664881712852e-03,1.353865595275446226e-02
-3.535712258570194652e-03,2.479550647235838779e-03,1.533055064837483654e-03,1.991325485019814628e-02,7.853419508396165165e-04,-1.370981474916571413e-03,9.154254236358573896e-03,4.480629947634719688e-03,9.375238102282669678e-04,2.772607941425575540e-02,-1.918625673466235401e-02,4.293896619242062312e-03,-1.804303412220244207e-03,1.205885829347801662e-02,1.850021560696220877e-03,2.792783732649497565e-03,2.486740201573717224e-03,1.403078086951949424e-03,1.637396628507921219e-03,1.041310010106377476e-03,1.118663239800399582e-03,8.949893247437127209e-04,7.676564230508622151e-05,-5.792167123989464938e-04,-1.102182819449133060e-03,-7.518834033495682204e-04,-2.209079718042033461e-03,-3.517865042439109746e-03,-3.277956101209146371e-03,-1.252429713870416988e-03,-6.655655650411632877e-04,4.363908076355943813e-03,1.043869955669528976e-02,1.257182824031476652e-02,1.009085523854692627e-02,8.585280966386886134e-03,2.103333213054267136e-03,-7.370720387244449057e-03,-1.195164523158219298e-02,-1.002367783685076050e-02,-1.061807367149628957e-02,-4.236784256433569207e-03,6.700027773005105998e-03,1.549795032066950996e-02,1.468198283727458441e-02,1.487699524909600474e-02,1.198976166656879824e-02,7.176442304140598014e-03,2.921280407346014182e-03,1.437380218004458057e-03,2.399785630681572270e-03,-3.347121150473285518e-03,-6.554916554558365416e-03,-1.071910528801689987e-02,-8.902538697620471578e-03,-8.779377939243359838e-03,-9.556753523236316550e-03,-1.204911663220274883e-02,-6.580318918968764731e-03,3.264706551706395010e-02
-7.948684982045647190e-03,6.881003711565245430e-04,-7.079714085201668609e-04,2.230707670682652299e-02,-1.739302412442816958e-03,-3.081027937348182651e-03,1.110105560723936499e-02,4.796759982081379159e-03,4.622093981096724990e-04,3.333301882490120882e-02,-2.459109735786789777e-02,5.755972663416534206e-03,-1.840852099882237273e-03,1.516771438015207876e-02,2.311650179047155303e-03,3.302353772816371720e-03,2.430390079340186051e-03,2.244246726917861496e-03,2.368875571999818925e-03,1.777297214732686658e-03,1.991063600692606714e-03,1.277496334899002120e-03,7.331555696342127748e-05,-4.921221950254864308e-04,-8.390296539170636518e-04,-6.914857039950353737e-04,-1.774350046956573671e-03,-2.136344930009476638e-03,-1.473414100931781743e-03,2.818356362302879372e-04,1.042549086923698527e-03,4.667513403671953373e-03,9.279413109051214484e-03,9.808082441305208607e-03,7.986095227716941136e-03,6.817504175471392897e-03,7.679013304626547236e-04,-7.101918706869005636e-03,-1.095443309738167517e-02,-8.951533283646326278e-03,-9.525054766504279999e-03,-3.174082608809171424e-03,8.590688914785673397e-03,1.411637861043855448e-02,1.573059615621553997e-02,1.734336904899398332e-02,1.171406769317137782e-02,6.159291172261937251e-03,8.850417731864546793e-04,-1.547578266714402003e-04,1.328852658615763214e-03,-4.900753841829552995e-03,-7.074455902215927294e-03,-1.231060684184470504e-02,-1.175343208704715189e-02,-9.556030644211349276e-03,-9.845359908778571201e-03,-1.077203541504435230e-02,-9.157936488327007504e-03,2.237886568813829760e-02
-1.203632728197179431e-02,-3.574269723692567171e-04,-1.733369759382547308e-03,2.490842642560453860e-02,-3.907997503712650443e-03,-4.950181067292387486e-03,1.262438528256828313e-02,4.704872394094355807e-03,4.702362918359549943e-04,3.896583958088648686e-02,-3.005282476046946399e-02,7.041475825287037658e-03,-2.404418444091745762e-03,1.772619362592115985e-02,2.284965366001290386e-03,3.230280629660232244e-03,2.515435297087686810e-03,2.960043511080657705e-03,3.208870846794602705e-03,2.518656294430018320e-03,2.744633315679516176e-03,2.160978211921560626e-03,8.887714409431857242e-04,-8.645463295075316652e-05,-5.094507527258309350e-04,-8.361513377266281688e-04,-1.092938455217974539e-03,-7.736023030500658064e-04,5.632469599367871714e-04,1.993007081363414035e-03,2.972581630881651355e-03,5.850166170896988795e-03,8.338049230354676461e-03,8.150362882520365351e-03,5.991410010552543179e-03,5.189448034714217763e-03,-2.689172448068917454e-04,-7.031802086407068324e-03,-9.294401679490919138e-03,-7.374045356166894667e-03,-7.809705801935285657e-03,-1.569979927038337797e-03,1.005000176793302731e-02,1.635709320687991214e-02,1.502107648483938171e-02,1.868278179832447150e-02,1.406336110355039040e-02,5.100574219617262824e-03,-5.099116856624553518e-04,-2.226613553044155727e-03,3.160358892098021912e-04,-5.307701100956989035e-03,-8.245747771887575878e-03,-1.112365085478368883e-02,-1.114691641363401570e-02,-1.123228973909542495e-02,-9.927929153262120276e-03,-8.456052041850709022e-03,-6.519606818443043211e-03,1.269293416720776793e-02
-1.655578701270466607e-02,-7.424766413531562904e-04,-2.540855792830388430e-03,2.745925232171562286e-02,-7.012438950001339925e-03,-7.406028588332357922e-03,1.297690900941083844e-02,4.201268209630695805e-03,-8.446146819211656272e-04,4.336076180718136802e-02,-3.622158059478412795e-02,7.787466903783513139e-03,-3.827033825102445219e-03,2.019709601549836767e-02,2.362112562587970980e-03,3.316645001789376816e-03,2.914605180736031843e-03,3.477861544984872395e-03,3.605483042070603116e-03,2.954408492280377000e-03,3.522112831707299805e-03,2.884421918202220280e-03,1.227568706745329639e-03,-1.870713647232186388e-04,-5.931547626707531912e-04,-1.005185882446706438e-03,-8.615889044859218610e-04,5.071335884300229128e-04,2.452043585391707001e-03,3.873970865675918120e-03,5.103118928038182997e-03,6.674271797088248553e-03,7.382874525575005599e-03,6.207614252988500128e-03,4.365740198079147601e-03,2.801608457301210491e-03,-1.216742985333692934e-03,-6.567493479097121986e-03,-8.586189361810044746e-03,-6.214174573258558938e-03,-7.501680426487010792e-03,-3.025225179425433480e-04,1.137328588648460134e-02,1.745930276467776154e-02,1.638506196919184421e-02,1.753653477664023769e-02,1.469922287085380017e-02,6.136394566356690589e-03,-2.651727501516024880e-03,-3.329483646352780594e-03,-2.021167596246783212e-03,-6.165587969617749090e-03,-9.976443369038339587e-03,-1.407578944344939006e-02,-1.166613634594274723e-02,-1.269050802339894389e-02,-1.359833627579945005e-02,-1.212796672964528907e-02,-7.348981036630866832e-03,-2.221664177816638081e-03
-2.055155409246928883e-02,-2.990816209573427063e-03,-4.363478442935175144e-03,3.008160965768818390e-02,-9.827355129581912332e-03,-9.879498923798501683e-03,1.350170405730812678e-02,3.292550036343099961e-03,-2.050773478166402399e-03,4.788890463472143810e-02,-4.191791174382530905e-02,8.215817915060007193e-03,-5.089612360278833979e-03,2.277931674863539757e-02,1.427532777816204477e-03,2.900080277344070211e-03,2.972010105938812600e-03,3.130379732776117536e-03,3.694712405697940689e-03,3.006891937765906412e-03,4.075712190774146045e-03,2.925684145702025542e-03,8.289246399796366483e-04,3.650905956106475158e-05,-7.284774732667846468e-04,-1.375579690878408123e-03,-5.196240772054739991e-04,1.893753531024054129e-03,4.198444270353295267e-03,5.423728439276526668e-03,6.935529616299559302e-03,7.235542268311041109e-03,6.231029605011021225e-03,3.741724056750922196e-03,2.268756196823424123e-03,9.172298433250834684e-04,-2.872304096158083669e-03,-6.301936634773908086e-03,-7.020332135938470337e-03,-5.464284304448746403e-03,-6.143493097943645252e-03,8.950896875000517424e-04,1.252806288208978963e-02,1.869820878149333621e-02,1.748227169797652095e-02,1.931022578018838295e-02,1.263582990302497024e-02,6.236057484170498544e-03,-1.300009553449437945e-03,-5.262200419775385322e-03,-2.762659757630792946e-03,-8.456984549516790434e-03,-1.012465200198458225e-02,-1.455151455341188900e-02,-1.235904886356165543e-02,-1.151442373022743340e-02,-1.287623072611157604e-02,-1.273304294530868547e-02,-6.179258982451762278e-03,6.453443828688945616e-02
-2.301179486511864200e-02,-3.713714484725490553e-03,-5.796915228007560456e-03,2.744037698654652052e-02,-1.088327039700585398e-02,-9.203328500759897293e-03,1.662227097809026652e-02,1.607603001654888883e-03,-4.388644061565402654e-03,4.983951255995826279e-02,-4.871401689194401058e-02,8.510307919993752995e-03,-3.669360808356234363e-03,2.939606715725047448e-02,-1.253933023476500735e-03,8.243195167256068406e-03,8.683502303877233333e-03,-2.929017883642927832e-03,1.985355220016761599e-03,2.309183153675084532e-02,2.355524174787646061e-03,-3.456490106046569200e-04,-7.592708776810934250e-03,-4.071725872784175658e-03,3.996258787084750602e-03,-4.775913161783538509e-03,-5.848454999422366372e-03,7.187658506489156586e-03,5.139485573175683192e-03,2.609285788947359255e-02,1.352291989290111893e-02,8.661738356032803923e-04,-6.722208795468134421e-03,-5.937097257477978729e-03,2.250739860460017772e-03,-1.924398896416748463e-03,-1.029089090804106597e-03,-8.715520660623865545e-03,-6.021140210864759160e-03,1.378422200436172501e-02,-4.714622041807375180e-03,8.832493548085042050e-04,1.185993965098862358e-03,1.353093839993481200e-02,1.816814869804207408e-02,1.762738694831844644e-02,1.296910494902800935e-02,-1.874351764884919433e-02,1.222121240310781488e-02,2.125306624427192662e-02,-7.298078631651500579e-03,-2.722685335714237695e-02,-2.270297678517987916e-02,-6.447868819289258660e-03,-3.500451980671766793e-03,-1.811278123390301642e-02,-1.247452324589936462e-02,-2.508796658059936346e-02,-1.780431301642056499e-02,5.285012498959787419e-02
-2.576097309303694224e-02,-2.401390823762122526e-03,-4.261649438802950739e-03,3.002996569209813449e-02,-1.040425097769052259e-02,-7.417290354194015257e-03,1.914514545421771088e-02,1.553697358089244822e-03,1.766602662714563331e-04,5.241936118238262055e-02,-5.087360879352832016e-02,1.082744509041113842e-02,-1.464671820533911288e-03,3.287186143535328342e-02,-7.877026724535859123e-04,8.260778748518002659e-03,8.725758392591367527e-03,-3.913381147633820598e-03,3.285587102957125433e-03,2.487317172444448998e-02,1.117533677848115293e-03,-8.207065917804893434e-04,-8.556345350823460483e-03,-4.335286379215539873e-03,3.999664560982002168e-03,-4.871767472084861592e-03,-5.011444545918374190e-03,7.055905667557611088e-03,6.817157043660777155e-03,2.309067387946259556e-02,1.309015998579633570e-02,-1.043452904763670502e-03,-9.167083804711713413e-03,-8.706234454661922889e-03,3.476238146907356381e-04,-1.879874178405633494e-03,8.326449894458252997e-05,-5.327173894773865395e-03,-1.205467836363369183e-03,1.267880702255024146e-02,-6.024956302689650402e-04,4.163733772870078891e-03,4.027790080143740445e-03,1.479936100925440326e-02,1.799282174678284996e-02,1.717354507853541268e-02,9.808265040930741474e-03,-2.025023992780371901e-02,6.627283578729646109e-03,1.443984508303137321e-02,-6.135081642925000259e-03,-2.929504504768794954e-02,-2.068512859357164377e-02,-4.685257619908478680e-03,7.750833153015073210e-04,-1.086376954710052342e-02,-3.996138028870070170e-03,-1.253214591016878904e-02,-8.116970497962783249e-03,4.211238502845354031e-02
-2.783060324298428437e-02,-2.095789604133663480e-03,-2.391297710707663855e-03,3.334368000391699227e-02,-9.643512520730541937e-03,-7.488582258106288650e-03,1.872704431815311321e-02,1.162610847167150108e-04,1.024722516173516736e-02,5.176190237607926348e-02,-4.775125182442125499e-02,1.318577571622107751e-02,-1.807603993246340067e-03,3.044791957233077689e-02,4.669430743321366964e-05,1.027485833289009699e-03,2.924772846127736848e-03,8.965509312480070186e-06,8.032664410770187086e-03,6.785018858038753195e-03,-1.647724253975811344e-04,1.583659013780812060e-03,-2.191291478296089959e-03,2.045405222286648700e-04,-1.330586632765285620e-03,-2.118594328868134667e-03,7.641351093477602181e-04,1.358301308850580870e-03,1.021583672074330082e-02,-1.677044896418509665e-03,8.401897283231743799e-03,2.490220415368268880e-03,1.794442557620070923e-06,-3.367390523904720007e-03,-3.005060018467203397e-03,-2.799465855259274864e-04,-6.473302790341288080e-04,-6.785480929042613874e-04,3.703529588539597808e-03,-1.061436949503700294e-02,4.697365599199059515e-03,8.712877031946550388e-03,1.663945851407799478e-02,1.988109191344345633e-02,1.703057138899051123e-02,1.611239541064323974e-02,6.077686275080825852e-03,-1.865795758105920008e-03,-1.034110705228380965e-02,-2.384065234399362909e-02,-1.083670194019925462e-03,-1.076765704029123381e-02,-8.900772520475344618e-03,-1.096618229109426294e-02,-6.987857808799899546e-03,3.015022890236038113e-03,3.761102484923927944e-03,1.068069262906125826e-02,8.207498789675750708e-03,1.507730036691534194e-02
-2.638912273077537174e-02,-2.082885133914377882e-03,-1.538317914640078719e-03,3.082894612334717913e-02,-8.192160327486045640e-03,-7.880390247743999932e-03,1.823568370999084642e-02,-4.099652951787140058e-03,1.787767361902831142e-02,4.478227964246921794e-02,-4.453635266190156261e-02,1.308483702919516559e-02,-2.602372395728945638e-03,3.060116972475160346e-02,-2.524877574011875382e-03,-1.148372195189897166e-03,3.322368572905435788e-03,-2.759440881327177193e-03,1.114376062236630688e-02,8.052603367740338372e-03,-3.935769475593251833e-03,1.489225925956749698e-03,-2.975176637880014817e-03,1.717349155644871950e-03,-1.267269028482079880e-03,-2.326764679063284165e-03,9.648133984116337826e-04,7.358932032779092044e-04,1.428047176668725653e-02,-6.549585444213677256e-03,1.139198257937528574e-02,2.042333847186010055e-03,9.974947669685134671e-04,-3.219129241607654717e-03,-3.632358077833225136e-03,-2.708837209291063041e-05,-2.363601383137410082e-05,-3.938146918610619111e-04,6.160502391724833986e-03,-1.703832169792676710e-02,1.129826341806840738e-02,1.034958222295134268e-02,1.610649439025562887e-02,1.767852688642592568e-02,1.636334874393386915e-02,1.427519059517896524e-02,4.740222078242504154e-03,1.073526340879880198e-04,-8.969926932536320327e-03,-2.955328230590024627e-02,2.625347331113293999e-03,-9.793967145022338533e-03,-4.918181756861361980e-04,-9.896356344475621888e-03,-6.243766444962657418e-03,6.430869013659422199e-03,6.299277915121756846e-03,1.527460638506177026e-02,3.339440178949352675e-03,2.277675724627192116e-02
-2.511793116842368431e-02,-1.985310580613812784e-03,-3.908627106186318223e-04,2.851519528975344706e-02,-6.297009264548899393e-03,-8.069471324629713671e-03,1.705977138390008321e-02,-8.483974243796032003e-03,2.592009403390769379e-02,3.837920465500425232e-02,-4.168096134272798042e-02,1.199901279813845797e-02,-3.775424738536736421e-03,3.004278971242588248e-02,-4.972440472233813531e-03,-3.315687344019807754e-03,3.294136880670643641e-03,-4.925340814896930590e-03,1.462571707177450983e-02,9.897476751117906257e-03,-7.913871556575061486e-03,1.898155592316291829e-03,-3.709607268372858840e-03,3.722202517661630985e-03,-1.096848144958736948e-03,-2.501002171291847459e-03,1.739633872758207262e-03,-3.433539684517385800e-04,1.779949368774497859e-02,-1.191163292618867622e-02,1.494012464536382916e-02,2.126932168623942715e-03,2.101054346817914000e-03,-2.810825527573430557e-03,-3.791085469323373161e-03,5.018400438554594450e-04,1.857662873889339089e-04,9.623059503361536260e-04,8.864802982365267009e-03,-2.372933392383135345e-02,1.713182703037856650e-02,1.106862399971654011e-02,1.499328179728345867e-02,1.683767139233128055e-02,1.467099565072084617e-02,1.284408120910289844e-02,2.014639401683131562e-03,4.427122304533862994e-04,-9.279109627199362553e-03,-3.699325581617036313e-02,9.508008625030038227e-03,-1.366427902499555737e-02,5.411876538105602971e-03,-4.629991381987818080e-03,-7.497498485060801431e-03,9.608826555311224954e-03,4.674300196597773807e-03,2.053266528985357720e-02,-2.375600856568496101e-03,-8.398592470976674190e-03
-2.373558791928214590e-02,-1.697888546358801562e-03,6.814880624361921262e-04,2.611074636071232524e-02,-4.341238112736417291e-03,-7.202412442494613050e-03,1.667059846528783779e-02,-1.304241471255060229e-02,3.382462121530388499e-02,3.238758672639254627e-02,-3.917815479707767445e-02,1.125872199936457825e-02,-4.359657459724771561e-03,3.009288884954793714e-02,-6.935189278593328552e-03,-5.390832098284076106e-03,3.965077648595507175e-03,-6.307501335896789629e-03,1.860137057796248938e-02,1.184757432553298039e-02,-1.216612477815340147e-02,2.659593109490336962e-03,-4.835593429756757100e-03,5.629704120583924054e-03,-1.106251711027908145e-03,-2.715019737050671737e-03,2.747398977047285380e-03,-1.607691042888284138e-03,2.112789148077354531e-02,-1.672361267123691556e-02,1.874264728872949634e-02,1.548623119346014682e-03,3.292501412792741590e-03,-2.905774268945175015e-03,-3.633968004044432331e-03,1.594828503663043521e-03,1.018291544252142647e-03,1.167151106993351848e-03,1.129022753884550631e-02,-3.132816010920136396e-02,2.320248117810049318e-02,1.297232394232658570e-02,1.331373323031065023e-02,1.570681439326425746e-02,1.394999999999996243e-02,1.140137890012567039e-02,2.480043771796711419e-04,1.171111513463490546e-03,-9.670220640042836643e-03,-4.414426622917147491e-02,1.675733938172765253e-02,-1.364022637064192349e-02,5.138592371458965136e-03,-2.162764620574636996e-03,-2.328681741870526796e-03,1.259899263031659909e-02,5.153020939300111125e-03,2.179870549673301044e-02,-6.964192722937923193e-03,-1.682755316708349491e-02
-2.189996330276225076e-02,-1.158022840709201778e-03,2.011859886015800181e-03,2.401641586722755989e-02,-2.069248630652497332e-03,-6.380790085927453420e-03,1.684899311127975932e-02,-1.685017798830235752e-02,4.164398380625530111e-02,2.650746575992347226e-02,-3.601679807886998957e-02,1.152209127800320719e-02,-4.538456131913836365e-03,3.055943374675747226e-02,-9.257893215701643724e-03,-7.012907387184534949e-03,5.029396213206760620e-03,-8.364845439910416347e-03,2.253660630204997947e-02,1.330872157358685762e-02,-1.578283907294342203e-02,3.438816265493346413e-03,-5.979103403962617198e-03,7.758895772122398164e-03,-1.423380605623693037e-03,-2.766139351057026689e-03,3.626996507424828670e-03,-2.904038468109085194e-03,2.495587871796923693e-02,-2.210988320268128873e-02,2.212090640161106306e-02,8.704963630633210606e-04,4.083095754294750052e-03,-3.106678546170210057e-03,-3.449977913993146263e-03,2.569963353377752169e-03,1.137279924691573466e-03,2.231946977707320763e-03,1.399470966654666089e-02,-3.845716429958773164e-02,2.923729096096932059e-02,1.422051234251868815e-02,1.260085543991748373e-02,1.351975696256806081e-02,1.264141663010563514e-02,1.067603020138824590e-02,-2.623106070232331718e-03,2.272462359218377966e-03,-9.458049391093402078e-03,-5.127332660641138046e-02,2.448101424963640416e-02,-1.474852320206014589e-02,9.344670865695552803e-03,-4.809803652876821697e-03,3.903992296584566811e-04,2.003730901548553961e-02,3.824565270211018747e-03,2.339592406608502831e-02,-1.404233464382590411e-02,-1.850840392635661608e-02
-2.078433170992387280e-02,-8.950640248704821869e-04,2.938033395412055146e-03,2.157855825364392646e-02,-4.205255675897092717e-04,-6.253891436132254580e-03,1.624558378068821293e-02,-2.179828286787173150e-02,4.762230859007463707e-02,1.891920279353354745e-02,-3.316355179660156194e-02,1.143933587801755983e-02,-5.026779032421295999e-03,3.043213091459215022e-02,-1.164999988935477328e-02,-9.233384002177822888e-03,5.338395158763176336e-03,-1.124550187225436398e-02,2.586513206019054253e-02,1.388350362420703692e-02,-1.958745858283727007e-02,3.378766647290027195e-03,-7.160787551957563044e-03,9.464376322925316734e-03,-2.086018586165229449e-03,-2.970387079794473226e-03,4.057166807837553867e-03,-4.866831017594808705e-03,2.819955986016259644e-02,-2.778013858072974490e-02,2.536873353650078572e-02,9.659726012626930090e-04,4.535856638628299985e-03,-3.105272634443378543e-03,-4.128680061906309096e-03,2.891944100917329639e-03,1.527176754541947250e-03,2.773173022252125794e-03,1.656310498880636181e-02,-4.582814609189946042e-02,3.461650631310189685e-02,1.579398325601681641e-02,1.159487939913985896e-02,1.227653048084173179e-02,1.087819777589965273e-02,1.023180015641133624e-02,-4.373932507613987816e-03,3.545306382638369579e-03,-9.314897894550993110e-03,-5.867945723393321739e-02,3.198526253528709284e-02,-1.392475781402481051e-02,1.468174282484306821e-02,-6.860041387054066847e-04,-2.910076828005037086e-03,2.697414308995666615e-02,8.887064657436783907e-03,2.534246558084662232e-02,-1.849737303672095365e-02,-5.237856134554705854e-03
-1.905201656276961017e-02,1.599348730055940616e-04,4.391845137417068300e-03,1.974152186973199968e-02,1.945380087062028186e-03,-5.531904092415293982e-03,1.591826503855360911e-02,-2.550128687189745849e-02,5.538392186125619399e-02,1.366772728794304198e-02,-2.958841712437258395e-02,1.193297234271101584e-02,-4.213040642529579383e-03,3.088390378789369201e-02,-1.324794976690815002e-02,-1.060173379768812596e-02,6.048993896628334851e-03,-1.322868810747641899e-02,2.980743476870987424e-02,1.597387453902009841e-02,-2.293838226779106731e-02,4.176415489145984296e-03,-7.124229998375307057e-03,1.177339398159222769e-02,-1.815036669818164815e-03,-2.314670673962552442e-03,4.742193515345907891e-03,-5.338771620233847756e-03,3.214943835904954944e-02,-3.240773029325963450e-02,2.886329781182779899e-02,1.254082597998928050e-03,5.272160540404838627e-03,-2.360642838982060076e-03,-4.201371182039623578e-03,4.122456018084134054e-03,2.127865387016315314e-03,4.764211190146199967e-03,1.876034322592865997e-02,-5.335634491401303192e-02,4.092236098897378965e-02,1.718819864278560428e-02,1.028921224754215068e-02,1.055918567565627443e-02,9.923868637417797983e-03,8.462117644538488456e-03,-6.183440830870732575e-03,5.614852559411885775e-03,-9.563535075579459102e-03,-6.539168235385929562e-02,3.830476799692279083e-02,-1.394599445039904941e-02,1.929066703256402185e-02,1.233823468700521965e-03,-2.520180664601813589e-03,2.395498140596738490e-02,1.204707901998792671e-02,3.256261107750429290e-02,-2.384687184754796449e-02,-1.778124923185719908e-02
-1.698918846482221079e-02,1.129624715629177090e-03,6.072352604715883749e-03,1.834104459137102586e-02,4.399841313223868539e-03,-4.528467173563382846e-03,1.565671020986397072e-02,-2.869668050920128749e-02,6.269651101850390318e-02,8.210248376881567473e-03,-2.660750293344950682e-02,1.135282690483873161e-02,-3.248726349118574719e-03,3.116343301585567868e-02,-1.472458110628104173e-02,-1.236993738444290732e-02,6.844963164036345186e-03,-1.445962538143803419e-02,3.409852285046235942e-02,1.843837764701488843e-02,-2.634154573584172876e-02,5.370538226124778845e-03,-7.538552552409824928e-03,1.395861542334886352e-02,-1.011341736916226411e-03,-1.961534338628836364e-03,6.187832188044198149e-03,-5.506376425948608308e-03,3.639575137647142050e-02,-3.733682827751935024e-02,3.265339806552001317e-02,1.445233164945962465e-03,6.708952889499865055e-03,-1.585575039767256420e-03,-4.173377094423098496e-03,5.170344993604004090e-03,3.244148064131732127e-03,5.856499315939455406e-03,2.165734468995004353e-02,-5.997525287449258224e-02,4.767188675248804075e-02,1.907720304061261488e-02,9.711024424765757682e-03,9.524684924139032935e-03,9.421597992772938815e-03,7.108482815609956477e-03,-8.588390864417932632e-03,7.086222260346791528e-03,-9.127564831130500697e-03,-7.276734737461072744e-02,4.542782396075958906e-02,-1.509981891434762635e-02,2.468880372756669661e-02,3.128869269631278077e-03,-3.896228188181974947e-04,2.777291124530273381e-02,8.204557811868214492e-03,3.823987519316802280e-02,-2.376761919189591954e-02,-5.114503318357044997e-03
-1.412932490611762230e-02,7.180542113805932387e-04,7.172648960919049410e-03,1.624962453490656072e-02,6.418930256078238250e-03,-3.227315201389278649e-03,1.629075546967043500e-02,-3.174656338508418524e-02,6.837975381781592754e-02,2.486868296020352479e-03,-2.220045627048330278e-02,1.125595376691121592e-02,-4.097418041638953810e-03,2.960912906095711228e-02,-1.555908825098739623e-02,-1.304651540941570605e-02,7.999522075976907287e-03,-1.616766166999424395e-02,3.765105042428065069e-02,1.813989470865325776e-02,-3.058165533120650592e-02,5.334079332317045660e-03,-4.981177836325730718e-03,1.553209788736581963e-02,-2.553327855427498135e-03,1.740407955145915073e-03,9.399978659847643345e-03,-1.311339913104926647e-02,3.913566641549769826e-02,-3.473159513060204012e-02,2.734669602420571402e-02,1.383436156290796101e-03,8.124452759314820111e-03,2.599780832543482825e-03,-3.423146391388143858e-03,5.552857878565132556e-03,6.098358900583641419e-03,1.496936793609175698e-04,2.233604646861015938e-02,-5.573704156213531852e-02,4.512252177931628389e-02,1.440029090912653235e-02,9.611182304682322139e-03,1.033348297680834749e-02,8.686432937527291051e-03,2.676298499006505086e-03,-7.994397819295820731e-03,4.495778563354905014e-03,-5.017548042062863756e-03,-7.075747240172156061e-02,4.407286766220936541e-02,-1.337455445702239419e-02,2.230357012374867970e-02,8.355013798913362225e-03,1.020013900665539498e-03,2.974689006471464836e-02,1.136751524288419704e-02,5.042601603532087529e-02,-5.078018693596969557e-02,-1.373765820518341729e-01
-1.418474923621354869e-02,-2.330998363090876734e-03,6.690942551309693280e-03,1.405742906157366086e-02,8.298397671469535247e-03,-2.979937021952062341e-03,1.487641709899347603e-02,-3.594603272786697085e-02,7.000319059723029980e-02,-1.647866986007277129e-03,-1.912649976620996867e-02,9.878980974568239357e-03,-6.470815949425098856e-03,2.720367520246189455e-02,-1.190453008561511913e-02,-1.093847099161456005e-02,8.033417837306175077e-03,-2.167515340698280071e-02,4.207943955288134807e-02,1.155337074688562483e-02,-3.452992031991493349e-02,6.022387565347048395e-03,5.340766379345860543e-03,1.298409927063530651e-02,-1.006409181583394104e-02,1.440544395236929669e-02,1.289218316253678762e-02,-4.105688100057650058e-02,4.272120720266519428e-02,-7.778592532533941395e-03,-6.015727470126280146e-03,2.559971347588842552e-03,8.953353885169948456e-03,1.382161642602504174e-02,-1.026741997249225151e-02,1.877578917840486163e-05,1.647893956720851427e-02,-1.947308179955193133e-02,2.140029769965422907e-02,-2.034577438023178406e-02,1.327192076958229328e-02,-1.138719503046755656e-02,1.071836563725609565e-02,2.055505680042172406e-02,9.074061926232357758e-03,-9.500240536279215553e-03,1.642511886793440691e-03,-3.802956301419911731e-03,9.403479558173595196e-03,-4.246753305574706844e-02,2.169971099763573150e-02,-5.036403557907275993e-03,1.256791543831128075e-04,1.819880878892638637e-02,-3.929750736549155951e-03,1.561922297331633930e-02,7.729589288879789265e-03,3.056797312538711911e-02,-4.429469119306030794e-02,6.936237208133899483e-03
-1.649971769801025084e-02,-5.786162772832437878e-03,5.011007474972258187e-03,1.347455093157584258e-02,7.809055581617254001e-03,-3.883898712518726957e-03,1.205553262328690374e-02,-4.001952454568703105e-02,6.996243519184094928e-02,-4.314328835527699198e-03,-1.958884151527457568e-02,7.134155986118025441e-03,-8.353687954944446700e-03,2.642984508053361145e-02,-9.138860886167228526e-03,-1.016253556623127052e-02,7.094643895523703239e-03,-2.767825374222897608e-02,4.712660429161859982e-02,4.208273499059035638e-03,-3.581477863997912375e-02,5.845637001259324124e-03,1.093947687812132745e-02,1.047802689344004383e-02,-1.611678703102517249e-02,1.940551896952985925e-02,1.347118962805428713e-02,-6.200104424035782213e-02,4.706221776177513250e-02,1.233245797881725621e-02,-3.262094037927985857e-02,3.241408941530756881e-03,9.240874913930875040e-03,2.035425221110452598e-02,-1.873138733607873641e-02,-4.393723837437486963e-03,2.329938070266874064e-02,-3.577842197527925788e-02,2.219254906347410336e-02,6.027443443623044066e-03,-1.401086480342100121e-02,-2.969117397644382289e-02,1.082748149081198645e-02,2.941471811186958940e-02,8.173336053714294960e-03,-1.769105903301749355e-02,9.061979569983677832e-03,-1.183353425690860175e-02,1.986020816624806118e-02,-2.140535990067156044e-02,1.955620422844502829e-03,-7.256703083353847677e-04,-1.755564082972582360e-02,2.361168837291377845e-02,-9.916690293977700396e-03,-1.011180798998694225e-03,4.280571526060820389e-04,-7.107192419902258820e-03,-6.866120872362101689e-03,-7.767930970059018503e-02
-1.650959181039826987e-02,-7.844006360560040747e-03,3.801945764806709867e-03,1.446199116702429066e-02,5.943297750720808598e-03,-3.778655599535203288e-03,1.101204000480359921e-02,-4.190706439321842391e-02,7.170482233080965884e-02,-6.460926987890907615e-03,-2.048504289469988901e-02,6.211655062885537010e-03,-7.958347993928133537e-03,2.631957837076882856e-02,-9.272097312754041393e-03,-1.168431313586865139e-02,7.216866841365786669e-03,-3.189052473312421754e-02,5.252823542794089057e-02,3.783294147761027352e-04,-3.391697656267733674e-02,4.904721344057571403e-03,8.815669105101786585e-03,1.232985509672846272e-02,-1.582560510772081791e-02,1.412536778024209988e-02,1.319595999219027975e-02,-6.088946429216450518e-02,5.120771608333704594e-02,8.506655750712596373e-03,-3.300539290647683255e-02,2.466412119977009088e-03,9.480398879572873860e-03,1.985063185218607917e-02,-1.938354821219207685e-02,-1.998319615793338333e-03,2.164469895698691720e-02,-3.919515075022785011e-02,2.616287415075109132e-02,4.523754936177944684e-03,-1.523882588858880595e-02,-2.620212393021465608e-02,1.082219951548799887e-02,2.962187024050839598e-02,5.568106894789723836e-03,-1.627036009016599033e-02,1.002054497949815721e-02,-1.457359573253809264e-02,2.211288980384470623e-02,-2.128955781361615424e-02,1.272712798900841377e-03,-4.603986426400659589e-03,-1.472276986063764982e-02,2.380874962903860304e-02,-8.680368402698784847e-03,-3.748849094367740463e-03,1.449471489820453648e-03,-7.341039173868547756e-03,-4.195215245860081828e-03,-1.791691186084399048e-02
-1.649875249850927053e-02,-1.011510320023574494e-02,2.159020535692676625e-03,1.543039518481147815e-02,4.151753154875141572e-03,-3.516885561806221746e-03,9.958247039997794939e-03,-4.370391052545985477e-02,7.384732765690506240e-02,-8.372077759664600660e-03,-2.096659186487838389e-02,5.455084359663625940e-03,-7.176938397554242892e-03,2.654905640143316245e-02,-8.699664187003384314e-03,-1.270536615698633284e-02,7.310660044494574766e-03,-3.521605129847187043e-02,5.886108237465986770e-02,-2.963284316303386318e-03,-3.174490238429630157e-02,4.226888990309951057e-03,6.903168289180583450e-03,1.440832751840794360e-02,-1.558607937544026142e-02,9.250375896829676411e-03,1.315080701629881346e-02,-5.993436436960151298e-02,5.597145887487804672e-02,4.785535645548495351e-03,-3.293039159198361820e-02,1.893752587061202234e-03,9.547968961568084265e-03,1.977832308942150535e-02,-1.977322039986079139e-02,9.053851629814424484e-04,2.006924783638038348e-02,-4.277191981916818320e-02,3.005161319674740442e-02,3.066590551364963783e-03,-1.653607523223588061e-02,-2.200171771224374018e-02,1.026702491526528850e-02,3.033727168288015766e-02,2.456441188105968482e-03,-1.477420612793192353e-02,1.122104735426656535e-02,-1.749366746343680029e-02,2.371348333322536445e-02,-2.087364526320571387e-02,1.430153673688046301e-03,-9.690365564660996175e-03,-1.186544397981701901e-02,2.522129418053187938e-02,-7.705343869408127870e-03,-6.174636252225707174e-03,2.275764644379660306e-03,-8.628703966050900453e-03,-8.362571416713261187e-04,-2.915646386308464247e-02
-1.663805457941224322e-02,-1.204787446854299442e-02,7.555957068812547755e-04,1.651162072687338903e-02,2.628624153355396502e-03,-2.817584057841923239e-03,9.347373904120177129e-03,-4.500799723599562679e-02,7.655161853601030741e-02,-9.941644214026348209e-03,-2.122217255848810394e-02,5.097809203230522709e-03,-5.973267337123068163e-03,2.687969482847612709e-02,-8.065007417019362523e-03,-1.337261676855641679e-02,7.942504313538670258e-03,-3.887142895082642408e-02,6.436214500244333281e-02,-6.038643827105777753e-03,-2.944318641699284270e-02,3.592824482090298342e-03,5.143840169609672879e-03,1.632312263341095110e-02,-1.485236992759814655e-02,4.521936075377879991e-03,1.319747031406878074e-02,-5.856199071044281002e-02,6.123408151365940938e-02,9.596527229001481285e-04,-3.279499081088164264e-02,1.468088462106989381e-03,9.828399400831222196e-03,1.938347785737663809e-02,-2.018400146872711964e-02,3.426632750958206412e-03,1.867352843029928058e-02,-4.628724113120620542e-02,3.416692571616457980e-02,1.165285147877945628e-03,-1.759698568374410549e-02,-1.807432035763137032e-02,1.016398104975858863e-02,3.036390832697395681e-02,-4.095284437567925693e-05,-1.354375770267216873e-02,1.283359776272068042e-02,-1.955221766123642346e-02,2.533415510417212288e-02,-2.045293710732766154e-02,8.737911586910679460e-04,-1.333828227000621001e-02,-9.544274190780365624e-03,2.558445709653900738e-02,-6.572628931290384717e-03,-9.436725497695386614e-03,3.724363948363417810e-03,-9.334334366396081564e-03,1.509776120253945690e-03,-3.357218321994730192e-02
-1.645612326714990595e-02,-1.399252527739722717e-02,4.908743660506931103e-05,1.781232529462779823e-02,1.174585560646216860e-03,-1.807393815830854716e-03,8.942251437015194884e-03,-4.626391424225454602e-02,7.886809439984911185e-02,-1.188075579893286757e-02,-2.147360299300849276e-02,4.783721130284855280e-03,-4.747095021039737447e-03,2.727022535267080786e-02,-7.289462047436797570e-03,-1.411971607154917548e-02,8.864806081010203134e-03,-4.273639126925993931e-02,7.047268466700425116e-02,-8.301723104033242526e-03,-2.729453660851461488e-02,3.026836447299651508e-03,2.955612715782821726e-03,1.814768828124466160e-02,-1.421014022201742832e-02,-5.899694498897845810e-04,1.323096768402837187e-02,-5.711518248726527025e-02,6.586743405100389803e-02,-3.250550359223680803e-03,-3.274905673553642205e-02,5.646946526453747259e-04,1.039761916149159818e-02,1.920861928796694165e-02,-2.069246668091186819e-02,6.200201504428247239e-03,1.753131992063515152e-02,-4.960269954741147042e-02,3.813714333292984870e-02,-6.314188131833350318e-04,-1.846549334839550291e-02,-1.360678959078241539e-02,9.933217635645481824e-03,3.100289572277695541e-02,-3.060882592636682796e-03,-1.159558585198824064e-02,1.380395685514768968e-02,-2.163434822055276471e-02,2.743906544655588114e-02,-2.014474905408515301e-02,1.142137604040027434e-04,-1.774804787106239873e-02,-6.618516708520921256e-03,2.578463587494144588e-02,-5.164498469931285730e-03,-1.099683535800424945e-02,4.091009710890187480e-03,-9.449770914737766134e-03,4.257426879588347389e-03,-2.701905353391026096e-02
-1.587787726031127458e-02,-1.592684373074373591e-02,-1.037934376277402804e-03,1.901343514244583505e-02,-4.770132404831446639e-04,-1.276140470936293044e-03,8.173215001252974454e-03,-4.776365626199165909e-02,8.088263563082034868e-02,-1.361064176516165077e-02,-2.185655698190132334e-02,4.406771337119523568e-03,-3.900063363318626540e-03,2.775739515609566138e-02,-6.632264809248280060e-03,-1.510309200691361924e-02,9.489530402256592112e-03,-4.672716244178772016e-02,7.685260180427090637e-02,-1.224707220370542179e-02,-2.533326203967467896e-02,2.385066729936640567e-03,1.147892584884027678e-03,2.031001052246510924e-02,-1.369262492235651107e-02,-5.813223948988277025e-03,1.329041632382711377e-02,-5.625237523683682128e-02,7.009592165284313225e-02,-7.269928045971443820e-03,-3.321106350846832894e-02,-7.055873590678488918e-05,1.066530293707337353e-02,1.883909676827619228e-02,-2.137086796860369203e-02,8.482151295219043929e-03,1.600783192324421733e-02,-5.360520758276984821e-02,4.204860048495157043e-02,-2.410369644500030915e-03,-1.998882647462221426e-02,-9.459897069039397560e-03,9.682051231525011514e-03,3.117306541272786904e-02,-6.071647794635552133e-03,-1.077313605151954297e-02,1.566583869012262362e-02,-2.404680715236850660e-02,2.970312852768532824e-02,-1.970078699014223694e-02,-3.057610443328028795e-04,-2.229069523824423263e-02,-3.575066810889172657e-03,2.665276277134744770e-02,-4.343651177011783292e-03,-1.378824637451174680e-02,5.983606149464573351e-03,-1.113345121051930245e-02,7.442831836473080484e-03,-4.229888384472865748e-02
-1.519685197767346209e-02,-1.747097565906378241e-02,-1.889316010638294758e-03,2.026411712026681550e-02,-1.790508261590782572e-03,-6.917030323520270913e-04,7.418089884929136152e-03,-4.918535791152302272e-02,8.377923920751037534e-02,-1.527308439870922983e-02,-2.225571395587182602e-02,4.175249026365412258e-03,-2.723775659916384453e-03,2.837451683453665746e-02,-6.159535270559324781e-03,-1.585441651657452239e-02,1.009411260798632332e-02,-5.016739511234711429e-02,8.387471328763712597e-02,-1.658581605647134471e-02,-2.297285064134041432e-02,2.027634669781331906e-03,-8.180246424936632660e-05,2.241295453985797312e-02,-1.348510026578128920e-02,-1.072331148581420583e-02,1.311953494139190407e-02,-5.481120382295003035e-02,7.503929442698797914e-02,-1.098074984203388504e-02,-3.301538255268749583e-02,-2.877699414455345966e-04,1.124403380245703708e-02,1.861429302724579640e-02,-2.185589513516919546e-02,1.103856662641660054e-02,1.461880038770010416e-02,-5.685921916721854014e-02,4.632623375001827110e-02,-4.339692386748288805e-03,-2.120893818217573293e-02,-5.648796373197419347e-03,9.423506642792938565e-03,3.172979022361590434e-02,-8.869383682625964216e-03,-9.259979023192605602e-03,1.649521100540867966e-02,-2.590421000801523474e-02,3.131581536706255081e-02,-1.916274517679096220e-02,-1.102295393050967739e-03,-2.688300801703492199e-02,-1.531948467914880443e-03,2.715579888173257420e-02,-3.727208853501773680e-03,-1.731717391425884739e-02,6.852017857040097054e-03,-1.110709305803271076e-02,8.346781773728908366e-03,-3.297012456423711185e-02
-1.481460546066834527e-02,-1.949076630007656741e-02,-2.838431844684765042e-03,2.149396241403007946e-02,-3.358897061861454772e-03,1.507554431500514641e-05,6.652639015714219978e-03,-5.066252136841868647e-02,8.684286195683892096e-02,-1.737248103089404985e-02,-2.264980860559539372e-02,3.747159084537488461e-03,-1.674159499547125821e-03,2.896206877634465923e-02,-5.644246472698856085e-03,-1.649542350490071363e-02,1.067822773591861965e-02,-5.325092435808954916e-02,9.030252305983141325e-02,-2.023439839602354101e-02,-2.076045990029500021e-02,1.541491616066774937e-03,-1.164558152178282128e-03,2.430509506448950280e-02,-1.315288144127359400e-02,-1.575712304802599079e-02,1.299927906026182925e-02,-5.287563081737357840e-02,7.963348561578120766e-02,-1.505415559180828255e-02,-3.280658088315187987e-02,-1.021051896024032131e-03,1.175387805841994482e-02,1.846356851707863303e-02,-2.240198595284260963e-02,1.370020621478842439e-02,1.375098811664185114e-02,-6.049559781520075924e-02,5.076139596910733687e-02,-6.123965308456645953e-03,-2.176185873714512817e-02,-1.215566096258764370e-03,9.113512830535077172e-03,3.258210960053919969e-02,-1.131409077962616805e-02,-7.761395845303373231e-03,1.798431784597455049e-02,-2.866108325614079994e-02,3.418612487534411493e-02,-1.893026153592959615e-02,-4.593298054282245690e-04,-3.135920346499507932e-02,8.874650843023050876e-04,2.783082200318055463e-02,-2.186803758497809450e-03,-1.934370033317651255e-02,7.826506801083422254e-03,-1.165897791101433607e-02,1.232538277788695381e-02,-2.947165176692958383e-02
-1.672325426362495510e-02,-2.184110585892300518e-02,-3.700380900196635625e-03,2.304902868552181558e-02,-2.797366198102247195e-03,1.615766318041802563e-03,7.504154566011231667e-03,-4.781831075088834038e-02,8.464754084907176457e-02,-1.234589791589231489e-02,-2.346289848262905070e-02,4.424727932040629398e-03,2.354339534140041385e-04,2.863017841854567647e-02,-2.374545201300227830e-03,-1.677077781859776309e-02,1.122233904029867370e-02,-5.167794388159153984e-02,8.786987226107197124e-02,-1.573482638263818886e-02,-2.094375906019288469e-02,1.638040306106994031e-03,-2.502330453953494245e-03,2.394129609798294200e-02,-9.112023163453195768e-03,-2.031020327392902766e-02,1.233669352246767083e-02,-5.686290093647414223e-02,8.166085152465273056e-02,-1.759798258189427395e-02,-3.261541714357297367e-02,-2.134669272719559238e-03,9.694295520515268383e-03,1.852888439217541955e-02,-1.169540953344181192e-02,1.282426370804196601e-02,1.493591189499138619e-02,-6.794562803350003011e-02,5.706430922320086807e-02,-4.763863544775251077e-03,-2.423762224916695476e-02,4.610662200926343018e-03,8.442913057469031077e-03,3.254022853881029242e-02,-1.044141635251651448e-02,-6.200934217497120968e-03,1.604584614026939582e-02,-2.880764102366983534e-02,3.656750464408853318e-02,-1.722538891794406571e-02,-1.903493302528544125e-03,-2.912609039047321657e-02,-6.499850530245699287e-04,2.560793333719110429e-02,1.640156416509959371e-03,-2.056222641252552358e-02,9.818877059783428368e-03,-8.585943599854591740e-03,1.434981879922363895e-02,-5.925884718092173237e-02
-1.875905603684331277e-02,-2.172744072145181907e-02,-1.802119999062595703e-03,2.646118080145476795e-02,1.064711373257142078e-03,5.653045313789709266e-03,1.215874971845934578e-02,-4.064450034844438453e-02,8.671931245152281198e-02,-7.147347250108680369e-03,-1.918343330885298806e-02,8.826733875530283491e-03,3.567534770792485203e-03,2.992627056856917572e-02,1.040294087367163835e-03,-1.488123345724953923e-02,1.269007597971046238e-02,-4.877820898400740679e-02,8.768861945166486760e-02,-1.515980474900204510e-02,-2.086625775067951771e-02,1.291523488498243308e-03,-3.279869844989458105e-03,2.564137001411498015e-02,-8.450585256382731059e-03,-2.190329065863756697e-02,1.388432582204242663e-02,-4.986050997687774960e-02,8.220126963100805872e-02,-1.718409901134424975e-02,-3.110621391915200165e-02,7.538405791638091210e-04,1.128841605721732019e-02,2.035754987685928219e-02,-9.047859408076572643e-03,1.573861573146713433e-02,1.335984266578371139e-02,-6.546323723602609501e-02,5.963709323862737000e-02,-3.976192247339288728e-03,-2.268118024341981773e-02,8.323654337680825785e-03,9.666465008514653345e-03,3.236369617584543973e-02,-7.761452159212752638e-03,-5.706316446713107816e-03,8.989906505637190737e-03,-2.506345492307140987e-02,3.043517813986318724e-02,-1.192960876200128278e-02,-4.155446618124314893e-03,-1.288184813504456017e-02,-9.827340043750869628e-03,1.682567956128730099e-02,6.195392370717403910e-03,-1.445340062883631281e-02,7.675767407962857079e-03,1.097021379728862524e-02,3.932998579205429328e-03,-2.770413252034277518e-02
-1.783860856324835306e-02,-1.946187598602134444e-02,1.233089183303483433e-03,2.874928839560100813e-02,5.149152102926143025e-03,8.242998747985097116e-03,1.631480934614100778e-02,-3.492918136367065968e-02,8.848879393748275424e-02,-5.226239209407718307e-03,-1.509780527940909889e-02,1.266366925132445670e-02,4.919998004011195102e-03,3.111907350761744170e-02,2.974890807757514088e-03,-1.298708235474667870e-02,1.290940072498086497e-02,-4.583479320233176113e-02,8.891634578862807337e-02,-1.764861368760602817e-02,-2.014212746065460746e-02,1.714904241026336210e-03,-3.121268086071992374e-03,2.642090520316072583e-02,-9.245618104421125111e-03,-2.078920539705924470e-02,1.608455778615908854e-02,-3.791911940120715196e-02,7.885081919840697395e-02,-1.409464237808173356e-02,-2.962544834056505746e-02,4.908870047344528545e-03,1.408100690676510926e-02,2.199238307196418191e-02,-1.589109874645747156e-02,1.820366680965683492e-02,9.514188335247260320e-03,-5.359818915829915598e-02,5.571350192759776110e-02,-2.826681634645151694e-03,-2.010390037193989302e-02,9.253835223426045212e-03,1.109405255866878146e-02,3.062605036780778264e-02,-6.189277710380188674e-03,-5.682445670575564205e-03,4.711996756964198334e-03,-2.245559757565113168e-02,2.149336071124609629e-02,-5.258396717646257774e-03,-7.225343456717591220e-03,1.342410063917349647e-04,-1.355546267154200853e-02,1.195344376108597138e-02,7.664546655854174301e-03,-8.379254590947470688e-03,3.889209416093772961e-03,2.300697352491510445e-02,-5.420390335026385731e-03,-6.923561636359162885e-02
-1.543940634711038484e-02,-1.705325547221504812e-02,3.301441079176808350e-03,2.875491303360649953e-02,9.042906437889469337e-03,7.698807632835280058e-03,1.822039035595477904e-02,-3.047337759847732613e-02,8.035535036915553153e-02,4.900611865154190451e-05,-1.658119861408189136e-02,1.348811004168790420e-02,3.846047290257513344e-03,2.977171903583761270e-02,5.703869264009660787e-03,-1.274334976560016243e-02,1.124685110349124724e-02,-4.058385654548738591e-02,8.083918958007317579e-02,-1.230957271997532541e-02,-2.192511925806110706e-02,3.888259318209511504e-03,-2.190998436678670211e-03,2.347417283556939988e-02,-5.091175920211045251e-03,-2.045870451249724026e-02,1.598118979200286241e-02,-3.412601800157939042e-02,7.298165352333849110e-02,-8.939876756246536993e-03,-2.937606469229158551e-02,6.024116608120047740e-03,1.239934872172900222e-02,2.241594027638187797e-02,-1.400002552239629564e-02,1.454812965713137181e-02,9.366816534397796878e-03,-4.632047061462006565e-02,5.058903857791735570e-02,2.361343622180895740e-04,-2.115274508227713707e-02,9.889168523465358129e-03,1.139404942550153489e-02,2.826760508686387147e-02,-5.442925712642368227e-03,-4.599032609472749472e-03,5.942826177520595457e-03,-2.302257642404101357e-02,1.933220434636032450e-02,-2.432840618643338729e-03,-9.642803878505204485e-03,4.685081416257791051e-04,-8.983956117838892697e-03,1.234992819461230330e-02,7.302637443498272672e-03,-7.677090324182022502e-03,1.010106498961005740e-03,1.902542487816287139e-02,-5.905344702225085243e-03,-3.602229354014745838e-02
-1.380449124000142185e-02,-1.510001458717046170e-02,4.371424780633874872e-03,2.753065461046463186e-02,1.194330701489588337e-02,6.015433094124429322e-03,1.934929869517849205e-02,-2.663328156399489069e-02,7.137643668233900618e-02,4.557459899026071286e-03,-1.872438082519654878e-02,1.378778265022218008e-02,2.030187301417859993e-03,2.771903003459879472e-02,7.940723899765791613e-03,-1.301520951312161618e-02,8.900479531100012262e-03,-3.582003731458541229e-02,7.236253245007177870e-02,-7.418599551540122281e-03,-2.402021976717654342e-02,5.626283666274422071e-03,-1.909088303097309595e-03,2.020570601706845812e-02,-5.139203596973409898e-04,-2.046106073246138288e-02,1.443577910268229944e-02,-3.039571424800413882e-02,6.701605298791162013e-02,-4.406337793799469486e-03,-2.950834748171241376e-02,6.891402886777753256e-03,1.024743018826999169e-02,2.248470813769636034e-02,-1.266334833570226595e-02,1.069549750198098455e-02,8.881643262592425064e-03,-3.957583275693932201e-02,4.473270263901411858e-02,3.182444215079752170e-03,-2.258456775069160594e-02,1.116097516838147202e-02,1.129723820985575541e-02,2.601508286566810851e-02,-4.970917467273151640e-03,-2.831840952570520691e-03,7.182514792941047110e-03,-2.429589472754295140e-02,1.731684742114911885e-02,1.250986650017160045e-03,-1.284879153560339674e-02,1.078769082478072371e-03,-5.684269574988817450e-03,1.378370061122113042e-02,6.399276693430361491e-03,-7.145326330900668432e-03,1.047365388819195507e-04,1.627394918840044738e-02,-4.161882489333833431e-03,-6.121232452775071664e-02
-1.315536853891214296e-02,-1.343242349115489516e-02,5.423291105602307503e-03,2.593074436315142076e-02,1.423846314742059117e-02,3.982448132223301296e-03,2.013846572819276773e-02,-2.302562987697008914e-02,6.229205016756947377e-02,8.724406801253739227e-03,-2.112354169215285848e-02,1.370989402058966390e-02,7.214704551837480774e-06,2.553454171309181217e-02,9.896713140903318218e-03,-1.339900373667866212e-02,6.431195012438981062e-03,-3.128301670074912222e-02,6.352806927230618406e-02,-2.924255437901136095e-03,-2.649254122656807126e-02,7.122440589150144316e-03,-2.014086479276977482e-03,1.692343122347031437e-02,3.516458272051520718e-03,-2.061066743627173320e-02,1.362806478607493481e-02,-2.596647262210160373e-02,6.077042012095068557e-02,-1.150005002003024901e-05,-2.968756998490065802e-02,7.516990208415823965e-03,8.114092024460209732e-03,2.227713996927819032e-02,-1.136108856091487887e-02,6.831631983907022164e-03,8.139252566898885072e-03,-3.310142118283697366e-02,3.934191349846405394e-02,5.843509496936881605e-03,-2.438117981701388645e-02,1.208172129801066488e-02,1.103811092396662918e-02,2.309239501724051624e-02,-4.286278046049685903e-03,-2.024418310921199862e-03,8.431652653379388337e-03,-2.512474933057491644e-02,1.433800445688950681e-02,4.600405214939142992e-03,-1.567451945190870624e-02,1.368984852703810078e-03,-2.724254274215183284e-03,1.353702533195308595e-02,5.917628007457852342e-03,-7.992610330211938341e-03,-1.668844952429435072e-03,1.313257777566969632e-02,-4.693313762064941705e-03,-3.767125266460492894e-02
-1.222654638342620531e-02,-1.137085261782188293e-02,7.215922866916386381e-03,2.534194970801407695e-02,1.711586419667128489e-02,2.348842863560366302e-03,2.134916510005771192e-02,-1.888420509095556366e-02,5.350891974802811368e-02,1.349815038502118203e-02,-2.295939547451346721e-02,1.420159133763349360e-02,-1.543943850476478183e-03,2.359028598276253705e-02,1.215148805869397178e-02,-1.361582822451599430e-02,4.201354126225789395e-03,-2.652151496031230835e-02,5.476027697372644332e-02,1.841809972651557194e-03,-2.873697102023835617e-02,8.871990344816138921e-03,-1.828150127599823677e-03,1.400769560680713288e-02,7.650667863106640730e-03,-2.073150293987259529e-02,1.348367647291035844e-02,-2.251785053985629406e-02,5.306197854063840480e-02,4.616573268298595698e-03,-2.958482163392149242e-02,8.295425090191143117e-03,5.891888927913744613e-03,2.213188869634960532e-02,-9.960521747926418673e-03,3.080308243875199900e-03,7.832158277882148370e-03,-2.618929857993353844e-02,3.403269355566134607e-02,8.667411959286145176e-03,-2.573393414118251357e-02,1.282213312911229496e-02,1.110570699169332980e-02,2.079182805686639185e-02,-3.730029050442906086e-03,-5.424560669918038940e-04,9.663676631794293481e-03,-2.589832327637811571e-02,1.182496699101168343e-02,7.703519897746424760e-03,-1.851003341120522130e-02,2.139423155341486308e-03,7.944857712327056763e-04,1.412607841808274228e-02,4.920920341094708536e-03,-6.572672330894127092e-03,-3.728483127890849704e-03,9.750138747189484104e-03,-3.751561361976902490e-03,-5.871281604824006572e-02
-1.048006477253939951e-02,-8.657667426226490701e-03,9.529985091863995075e-03,2.584770850269555928e-02,2.115367696999942773e-02,1.321973458573793029e-03,2.293377766792489489e-02,-1.425386023208745009e-02,4.506086500641563047e-02,1.892122943500399931e-02,-2.423816758598382887e-02,1.510186401019212622e-02,-2.691508693263835236e-03,2.210432931061515408e-02,1.475462095812680313e-02,-1.351077866345796845e-02,2.195969364258416271e-03,-2.163579175794937484e-02,4.611952828630727641e-02,6.647194761909399653e-03,-3.086649361984594372e-02,1.059213331332114517e-02,-1.623609055304413209e-03,1.098093806157494218e-02,1.173889786067246373e-02,-2.067227517201448983e-02,1.316342949770328216e-02,-1.936318701763747527e-02,4.706067263049203142e-02,9.598031209239358402e-03,-2.953061454534377725e-02,9.191984774178199244e-03,3.930812078063394832e-03,2.197482055692085920e-02,-8.598409350838869675e-03,-6.144873219375522871e-04,7.361339804398853680e-03,-1.946064619213095509e-02,2.853073320452917047e-02,1.156252906964874705e-02,-2.700085766292048203e-02,1.365506910334078616e-02,1.106364815287459898e-02,1.812730387818514699e-02,-2.934537733296482213e-03,6.666407740585897140e-04,1.117923677032355706e-02,-2.682026850396929465e-02,9.670985953040061797e-03,1.098045289743778720e-02,-2.228399609615050805e-02,2.835459867404936749e-03,4.011347357743263141e-03,1.432635415796642241e-02,4.082777036380664214e-03,-7.426630991109364754e-03,-4.595211420493716323e-03,5.742837762961273788e-03,-3.302456441938927349e-03,-5.625956910784869758e-02
-9.251462043040949504e-03,-6.370825090659208538e-03,1.145003514248759194e-02,2.598574678658228596e-02,2.523941362911570965e-02,4.697271972427044529e-04,2.421976097007266446e-02,-1.006017604906560281e-02,3.612741276974576476e-02,2.402955519620225341e-02,-2.557280919459602175e-02,1.605345114660182773e-02,-3.918964668140567653e-03,2.064419664008930108e-02,1.734773989790888704e-02,-1.336360806540798016e-02,1.886019398939879079e-04,-1.667741129479509421e-02,3.739441832910270214e-02,1.154793711126163823e-02,-3.294369526305009066e-02,1.234736474620272417e-02,-1.309167453216798695e-03,7.984656084580578350e-03,1.593248682578792333e-02,-2.064174549397291419e-02,1.270038546947441747e-02,-1.587408554608497543e-02,4.123096173468734915e-02,1.388296277004938580e-02,-2.960293836348068183e-02,1.018615551891018968e-02,1.945203274604374562e-03,2.205602346794899651e-02,-7.377033528011163292e-03,-4.167736401156174261e-03,7.009531157266843046e-03,-1.265459947135307711e-02,2.316766223321986909e-02,1.457519286868253112e-02,-2.854480129317697734e-02,1.466047652601483106e-02,1.121501990110076140e-02,1.557257412874980124e-02,-2.194886669537092060e-03,1.819537648907195750e-03,1.247837487176871492e-02,-2.747169882915849806e-02,7.330328606343752655e-03,1.415635324152754101e-02,-2.581566023902972379e-02,2.992727626469531346e-03,7.576308722573101527e-03,1.501825608064570432e-02,2.989514232954582681e-03,-7.134456254933890795e-03,-7.294426118426397716e-03,3.375917629940895868e-03,-3.240696735520646934e-03,-4.396667239585525661e-02
-9.490968414600639211e-03,-5.597845019523976784e-03,1.169360832951345415e-02,2.410866221325912856e-02,2.758922234407011620e-02,-1.241667877208506255e-03,2.493535187920732643e-02,-7.035984098747656221e-03,2.605213602486412816e-02,2.824727820907528553e-02,-2.784359656289425375e-02,1.625190173518101244e-02,-5.752521066456462752e-03,1.865950315153521236e-02,1.950061515513257931e-02,-1.368097196891113546e-02,-2.188972474953411202e-03,-1.208838112480019843e-02,2.835790404212246499e-02,1.626074242811910778e-02,-3.522082216680780947e-02,1.398038701749024053e-02,-1.008519294131924151e-03,4.818203236440133166e-03,1.997831928430623613e-02,-2.060268131867418889e-02,1.185570723085078819e-02,-1.239690164807057127e-02,3.504094435685753406e-02,1.810875691769832721e-02,-2.971949304530490180e-02,1.080286880587265526e-02,-1.893982422392314052e-04,2.222999405865712721e-02,-6.368419689426355577e-03,-8.111599692797394692e-03,6.336154478991011876e-03,-6.292015351326702734e-03,1.725662769555214027e-02,1.708223833356637550e-02,-2.996770040256729883e-02,1.525462567332114446e-02,1.071903999066727356e-02,1.227091393127156815e-02,-1.995167802049813231e-03,2.877389742640904663e-03,1.396917592446024307e-02,-2.869065569993261081e-02,4.939995302868744817e-03,1.711180656509654965e-02,-2.868638941938525880e-02,3.390067147367880999e-03,1.133565799718584330e-02,1.600676128085923300e-02,3.277316162985166332e-03,-6.917659502007369315e-03,-8.638279965995383086e-03,1.400691204867810850e-05,-1.832643700879308052e-03,-2.438617410786093898e-02
-8.146914951583391837e-03,-1.382395588946974110e-03,9.991867252635061938e-03,2.140820217575075193e-02,2.744694842411177227e-02,-9.231062665316486747e-04,2.379626679448705595e-02,-1.671216611331857423e-03,1.567859981958171986e-02,2.771761459471262096e-02,-2.619470789025276150e-02,1.626841075986827992e-02,-5.728306783750618941e-03,1.616439730711085460e-02,1.939581543078177164e-02,-1.161344567841876910e-02,-3.282739980829472558e-03,-8.135367663989033146e-03,2.131256349785497217e-02,1.619663719450958883e-02,-3.173292195900744017e-02,1.419146824546556329e-02,-1.481002279868305540e-03,2.881031483901658370e-03,1.966989594410407938e-02,-1.764481691007049532e-02,1.032932089389033102e-02,-9.267118558098747308e-03,2.996058524491012481e-02,1.574566957345231374e-02,-2.513959669525534305e-02,1.182122118532019997e-02,-6.370982937404782130e-03,2.579070948970912588e-02,-7.226835708060183432e-03,-7.590098073594880174e-03,3.064601443520519053e-03,5.478316182440680186e-03,9.194003623318337121e-03,1.807352698875514321e-02,-2.926865153316908150e-02,1.642900346524838601e-02,1.008357903832068220e-02,7.614785816557585220e-03,-3.698893998252017912e-04,1.609241675359498330e-03,1.158431763392432472e-02,-1.968765843512874231e-02,-3.110470344663900013e-03,2.097926720990172383e-02,-2.894789696560543663e-02,2.673542380131785964e-03,1.456936320757739982e-02,1.272884315992862253e-02,2.964362875746142604e-03,-3.567446068546073490e-03,-7.197767253249801218e-03,-4.247998802927343762e-03,-2.280466569186438523e-03,-6.260694175869649380e-02
2.063048476096854267e-03,5.942057228470684800e-03,9.203303552536970522e-03,1.503657927542396446e-02,1.930972504453628072e-02,4.928991236490676622e-03,1.628708551776868532e-02,4.872930956911688920e-03,7.307467388250071631e-03,1.618652975720104650e-02,-9.682877084886364755e-03,1.155715898805098965e-02,6.665440147253446756e-04,1.020041779542267893e-02,1.221912158423060606e-02,-2.258931185175831313e-03,3.168633619747414864e-04,-1.252254860260440528e-03,1.123585235701229056e-02,8.499502354644094398e-03,-1.155966809162833030e-02,8.179792955501703766e-03,4.630343241247606941e-04,2.136638870489294961e-03,9.458223799546354449e-03,-6.139995842216851470e-03,5.804781812200616835e-03,-2.845814026808635502e-03,1.528518786560725644e-02,6.506195271901086923e-03,-8.292939312739080332e-03,7.336785025789174797e-03,-3.675191294515907717e-03,1.450919267117672593e-02,-3.150994237001878470e-03,-8.120039460264912457e-04,1.728940926853235645e-03,7.999870837378811328e-03,3.429203723160232243e-03,9.286882151671140700e-03,-1.149315188536512503e-02,1.040832420964090538e-02,6.666801271162783177e-03,3.409655734486914148e-03,2.192655653011419195e-03,1.465582283230623846e-03,5.993601451809418314e-03,-3.617993672799959311e-03,-3.957937516686865949e-03,1.167755841487244650e-02,-1.191526674358258514e-02,1.220319272052207242e-03,8.793786969801544243e-03,4.485571842299414073e-03,2.479569365826211056e-04,9.076484308048344068e-06,-2.834980611150882471e-03,-4.657531904763968951e-03,-2.460768519656055496e-03,-1.319763043381791748e-02
9.599695991765114580e-03,7.513999796051980783e-03,9.109267201397479308e-03,9.859680662915489002e-03,1.222761294552796203e-02,8.451137954672638744e-03,1.041165973047289244e-02,6.697931648656419226e-03,3.355355865022485468e-03,8.634290035752393427e-03,2.325949407595691038e-03,7.942113224996305218e-03,5.797402641156987856e-03,5.495198951771198062e-03,5.950567929871113625e-03,4.841384834402435826e-03,3.572945761882114369e-03,3.846846579566648265e-03,3.698326437437929673e-03,2.930018256557755021e-03,3.390469396252453714e-03,2.458060034519475578e-03,3.009006156886508826e-03,1.082498044209474070e-03,1.368118525052625925e-03,2.412615826830540565e-03,2.804023139168097291e-03,1.872071731048698248e-03,2.888972523023969254e-03,1.548403551153933969e-03,3.806655815061113588e-03,1.975388286729092956e-03,3.319652658616531297e-03,3.930488107067734230e-03,1.722572861308195027e-03,4.200512202567846173e-03,2.669066634799086013e-03,3.363462360364007087e-03,2.636961707556745999e-03,7.230044012324584636e-04,4.768352505744841846e-03,3.499430376186683355e-03,3.904960901914212440e-03,1.965419440213691821e-03,3.737529805301825943e-03,2.627143833334389528e-03,2.991303242567713589e-03,2.625957965403549147e-03,1.780510555473688869e-03,4.104609940574385470e-04,2.879750078159105421e-03,8.546833920759848132e-04,8.982042878943457273e-04,-8.254712846583841157e-05,-2.384700151652233320e-03,2.779050967516776363e-04,-1.236110970848333483e-03,-1.099232950946852630e-03,-2.145171571838715239e-03,-4.089055825545630414e-03
7.956585919753064035e-03,4.611585864270756167e-03,7.126429814832537478e-03,8.446492037042644882e-03,1.215420902061939944e-02,6.113112737772583884e-03,1.060177969016330018e-02,4.668097745372624258e-03,1.372442757860673499e-03,1.168203293703544074e-02,4.352906288759338192e-04,1.008810092661159737e-02,5.155591586699177255e-03,4.976017224918946429e-03,6.262494270521959394e-03,4.623431850120593607e-03,3.086456346828586692e-03,3.789236156122940177e-03,3.604370915660112806e-03,2.587472746705829496e-03,3.540225018758092878e-03,2.041883466228377499e-03,3.241350180665597980e-03,7.212878255554740605e-05,1.090288791723086851e-03,2.890603069781473838e-03,3.217838861998846643e-03,1.537047731562029207e-03,3.417970612231019997e-03,8.603172998865095964e-04,4.874235853055127604e-03,1.544935543532297180e-03,3.874226793640147236e-03,4.470788747397112795e-03,8.715998988230380532e-04,4.954886607458985383e-03,2.123585732232354927e-03,3.345109553300940845e-03,2.126682586161398464e-03,-8.791151746954717133e-04,6.618281400438210532e-03,3.459636056605211712e-03,4.073391479026381053e-03,6.634939982712282931e-04,4.357212950708885812e-03,2.259015869339260803e-03,3.101884510866029666e-03,2.623208730616175335e-03,1.563712963972877304e-03,-8.051551527706540898e-04,4.147512130173937502e-03,-6.776708723795354029e-06,1.459003008551356404e-03,-1.326936945178438035e-03,-3.265278304886967600e-03,2.272897809924468056e-03,-2.339459661069388796e-03,-5.766604568318921237e-05,-1.773996429816811606e-03,-2.667875573176316586e-02
7.049020317901740981e-03,2.761783091533025376e-03,6.126556804069551408e-03,7.574823139723919560e-03,1.252864425342389149e-02,4.057378333055340625e-03,1.109617836923868124e-02,2.924623819696355390e-03,-7.446398709562724455e-04,1.468489969071001475e-02,-1.280151403623343070e-03,1.267397917799636432e-02,4.724965633245822340e-03,4.530828043269498860e-03,6.595265925224791208e-03,4.405347241470023226e-03,2.646168903997646229e-03,3.935034331229800980e-03,3.698164928100839549e-03,2.236070323489127137e-03,3.937433592030965650e-03,1.675771889472683169e-03,3.403652982047674150e-03,-1.002934459922982975e-03,8.487471243210638165e-04,3.288816386977482572e-03,3.748142080523142287e-03,1.203674630685225028e-03,3.772837498547194652e-03,2.230613371699578448e-04,5.920774538276172075e-03,1.013812714794004371e-03,4.502097346700481735e-03,5.053497067976944063e-03,-8.893439705833870842e-05,5.670785919078157565e-03,1.398612284747667751e-03,3.428256453369245976e-03,1.750984889458855878e-03,-2.149283799337414931e-03,8.199138495978660832e-03,3.436861325508771669e-03,4.302024532442079788e-03,-2.368045282983261923e-04,4.960732512728838368e-03,1.932171629347355368e-03,3.188795639120926232e-03,2.378863953106843607e-03,1.481982785581218093e-03,-2.360473001379020247e-03,4.869620490533643938e-03,-7.564363192864347269e-04,1.142016782802376994e-03,-2.094841090055525167e-03,-5.403711205526661940e-03,3.079468215609257580e-03,-2.751078736889300130e-03,-3.349777827785622671e-04,-1.966156235377651117e-03,-2.491776044600545192e-02
6.843590478188904362e-03,1.622015953739502827e-03,6.080345996840706355e-03,7.603310310441581572e-03,1.344170063432159785e-02,2.737987350380541741e-03,1.207751347637571297e-02,1.610641834764739867e-03,-2.135811665268518705e-03,1.793871451487899504e-02,-2.724439658213765984e-03,1.572844997215191998e-02,5.039768238824056910e-03,4.481880390142422427e-03,7.187931125261650712e-03,4.381474318174047658e-03,2.369399314923774889e-03,4.292400340845786526e-03,4.057184817415859963e-03,2.169914326679742503e-03,4.427707371106656166e-03,1.472030060932471131e-03,3.778742212778868174e-03,-1.825051113999689306e-03,7.597116791355948114e-04,3.891935892417861410e-03,4.339432068856043968e-03,8.935753744046778021e-04,4.281529668532449082e-03,-3.079772630487231802e-04,7.107264735001923329e-03,4.502875234198255557e-04,5.076939520238721824e-03,5.651370414401765685e-03,-1.008290708022727047e-03,6.520658375787701660e-03,9.570808433956089038e-04,3.385642196785745590e-03,1.297178045394664983e-03,-3.725401258168973759e-03,9.684808404829320719e-03,3.281496447086072656e-03,4.283395476808489130e-03,-1.404227643270318385e-03,5.472775441581756439e-03,1.386976608812493308e-03,3.456452980344584206e-03,2.140751639960965496e-03,8.947550127862911309e-04,-3.918554215042805051e-03,5.229483795904671210e-03,-1.968938722218090825e-03,1.175301863811734938e-03,-3.626366818907927371e-03,-6.809183554335906940e-03,3.173741383377352322e-03,-4.021984636336919071e-03,-9.915682892536112607e-04,-3.389043574331593572e-03,-9.082297526887574829e-03
6.361204550603942291e-03,2.426470780144680101e-04,5.965705438887011769e-03,7.946738169276629238e-03,1.456702204755064636e-02,1.330827378179027295e-03,1.308419032832699828e-02,2.848703352776774220e-04,-3.498935594852634057e-03,2.117900831987021282e-02,-4.346313284119234302e-03,1.874154578222410675e-02,5.439167952424554114e-03,4.812831765579343897e-03,7.889998799050822534e-03,4.405949481045462295e-03,2.177300212262225226e-03,4.673483342788439104e-03,4.476479592110402597e-03,2.357862800553846803e-03,4.920155152533754565e-03,1.379277769789449349e-03,4.279665910391879276e-03,-2.582676899628026917e-03,7.723154188126068629e-04,4.647009168609010990e-03,4.931633448606906334e-03,7.180712622343333454e-04,4.966985277073794613e-03,-6.810927690777867022e-04,8.429944004591356788e-03,1.696125738769455320e-04,5.865194709193837994e-03,6.475312983979575332e-03,-1.892844013073325489e-03,7.546472850062326335e-03,5.374187907162405412e-04,3.655303223908481537e-03,8.027800911755640688e-04,-4.861054576367315055e-03,1.170324534476924368e-02,3.445549858087719377e-03,4.706324118518365705e-03,-1.978888902287760827e-03,6.277604247490983433e-03,1.297707798040558923e-03,3.860541015516829027e-03,2.286720638400796101e-03,9.434074854480330652e-04,-4.652540298054736422e-03,6.328755980551437066e-03,-1.962416143877418907e-03,1.297673222192216071e-03,-3.413489673088830785e-03,-7.864351841955961875e-03,5.158723497625518524e-03,-4.389712050095187154e-03,3.229531329213582288e-04,-1.862056586969513747e-03,-9.350761543677359178e-03
5.590020133486505068e-03,-1.552384038678914857e-03,5.469800063246368568e-03,7.967335547983600205e-03,1.562485881409943905e-02,-3.691377058136204536e-04,1.354948016932663694e-02,-1.653865438725785324e-03,-5.646621490941126399e-03,2.398986013825579744e-02,-6.444951702903180951e-03,2.113027073458514232e-02,5.299434600429846903e-03,4.892804542081716050e-03,8.694994995083990194e-03,4.203508229662989044e-03,1.581168164046159669e-03,4.752632333390542294e-03,4.574530326091363376e-03,2.216626604192266283e-03,5.279103107928409533e-03,1.154921491333484257e-03,4.627588581696897435e-03,-3.497255840616746679e-03,6.985408304052080197e-04,5.223228315815098798e-03,5.492684843704320231e-03,4.355926232138181706e-04,5.472682107857780413e-03,-1.208296503097358891e-03,9.503495042762620526e-03,-3.515676782617631097e-04,6.326874151021955918e-03,7.006450587621149660e-03,-2.741351575808416517e-03,8.458600415960273317e-03,6.844070913679438590e-05,3.779562497191075836e-03,4.657642342388030178e-04,-6.399016742936595482e-03,1.362701412134681087e-02,3.484044515550924811e-03,4.924936522822194809e-03,-2.943170083910698863e-03,6.703841780821457284e-03,8.162528771901157417e-04,3.818139358478809045e-03,2.041884869850795012e-03,4.198616368374140178e-04,-6.014151321670171968e-03,7.273783425122398900e-03,-2.922278901214720413e-03,1.120309123798476350e-03,-4.417196532225366179e-03,-9.172916637440711035e-03,6.366473634722878520e-03,-4.779497790362370775e-03,1.755438982193890951e-04,-2.454982163683208565e-03,-6.445908443303227653e-03
4.694989184074162269e-03,-3.595778669200776385e-03,4.587858406994674287e-03,7.770041616006259991e-03,1.632748885031267555e-02,-2.142967785892606596e-03,1.391799383101517684e-02,-4.143369431432098425e-03,-8.012412586024270783e-03,2.639033954921661540e-02,-8.702873125781591598e-03,2.329589405075183084e-02,4.876470240224852967e-03,4.680314333179837541e-03,9.409952619166920065e-03,4.109860987155159601e-03,9.345750376490770958e-04,4.594246140800114370e-03,4.515119504295506993e-03,1.874529150440879801e-03,5.502912129076911046e-03,8.993819381647263390e-04,4.795669345456273630e-03,-4.562880203432487930e-03,5.223512485889480377e-04,5.642765194648399936e-03,6.003841175252150678e-03,1.300829258187222019e-04,5.942321617703666403e-03,-1.832667310691045220e-03,1.064120920870154433e-02,-7.594660036089361573e-04,6.828700144979452970e-03,7.618282235446054672e-03,-3.800639850607159982e-03,9.251057649747453787e-03,-4.811831180596143754e-04,3.885518350209192073e-03,-1.454991269291293137e-04,-7.754481426700316274e-03,1.544363290198051512e-02,3.573430612500904865e-03,5.019418336785934527e-03,-4.172016632407622543e-03,7.350044198689762581e-03,6.188585694117829323e-04,4.067076622001499116e-03,1.871873771006927166e-03,-7.053916666710280435e-05,-7.116911702402006420e-03,7.738775097654188376e-03,-4.050476675078950976e-03,1.377401298999974405e-03,-5.848190255601611563e-03,-1.109198487915486787e-02,7.946958467356355499e-03,-5.648596396215716138e-03,4.384154476529188529e-04,-3.462142739742879016e-03,1.617456928590044890e-02
3.924585702044662387e-03,-5.518415582990903422e-03,3.771404155738892604e-03,7.358299735654975741e-03,1.710156966696657621e-02,-3.703129800926188101e-03,1.453528503881756397e-02,-6.262740151911381191e-03,-1.029787602846876128e-02,2.883980345074206586e-02,-1.094295410014083265e-02,2.557405352931484133e-02,4.497793128520616822e-03,4.349878140840835253e-03,9.941022777019177178e-03,4.065054067025357723e-03,5.468216228279304666e-04,4.619761412595999039e-03,4.369444291888596732e-03,1.514152232757012611e-03,5.598968520497239233e-03,5.959593897002533674e-04,5.097990481430996791e-03,-5.590180843808916986e-03,3.920928734910757748e-04,6.234704459142245692e-03,6.552248534639235761e-03,-2.665644701115643732e-04,6.393876809840987399e-03,-2.282058487415096135e-03,1.175627234076415985e-02,-1.325398418790689828e-03,7.530719418666806039e-03,8.342859502220143289e-03,-4.854997294733686894e-03,1.011093102892290929e-02,-8.662714264109788471e-04,4.047821892538012306e-03,-5.217688225052035224e-04,-9.495058861971725564e-03,1.739814104839276093e-02,4.019688107998193281e-03,5.465842330170684465e-03,-5.381878496982425361e-03,8.221019001647615621e-03,4.827092689308984407e-04,4.624099828838257147e-03,2.217171393249050930e-03,1.066176672412316398e-04,-8.037531361687690751e-03,9.102228650568837051e-03,-4.464629774847067058e-03,1.927713507626200359e-03,-6.066010502094741803e-03,-1.206593183670666425e-02,9.375414037159012295e-03,-5.536481184648842438e-03,1.392993984611196534e-03,-2.277400270236679125e-03,-1.261146046110999536e-02
3.085592493932070440e-03,-4.941681509041616870e-03,3.089620788148766690e-03,7.027356128980562569e-03,1.610447272830766927e-02,-4.487791266918892893e-03,1.421842286422797877e-02,-4.733069246925949644e-03,-1.167731702386597473e-02,2.823445685794334983e-02,-9.885855236767901108e-03,2.397186231427889114e-02,4.978408923193633658e-03,4.006726310233022816e-03,9.088126205272053018e-03,4.214104867673917725e-03,5.634455425381749592e-04,4.278855325674361422e-03,4.511533052758968064e-03,8.456583229637037406e-04,5.452565441282883861e-03,5.158449554507033670e-04,4.901059631439645507e-03,-5.469342393968290583e-03,6.794028073342331419e-05,6.223221622789596938e-03,6.070488741936569226e-03,-2.869509770033221120e-04,6.598221082716788748e-03,-2.986392643593128917e-03,1.150713789414740951e-02,-1.475663307608842583e-03,7.073546900171671578e-03,8.279258663647606764e-03,-4.932181405941400178e-03,9.797052160186787984e-03,-9.400228496810013323e-04,3.499544586423308616e-03,-4.620481712968702244e-06,-1.052808899590020747e-02,1.712176624029556476e-02,3.762232197579242366e-03,4.545922748915000311e-03,-4.937668068447830828e-03,7.017501647844581573e-03,2.144756565262411906e-04,4.369078959981362829e-03,1.520245954060590659e-03,7.078571062223375622e-04,-9.181391879671039688e-03,8.390839395917684684e-03,-4.746470328314317602e-03,9.049576938416269102e-04,-5.816831746779471332e-03,-1.237973043249757620e-02,9.036526962747726613e-03,-6.522050818169660216e-03,7.888996003586043254e-04,-3.077686417587581318e-03,-1.313911840499356123e-02
4.635270326756064409e-03,2.014008721244292879e-03,5.392637605774427620e-03,7.585975947339197549e-03,1.154057731310997870e-02,1.795374881687573617e-03,1.049242151263533179e-02,2.356410139152358661e-03,-2.788455196804752196e-03,1.615254462110312511e-02,-1.130919019623136210e-03,1.301014689235826735e-02,5.041975456421782069e-03,3.935441078869120896e-03,6.071887615475239121e-03,4.039613921195932961e-03,2.089561835153453534e-03,3.455022448978336581e-03,3.745168265752154765e-03,1.365925558278004593e-03,3.598242494367791255e-03,1.245641523319866413e-03,3.167514181939834906e-03,-1.545631092018466416e-03,6.782733532625479737e-04,3.610037422656382951e-03,3.288270002984343496e-03,4.190109629768999774e-04,3.704189180985157943e-03,-1.242058186904888579e-03,5.781058085774651648e-03,-3.396543632162219079e-04,3.570509303370678761e-03,4.107799488079192166e-03,-1.926775833593715901e-03,4.742276432111616584e-03,8.429177390251925439e-06,1.711910913265863622e-03,8.411152008735993564e-04,-4.913032100095089671e-03,8.231186652507663931e-03,1.864050010403066554e-03,2.258729246447853563e-03,-1.567027046392267331e-03,3.412322241089229494e-03,2.536630922195399476e-04,2.535483957618351637e-03,5.869279702970676277e-04,1.151395059696221209e-03,-4.349601786470688736e-03,3.799656390799690565e-03,-2.311682534457288555e-03,4.094772286695017331e-04,-2.641641589911813102e-03,-6.374932040329475691e-03,3.804894983885425460e-03,-3.708429129514597897e-03,-1.951595452744112687e-04,-1.802746750005320472e-03,-7.456259202042546559e-03
6.441364427471831140e-03,7.059700845527532888e-03,7.665656646363224955e-03,8.119274920971355711e-03,8.258030458139433913e-03,7.792145329121249672e-03,7.438820867923923337e-03,6.923684310482739607e-03,6.180572517250920543e-03,5.654479292818814784e-03,5.106149414367831645e-03,4.677482056961185936e-03,4.445166999968841633e-03,4.221259685646239213e-03,4.043894591494684963e-03,3.672165050969800233e-03,3.443747541953047584e-03,3.190359772099622768e-03,2.862691547375193456e-03,2.442746996396176918e-03,2.162446536624207469e-03,1.926862191577045783e-03,1.916198671733184084e-03,1.891010293985304893e-03,1.689142524228775871e-03,1.427574310010399109e-03,1.326731400768411777e-03,1.150773795266432035e-03,1.041807249333519822e-03,1.012795775684669636e-03,9.942418234415077802e-04,8.580125040376208965e-04,8.644741591180197084e-04,7.845353080387075474e-04,8.244626511352071488e-04,8.978523496629021300e-04,7.635997507115236576e-04,1.001242541586673789e-03,8.753031110124115215e-04,9.310288172750549006e-04,8.043881071543855813e-04,6.260483680119081993e-04,5.617346563065956982e-04,6.333956194852817870e-04,8.009997673842912495e-04,8.572013530082187201e-04,5.206208748562047997e-04,6.359287928858101905e-04,3.843378715006234608e-04,5.462359297986098001e-04,5.043952979486196996e-04,1.318452789442489475e-04,1.007149320469019773e-04,-6.232708754354646943e-05,-1.540129067396037589e-04,-3.926212983667845741e-04,-5.329089865082997602e-04,-7.000969804124810040e-04,-1.159782502012240632e-03,-1.311554587663235714e-03
6.419330618577415853e-03,6.926523744171467038e-03,7.397530136866365714e-03,7.829535722031575468e-03,8.036878708664062232e-03,7.774036227995852893e-03,7.361974356702502900e-03,6.834931663333080124e-03,6.363008732348198436e-03,5.814946854204965099e-03,5.158070314575845250e-03,4.564919223576433156e-03,4.255696637748208194e-03,4.147390027165916149e-03,3.911329207883999792e-03,3.760256598353860398e-03,3.513624609200260030e-03,3.236948855328574803e-03,2.974488580981626048e-03,2.624648489340001070e-03,2.285999958203026403e-03,2.016974935261258567e-03,1.880623977341827797e-03,1.863446977496888493e-03,1.658406990672451481e-03,1.432386435699700613e-03,1.332133077127251085e-03,1.233993836490504320e-03,1.138042423053295437e-03,1.006554432840937787e-03,9.279563679685322352e-04,8.087548840015385985e-04,8.167891927999317838e-04,7.445705975141013021e-04,7.932231732820274172e-04,7.692275576006536242e-04,9.019123162780608638e-04,8.751115396942041802e-04,9.159342191242061688e-04,8.755240953001628638e-04,8.955108202995032060e-04,8.430994947448700039e-04,5.647409478641890381e-04,5.157764247930364835e-04,5.330379159001293792e-04,5.454903626454118927e-04,7.329600511766374204e-04,2.769085957184732748e-04,5.474950250761288382e-04,1.887235539211266477e-04,5.258943769132438375e-04,3.755963464782186879e-04,-1.526232823135778756e-04,-6.206121186070059307e-04,-3.378031548755090286e-04,-7.041150476785092019e-04,-7.525430264552844094e-04,-9.312898165692449137e-04,-1.699884679366230403e-03,-1.500592575870192923e-03
6.609064508386606682e-03,7.173812951716432122e-03,7.539916477372299482e-03,7.877559531741185062e-03,8.044196661522793126e-03,7.931005656193991157e-03,7.713494624974351344e-03,7.067085607247433621e-03,6.644309619454557246e-03,6.334529541819942412e-03,5.403528577683857671e-03,4.791335297233623863e-03,4.460742722843215151e-03,4.207547644200238142e-03,4.024646358476274485e-03,3.886948684128158950e-03,3.678699362168722214e-03,3.513021127193695532e-03,3.188268940400599584e-03,2.824987820656912809e-03,2.557567552416748369e-03,2.243205362678063215e-03,1.940139210326646520e-03,1.883108097801896880e-03,1.720881196646672964e-03,1.594965223449311192e-03,1.472762538857144959e-03,1.355693127113051684e-03,1.134986528451410390e-03,1.115300001918718932e-03,8.643838205407165711e-04,8.375772117247040063e-04,8.687052595852986754e-04,8.810360611294924989e-04,7.908178308013084738e-04,7.746806296032748189e-04,8.294530919426199283e-04,9.318778154161453135e-04,9.582852824768314402e-04,8.154718507945153639e-04,8.862970555483225352e-04,9.140718213715921846e-04,7.948428314377215453e-04,6.997168889849299071e-04,6.578263265617112932e-04,7.385210310481142874e-04,5.142244350751725866e-04,5.822105892079829656e-04,2.962354143278965349e-04,7.768175832147312422e-04,8.107776896675965165e-04,8.626969574148351649e-04,4.006200307775911111e-04,2.282961544597373292e-05,8.111456645172462020e-05,-3.094580400360680251e-04,-5.376981873773398549e-04,-7.201849446846432436e-04,-9.000425383410768894e-04,-1.368871398702128190e-03
7.113025379048253105e-03,7.841165712678418651e-03,8.121151474538016585e-03,8.240717583235180471e-03,8.289628846969874718e-03,8.322289259790819141e-03,8.318950953365060810e-03,7.715181019874835060e-03,7.165103039144478381e-03,6.920516471156037616e-03,5.997770505952767887e-03,5.248412030646821928e-03,4.906362860685461319e-03,4.611327404421244891e-03,4.237140686198668550e-03,4.186958131933698514e-03,3.997695822505166301e-03,3.943374828777125411e-03,3.644484363766290012e-03,3.162964206479106696e-03,2.898622369198955266e-03,2.661458832634510611e-03,2.302011354385858841e-03,2.069087070614519710e-03,1.951029489179972095e-03,1.801245158741092466e-03,1.741055107458927857e-03,1.492429828180154208e-03,1.401035867858897504e-03,1.204703128974563995e-03,1.018301096060571925e-03,1.027625065176566944e-03,9.753274595774939076e-04,1.034314115584353440e-03,9.614211772682434423e-04,9.665748891550194613e-04,9.925263282437874878e-04,1.053457594382355015e-03,1.072723262025232927e-03,1.073700071754284937e-03,1.087045610180317756e-03,1.140563182459137029e-03,1.129200731727361988e-03,9.836526952041678949e-04,6.931060410707523501e-04,5.433413385137354085e-04,6.437530222321633227e-04,7.366012035649424942e-04,6.362679034290633692e-04,4.227919603129453186e-04,9.655280780903498358e-04,1.071251877994167882e-03,7.613088013621235059e-04,1.189141393658288886e-04,-1.195213244145574427e-04,-7.250798886275318573e-05,-4.184766102710483051e-04,-9.624461185930728016e-04,-1.180305607328899394e-03,-1.191230648040061436e-03
