3.136877527925118619e-02,3.548667200214957601e-02,4.195913430630359570e-02,4.424074513979076723e-02,4.668535984209566669e-02,4.713742516309253616e-02,4.657901584633587083e-02,4.326732457423124872e-02,4.098769971422040748e-02,4.022112637613331487e-02,3.580300931889643379e-02,3.047009214611056879e-02,2.865924268327517052e-02,3.213959069030721677e-02,3.374729158196965867e-02,3.387301264043791199e-02,3.320200058834773399e-02,2.984976865162515536e-02,2.907370392701174103e-02,2.709385978702154307e-02,2.421188471809868764e-02,2.391992723075368754e-02,2.165865921089979093e-02,1.937353453131889641e-02,1.736566568005546221e-02,1.338871044917031017e-02,1.185790807764721712e-02,8.297884250220821656e-03,8.753772100964535285e-03,7.680000000000032287e-03,6.322049909268326155e-03,2.274117074902407172e-03,6.731338673666754230e-03,3.515579175697597109e-03,4.026339664418368720e-03,2.344334592110473067e-03,-6.929691053928611986e-04,2.243533674068375148e-03,4.272715307558774302e-03,2.742868608302119916e-03,1.722104130481556025e-03,3.097901973845014305e-03,-5.280604686320782481e-04,2.327075178549557147e-03,-1.838355077838170655e-03,5.738898849740233779e-04,4.027490492955034863e-04,-7.023053570379905221e-03,3.494807243663240791e-04,1.617581622692404030e-03,5.656464229756234807e-03,-4.703542560104115658e-03,1.494389151425929568e-03,1.927045317194296496e-03,7.367640148807880034e-03,1.566493076813850385e-03,2.659608739248941946e-03,-8.262208415234763292e-03,7.244671125021449193e-03,2.174466047952692410e-02
3.147916682391904697e-02,3.170528391371357085e-02,3.503361398895700474e-02,3.725604383071728226e-02,3.772165535365944872e-02,3.627044340344225820e-02,3.414740100882700941e-02,3.135300675052078712e-02,3.057783955015138180e-02,2.912037632845603310e-02,2.829991762538992123e-02,2.632837886372559402e-02,2.216129796655899944e-02,2.099096206774490186e-02,2.155035313472476732e-02,2.400257460718875288e-02,2.331270219799046889e-02,2.200611833412897261e-02,2.134254128402042830e-02,2.136725370913993699e-02,1.863945689346696577e-02,1.909518156779593107e-02,1.695042434057524375e-02,1.452772174060966426e-02,1.242041644232155795e-02,9.795196559808710610e-03,9.988534719990397465e-03,7.583174705497785009e-03,7.143385964013649649e-03,5.495424085116002409e-03,5.166513072803291355e-03,2.257387165109600059e-03,3.818981567223977795e-03,3.003973315974795433e-03,4.065106100381270758e-03,3.541626999104887340e-03,-3.203142677496394457e-04,1.807884662567762210e-03,2.452089765737155286e-03,1.808716306857077434e-03,1.755456346506208349e-03,3.267322515506425329e-03,1.892008537391073680e-04,2.134433634018072668e-03,-2.074151024395396066e-03,1.876559780360920063e-03,-3.439329990820952712e-03,-2.167123921110396256e-03,2.306528810429038349e-04,1.058025489908770217e-03,7.065513254070472605e-04,-6.053885762672451404e-03,2.984754525479684558e-03,-4.577742253662022039e-03,2.748234893495032308e-03,7.000647400000003205e-03,1.240043965739137492e-02,-1.421453010091645527e-02,-1.393291932833534176e-02,2.706510970701912419e-02
2.497872729897174932e-02,2.263856747370169772e-02,2.505768974127861939e-02,2.793323508033609265e-02,2.610971315418412000e-02,2.424099401701687584e-02,2.263982883098902485e-02,1.886369746176503812e-02,1.728166695264764935e-02,1.584144853884774176e-02,1.563586496357118050e-02,1.733425878359886804e-02,1.409606496480838092e-02,1.134385001979837208e-02,1.076351360827018135e-02,1.327987371447971257e-02,1.244625489539514032e-02,1.341718029144902541e-02,1.238064714850411509e-02,1.240602602629518533e-02,1.082912310950065460e-02,1.132743138527918247e-02,1.077252286306627088e-02,9.108596141422042533e-03,6.974297356333954492e-03,7.165756979448064008e-03,6.718872669888547276e-03,3.776568071247910028e-03,3.445887610703040130e-03,1.808934175207106091e-03,2.003511990025873268e-03,2.052781317907701082e-03,2.872703773043406086e-03,7.031196602365560617e-04,2.863239220788553301e-03,7.082162168354651753e-04,1.037973319790752450e-03,-6.078483759789644588e-04,-5.174397215903484178e-04,5.670588465637037452e-04,1.550996381615093490e-03,-3.130587813224327068e-03,2.187802656509314769e-03,9.286568018810648388e-04,-2.057598062229214729e-03,1.139192156838746877e-03,-1.594932872436066393e-03,-2.404695035421616257e-04,-5.642682403887331558e-04,-6.424661286277979317e-04,-2.783822829964301311e-03,-3.639727507813253840e-03,3.124814869131951368e-03,-4.990468111801143504e-03,2.508298267425911662e-03,-6.118495382222971860e-03,6.859999999999888756e-03,-7.798542871792038186e-03,-6.916269024658221708e-03,4.959377385276877992e-02
1.529505366168986032e-02,1.302441779632218001e-02,1.407182032070294735e-02,1.537034339628470456e-02,1.315574552434097856e-02,1.185468892594837391e-02,1.096740464823923317e-02,8.311034999590341185e-03,8.480430174441748112e-03,7.165446980068571232e-03,6.977594913693679901e-03,6.885803412397900787e-03,6.608914177668717867e-03,6.242800066134437074e-03,3.825799997980847654e-03,5.290286748692057082e-03,5.065234971113641814e-03,5.938222948516595941e-03,5.873234859793964070e-03,4.523403720140471186e-03,4.538354947912125181e-03,4.192991495521618608e-03,5.126802680957360560e-03,4.296628346636003140e-03,2.631606153665954403e-03,4.010693229010967378e-03,2.444577037532454436e-03,3.226525808587509501e-04,1.389691884526298750e-03,8.343073548082830752e-04,1.700385301204962275e-05,-7.648553041329296911e-06,7.349839720649051656e-04,1.048955470754848584e-03,-8.208494827187551735e-04,4.145458631698461420e-04,4.117351690077382387e-04,-8.997638985759623203e-05,-1.897359999999947153e-03,-1.588913463855252993e-03,-1.563526996967855743e-04,-3.648440281615625540e-03,2.191925201855281070e-05,-7.503258516067040293e-05,-2.076149604300851336e-03,1.734054369984760124e-03,-4.259392996429025961e-03,-2.237768047932325432e-03,-3.624829410343858704e-03,-7.946156122954911236e-03,-1.649372058217650613e-03,-4.611284901479838910e-03,-2.630297591678828519e-03,-3.360618077635219546e-03,2.459091964345608197e-03,-7.894956764739129509e-03,3.873057631390744004e-03,-9.226842105263227678e-03,-3.103869384179235719e-03,5.312726752873638686e-02
2.543773548735733456e-02,2.263507647705931963e-02,1.889958582066455020e-02,2.001883313189660799e-02,2.128250447573202392e-02,2.034455159268499028e-02,1.799048628209487175e-02,1.438624838774506774e-02,1.370451555797708686e-02,1.108740270086585461e-02,9.855108474542633931e-03,8.899913563392349014e-03,1.005610686667715060e-02,9.459575188700769868e-03,7.194136137471624642e-03,7.867219873564408258e-03,5.206445117777408135e-03,5.599634460424826772e-03,5.403946851569345171e-03,4.560801666430813923e-03,5.630835009801533550e-03,5.284743189142519955e-03,6.124562132743798654e-03,4.003014651374974843e-03,3.574124997459546087e-03,3.714099884955305870e-03,2.383890403737928994e-03,1.357019762010397814e-03,1.660231570550390213e-03,-1.191015842033622645e-04,8.009966074537987419e-04,9.967541548495619701e-05,2.465818265772378110e-04,5.275739736584469979e-06,-8.535705212293722734e-04,-5.651982020395083248e-04,-9.054719272428989496e-05,-3.101306402858728653e-04,-4.054258487068166869e-04,-1.806664645770579515e-03,-1.694403812144674787e-03,-1.715346284921771694e-03,-1.477112720213270142e-03,-2.184729253110642092e-03,-2.952842998128252586e-03,-1.180111161687494086e-03,-2.832630582619800538e-03,-5.951107040095388566e-03,-4.902514199500552323e-04,-4.267666170127152638e-03,-9.289480928283951142e-04,-4.230156595916278670e-03,-4.260755064249173441e-03,-1.170021218724032414e-03,6.466892379060989321e-03,-4.325919742406212146e-03,3.809453256574214970e-03,8.586756339563238931e-04,4.645882352941150747e-03,3.817679427179989510e-02
3.910958764230661189e-02,3.643093328940018305e-02,2.813919311896297473e-02,3.013473022312358751e-02,3.212341596955026884e-02,3.284885846109544816e-02,2.851686877267788078e-02,2.274078257106613987e-02,1.944629462200518979e-02,1.717810359884650029e-02,1.557356479081691523e-02,1.442386872443726653e-02,1.448173632792770782e-02,1.215642078246153071e-02,1.291458276812616421e-02,1.239272022991953597e-02,9.293573897944485546e-03,8.360165934709137478e-03,7.934207990842595884e-03,9.248845526805099873e-03,7.861284660668193397e-03,6.666117026697315415e-03,8.467151043659087647e-03,6.066497438868850671e-03,6.511193440641275393e-03,4.509999999999998385e-03,4.403977266622421949e-03,3.139305577862318546e-03,1.561145926348436654e-03,3.506767983550351992e-04,3.494670815621815380e-03,1.931458775297357176e-03,1.512328295770697930e-03,-6.267225017375733847e-04,-7.543694162864834343e-04,3.360723948893227153e-04,2.948729996060512476e-03,-5.143773175779064620e-04,-7.036310377124589416e-04,-5.740889500633787135e-04,-9.894572307542130567e-04,-2.550421404377756305e-03,-2.161635979010657124e-03,-1.078621067753731755e-03,-3.557914804358365199e-03,-2.655271602361691081e-04,-1.558603117903628469e-03,-4.475292294175081068e-04,6.041555519414164993e-04,-1.125056909410656681e-04,3.275835840186573904e-03,1.010469260829778516e-03,-4.591006959691899640e-03,-2.596945921212009695e-03,1.348915537135477382e-03,-1.078374232832758108e-02,-2.853711105363499053e-04,-5.140887933715990177e-03,-1.024477107996786410e-03,3.783821043978208287e-02
3.549723928275014956e-02,3.223689160213381866e-02,2.571519354781566860e-02,2.815477396301559188e-02,2.825872260199181404e-02,2.791306528561004682e-02,2.441220595603443497e-02,1.942693266701787241e-02,1.677777604658926142e-02,1.491089061576536361e-02,1.379061896216071670e-02,1.343570768521165290e-02,1.314569026315802990e-02,1.075062259953157157e-02,1.185063958273035317e-02,1.146459270254989934e-02,1.005279907667134230e-02,8.631054660385550914e-03,7.268510267202397956e-03,8.797544339223140053e-03,8.319300208366237417e-03,6.214546230318265807e-03,7.119414416742965782e-03,5.803165889556326923e-03,6.407618377279595927e-03,5.149999999999942818e-03,4.830000000000019174e-03,3.359489980008584058e-03,2.181726182571787267e-03,2.170382112003313088e-03,1.921105997902521024e-03,3.686246194007669532e-03,1.645398216171800685e-03,1.348199642614809901e-03,-6.110768398137469143e-06,5.054143383352081940e-04,2.233847203561985587e-03,-1.588853132334630059e-04,1.670493239744222196e-03,1.967276149084564579e-03,1.736000384538042814e-03,-2.271335732542236266e-03,6.095292142666244471e-04,-3.644549015535780527e-04,-1.383759169209574551e-03,6.262009401920838700e-05,1.870692549055154395e-03,-3.124033273656669392e-03,4.779735806273650752e-05,2.832626697641580770e-03,5.182186898903183743e-03,1.760203166982011666e-03,2.203380314618345924e-04,-8.091238239941103824e-04,6.970394736841674030e-04,-1.194882610501067427e-03,7.968732042966653745e-03,-2.028996727714004866e-03,7.771499094548885503e-03,4.024790074378052640e-02
1.961517694985333640e-02,1.705455764666994126e-02,1.439782504688030991e-02,1.641931904430881869e-02,1.530547610457229195e-02,1.598586884916259471e-02,1.410320223611601781e-02,1.145236344439394885e-02,9.697274983871516027e-03,8.001964490088596740e-03,7.574121043861279691e-03,9.617515253963334829e-03,7.905513915496376054e-03,7.838582622061806768e-03,7.183212978754924781e-03,7.527962064184576946e-03,7.573404802126690316e-03,6.203082756386321152e-03,5.865965344684191674e-03,5.008688627550256407e-03,6.128650362923997522e-03,4.950956624011341144e-03,4.514373316250658817e-03,4.569060965813395193e-03,4.686086664542872017e-03,4.122378310857219633e-03,4.562288039109977690e-03,1.381306014604594557e-03,2.194668428065697351e-03,3.022148863980331397e-03,2.100125465691520497e-03,-3.827742977554706208e-04,4.819732410840297620e-04,1.619692102457002351e-03,1.226693154107724899e-03,1.144736842105518494e-04,1.328836658597559858e-03,2.189298048697498403e-03,-1.303163468957769080e-03,-4.156275232318573198e-04,-1.218070098464940978e-03,-3.768375931465869303e-03,4.079944676469655419e-04,-3.146492962188956848e-03,3.998801893088506864e-04,1.183426473217713938e-03,-7.819312666863364580e-04,-3.614280955779571795e-04,2.159617108754338774e-04,-5.320257384590087752e-04,1.949148695113370883e-03,-1.748176767368995327e-03,-4.910499415795970164e-03,-8.279976126671479385e-04,4.262525839151523090e-03,-2.189899795059734554e-03,5.708126950142923539e-03,-3.718685453961629358e-03,-3.480445692307662132e-03,3.023250318077810514e-02
1.620608097649237772e-02,1.605047207231398779e-02,1.510724880924806807e-02,1.524159779801003388e-02,1.483168219721177350e-02,1.528284994445157710e-02,1.215732587354985059e-02,1.145551500753578048e-02,7.951369502072685308e-03,7.360996788571451052e-03,6.292531973568101650e-03,7.075315213168058281e-03,5.605914057442233298e-03,6.912187378236916806e-03,5.831974325856279645e-03,6.659321589378250361e-03,6.032518099227925090e-03,5.708941867214484614e-03,6.161732831257756698e-03,4.696270639793225128e-03,4.227639350311798716e-03,4.298732237359936814e-03,4.300000000000039901e-03,3.360000000000007512e-03,2.758078659053339859e-03,3.294514705635454704e-03,3.755631905368582348e-03,8.095761638715685523e-04,2.801217925367929795e-03,2.423382086214711986e-03,2.220414187530082590e-03,-2.889461893858002225e-04,7.660454780917176111e-04,1.354178727079188025e-03,2.187183928068182730e-03,-1.041998743060303101e-03,-1.151802619820322185e-03,-1.655927492216756249e-03,-4.142305629478467820e-04,-6.777296946742985152e-05,1.213258112838571593e-04,-3.408134231187593538e-03,-1.192356428701883556e-03,-3.403039513677784834e-03,-2.141752807300608547e-03,-1.298374278012324025e-03,-2.350073609697044853e-03,-2.032459471902772416e-03,-2.419895326965910542e-03,-5.355680623527270430e-03,2.769909397409323418e-03,-4.207680242780164129e-03,-6.317634178286216443e-03,-3.296968112567098385e-03,-8.087032795199351103e-04,-5.945469178851202179e-03,3.177812953124998976e-03,-1.337531584570235237e-02,-1.642568082522988596e-02,4.836983235396793979e-02
2.670124700449019034e-02,2.610016693659263087e-02,2.382622782026988170e-02,2.281617919486951529e-02,2.456243719792031849e-02,2.272339437724404942e-02,1.932277627237769663e-02,1.553986083534638143e-02,1.207772753997155175e-02,1.133028990763746031e-02,1.005038754641881561e-02,9.324670607555450574e-03,7.648962432972898455e-03,8.278393176151241373e-03,7.193532860797556376e-03,7.184311360565863273e-03,6.608991493404081305e-03,6.396078299376146623e-03,6.487441841032210929e-03,6.012221868840261774e-03,4.596404196746165481e-03,4.494823111130149575e-03,4.490000000000007874e-03,3.689999999999997535e-03,2.995049455090268483e-03,4.210667711532556368e-03,3.702855003406514776e-03,5.050177407789247126e-04,2.862088239130464173e-03,1.180608755788814870e-03,1.499054344682553648e-03,1.785364103277633846e-03,1.906356326079303751e-04,1.461704133816911846e-03,1.231020607175733724e-03,-8.733788778542908452e-04,1.888263311030194706e-04,-2.587806897959322137e-03,-4.986835238920168814e-04,1.573284328293129107e-03,-1.455852805737366685e-03,-1.303227570016068535e-03,1.583063218381487201e-05,-3.009924623062894440e-03,-4.010441640378472478e-03,7.365709421279219857e-04,-1.901359497849042408e-03,-3.934498396993756260e-03,-3.996757994828313348e-04,-7.302968674687500598e-05,5.077156332071675916e-03,-4.021952717346955787e-03,-2.220622722784851288e-03,-1.517026039875102393e-04,1.452703868640255495e-03,2.149754265660064508e-03,1.554394134765672321e-03,-5.479112862660291683e-03,5.780874238885967730e-04,6.059857665186729747e-02
3.563430759372086809e-02,3.048079998664965026e-02,2.642417881319319636e-02,2.519868303521599628e-02,2.680316027834622056e-02,2.377955968483024679e-02,2.240348541048179862e-02,1.830114722447409928e-02,1.463276767446695589e-02,1.357870308422508797e-02,1.187219654928791182e-02,1.047962590220816344e-02,9.107043289794267138e-03,8.376645764080955028e-03,6.363615965676657979e-03,7.107769608124304278e-03,7.792644072165016630e-03,6.509069201068830995e-03,6.725130045970574739e-03,5.943397796049991119e-03,5.093240874524707605e-03,4.364336708370683202e-03,3.691834078760679577e-03,3.960000000000032938e-03,3.970000000000090644e-03,3.075528982748478198e-03,2.602687175035601694e-03,1.966050182388324064e-03,9.377734415713089586e-04,1.141931835671992218e-03,1.828809717595575876e-03,1.991783401199395329e-03,-8.116022803208916138e-06,3.350006892917693985e-04,1.060976653483493379e-03,-8.342407083428100617e-04,1.283821609512357997e-03,-2.296797080414247471e-03,-1.158787854125738767e-03,-2.074517604274957010e-03,1.307615164108445185e-03,-2.379269731246309427e-03,-2.156400654036362552e-03,-1.640098594357797561e-03,-1.490253588234067119e-03,5.139701889434915901e-04,-2.861940192434443263e-03,-3.260377105487237501e-03,-1.799882115275186576e-03,-2.937380738970579459e-03,2.171597253906298701e-03,-3.030213038741943164e-03,-2.753488016841429843e-03,-7.099574332410885265e-03,2.520850429438814631e-03,-1.568168578144254739e-04,5.420529640434922428e-03,-4.361955513349609175e-03,-4.901661383461992059e-03,3.253622526499974632e-02
2.111377706069978918e-02,1.554083276196394081e-02,1.264743027069108010e-02,1.225301600165666985e-02,1.343181869674746690e-02,1.298936276154614468e-02,1.342697020201135197e-02,1.086365451732923017e-02,9.409128847668148457e-03,8.307720390040906899e-03,7.640859540615442015e-03,5.190980803606263551e-03,6.027998962558898596e-03,4.860997671314327626e-03,3.257214927297646251e-03,3.713555304848874770e-03,4.396484899368207494e-03,3.442503255895032564e-03,4.710264010566686879e-03,4.619664377403525854e-03,5.325883854653946578e-03,2.582739305859161043e-03,1.910012166250326868e-03,1.638863277791209909e-03,2.638665318485291199e-03,1.948333616398883767e-03,1.185666637604252532e-03,1.359956034067104228e-03,1.251361772682040518e-04,-6.022308102479631775e-05,1.297491478763021207e-03,1.087595369764919650e-03,-1.345670759528087813e-04,6.066757381786425487e-04,4.725198629637115781e-04,6.083883934271985513e-04,9.082909725116864895e-04,-1.551024421797432508e-03,1.005960660804832481e-03,-2.234267581588072690e-03,4.207507571823129516e-04,8.952643563400990287e-04,-1.174478998496050449e-03,-1.321819607716183918e-03,-3.403111538262584574e-03,-1.042482216290475884e-04,-2.240491326530628328e-03,-4.062498277334919026e-04,-2.287781345199806689e-03,-8.433375250409012652e-04,1.536459923210358423e-03,-2.536198347107446443e-03,-2.333355393958522119e-03,-2.270963500006092494e-03,5.166185457124639578e-03,-1.464478071197861152e-03,3.848811052248396741e-03,-1.793779173065879673e-03,-7.977791649432235122e-03,2.999412629196084382e-02
9.463455807103867204e-03,5.155933451984950899e-03,5.236507326725050281e-03,6.603958224523589007e-03,9.352727935685391930e-03,9.738007779024098615e-03,8.118477913351004882e-03,6.807797756586796666e-03,7.632367166910703285e-03,6.484273879413520771e-03,5.776621116823565591e-03,3.546428661127553651e-03,5.059158453773525931e-03,4.169936599637032691e-03,3.165697389607245640e-03,3.356759726789890815e-03,2.777779264088848631e-03,2.180804118775663512e-03,3.147404771805393381e-03,3.513608848389862798e-03,4.155076143702790721e-03,1.831341655297258298e-03,7.953031355182422699e-04,1.241916998076132402e-03,2.432244557370686136e-03,2.919934103297325018e-03,1.210875538658924685e-04,6.214110090016732035e-04,5.842359968596604709e-04,3.833886763302856901e-04,3.083775458450981576e-04,1.901907648990434950e-03,1.638857837106948449e-04,6.853732030668091080e-04,7.712063960934182390e-04,2.141449314080477902e-04,1.895151052974098499e-03,1.721204440702845577e-03,9.271027417822451811e-04,-1.116800852847940530e-03,-8.879997194817379610e-04,1.058137692559045712e-03,9.022801514203556252e-04,-2.068180260868816758e-03,-5.769662555838873789e-05,6.310239074547415372e-04,-3.071426556842249758e-03,1.088085106383017983e-03,9.037913003283160702e-04,-2.207926593100689467e-03,2.927484616638388951e-03,-4.923326340598810878e-03,1.782537619359279846e-03,3.376294189246788441e-04,5.110228648355678686e-03,-5.642400165644215031e-03,3.573323883006068648e-03,-4.288334534447519643e-03,1.209224643618263782e-03,3.836468278788476155e-02
1.425694033670972354e-02,1.003326702072163470e-02,1.101927399131157059e-02,1.457628986928546921e-02,1.796228268446862716e-02,1.752222311470578650e-02,1.398662585605040150e-02,1.280443350050347248e-02,1.242830584348050653e-02,1.019521044992738844e-02,8.678121961952871971e-03,8.457424343160683741e-03,8.923088072642929025e-03,7.441159073253274248e-03,6.168128066726178554e-03,6.884883700696661779e-03,5.115977345449835255e-03,5.496949633544925828e-03,5.019816344782980673e-03,4.210778103494742380e-03,2.559527403648440003e-03,3.782184315824665532e-03,3.041502650842591807e-03,3.644766651125760318e-03,3.282539195932398027e-03,3.689093436211545243e-03,2.873732064107268475e-03,-3.245066287269456821e-04,1.391847495385728408e-03,9.493967732914704912e-04,2.382603971465108129e-04,1.007059258909966771e-04,8.547444165050580370e-04,2.092557666347327674e-03,2.326704152143854992e-03,6.667618108834701878e-05,1.024262644372201173e-03,8.907392068924642990e-04,-7.102194645395387511e-05,9.928918659748572299e-04,9.517735827980045406e-05,1.295956179005361658e-04,6.334729794926179233e-04,1.245128623209864433e-03,-1.158710662215752148e-03,2.398188072997423526e-03,-1.522069546150511777e-03,-2.135343172061609205e-04,-1.414621228853027912e-03,2.666318345870821445e-04,-2.564659894509336343e-03,-4.271775481004384117e-03,-1.559980474132376463e-03,-8.400170168783995884e-04,-5.323101835340548690e-03,-3.671312236248804733e-03,3.107315436241548344e-03,-8.281018936692766119e-03,-1.909717417845157141e-03,5.622850687585712742e-02
1.450040419845697801e-02,1.232615379771883658e-02,1.494917418467848862e-02,1.948769543057911335e-02,2.228565364217674483e-02,2.012798327411761609e-02,1.696774381923537786e-02,1.657097622601020476e-02,1.336779326283039221e-02,1.061403097666677522e-02,1.030035329079572771e-02,1.184315098899400322e-02,1.046106230489777036e-02,9.110200154843704420e-03,8.286628846949851274e-03,8.816221659608883959e-03,7.446422658372944120e-03,7.203346367279643558e-03,6.659219504245704295e-03,5.562490505444576613e-03,2.404527410186061819e-03,5.024003700333343377e-03,5.321135118108555329e-03,6.625121997870043848e-03,3.904427520436405154e-03,2.496715254619476590e-03,3.443067619480086328e-03,1.830890083602859392e-03,1.540993952700492331e-03,7.136108213614404975e-04,8.859509732916518495e-04,4.000609017193432248e-04,3.863785658297762553e-04,8.422924009677133696e-04,2.929192864073583685e-03,5.138824669311071796e-04,1.922764021627160116e-03,1.003086753102684419e-03,1.992493261862235583e-03,1.627084707110068411e-03,3.897619767162353779e-03,4.380163812655053345e-04,-1.023155875934958232e-03,-2.119781700773085825e-04,2.890280565433596925e-03,1.321036098142989437e-03,2.022127862155806682e-03,-1.934737708421929584e-03,-8.258395804330693167e-04,-2.262012820886367438e-03,-3.423585052158695913e-04,-7.904877789255477421e-04,-1.772555281458367341e-03,8.114097565551271632e-04,6.635252516891564827e-04,3.124873699577195344e-04,5.691519662765080582e-03,-5.996688374887282694e-03,3.338679089271550000e-03,3.874090149592130522e-02
8.677160065231481409e-03,1.107383804668648358e-02,1.968928526629154518e-02,2.179736230587468390e-02,2.359472587791829057e-02,2.206186427073972625e-02,1.876574999501721963e-02,1.860389746585442566e-02,1.598437366510356908e-02,1.335502466530866066e-02,1.374758823772248041e-02,1.490270147323731129e-02,1.295866764997415273e-02,1.121969020842062716e-02,1.078981065102436500e-02,1.030483643987097075e-02,9.646650151141383800e-03,1.062602241945470420e-02,9.586924815007813114e-03,7.654904384629847638e-03,4.706066942674547865e-03,7.616320134062192111e-03,6.955067072423626665e-03,7.661453900709279223e-03,6.151741941007657713e-03,3.499143084713866696e-03,4.205587398495191920e-03,4.158582376552346672e-03,4.207134025211039380e-03,3.142323908150854248e-03,2.450910257226729221e-03,2.142061530551074219e-03,2.161940210260549205e-03,1.952281565567723018e-03,3.932476675177090306e-03,2.721781543789784843e-03,2.102483623051082991e-03,2.369386738817676544e-03,2.066513321143394720e-03,2.996589450111923451e-03,1.330120359826201561e-03,3.518404457620921775e-03,-4.425782773507059360e-04,-2.800874608245305323e-03,1.320338499140513103e-03,8.632089775356989458e-03,1.821206970126773962e-03,3.475421945801513736e-03,-1.118876993437586736e-03,8.989359553351636907e-05,-9.875956219548621441e-04,1.387714848041150502e-03,1.705685917388653512e-03,-2.915011965617692481e-03,-2.462126820720641433e-03,6.756806367215569334e-03,3.603069023384697801e-03,-8.349153371637220780e-03,-6.030217958301676336e-04,3.057122378889158207e-02
3.574737835400927394e-03,9.732242108722730795e-03,1.712010914235317927e-02,2.105664875593832308e-02,2.070993541953942974e-02,2.061658933368078206e-02,1.857263309089943887e-02,1.702709640064914431e-02,1.420123157234357350e-02,1.280756827540243011e-02,1.519685766927731004e-02,1.498012473497338341e-02,1.337977324563925478e-02,1.322418275700745251e-02,1.255041199164360494e-02,1.187853785875211433e-02,9.489388823826893499e-03,1.162690608673167675e-02,8.799847241525717359e-03,8.030905095120942014e-03,5.861385190211230653e-03,7.826481605958144488e-03,5.783431613092570971e-03,5.478904759861118190e-03,5.854467350640784988e-03,4.127126474657498260e-03,3.774106417360968430e-03,2.331966932273146255e-03,4.239734347214838689e-03,2.665697696036654386e-03,-1.050088537421030657e-03,7.628535958424655051e-04,7.447465170951328949e-04,1.612584942316562910e-03,4.182736724288572635e-04,1.044055767923149608e-04,2.278787796641097382e-04,-8.882082091089227001e-04,-5.494680720149742841e-04,1.609157897857191538e-03,-4.959992215498569708e-05,7.824411570415423529e-04,8.490181678823967813e-04,2.391460145711397142e-03,3.070996052227986575e-03,9.506963246536541401e-03,9.779423390579359415e-03,-1.071510116164761314e-03,-6.307550021340127891e-03,-3.812411455988712426e-03,-1.925563514005156236e-04,4.421171849698219553e-03,-1.581695608891192824e-03,2.366998430431124269e-03,-3.558035906499753924e-03,3.851134362470157602e-03,3.488817146798700759e-03,-7.931101542016424227e-03,2.113396374716673947e-03,2.560493092699579407e-02
4.458622783683116424e-03,1.586768356428109802e-02,1.956763706212509210e-02,1.966685150507331559e-02,2.003102359630124646e-02,1.904807892734664346e-02,1.915704215032711794e-02,1.573269538370956899e-02,1.345440548213458661e-02,1.216467004863706729e-02,1.410032272072316538e-02,1.350072733336270085e-02,1.138294168460201802e-02,1.142870215177682613e-02,1.224931477459821096e-02,1.268116504022847799e-02,9.098312348337118591e-03,8.614052183153746156e-03,8.598488108021769966e-03,6.831396515463583272e-03,5.728006436753096259e-03,4.927703998573929565e-03,3.920924784051166116e-03,4.010940053569511839e-03,4.870747737655096651e-03,3.252221278355246423e-03,2.269268905197878959e-03,1.714715967860297235e-03,1.426062833415564718e-03,2.105690171914194157e-03,-2.313645232692977758e-03,-4.244211025502975070e-03,-1.595959252984063478e-03,4.017992863979995472e-04,-2.565576457704428145e-03,-3.950294376992469388e-03,-3.597905413166258785e-03,-4.136363783586682191e-03,-4.417280311597285292e-03,-3.838663564962146481e-03,-2.535251069692119781e-03,-2.774468376780480500e-03,-4.877393144705856397e-04,1.783115401322067205e-03,1.340354989222115011e-03,5.638083539251795458e-03,6.554520267261196124e-03,4.303457576853062828e-03,-1.104685332677145249e-02,-1.529249233547462852e-02,-9.171597734541380928e-03,-7.462748511295044448e-03,1.063163168743203925e-04,2.086928307098869873e-04,-1.494048368001919293e-03,-9.882497462092848864e-03,-3.063032261527942352e-03,-6.595263064449337874e-03,-8.280861698879834684e-03,5.098025283714534284e-02
7.805478643634694395e-03,2.053132802375158897e-02,3.128633913928643290e-02,2.275503060737303282e-02,2.059353473253929326e-02,2.339103343123236436e-02,2.204563546075687802e-02,1.976648661249066213e-02,1.795650816295546112e-02,1.580928266252210751e-02,1.516237927731004138e-02,1.525165988728240454e-02,1.442367267312284068e-02,1.309731038166968980e-02,1.233879939563970254e-02,1.411993720344506716e-02,1.308467431815297372e-02,1.107499990040553342e-02,9.787645582930862634e-03,9.481398340873692376e-03,8.241368661467900203e-03,6.391999200683907631e-03,4.657654835066116737e-03,5.216545833861523616e-03,4.631986656434021118e-03,4.137639715328588277e-03,2.427882764025484502e-03,3.531273258693296523e-03,2.140010631231429022e-03,1.909432897210197816e-03,8.784756984349070038e-04,-2.355457028823397265e-03,-3.446044782272707219e-03,-1.174986476516791129e-03,7.523842017930958354e-04,-1.920236939934737109e-03,-3.603788791076632282e-03,-5.846232565212732338e-03,-3.444748475006052801e-03,-4.939812944125217264e-03,-2.638861523979094646e-03,-1.355326970235192548e-04,-2.112839412268897443e-03,3.557526335058963196e-04,3.703822405436046992e-03,6.766530737067117177e-03,2.515666920656669126e-03,7.311948288282207539e-03,5.812959963607237761e-03,-1.350891574949636929e-02,-8.913801572965483061e-03,-1.206932531726069568e-02,-6.907379423087496627e-04,1.564547897924920081e-03,1.189042200011416925e-04,3.087442516733388421e-03,-5.827991060506079127e-04,-9.437869015777299378e-03,-5.278823659778151579e-03,4.304329202570162521e-02
9.284206417592614710e-03,1.949622680587494161e-02,3.050545769883640859e-02,2.505421514411931491e-02,1.871663449835413856e-02,2.043270983012421965e-02,2.204767963287704996e-02,2.004733992114850205e-02,1.896910421416835718e-02,1.680081427467086316e-02,1.567681310560734356e-02,1.548249915420543167e-02,1.620919696220124093e-02,1.496144061951915939e-02,1.353959952921407126e-02,1.367229972002344945e-02,1.420481892308972371e-02,1.305236449686627068e-02,1.071085516006618776e-02,9.915387570680759058e-03,8.936463736498791166e-03,6.800436037557628863e-03,4.749509717236455840e-03,4.442670700427470490e-03,4.274164694952495291e-03,3.171918766818154246e-03,3.056198384481480929e-03,2.929880149399566661e-03,2.135626564538763671e-03,1.581941195137026666e-03,2.807127456642317682e-04,1.020796026641326761e-03,-3.908822738965370830e-03,-5.578356674936729362e-03,-1.231894541244685226e-03,-1.077374469402194931e-03,-1.980826196596482784e-03,-5.480535493786613081e-03,-5.774041655197722188e-03,-6.077552705906767022e-03,-4.294159246200741735e-03,-5.115182706572428406e-03,-2.825164788544436579e-03,-5.374025722852448193e-03,-4.195315140561447706e-03,5.863819898345366127e-03,1.505922484733675975e-03,2.088798312693462486e-03,1.015726834778893709e-02,6.194125819244913206e-03,-1.254396614456733394e-02,-2.043157162365837054e-02,-1.594119401388159607e-02,-6.990298499721034342e-03,-2.725857421097626319e-03,-3.842642794111239286e-03,3.059321530376083158e-03,-1.475088575156227773e-02,-6.030922016111751882e-03,4.131766370886209155e-02
2.065643140535815964e-02,3.040776833012762831e-02,3.801363352305661691e-02,3.288070638852425009e-02,3.700525084552895583e-02,3.210472849094272302e-02,3.485614607198666420e-02,3.673432365880326816e-02,2.551141634711902653e-02,4.214857718937577158e-02,3.131955476414153422e-02,3.086660370869385647e-02,2.197891380078796641e-02,2.032146599015799762e-02,3.993655052780292758e-02,2.970661870156384929e-02,1.573926883660087261e-02,2.231795926179089978e-02,2.228861105337968246e-02,3.271608025250207635e-02,6.265823529961620821e-03,1.892428556218161972e-02,1.647186708033388652e-02,7.251519909854741786e-04,2.818460474446940131e-02,7.776511629713048906e-03,2.023262767568336645e-02,1.333979860248734467e-02,1.225166178540179965e-02,2.590878963363001802e-02,-2.247025605544481462e-03,1.106725890815995171e-02,1.165157599442344198e-02,8.069933581633523950e-03,6.037012910719429144e-03,7.872475514136591246e-03,9.402538632796964349e-03,7.025256047310178900e-03,5.168206786864675689e-03,1.809401118512888457e-02,-5.657992167763956082e-03,7.258887514200412609e-03,1.001741665094232382e-02,5.215013939960786403e-03,2.597384562006396433e-02,1.896969325499079512e-02,2.297994645100468608e-02,2.293885067938872951e-02,9.713017918926925010e-03,3.710561866043854407e-02,2.050821326865806191e-02,-4.893079000447922780e-03,-3.556739181730993269e-03,5.072220797107376312e-03,1.078900728480627555e-02,1.668603192330293458e-02,2.186917424684948000e-02,1.224334919435091616e-02,9.628915998451970451e-03,5.293122833069861116e-02
2.355003212706307039e-02,2.640466944785361397e-02,3.297656368937212923e-02,2.499178200339759182e-02,2.940625825645692276e-02,2.710835627436667533e-02,2.474229448642108545e-02,2.927264196058331283e-02,2.032764743236570651e-02,3.409236378022067332e-02,2.578213640375040874e-02,2.720026528441549588e-02,1.592418985659060926e-02,1.878039081523314238e-02,3.787956355783357598e-02,2.506129503545681883e-02,6.958721044307361776e-03,2.067228849639638280e-02,2.009019361033470910e-02,2.905366869657500031e-02,1.585182639078116249e-03,2.043767689858832018e-02,1.242823352156814318e-02,-3.644495147416931509e-04,3.277103815020685623e-02,8.781472439789444681e-03,1.621713060159156103e-02,1.317961762162802447e-02,1.386014554475046082e-02,2.375672983681846248e-02,-5.500653766374719207e-03,1.335945027497702740e-02,1.136476632877104175e-02,1.334084132631156022e-02,1.034787096001752241e-02,1.202975858500647185e-02,6.854958088058746464e-03,9.920267932810188441e-03,6.039688949596165243e-03,2.373028813569257392e-02,-3.894736072535601428e-03,1.354065083594998935e-02,9.155812862728407095e-03,9.227466745485538024e-03,3.030827169253668893e-02,1.218196812091576486e-02,1.934678191726939972e-02,1.999282531891798456e-02,4.244486047811624023e-03,2.656029576740349257e-02,1.990215414552372331e-02,1.299729919117369875e-02,-2.671599335398490861e-03,6.963238647812233610e-03,4.145527738144611819e-03,1.419618915879222038e-02,4.940601706964656281e-03,1.268082161216685030e-02,4.990610112480477548e-03,2.781775916250114888e-02
1.465555849813849829e-02,1.154586081964900819e-02,1.144323864508289823e-02,9.943012518755459800e-03,7.027147026681549412e-03,7.248872065052549239e-03,5.134990395449052711e-03,3.927041967966536824e-03,6.147875743853839330e-03,4.611558600232508638e-03,3.219923018905536827e-03,5.457623680985226530e-03,4.123887309741176843e-03,6.027208027320341346e-03,1.027638588397429727e-02,7.296508590996985018e-03,-1.506393401235773524e-04,1.361846412613128016e-03,5.860742662994325620e-03,1.912641406631296640e-03,-1.714303873578331555e-03,3.002499644299821014e-03,1.867223543294224165e-03,-1.095639748007983276e-03,6.900943895620926041e-03,8.076690204061164752e-03,5.318412734085705426e-05,-1.308469187943808558e-03,2.991700860410465880e-03,9.269892359921743947e-04,-3.752663340584677047e-03,-1.050233267899132591e-03,3.895575425455666436e-03,1.511939499661085198e-03,5.234025450464530049e-03,5.113339014844115252e-03,1.178370935549846992e-03,-5.795866250669252928e-04,1.850631237152165461e-03,2.076185182349092780e-03,4.013655412508435050e-03,4.257535971011929508e-03,4.412329449980627837e-03,3.094332370520542184e-03,6.696883571992463639e-03,5.311692712271316383e-03,-2.963881506508935296e-03,2.267000292768512910e-03,-1.177173288529718889e-03,-2.712308164716992296e-03,8.952156520019272611e-04,4.057406122904758800e-03,6.399780110253863209e-03,-4.271937552181800241e-03,-3.109023624001838737e-03,-5.306557154162010355e-03,-2.371180274905474328e-03,-5.245331715485211654e-03,3.404074521744189941e-03,4.471570441069698358e-03
1.412342977735884034e-02,1.337272921596173274e-02,1.021131578721708871e-02,9.884194737705447736e-03,8.693707927960517626e-03,8.298924025225036527e-03,9.027339296397362059e-03,6.435167271461706730e-03,5.225234279381320637e-03,6.927309697914317034e-03,4.150774237515300266e-03,2.830844547530258007e-03,5.618668005043641125e-03,4.744522598312383294e-03,5.815190945468269243e-03,1.036741040005369728e-02,8.238510772440208255e-03,9.238979422523997697e-05,4.506651125880242943e-04,6.175333132473510324e-03,1.530633225366538142e-03,-2.056338308807557219e-03,2.779783546708085567e-03,1.712486903510369862e-03,-1.008408851413758640e-03,6.500550482205881900e-03,7.439165882568678050e-03,-2.382713864994601182e-04,-1.709511222469354717e-03,2.840139268680507301e-03,8.777300787375783746e-04,-4.418662197410188307e-03,-7.710512723135029382e-05,3.672545570116337969e-03,2.266512924490325046e-03,4.129166986821385978e-03,5.367180184316056382e-03,8.221254439673837374e-04,-3.159484052865970121e-04,2.076183923612713329e-03,3.068153989113363810e-03,2.892921749269698924e-03,2.757624804079416951e-03,3.616506829812069120e-03,3.371665965897920926e-03,9.620785555444483564e-03,-2.956964132435182038e-04,-8.436881408232055173e-04,3.108333131668410349e-04,5.112323435430145280e-03,-2.993384618211785992e-03,-6.352931962112645659e-03,1.222073049842234416e-02,5.364313402956661855e-03,-4.868853060130223960e-03,2.833125240629434487e-03,-2.269340138708263524e-03,-1.289560208525514923e-02,-5.036104106721573000e-03,2.937836941204603758e-02
5.147236699288413979e-03,8.054331250124939501e-03,8.510130537113344551e-03,5.247665287010915350e-03,5.908179832789114960e-03,8.396973758238959751e-03,8.483884551467478150e-03,9.097920041680196412e-03,5.781142517981775926e-03,3.895736184517786804e-03,5.199691111005466312e-03,3.316785525491821977e-03,2.697835392850179027e-03,5.346127006643019465e-03,3.451211051629872288e-03,4.992246714083107412e-03,1.007732268735596869e-02,6.940835008125318360e-03,-8.390469764505545033e-04,1.263934898611598088e-03,5.549805854448908865e-03,3.623168477335521440e-04,-2.674191262835336202e-03,2.260426005907768907e-03,1.309291166530165713e-03,-2.461064929699110886e-03,5.408411072287078354e-03,7.328464643764080050e-03,-8.534656452677490384e-04,-1.656801813439124282e-03,3.049523640923251702e-03,4.873008499401973513e-04,-4.531275257973696631e-03,6.135839138369254939e-05,4.670200570593367045e-03,2.116174463273590677e-03,4.757180773948695672e-03,5.618788844924176192e-03,1.139434653788584835e-03,-2.100077790696343088e-04,2.859443930824800192e-03,1.052361307729450784e-03,3.955793157589487449e-03,4.894608403549677994e-03,3.871633522736432891e-03,6.679606525031541071e-03,4.783404633991123270e-03,1.928508416594583701e-03,-2.125767990107106306e-03,3.185073954899885146e-04,3.356051751785936541e-03,-4.668994587769788665e-03,-2.402847487419693638e-03,1.256298728986874474e-02,8.618872395648851867e-03,-3.430173594647950141e-03,6.145247655404245148e-03,-1.409408985048573757e-03,-4.906940924858914539e-03,7.785847892479749212e-03
-1.284640083928290620e-03,-1.671496863924052702e-03,2.948835274632710148e-03,2.489981572380627322e-03,5.117341728932830406e-04,3.961342897609137700e-03,5.115876999476756670e-03,4.525774784103983768e-03,4.416312511781177695e-03,8.291116918785098851e-04,-1.196101009777326496e-03,4.172339133070968151e-04,-1.119765435495636294e-03,-1.454492319916656255e-03,2.055634440497030376e-04,2.772592568953341301e-04,9.203774379614530201e-04,6.200367411198213531e-03,3.576406501797753813e-03,-3.030111124546414677e-03,-2.249584814440768517e-03,2.236752514160486160e-03,-1.462562791152067620e-03,-4.404868836062923905e-03,2.277902396581285333e-04,-9.058245251267263431e-04,-4.275687301151876243e-03,3.901541754984367248e-03,4.963798485589119430e-03,-2.182948457685696727e-03,-2.147577143891710085e-03,7.481643145535696619e-04,-9.537454075807805243e-04,-5.187292111662373389e-03,-1.561689841929050351e-03,2.316034234594629548e-03,-5.208772788656993114e-05,3.180201612056751757e-03,3.798278048246298867e-03,-5.312913659241759760e-04,-1.924209643040594589e-04,-4.208516322952742710e-04,1.909452345849401052e-03,9.308585605549212849e-04,1.784677368503306133e-03,3.919030320641773979e-03,1.062006141043196107e-03,5.504013337043802030e-03,-4.729634024218069962e-04,-5.021593609010851708e-03,1.167110104216073337e-03,-3.725499215016899422e-03,-5.322122171735872362e-03,-5.202567300276564853e-03,8.606775828383204582e-03,1.317053383190539950e-03,-1.304775799278316828e-02,-5.105998474199668728e-03,-8.495089192232423494e-03,-2.122752163177636653e-03
5.455312382977233615e-03,2.417986491555607423e-03,6.925571448819233672e-03,6.346378011343427675e-03,3.849490174902511861e-03,7.238302390924903837e-03,7.246563923072628019e-03,4.864669750966015352e-03,5.001135943708255073e-03,6.769705542382420437e-04,-3.028750380800812082e-03,1.952619174735653954e-03,-7.665037231452548078e-04,-4.222997585853684177e-03,-8.442712163116097726e-05,2.073986783729798826e-03,-4.874283062738023198e-03,4.833609862191972327e-03,-9.719977491940491902e-05,-5.044446368255065503e-03,-8.268735767899939096e-03,2.827332742371664685e-03,-1.768679750010494029e-03,-3.933974638231993969e-03,-1.222819784127444171e-03,2.693238696677393434e-03,-7.124500433599210113e-03,7.964665445826264040e-04,2.314124915759366644e-03,-1.025920526495139413e-03,-9.554579160536617530e-03,4.050434833628307335e-03,-1.805661486526109185e-03,-2.665589336928132422e-03,-5.506410722024987318e-03,2.265105473873471609e-03,-4.622231011002204439e-03,8.968941475453806123e-04,-1.704305269241606149e-03,6.105564513821812528e-04,-6.314959471108874765e-04,4.972810210886069275e-03,-9.346262297327657216e-04,2.748337087729880220e-03,-3.599035067715860257e-04,4.576367238642914913e-03,3.639569280468943476e-04,4.681979530799761091e-03,-8.605605611923683061e-04,-3.427473512432567624e-03,-3.844999059528232373e-04,1.654260676265533001e-03,-4.894469151447978540e-03,-4.731430927096532367e-03,-1.656143036059161628e-03,8.687858800544305884e-03,-5.581429345341449612e-03,-1.990157560791046189e-03,-2.711834441641807533e-03,-1.266733454021862909e-02
1.010812696774702514e-02,9.199447424106180216e-03,1.007426889722729327e-02,1.049396466896765703e-02,7.516180234133998557e-03,1.135445804555613482e-02,1.290409128785426941e-02,9.139109415045122697e-03,7.220293266774343958e-03,2.935024814030523597e-03,-7.373534737399562800e-04,2.061190742510942558e-03,2.772831364081923371e-03,-9.372171201328597778e-04,6.709724905219152267e-04,2.344799725037243193e-03,-9.533168200554561090e-05,1.892100586602192460e-04,3.739809228367476594e-04,-6.850380695529882484e-03,-7.231729648098583589e-03,-1.793195390989838411e-03,9.497878090857971717e-04,-3.196170531284121645e-03,-1.140104332976690782e-03,1.483643240628361405e-03,-2.493750373200690276e-03,-2.049110508516898983e-03,9.410079571208513228e-04,-3.471558846734850226e-03,-8.340368052880665906e-03,-2.200758779839373774e-03,1.997425883799271770e-03,-2.908129985446275979e-03,-2.811638465456383056e-03,-2.115376906940948099e-03,-3.243592871648354192e-03,-3.528535442116800380e-03,-5.230600235785863236e-03,-5.327764047849635302e-03,3.806185416156432247e-04,3.968005883923561225e-03,3.595895774445615270e-03,2.421459947910980549e-03,-1.924105301934048249e-03,-1.633898321720405635e-05,-9.225771868931421840e-04,2.110856839738156545e-03,-4.569226605920302664e-03,-3.724757502151285378e-03,-5.168159886897760388e-03,-1.529447649908774551e-03,-2.043711979055785367e-03,-9.610936064343702720e-03,-5.121261781342500465e-03,-1.085088470616350602e-02,-5.064179277942610150e-03,-1.029204925451924005e-02,-1.686190815390844339e-02,-1.459976593177676404e-02
1.017209017057372003e-02,9.574081313412870220e-03,9.095020925722802768e-03,1.117516449387494573e-02,1.055563416428799764e-02,8.744301976412573521e-03,1.130410664222620404e-02,1.233105035436025433e-02,7.442599863098561634e-03,5.697825227397014525e-03,2.432040032542354992e-03,-7.889261338849872050e-04,9.289733185838991002e-04,2.798512587550930179e-03,-8.083880519990124629e-04,-9.175996963399421502e-04,2.584147082857563005e-03,-2.387605982703867608e-04,7.529438429837012397e-04,-2.947349931218711991e-04,-7.324855274286783298e-03,-7.505852528845395784e-03,-8.285505538820438004e-04,9.046376331339065413e-04,-3.954077176689702218e-03,-1.271578448883473782e-03,1.024151631174423545e-03,-3.027437620605655418e-03,-1.792558509718321239e-03,6.125315224166762509e-04,-3.333623997510919319e-03,-8.123198503441919974e-03,-1.760265348168108283e-03,1.497982550772088660e-03,-3.201086090895258456e-03,-2.463159540121992192e-03,-1.422746906157550595e-03,-3.202995055589020514e-03,-3.219860739710556866e-03,-3.439214787168620550e-03,-4.687541710326819863e-03,-2.307848819693485856e-05,4.810283056128230803e-03,5.523677407203606178e-03,8.582065062709567189e-04,8.061791324800548879e-04,-8.120050556673471176e-05,2.295742969355787401e-03,1.871066678551438350e-03,-4.171660553278630154e-04,-6.439059000485335311e-03,-5.916483196751980318e-03,-1.310181589797308538e-03,-4.732490098016626720e-03,-6.663393704641683638e-03,-6.308630721625920444e-03,-4.660714383196538566e-03,-7.684919798394414074e-03,9.418444626153049540e-04,-8.491499924752742706e-03
6.849735279867709761e-03,8.899636613928249215e-03,1.020851452547958185e-02,9.917418349014047591e-03,1.087358548987591746e-02,1.162892902528787908e-02,9.195997147476505859e-03,1.311485493005348432e-02,1.184092553461487535e-02,8.060454770514452472e-03,6.980134584969817195e-03,2.805667432024784406e-03,-9.816721110841736004e-04,2.426746690015910753e-03,3.218174440838653203e-03,-1.390192803290754824e-03,-1.751912896196249644e-04,3.651871688718406634e-03,2.723249818130533824e-06,5.985275306051776991e-04,3.603134381040415607e-04,-7.057022217316037162e-03,-7.829560377962462708e-03,-1.013914791135649054e-03,1.163776971034008673e-03,-3.283614522205543368e-03,-5.522437697727696198e-04,1.955564659039518618e-03,-2.220307873588907733e-03,-9.379043723452927658e-04,1.204223006085580099e-03,-3.283201357734494719e-03,-8.034005127752055775e-03,-1.750974853798893107e-03,3.182442351591649194e-03,-2.686085442648725782e-03,-2.054256815755970984e-03,-1.581761048590199677e-03,-3.511504511428742599e-03,-3.358271238471168072e-03,-3.651283686457403033e-03,-5.430028644677980208e-03,3.515072808843720028e-04,5.346358955249081932e-03,4.780292464584744161e-03,1.720688912918013486e-03,-4.941732463088026588e-04,9.105922920857362386e-04,6.417395172398830889e-04,1.840816186988773317e-03,-9.015779211272070392e-04,-6.965960174479222944e-03,-3.992911415413248968e-03,-1.406256649894954518e-03,-4.019332195253699953e-03,-8.877337446194824913e-03,-8.552334189582835519e-03,-4.630267626584656966e-03,-1.208229428454126939e-02,-1.833529201203581635e-02
5.987283054763708687e-03,7.853403202857184295e-03,1.273712448210956479e-02,1.286933439739211538e-02,1.243399534120869995e-02,1.449487232003450650e-02,1.570430581585623847e-02,1.386343462305452898e-02,1.638852392288597803e-02,1.601287632024527702e-02,1.230436594833160882e-02,9.894834371728691153e-03,5.517128582357549819e-03,3.698919678571759712e-03,5.512799291677283539e-03,6.089621053550670765e-03,1.727848188406914129e-03,2.790410118761935728e-03,6.301298012243674272e-03,2.786918102750323215e-03,4.242595413226025493e-03,2.567612741001660138e-03,-4.924871259972813178e-03,-5.486738354572359873e-03,9.363802950459328926e-04,2.391280661096655685e-03,-1.649802118931316961e-03,1.552422381188637646e-03,2.512362205256805665e-03,-1.862086888680472303e-03,4.431805436231206897e-04,2.335522044075727909e-03,-2.835241176847828979e-03,-8.032202390617932536e-03,-6.058295063741362015e-04,4.241261318639035806e-03,-2.701157512461312138e-03,-2.022438954833726942e-03,-4.509032449276997607e-04,-2.583308283113483483e-03,-2.981346016584802278e-03,-3.336354325640502553e-03,-4.345789102189195549e-03,2.513668621263865591e-03,7.084427080153840942e-03,6.357834516449778484e-03,2.219326145697854587e-03,6.535310130800558656e-04,3.379172134663421204e-04,3.410513102985170304e-03,2.412485729091819707e-03,-3.206872423649599711e-03,-5.425260115312872423e-03,-5.351567328309430639e-03,4.118792338107874948e-04,-3.399900811634837868e-03,-9.053652472004312945e-03,-9.089856488659875042e-03,-4.291675177868894964e-03,-3.119851241890136701e-03
1.148031547656520705e-02,9.425500327523645208e-03,1.451156234696974676e-02,1.353701647560435171e-02,1.375403307059626552e-02,1.536399616119789660e-02,1.426960938741663083e-02,1.313070232103266330e-02,1.328809344216125808e-02,1.549945015754796047e-02,1.261513123134793031e-02,1.379777227447744233e-02,1.143099127366196260e-02,1.040336834665137392e-02,1.103205717611498854e-02,1.409762344117876202e-02,5.585597393257888364e-03,8.330780548924440060e-03,1.230668321008521887e-02,8.096998754210778249e-03,4.760167776262502239e-03,1.103071346401407644e-02,7.703554400984168223e-04,1.817520833936530928e-03,6.259872086066050646e-03,9.792438521064065690e-03,1.110994516329721730e-03,3.563518922729472151e-03,5.760832211244727025e-03,1.660215595143792145e-03,-1.224108926475527600e-03,6.736634933272256376e-03,4.582663275920763834e-04,-6.773175253095522390e-04,-1.654530202265434196e-03,8.697568230052282051e-03,-1.988744518861549401e-03,1.713112013127206495e-03,2.251810965850524482e-03,4.228769928712029433e-03,-8.963364555723086829e-04,4.025680431505275318e-03,-2.146008578474564721e-03,1.630450007586232075e-03,3.343670778478644370e-03,6.896400031469946887e-03,1.051631765992303361e-03,3.185461562736500302e-03,2.317915620299101833e-03,1.748356245569994416e-03,3.482364959812436940e-03,4.795013006085831371e-03,-3.852107457838013175e-03,-3.210970351095213289e-03,8.200432130530321481e-04,2.334193159640740763e-03,-5.644100543322604774e-03,-5.231616624481860885e-03,-3.340979771419200651e-03,-2.249402704927108698e-02
1.023270858742393596e-02,9.280226648438923143e-03,8.367962013660780463e-03,8.562273988000969685e-03,7.541112924315543364e-03,1.034277523341298362e-02,8.087317907489975644e-03,5.351817860009215784e-03,7.396300813707168235e-03,7.520174956261527557e-03,6.159999413011545306e-03,8.779686139839646894e-03,9.241617926398661489e-03,1.069568231824878993e-02,1.242306456508421308e-02,1.392661219740997519e-02,9.657700944134801554e-03,7.516743145329776200e-03,1.266636793999206291e-02,9.739614568869466027e-03,6.125043118162554548e-03,7.685054931559552778e-03,6.007107984745173671e-03,4.195918246125160053e-03,1.005785898507656484e-02,1.165725927037226245e-02,6.257745929572663089e-03,4.682982780104297596e-03,6.670485398378522314e-03,4.379823641370801657e-03,7.370108253683432982e-04,3.740270497090433452e-03,4.245672470115734350e-03,1.737933228051818631e-03,4.330027838342215274e-03,6.622535682528373803e-03,3.157128193774652505e-03,1.190010890962908945e-03,4.870318655176524361e-03,5.465348294454083593e-03,4.501353629801955851e-03,5.244685116202298450e-03,5.403603328273319864e-03,2.366432893720676368e-03,3.272721532288734060e-03,4.799645095026479694e-03,1.299289331994516209e-03,3.316127958477234957e-03,3.357766229164975066e-03,4.366405605189530720e-03,1.630778454670201490e-03,2.998035406971283085e-03,3.287117690319614829e-03,-5.146321767045369637e-04,6.445959355423429640e-03,2.853631801037234943e-03,8.007091965467928729e-04,-1.353595967336236041e-03,4.613579768630465296e-03,-1.217104268703386250e-03
3.921411692044890658e-03,6.033910277335735074e-03,3.236153792789379143e-03,3.400046210210447024e-03,3.780327356135581955e-03,4.042323245231032973e-03,5.801862392640265431e-03,3.895985803993108881e-03,1.202954201037316571e-03,2.150167918383463599e-03,2.189077120132298850e-03,1.748840479422398252e-03,3.259198479054842713e-03,4.607174259952165167e-03,4.856990863939358687e-03,8.178807289091493543e-03,9.757247499891224043e-03,5.881835512710350926e-03,4.212661081810686187e-03,9.528712664952079456e-03,5.748397742380774618e-03,2.428355939793811879e-03,4.494048701835792227e-03,2.366571714115569235e-03,1.577270999430852505e-03,7.272393270729220552e-03,9.486579559634214162e-03,4.356733757220954129e-03,2.101206933585439852e-03,5.340693879220430491e-03,3.039980854327843998e-03,-1.831991471962098300e-04,3.247377064766025518e-03,3.974738649399870045e-03,1.068002341745633932e-03,3.876547971174154703e-03,6.171845292933473073e-03,1.746874669554238264e-03,3.815712542637225268e-04,4.490986961709405451e-03,5.145098870758881525e-03,4.381646434371927641e-03,6.091494542999302021e-03,3.359512510921696272e-03,2.797518238595712338e-03,4.577982040807211314e-03,1.549387368591793749e-03,1.947093653590700225e-03,-1.392027688499006179e-03,4.177631623368727523e-03,-2.362702126248602662e-03,-2.747903285998706379e-03,5.187237669828584016e-03,1.148224991587899020e-03,-6.367133175294515529e-03,5.289053760580650701e-03,-3.072193884514013763e-04,-5.577310382329677720e-03,-3.902818997723362434e-03,-5.201691445781277817e-03
3.401341383174806554e-03,5.497491790216144439e-03,5.826265238640863757e-03,4.815792430484733093e-03,4.794317374351922054e-03,6.288600016437131263e-03,5.186524147446592778e-03,7.619860457281022077e-03,4.515507475947455260e-03,9.011471097225635376e-04,2.614720109550303789e-03,1.887838396920663410e-03,9.996314703740153025e-04,3.255117009725452294e-03,3.973352098171761826e-03,4.880487061113559719e-03,6.023317225065740604e-03,9.817574775653455446e-03,4.772541580080531289e-03,4.030271172549604146e-03,7.829204151064979300e-03,5.111264736837903971e-03,2.425223834105391316e-03,3.631902865350655936e-03,2.404986999377769358e-03,8.358736536757691103e-04,6.969562938665040987e-03,1.019374081707587025e-02,4.544142580219521881e-03,2.467045015351243455e-03,5.745106282801819113e-03,2.624900844113545011e-03,-1.650660252539373799e-06,3.139983965084081497e-03,4.257057774613552843e-03,1.000548489109384046e-03,3.747983697721929148e-03,5.924567093981973620e-03,3.225495276359892534e-03,1.576912116144283619e-03,5.586858641222225592e-03,4.134486293769269911e-03,6.015310849792472776e-03,6.164574691912846384e-03,4.382491285154996481e-03,2.551198838205486971e-03,2.968324146134867711e-03,3.149259622059721615e-03,-1.530920945544193791e-03,1.541910898437497211e-03,2.638587480697480048e-03,8.614741022898245995e-04,6.131981786499106401e-04,4.838549534798220614e-03,1.594711771966186896e-03,-1.514209054266252383e-03,5.482357621130276755e-03,1.359456449445467377e-03,-6.065498177406037673e-03,1.798729173342644358e-02
4.941987239181168043e-03,7.449467710241787673e-03,8.055512550361207044e-03,9.554753449748144140e-03,8.543598725655666970e-03,1.013272588043306541e-02,9.764250096280149144e-03,9.721400750875561214e-03,1.092195889282691380e-02,7.658104020138466195e-03,4.010492196926851612e-03,4.793670415894296308e-03,4.167884648635843126e-03,4.343132769776583170e-03,5.364700993868548248e-03,6.319233326304168202e-03,5.588872836124044938e-03,8.516691133939519043e-03,1.028664873186808416e-02,6.507408210020228755e-03,4.085835936592731657e-03,9.184131515611310484e-03,7.103720966782174281e-03,3.611010756107983950e-03,5.448949492970272916e-03,3.110548895897016601e-03,2.152891041899318309e-03,8.706043947747956618e-03,9.460306496207236682e-03,4.676272018383066317e-03,2.720893565146298518e-03,5.824422157100531475e-03,3.281053703747756171e-03,1.028698565666678628e-04,3.434070446692209268e-03,5.553191254944605214e-03,4.043924018482198475e-04,4.096683329423349111e-03,8.583357986558485739e-03,2.734416419840404126e-03,2.614018251496710681e-03,4.418089961733420376e-03,5.243231720530510363e-03,6.072368171915254464e-03,7.835919144828951133e-03,8.985797369119946643e-03,1.103341272281777074e-03,3.879862846772444678e-03,3.348700308189346466e-03,1.208409585944287146e-03,2.028942883782434113e-03,2.616559438054890177e-03,1.325349710369207222e-03,-1.170728233835286207e-03,6.200530212348618828e-03,1.634652853216314984e-03,-1.663378167708510352e-03,4.305231129156955605e-03,5.613981990075517757e-03,-1.204714729307461256e-02
7.275346457323739885e-03,7.562797590496809011e-03,8.733614246141345808e-03,8.720401302665551496e-03,8.804740291711545680e-03,1.102717847746264440e-02,1.245377535202797474e-02,8.395360928140449194e-03,1.000510917757195181e-02,1.055194707029482801e-02,6.513574865471105646e-03,9.103368791214844213e-03,9.436547110571544966e-03,6.655985335816599902e-03,7.125531392390463056e-03,9.331259436980618091e-03,6.133116966450823104e-03,1.044655215804665867e-02,8.789334588253022024e-03,3.386528265187664991e-03,3.935720345402303304e-03,1.151099519584573155e-02,7.193212612996730676e-03,2.494904603074222117e-03,5.713427487167394188e-03,5.956201099172863007e-03,1.859819242517893973e-03,7.464501151165539410e-03,8.150466065511938196e-03,4.764225303691044938e-03,-1.250280297060467035e-03,6.251034737444960063e-03,4.662679280520478677e-03,5.433760568819390830e-04,8.806647459709155421e-04,5.322145220009162278e-03,6.439082984298933211e-04,3.774677810103428937e-03,4.792005432125658396e-03,5.720970051001235054e-03,6.865969901215045711e-05,6.161751530023590155e-03,4.336949039299360306e-03,3.314562731334892449e-03,2.612520779914501157e-03,5.095511992320217801e-03,5.494920622114343040e-03,5.471597798140722703e-03,2.054418116929918135e-03,1.388692168265008011e-03,1.050584954641633779e-03,3.039526446521887901e-03,1.176532239685495942e-03,-2.476442418831477886e-03,-1.239828126488117400e-03,6.740382171497833570e-04,-3.918637779012577524e-03,2.578848769654204748e-04,1.572675494972402633e-03,-4.651464822946890093e-02
9.666405695950985519e-03,8.409565273239542893e-03,8.651790308915998165e-03,8.210884795342052525e-03,7.377246045375886706e-03,1.085242444172797305e-02,1.383384887227781870e-02,1.187058033521203732e-02,8.772324943231771949e-03,1.024835425093130817e-02,9.734172849732793814e-03,1.170992719668487864e-02,1.394245031016371102e-02,1.117898277596130960e-02,9.720308885653144992e-03,1.114898870438480252e-02,9.745110434854539067e-03,9.960774632007523069e-03,1.030235722819541032e-02,2.322371749383532816e-03,2.127676635508904835e-03,9.995478362865023100e-03,7.888913225410477612e-03,2.672779248653912691e-03,3.592311482144120577e-03,5.372851327447960776e-03,4.581380588738755144e-03,6.903430272374906813e-03,8.519361023407209799e-03,3.996124974683883287e-03,5.144527393878868407e-04,2.411228302961291540e-03,6.047723089779739707e-03,1.252929554815678491e-03,1.799948735808382756e-03,3.096012540309034909e-03,2.369416692317312043e-03,3.822646652513497518e-03,4.222280699172698167e-03,3.186694122917543229e-03,4.234492501219580887e-03,3.983225004183632567e-03,4.515697793004882186e-03,1.603138437962627364e-03,-7.443330944883341663e-04,5.341110779105048530e-04,4.362723613887431115e-03,6.506233853160851149e-03,3.551163706014454774e-03,1.426356172817176303e-03,1.991631621838334081e-03,-1.417019910903201277e-04,2.012197418003787257e-03,-5.768941889698370618e-04,-1.520754082280838856e-03,-7.857106723282932664e-03,-5.604361043806988830e-03,-3.058230431401720659e-03,-3.950221455055700874e-03,-9.884810283062889918e-03
9.314719086286350411e-03,9.199824722446231853e-03,9.094316276387045053e-03,8.972361481182727222e-03,1.024454979833116196e-02,1.013982581931650515e-02,1.277513636669089583e-02,1.680967238155845617e-02,1.298154128415482562e-02,1.068573393575107493e-02,1.131117221144298940e-02,1.045128775302920157e-02,1.366714374746314312e-02,1.619451009855547852e-02,1.181363203568152297e-02,1.127447909513310496e-02,1.259753747878703325e-02,9.198616080047466656e-03,1.054410282453092755e-02,1.166678346485610328e-02,3.651076039959974193e-03,1.998146164696176525e-03,9.532253908604198037e-03,9.232144315535300433e-03,3.688157725301354200e-03,3.231612747127749451e-03,6.091474412880370018e-03,5.153814954159407352e-03,6.691803135450312932e-03,8.100714135160520107e-03,4.309098522600512265e-03,-1.470817995669044902e-04,3.100577658131062429e-03,6.158581161675225069e-03,2.261791405092527206e-03,2.394247042612372353e-03,2.556847192656658968e-03,2.539367377580829289e-03,3.384119190404812679e-03,4.396012399227713745e-03,3.839191733614423160e-03,3.500587705142551870e-03,5.464705770693641974e-03,5.840419861723318042e-03,2.276539126568472449e-03,-3.869684513464041113e-04,-5.783253888862751550e-04,4.241601553127260366e-03,6.013024663943648818e-03,2.664115027447467796e-03,5.848227689044359226e-04,-8.336478566951277839e-04,1.432060151177370943e-03,-5.516725413626262899e-04,-3.582950035138579223e-03,-3.719824507123810440e-03,-4.981082523036438336e-03,-5.981255818772666412e-03,-2.493626095057512298e-03,-1.329966947526375204e-02
5.870177372951624305e-03,6.824879403860392019e-03,8.170399259004401324e-03,7.573229494631879624e-03,9.200645573087289780e-03,9.843765797218543764e-03,9.853920776468162723e-03,1.283496199757611957e-02,1.606640063613637079e-02,1.221244344490957263e-02,8.079865463539252432e-03,1.016547998168513579e-02,1.019106070875869761e-02,1.247139218665485258e-02,1.377720217884441031e-02,1.101698565349826762e-02,8.828942014347324757e-03,9.856993215246136544e-03,9.044539759347951582e-03,9.970312413240613875e-03,1.014471211522023804e-02,1.175802103912348875e-03,7.214473075885709935e-04,9.123194631537196939e-03,7.708421511877893394e-03,1.204247623558552535e-03,2.303805335229361546e-03,4.630694358934819670e-03,3.451182390603103368e-03,6.534846369901493521e-03,7.693790344031702262e-03,3.260441824786588193e-03,-8.523848908536736831e-04,2.746243220133065197e-03,5.361802149640232211e-03,1.699882386761489153e-03,1.537662346069013693e-03,3.255105935398958702e-03,1.475399962593848232e-03,3.767986297619092644e-03,3.442570543543694694e-03,2.987802300021932551e-03,3.781885944293298524e-03,4.503543142892882031e-03,5.618332013800611882e-03,2.759896446731436963e-03,-1.397570204086070415e-03,-1.549110393424861184e-04,2.564901565515696411e-03,7.131665724579528028e-03,4.357579005760336965e-03,-4.078279403588833010e-04,7.159740458602614158e-04,4.027253588322192782e-03,2.372288593113897580e-03,-1.205578398430066618e-03,-7.956960555071693154e-04,-6.137099824977777958e-03,-7.856585616379937673e-03,-1.174104914602013688e-02
4.091976384741741711e-03,2.333325013490327587e-03,2.836004628314634738e-03,3.852683165588274405e-03,4.340384499344209293e-03,5.893712983654356488e-03,6.812990492388784798e-03,6.799647501650239387e-03,1.046113842859886477e-02,1.242770505818028247e-02,7.599001252585621882e-03,5.063235113593703152e-03,6.428961472208888708e-03,6.097924955541253120e-03,8.690437815389284379e-03,1.038697961398100077e-02,5.564920707288539478e-03,5.452522356062577437e-03,7.600814540651487129e-03,5.821423990342905821e-03,6.497568399971631777e-03,6.554825827752894241e-03,-1.790516300620077685e-03,-2.399090917028226782e-03,6.066524121384441783e-03,4.047303329005622584e-03,-1.777113416474068426e-03,-4.361936853907612656e-04,1.876845321782241293e-03,1.530672317303611403e-03,4.392791923956715014e-03,5.658330005967068463e-03,1.671298186712135000e-03,-2.668609021404453902e-03,7.025743792648148382e-04,3.543709122885252676e-03,1.353392225977038596e-04,3.296934774767481787e-04,1.594342731953173964e-03,6.688124587972019098e-04,1.399649712618132244e-03,2.137391071664007831e-03,2.391928856111321788e-03,2.682836831028221573e-03,3.381754150303568473e-03,3.337059278010231014e-03,-6.480176793991680137e-06,-3.689043512784475828e-03,-4.153611815838484204e-03,1.099499465555988601e-03,4.418362280176232372e-03,-1.163232332868868556e-04,-8.798416036434956707e-04,-5.270179510217033389e-03,-1.965682315987909295e-03,-2.972189440250339737e-03,-7.002325207817896788e-03,-7.401425816977274565e-03,-1.079375665457919624e-02,-1.695692126007022557e-02
2.152839622588186442e-03,-1.563268831901709665e-03,-8.233245908975318935e-05,8.142930725280410863e-04,1.599292767238331449e-03,1.362013542052036095e-03,4.702126701972872240e-03,5.005655789191400945e-03,6.315065073497157927e-03,8.755745142286615323e-03,6.197349375809096082e-03,2.096221028761504571e-03,5.784539913038188458e-03,6.151519419238988401e-03,6.088642491766183343e-03,6.432377460970556404e-03,6.170019740331474621e-03,5.535302955849643117e-03,6.791445907217592837e-03,4.873315302249799433e-03,6.020939311557517307e-04,5.185970153026827137e-03,-5.099679693588756715e-04,-3.895181137033900450e-03,5.157870132938919584e-03,-9.682767309840878325e-04,-5.319054383655179817e-04,-2.264318339387398366e-03,3.212328820078383211e-03,-5.700333710682343453e-06,-2.541422973487641405e-03,3.620839840112413058e-03,-3.853577805238292886e-04,-2.338422615132152837e-03,-2.237069063704964864e-03,5.608135309102661205e-04,2.282993430260955967e-04,-4.561169253102484618e-04,3.049823505169751200e-03,1.775893884691005960e-03,1.493294592052460922e-03,1.663230791738349928e-03,-3.624034518323592533e-04,2.982036943016058228e-04,2.054060109714305696e-04,-3.207811589556522065e-04,-5.201232743578220992e-04,-3.900145502486521403e-03,-2.624971029027243965e-03,-2.255904335548584994e-03,1.716931805772909866e-03,1.745680599399593216e-03,-6.715504064913541300e-03,-2.669825418722520435e-03,-3.961824051611037567e-03,-5.929630665440262759e-03,-6.800673478828604505e-03,-3.778723784947187001e-03,-5.926987209263847450e-03,-2.088610958880789126e-02
-1.389431164873385994e-03,-2.538659248192208073e-03,-2.613978168537454700e-03,1.947732744461714639e-04,-1.902967229919491551e-05,-3.904603919719278147e-04,2.511071442550348067e-03,4.703022358705215983e-03,4.879871590977035573e-03,5.407173831326520137e-03,2.714756130142999702e-03,6.813683595608115845e-04,2.860161713761056722e-03,5.228646892068619483e-03,5.295695027619823532e-03,3.096655402168066885e-03,2.340436395385952269e-03,4.394556094690972928e-03,7.141323885725513534e-03,3.848102366270650908e-03,-7.076960013031795239e-04,1.579222907561117159e-04,-7.987756733350904245e-04,-1.202681221615843447e-03,3.674061000302486068e-03,-1.248863185542343113e-04,-4.509384742806894081e-03,-7.293090080357509178e-04,2.337498940764476656e-03,1.463697764917534392e-03,-3.515732188525541677e-03,-2.598919712455757033e-03,-2.047582135928364532e-03,-4.397429416271792652e-03,-7.638759354317100790e-04,-2.079204592651359273e-03,-2.038925204912418656e-03,1.176971386919546279e-03,2.407499056143771066e-03,4.417085658249669464e-03,2.995325921654959020e-03,2.046781339129848023e-03,-1.373263296855226816e-03,-7.891836223101922516e-04,-1.751912052002901551e-03,-3.841363972727723439e-03,-3.175399831095865495e-03,-1.455292839695353354e-03,-6.339911572345756016e-04,8.536492521476977393e-04,-1.088846843423976361e-03,1.691741621960714780e-03,-2.419472301277776367e-03,-6.363849093765464558e-03,-3.485257328194301882e-03,-4.517942043772543367e-03,-8.171876841593744140e-03,-3.904680637499670023e-03,-2.110631178986171769e-03,-5.246462036332809505e-03
-1.713320020273825968e-03,-2.794758278048165272e-03,-3.574035159352539990e-03,-1.751653151393016330e-03,9.702178607365741355e-04,-2.999538495706942235e-05,8.065143759541341809e-04,3.934740727729194552e-03,3.501250269416653071e-03,4.426269553824064770e-03,4.146580716740841561e-03,2.631003875807061345e-04,-6.147686743024876731e-04,1.776544631090698273e-03,4.405780397272120348e-03,3.192794767673049362e-03,1.273366295972902388e-03,1.127228440764932449e-03,3.956936629118636833e-03,5.825196411420310513e-03,2.292572659316332966e-03,-1.977366766437187087e-03,-9.126333459368441000e-04,-8.406946226822960364e-04,-2.263953580829687704e-03,2.995242483529212286e-03,-8.870033901155591378e-04,-5.126703409912260201e-03,2.050824537265564477e-04,1.598767084543250942e-03,1.062191068836093816e-03,-3.535912718912260881e-03,-2.241267496010174685e-03,-2.006350568659723971e-03,-4.781490314222767816e-03,-5.083456828417856101e-04,-1.571325028353140517e-03,-2.298902301330675926e-03,1.120263776716949686e-03,1.985513869976160937e-03,3.495134162624200565e-03,2.739293888500817474e-03,1.198743008545252340e-03,-1.356402210819016583e-03,-1.588747278488772136e-03,-3.043350051012068923e-03,-3.332600033042801366e-03,-4.650160432590206248e-03,-3.970189584260357812e-03,-1.076837230324110889e-04,-5.483701855125511313e-04,-1.040373591665639478e-03,-6.048699970587642855e-04,-5.237629408442447121e-03,-7.920407319143870153e-03,-4.232838723232684730e-03,-7.174967461696611475e-03,-1.121477093100592404e-02,-7.757628556350901032e-03,-1.624812689137859062e-02
1.056354634344108725e-03,-5.128935959807629473e-04,-1.530110262815574098e-03,-1.538604208597359928e-03,1.153759864709823788e-03,3.858808744034099552e-03,3.385300020225125335e-03,5.068873844719577922e-03,6.078358640788401358e-03,7.273472872158737168e-03,7.136365204398965184e-03,4.779879197229028147e-03,3.083365284001369101e-03,2.233186423746627916e-03,4.334099453968471433e-03,6.008297305072939250e-03,5.338514343238141835e-03,3.671864682649679783e-03,2.570148177294589130e-03,6.135627454583177792e-03,7.425975494281361090e-03,3.816133632479572386e-03,-7.861116878878505587e-04,1.671348803434407400e-04,-3.186223080095366175e-04,-1.843738713063724751e-03,4.038039806429590851e-03,1.172166294618664167e-04,-4.216437067743727257e-03,5.840894187589212947e-04,2.629423414568320301e-03,1.647394876672627012e-03,-2.667639510820715449e-03,-1.090300825977564983e-03,-1.539413497272293764e-03,-3.366257986352990273e-03,-5.029214136879404354e-05,-1.545885019534947108e-03,-1.025923772702337210e-03,1.844285462933938991e-03,2.868880029630770795e-03,4.509728806221187207e-03,4.660863584953449726e-03,2.601340583038988345e-03,-3.516580363918680075e-04,-2.465853648163270941e-03,-1.342975637102369066e-03,-2.488351722994259271e-03,-2.046013590316579644e-03,-2.765276823026923628e-03,-1.355145914324313401e-03,1.573625899256257503e-03,-1.592752797104291223e-03,1.007083279843638910e-03,-2.637793217669992312e-04,-7.448613124529592129e-03,-2.823780038402459724e-03,-3.949912306437453405e-03,-8.581253233293367755e-03,1.051192380784345820e-02
5.252958778358106547e-03,2.999125101338566933e-03,1.021297094340129679e-03,-3.285803817339912882e-04,2.738787047445512594e-04,3.264819706570969236e-03,5.546292004488198417e-03,6.032793328299868897e-03,6.837348003604096225e-03,8.607677904954320891e-03,8.662505888173004792e-03,6.966484884220424528e-03,7.644028307842394565e-03,5.150708287948968858e-03,3.367236875002755161e-03,6.688666441952666533e-03,7.266256663530478409e-03,6.849310706054745866e-03,4.737624077776241352e-03,4.714727092136144354e-03,7.462906084150618818e-03,8.909387945200743578e-03,4.841531561341041838e-03,-1.221692782325604877e-04,1.352761898262515219e-03,6.350999118386555517e-04,-4.268745415156462815e-04,4.584391817423891756e-03,7.220474469482983252e-04,-3.888685709789792711e-03,1.483911238476236238e-03,3.796754988434774842e-03,1.548333841004845236e-03,-1.397977940367204361e-03,-1.118476289927032010e-03,-7.647988233270728783e-04,-2.052468627989526267e-03,2.791984711870387466e-04,4.014923973193710726e-04,-1.928802164699946629e-04,3.121207614316009928e-03,4.252177214935690119e-03,5.875204088286655954e-03,5.059196533592528848e-03,2.670009117024228079e-03,-6.278779800588564367e-04,-5.550837339314819386e-04,-1.843976486913096857e-03,-2.712724958903162294e-03,-3.416616410291888496e-03,-2.366241661356070867e-03,-9.638053277979665920e-04,1.389183496706411893e-03,4.945130390476487137e-04,-5.389018396860036130e-04,-4.555573990496429061e-03,-9.111431158848959724e-03,-6.001301601065113164e-03,-7.557809952960279666e-03,-1.400284146115173510e-02
2.293703668096852381e-03,-1.091213799979633917e-03,1.800141453502018384e-03,-1.236370849461199822e-03,-6.324613943257187398e-04,1.880340750320990111e-03,3.387286469694527832e-03,5.131420880800015641e-03,5.418458549422738336e-03,6.750566421371067757e-03,7.699863387215693036e-03,6.728054741218980096e-03,6.695829924739487606e-03,5.817461674096061422e-03,3.848682714393505695e-03,4.142290931521878591e-03,5.819020439570308373e-03,6.975016033777483096e-03,4.575280878270248340e-03,1.662718625203282036e-03,4.528724832170872606e-03,6.161311370918451380e-03,3.281023778289775174e-03,7.389914688996819265e-04,2.735643205997347928e-03,3.661669188520115959e-03,1.237361973858519082e-04,3.863149630383172495e-03,4.825968037174659976e-03,-2.656393868680152932e-03,3.206819031804457147e-03,2.486756285983770642e-03,2.958054444139267790e-03,1.405784845706572030e-03,1.961512550925497821e-03,3.242416385170199256e-03,6.605445597248821082e-04,5.186470029179961715e-03,4.796984115115884503e-03,2.757677497798667783e-03,6.843931577144356758e-03,4.815444333014558959e-03,4.551686029860715563e-03,4.270168239338408868e-03,5.262928275724163170e-03,8.606773631234472316e-04,8.718999892065399044e-04,1.327364229549804660e-03,3.598509136398585304e-03,-1.694880070294069131e-03,1.265779618131879095e-03,3.234933504740305273e-03,1.822492332049555812e-03,7.632029460243319394e-04,6.151421647269875571e-05,-7.639333706896519940e-04,-4.652520753713483385e-03,-8.328914849753886159e-04,-1.860548424354265982e-03,-1.639404171446780592e-02
-3.633959598930129858e-03,-4.609049840757632396e-03,-3.120755801107502180e-03,-2.146922238894044196e-03,-3.047478988085914036e-03,-5.411755457284881917e-04,3.027252977297313847e-04,3.264837890862343564e-03,3.884711680663918785e-03,5.322503029920601716e-03,6.300700363571226301e-03,5.849315832084192243e-03,4.863233668803790787e-03,4.625237499733105516e-03,5.277808378744267871e-03,3.858488253723466044e-03,3.468847245323319981e-03,4.597540274875214390e-03,4.636857397550379206e-03,8.930862546521412459e-04,7.787814073775303466e-04,2.575675763727825265e-03,5.832208919428551490e-04,-5.295250137765204887e-04,2.709233492209678958e-03,3.845295414858842034e-03,2.025915940050443398e-03,3.585027353405830820e-03,3.892503324567127363e-03,1.298935745623597563e-03,3.003867463702331216e-03,4.336052686959086799e-03,1.672612256189627859e-03,1.711261640293327202e-03,3.205062378806934446e-03,5.541554383740500064e-03,3.296296584911079415e-03,6.368226969381811202e-03,6.620238973842854091e-03,6.266744724145649134e-03,8.820747098651772825e-03,7.550104721310637278e-03,2.806514251777999028e-03,1.384208709714408606e-03,1.914496999282717894e-03,4.484437336124262618e-04,1.539462868938055746e-03,4.063520771052894429e-03,3.803909031992728628e-03,3.786420394722986912e-03,2.256653152616774644e-03,5.361941965057272219e-03,3.136448152711820633e-03,-1.299437929970503674e-03,-8.040746227341927710e-04,-8.169487900140589036e-04,-3.009812102715409259e-03,-2.744858715291201030e-03,-2.921386961153873713e-03,-1.575715502509322102e-02
-1.985756571030518856e-03,-2.418929125310742469e-03,-3.516033829554391765e-03,-3.196396492553146059e-03,-2.173454547726191670e-03,-2.455410845952838046e-03,-6.939057809881072790e-04,3.338593027176089013e-03,5.382978654780969964e-03,6.105652351908889656e-03,6.616534191581207799e-03,6.211176921745939668e-03,6.426224448151151084e-03,5.718999548756969337e-03,6.318523957366315065e-03,6.294836870347072892e-03,4.704693498754184029e-03,3.064742903940590422e-03,5.914896441362007921e-03,4.464122863699399382e-03,7.783784498365365441e-04,5.995466736089034203e-04,2.479185919216274781e-03,3.824485540579287903e-04,-1.120810006529131698e-03,1.803783653869214408e-03,3.193406032183630089e-03,1.339403362065655963e-03,3.173378604301234189e-03,3.845285000388187248e-03,6.574056452583230221e-04,2.191577033550147144e-03,3.070653890237729899e-03,1.488351742627313330e-03,1.216374561275172924e-03,3.658997203960766016e-03,4.053861623230179019e-03,3.103971536949960263e-03,5.394081445486953973e-03,6.559059063838985210e-03,6.147906487425349072e-03,7.562092219622656292e-03,5.501810645078201133e-03,2.638529977025734757e-03,2.350257682911179339e-04,2.992943254247826254e-05,-8.926713954327745700e-05,1.388554434664442854e-03,3.541502152205455028e-03,3.808524632044102149e-03,2.588484215922128972e-03,2.101370400529034826e-03,4.778343115929816962e-03,1.657674363980901665e-03,-1.163215310560899041e-03,-1.238289196640635255e-03,-3.276114448267582017e-03,-4.617295736790542199e-03,-1.813428092397564384e-03,-1.666401254564118389e-02
8.575978081898037991e-04,-6.056701243106383820e-04,-1.165965924704322182e-04,-2.500908416624919063e-03,-2.008565587937841557e-03,-1.097488217758184510e-03,-7.685273988085077794e-04,3.072192914041952435e-03,7.331744322685290229e-03,7.766871402687657369e-03,6.957710298594176924e-03,7.503248790646211384e-03,8.099354058253602912e-03,7.321381968630399049e-03,7.186548180502717008e-03,7.127525701264049440e-03,6.605394584751627871e-03,4.516083791554039058e-03,4.134121400286893191e-03,5.628027365248677513e-03,5.202506981601894356e-03,9.630001474519951556e-04,2.924829861044033158e-04,2.448678476489057117e-03,-6.856488069309916631e-05,-1.832821761710013960e-03,2.025149818872941203e-03,2.427404580549937744e-03,1.113862157355509667e-03,2.662962990413130469e-03,2.516916380771555897e-03,2.626216151996936424e-04,1.632827014319052994e-03,2.908513160470453489e-03,1.046240909566076467e-03,4.704782668900418905e-04,2.784542138709047380e-03,3.545864034610128265e-03,2.654842052386855410e-03,4.711749253460936586e-03,5.547559069682420074e-03,4.444720366459720302e-03,7.863745770935251511e-03,5.867764038817434649e-03,8.845178430113982389e-04,-1.239264082297654706e-03,7.506917608496461167e-05,1.258915723117076733e-04,1.602280048130545536e-03,2.193988760800128640e-03,4.867868161824977918e-03,2.681115543219829336e-03,9.989323056872442992e-04,3.964450742048923615e-03,3.240937529895715138e-03,-3.256314049425172892e-03,-8.290672062534290045e-04,-8.243052266601670923e-04,-4.165420199258893647e-03,-7.401031496687583700e-02
6.561667092829175964e-03,2.444573141407321848e-03,2.296415399934836118e-03,-1.629366418892334162e-03,-2.907607317538652043e-03,-2.458152534794661153e-03,-1.748488548277074160e-04,1.678407423101298387e-03,6.201556013782396660e-03,7.899551516685095198e-03,7.940819838293085992e-03,7.579058459988161772e-03,7.968538314029783784e-03,8.296823984753143658e-03,8.864431480516550901e-03,8.220946433032840298e-03,7.360416218449771994e-03,7.386418075532530381e-03,5.384613604029848608e-03,4.623305196597808642e-03,5.998288710264577245e-03,5.051111011274640565e-03,6.312211232805572643e-04,1.005189643053643837e-03,2.823643225284745099e-03,7.447333580782526229e-05,-2.227167669522084857e-03,1.474413669367807432e-03,2.766314769512137357e-03,1.313049078591979873e-03,3.073073772312981747e-03,2.847984257725542315e-03,1.554156081146847764e-04,2.096297661410269006e-03,2.427982897846730527e-03,3.549135409344625282e-04,5.514703359677824339e-04,2.784750936555676227e-03,3.208546675136240370e-03,2.922397800138865076e-03,4.892571291610400830e-03,7.000839610368685302e-03,4.868877384973370644e-03,7.724718756770054817e-03,5.968716343409213171e-03,1.073984492928847095e-03,7.046208936562277803e-04,6.985780386307811288e-04,-4.637430310065634954e-04,7.813704735046476902e-04,4.489259669652491229e-03,3.646269493588264604e-03,2.378458258601483938e-03,9.604402050188906581e-04,5.503112388396977882e-03,1.531398117932341848e-03,-1.701195296046438196e-03,-7.329088828894949085e-04,-3.193920961637148649e-03,3.031769502624101758e-03
1.197549629727023661e-02,7.790232095685772906e-03,8.262479897672184506e-03,6.455346572063725211e-03,4.560526694568559428e-03,3.595322570409575230e-03,6.210767092906139229e-03,4.802395476902639876e-03,8.504637024549555752e-03,1.037288224610362353e-02,8.522707698678199523e-03,9.513312475273968949e-03,8.370115208594207032e-03,8.878572537631308770e-03,9.443099663724139822e-03,8.002372516087550083e-03,6.436951679706866963e-03,7.982214628916664903e-03,6.933354202432303638e-03,5.748643388962723470e-03,3.607071844514525907e-03,4.536754750483243739e-03,1.705538731724559132e-03,1.991251696600672416e-03,5.864808818159619047e-03,5.065364641787083698e-03,8.334606766119775521e-04,2.090045951772630337e-03,4.727969295386419586e-03,2.410599085969782757e-03,9.145349364092348167e-04,2.037181133864382140e-03,-2.027857801440402746e-04,-1.202350755996500460e-03,3.136349793780380049e-03,1.623692726376819951e-03,8.027951451711466159e-04,9.639789630861450055e-04,2.814495556362817986e-03,1.975352373274391962e-03,2.357466094164116944e-03,4.433738539351496193e-03,1.582778849225931076e-03,2.451670544788269162e-03,3.736373606508406730e-03,1.610384399020018818e-04,1.872545792744905943e-03,-3.027649595710364704e-04,1.658069616631981016e-03,-1.807090845256943668e-04,1.584335867671257247e-04,2.970098603986208279e-03,-2.351274638078939064e-04,4.276795342548871115e-04,-5.622140701825767585e-05,1.693935863201561807e-03,-4.400417609968829136e-03,-7.300890027080865312e-04,-5.945131414621749461e-03,-3.860670752871688677e-02
1.368801067806073996e-02,1.206728226515479951e-02,1.388960262596648440e-02,1.559591809377169902e-02,1.168295022822265876e-02,1.109142305573075984e-02,1.138736504476618727e-02,1.033318413276340490e-02,1.179648707592013089e-02,1.344717917710047672e-02,9.567488738698956899e-03,8.779059815545263781e-03,9.297518629917444002e-03,8.296935424485759117e-03,8.271986543666369138e-03,7.094636627480192456e-03,6.461563212691616952e-03,6.676091070708195692e-03,5.911386011537679910e-03,5.472934301326660284e-03,4.288564331049527119e-03,2.190015962717474333e-03,1.588567563371894639e-03,1.733563226534341447e-03,5.811688907613108551e-03,6.895550475801922458e-03,5.329570923572396132e-03,4.560760738946240643e-03,3.988633615432191429e-03,3.164748250303467403e-03,5.447310557186295929e-04,-5.833006268736740118e-05,-1.007041547959137452e-03,-2.801309694656355098e-03,6.435463138813081700e-06,2.279736064131267659e-03,-3.298255540718667369e-04,-3.628169162939198257e-04,6.261011514446546697e-04,-2.746690212474804551e-04,-6.211831727203766078e-04,-4.772002632897349018e-04,-2.323391053290015150e-04,-3.239868068824766547e-03,-2.679692830223456401e-03,-2.933972145894217683e-03,-1.184282140965682096e-03,5.493895414439375988e-04,2.246675344262266758e-03,-1.227478834866440141e-04,-2.148975257050068748e-03,-1.284565587589039373e-03,-7.167216761959333644e-04,-3.103384064458416733e-03,-2.941585104030076253e-03,-4.496838603463633628e-03,-4.845673750750870319e-03,-3.252516102821520396e-03,-3.709291733585283642e-03,-1.562398727219622106e-02
1.405408606272945393e-02,1.465409430652414406e-02,1.595754801666771083e-02,1.556132123908840655e-02,1.241056260394877465e-02,9.804278447250739520e-03,1.078403411831325986e-02,1.167061100793599995e-02,1.221225267617549043e-02,1.273126377799308623e-02,1.033034052444196937e-02,8.532187226069130534e-03,6.617400476740137663e-03,8.602790050956812470e-03,8.013239880028619547e-03,7.406151854249183250e-03,7.298794729680875559e-03,5.720701437791539043e-03,5.485447028032947557e-03,4.195843403295014019e-03,4.526709983163113710e-03,3.239048672678981975e-03,1.617870922678631617e-03,8.264702911698516234e-04,8.458480442716670173e-04,4.323751223450487957e-03,5.913650671609553024e-03,3.233591196456324802e-03,2.283457531820547257e-03,2.621411102839670947e-03,1.340759583279143045e-03,-8.355363756611648316e-04,-1.403026319542501326e-03,-2.492065182498805903e-03,-3.372721192418550677e-03,-1.263017802617034642e-03,4.819135657114128192e-04,-7.925853529506894559e-04,5.469770041624972694e-05,-7.286043633190354392e-04,-1.067970591623003092e-03,-1.149668431393671610e-03,-1.145848817317462499e-03,-1.775130698381659775e-03,-4.931571323115400800e-03,-3.786630684882687052e-03,-3.595468207546775874e-03,-8.839121542655471037e-04,-5.630165640054086247e-04,-1.029398838410378178e-03,-5.018512884728185391e-04,-4.613078314340575761e-03,-3.140647515074765275e-03,-3.403581662383606439e-03,-4.597751078199239366e-03,-4.241967033726585026e-03,-6.315039992272662196e-03,-6.924983716618495454e-03,-6.492884243976558556e-03,-1.028961902257357654e-02
1.575989039615655757e-02,1.600188273179230583e-02,1.757716321728866257e-02,1.311993587172858786e-02,1.174007317465764269e-02,1.045392289816495131e-02,1.013963749234704156e-02,1.174810100567308911e-02,1.288810839331755616e-02,1.262902687200688663e-02,1.090590992903789531e-02,1.080828952881983385e-02,8.000171297118182853e-03,8.377183719969429412e-03,9.365461590587714422e-03,8.534056668926284089e-03,7.995959189068162568e-03,6.494311253378787577e-03,6.104193474992975453e-03,5.746799580665026830e-03,5.262885375364527787e-03,3.696327155692459045e-03,2.768495379799072991e-03,1.132118116923592436e-03,2.903914542753025202e-04,5.959179313675495512e-05,3.799205699926730666e-03,4.359987154439614807e-03,2.274395982367916416e-03,1.455388025939244193e-03,2.040325203460075561e-03,1.390270357844079329e-03,-1.128385411682405592e-03,-2.699457045243854828e-03,-2.717991226715500003e-03,-4.230111022995080607e-03,-1.132058964531938716e-03,2.229472860959298499e-05,-6.541407424982669666e-04,-7.384664531964132451e-04,-3.847946289975908720e-04,-1.064264625261643338e-03,-1.887067582200417518e-03,-2.040601851912936856e-03,-2.876804521993884048e-03,-4.828528321270704818e-03,-4.766884312069730179e-03,-5.350899428082795881e-03,-1.940775902553694811e-03,-8.053476590226250854e-04,4.053773092814045285e-04,-2.113505723056212024e-03,-4.615294745716985378e-03,-2.402000905839712756e-03,-4.320853010518878670e-03,-6.599583113796192099e-03,-3.097802669614362417e-03,-6.555526794533404235e-03,-6.271589129061407551e-03,-1.316302894261498976e-02
1.988692058897814294e-02,2.031629010517534834e-02,2.157501621578182191e-02,1.669003252169530202e-02,1.451529427170286483e-02,1.377867523500841268e-02,1.249059606769434110e-02,1.295179296486766857e-02,1.445041550279989491e-02,1.539357597065430308e-02,1.357427634253820063e-02,1.190020046764002706e-02,1.143302585409812673e-02,9.623819461750410947e-03,9.087051740798901892e-03,1.131527096563388415e-02,8.657932985359847664e-03,9.064708256052857183e-03,7.697295720752773268e-03,7.534647955890268201e-03,6.781618088077962132e-03,5.005882502787480613e-03,4.922415738119739238e-03,2.735010678143006985e-03,2.054954302824374412e-03,3.933625405999022109e-04,6.397170784967542772e-05,3.386707830377919289e-03,4.680386131768399065e-03,1.909940616114916192e-03,1.617851487164373957e-03,1.979308892974694558e-03,1.159936918875722773e-03,-1.290762270227315770e-03,-2.344708924803830773e-03,-2.492619097078372422e-03,-4.005001813038296631e-03,-1.784629323376969116e-03,1.459854062970970465e-04,-1.953118303283432058e-04,-1.532766585682622269e-03,-2.776164512078920735e-04,-1.443839478060260795e-03,-1.485457245703547492e-03,-3.018689133057680073e-03,-3.315641410614415547e-03,-4.041730708975703988e-03,-5.190810229168720154e-03,-5.188593923333698586e-03,-2.690650477735077352e-03,-1.596201555787566360e-03,-1.481254370269866625e-03,-1.713770813938417410e-03,-5.214491776336594754e-03,-4.478722984208576702e-03,-4.982891045020335259e-03,-6.793906393392383503e-03,-4.616553596181805982e-03,-7.166354027186988551e-03,-1.439973830772158523e-03
2.787262789968865048e-02,2.927039528102578364e-02,3.102098281597122711e-02,2.721921653933701002e-02,2.187182726488659176e-02,1.975044223259887419e-02,1.902544680129171842e-02,1.872173862995183194e-02,1.866880210831971254e-02,1.957424342984777355e-02,1.721425209237418055e-02,1.483950755407272004e-02,1.343112010531893538e-02,1.340183515331522073e-02,1.124105561359036408e-02,1.402639756107789369e-02,1.124283974628385169e-02,1.184543042123280439e-02,1.022100071550676587e-02,9.225659632387332373e-03,8.003247239995339365e-03,6.284167243670214439e-03,5.528470599656494337e-03,5.000191292118108533e-03,4.282451973357252056e-03,4.736480000799186615e-03,2.543249247892547232e-03,3.710216966873912652e-03,5.281279800879029596e-03,3.070235032211180489e-03,2.424988763512567723e-03,2.524354578381638944e-03,1.369704807074523549e-03,1.487335563114867184e-04,-1.760501366719670509e-03,-4.313778935260535892e-04,-3.488909028444063618e-03,-2.001591323884968805e-03,5.434210201153722044e-05,1.356169435488169131e-03,1.231007580769242972e-04,1.476855058253796760e-03,1.562016928769960518e-03,1.972025410605376169e-03,1.948079289798400142e-04,9.498489054152233087e-05,1.270524319460860252e-04,-6.648495512188592029e-04,-1.072801523126260589e-03,-1.127870641345846874e-03,-2.437869273025279095e-04,-4.763768089298317369e-04,-1.413569090767880562e-03,-2.952441730069087743e-03,-5.470854523729956793e-03,-5.941420888638225279e-04,-6.358929942565551795e-03,-3.497628967660441381e-03,-4.486849154841032576e-03,-1.167249818391606197e-03
3.752430247132253899e-02,3.820291669450052302e-02,4.178295134730369148e-02,3.845047123484943846e-02,3.107783407494286304e-02,2.735234313707335732e-02,2.595404151417608080e-02,2.583020285998979468e-02,2.473091522523678323e-02,2.398299576064001279e-02,2.083971762652366000e-02,1.827578553767689878e-02,1.684903052908306650e-02,1.604707337987198654e-02,1.546364346032220137e-02,1.547376133391662432e-02,1.451445777912844202e-02,1.387441040034947080e-02,1.334783130060298965e-02,1.183253706578908139e-02,9.798933566186144098e-03,7.850321974831890939e-03,6.249913039844626900e-03,5.615052477729707940e-03,5.402626277545734441e-03,6.784666442901708325e-03,6.077759460289549817e-03,6.127899658389082856e-03,5.588352131688939690e-03,4.602659632410895617e-03,4.052502195711260927e-03,3.695299617403749199e-03,2.339483085875631967e-03,6.399174252598400841e-04,3.558370532759875323e-04,3.342132484827105700e-04,-8.238074245377782724e-05,1.591583445972055168e-04,5.833570946765169029e-04,1.865732360772837323e-03,2.851538250145723829e-03,2.246187739481632795e-03,3.830016556660530060e-03,4.745282856983576089e-03,3.704595219343642838e-03,3.540847805253320799e-03,4.482039095612289081e-03,3.696865311335792350e-03,4.344026947074711154e-03,3.559158888944349321e-03,1.375009499550819447e-04,7.088277140172150178e-04,-1.295403206689043577e-03,-2.157953434640891201e-03,-3.290089382167976900e-03,-2.276909977675528780e-03,-2.809976274629015763e-03,-3.417022237297263898e-03,-1.536677791663001015e-04,-2.453410962547521775e-03
4.345046849462962102e-02,4.529293144639338214e-02,4.955273836815225763e-02,4.405265697533367053e-02,3.746486222538071564e-02,3.331270944869670764e-02,3.127745301668628103e-02,3.015355272287906230e-02,2.973013901944062884e-02,2.762137501943255982e-02,2.323305973381496747e-02,2.134451875512870245e-02,1.804450115923384237e-02,1.785685654733232264e-02,1.664843344886218074e-02,1.529153805792485624e-02,1.483407419589342913e-02,1.404808589223259345e-02,1.371828790977386477e-02,1.302133225516467069e-02,1.144846435473333320e-02,8.902478603042791178e-03,6.847392310291435663e-03,6.309867935188912674e-03,4.850123540661394582e-03,5.119295970099527887e-03,5.699730527306151075e-03,5.442814865390179467e-03,5.017356250390101607e-03,5.205652719999787070e-03,4.858038128138330962e-03,3.845880173927060126e-03,2.702429711017489359e-03,2.962372201220217147e-03,8.814469163986490526e-04,6.367165607431384802e-05,7.387070030131703477e-04,4.279300129247559555e-05,-1.082179427291386878e-04,8.601928364995334525e-04,9.546050405997596371e-04,1.571088786244408770e-03,3.000101985918104345e-03,3.344020722688475968e-03,2.523291962190166073e-03,3.196748647878767686e-03,3.796791786108764770e-03,2.592345183276522670e-03,3.842132891910645873e-03,2.566488439580603270e-03,2.526023926041756802e-03,4.414676735203929610e-04,-7.298930440898079896e-04,-6.642600863902462611e-04,-3.813847556080266453e-03,-2.681107312521399666e-03,-2.973574569947385823e-03,-1.958651827749709976e-03,-2.176902814581302675e-03,-5.558773707821739948e-03
3.418097035112596660e-02,3.537187646975937377e-02,3.885307265010742167e-02,3.118535686311025776e-02,2.517215762238716320e-02,2.220244756664001978e-02,2.268094239247092289e-02,2.280639700111757387e-02,2.345001441197976794e-02,2.238221096927777223e-02,1.898951724130990351e-02,1.733823401821706772e-02,1.434100576389772848e-02,1.389267876200792583e-02,1.357024828407769716e-02,1.229782127019169238e-02,1.163435859735981528e-02,1.184491959818156914e-02,1.126124775385750447e-02,1.032768515100639627e-02,1.001252174453926003e-02,8.117543765264172845e-03,6.090314824835159693e-03,4.751444919177314624e-03,4.221629409309721713e-03,3.110868669985786174e-03,3.175593853586357405e-03,4.343753679650366913e-03,4.524793166983592796e-03,4.389891128110264516e-03,5.189884033994591507e-03,4.053931900252417952e-03,2.896488696891075243e-03,3.155955243346800828e-03,2.120840265316737468e-03,1.139103847336868022e-03,3.330823129963705821e-04,4.847311215592156738e-04,5.554684593495409095e-05,3.573555820374145313e-04,9.038466031133091105e-04,1.093842835163933705e-03,2.089057061214737773e-03,3.034941708422158810e-03,2.394655074828713846e-03,2.798458092568604453e-03,4.003677034747942995e-03,4.042238072479145163e-03,3.435749523954469749e-03,3.062799392846427427e-03,3.874945102544660128e-03,2.083120837159573805e-03,3.399102235079798817e-04,2.184029940584350949e-04,-1.476796061053226982e-03,-3.287921040238550845e-03,-3.274143705046824934e-03,-2.083393269529252873e-03,-3.146675141999443707e-03,-3.470121547492033536e-03
1.912394944731284421e-02,1.795239962330420769e-02,2.131173511763242989e-02,1.421852140970183975e-02,8.652083547620370574e-03,6.914170197083779716e-03,9.577656015534587869e-03,1.138618613405336863e-02,1.382575417674135158e-02,1.503258238536864765e-02,1.298557658868162989e-02,1.180516287905822477e-02,1.047864127868871481e-02,9.812569436267000109e-03,9.959544989477210966e-03,9.421795853275410568e-03,9.053454323925890293e-03,8.938339713161942701e-03,9.710657216718461895e-03,8.471791984840668435e-03,7.762605193170700468e-03,7.413160529544413763e-03,6.839116493207454163e-03,4.346415426219172977e-03,3.527712525401563957e-03,2.840760084431539784e-03,2.239957998475774602e-03,2.956527918935338006e-03,3.592223808569362797e-03,4.225399608062066319e-03,4.252815035301647957e-03,4.988934548039854373e-03,4.112527091638221687e-03,3.298546636880555962e-03,2.759251019649632507e-03,2.520678889223630214e-03,1.165925701814175515e-03,3.324413773387294873e-04,5.135054058325052261e-04,3.892567520090152141e-04,1.363220956624575293e-04,8.788363379742072413e-04,8.172445799633117069e-04,1.965638738669808067e-03,1.130221079975826789e-03,3.121558694355946410e-03,3.729940732248191934e-03,3.986688702262366699e-03,4.472350539430508878e-03,3.553752052952417056e-03,4.033954215307842921e-03,3.829138881825307813e-03,2.723057656956134106e-03,1.023629488372786514e-03,-1.623562164016315338e-03,-8.667073954347572938e-04,-4.196043298312851846e-03,-4.546584962918703322e-03,-4.217546147993250436e-03,-2.767592825161671773e-03
2.079669563033433727e-02,2.032171030577865217e-02,2.281483300357826580e-02,1.845442320928668278e-02,1.287794195090950951e-02,1.239799680607791589e-02,1.227347992806435660e-02,1.432517143649371036e-02,1.621706069174908005e-02,1.788558504250524483e-02,1.504571605818371717e-02,1.443518068987215651e-02,1.242863517307904800e-02,1.321743556108150378e-02,1.261974910387606875e-02,1.331307472028418065e-02,1.172158835160306764e-02,1.153602513873734983e-02,1.116286213296835243e-02,9.207744568012822886e-03,8.102708667483990088e-03,7.593526530350719686e-03,6.677594969534551839e-03,5.646639605658909482e-03,4.266280447366693936e-03,5.381866980647337546e-03,3.121328503018824113e-03,4.143337257148479134e-03,4.379700098335470235e-03,4.485664089657754629e-03,3.268225239965024016e-03,4.612905942150832654e-03,2.777710205995438230e-03,2.381030503311966449e-03,1.158980717980845343e-03,1.641598759133928434e-03,-1.917638551552532642e-04,-4.494878982897371786e-04,4.388864226423981152e-04,1.475353913307309549e-03,1.146599991673542861e-03,2.154829421256210069e-03,2.093655692560572948e-03,2.439294670342234250e-03,1.300891599823603096e-03,5.873185995299392333e-04,9.006192058105167049e-04,9.554335862368059512e-04,8.496253059815714716e-04,1.418237514195033653e-05,-6.376900948298069860e-04,1.652277077134088677e-04,-5.049143406567411759e-04,-1.411295607274039776e-03,-1.623016703832708390e-03,-1.368995976867188073e-03,-2.127036870149345057e-03,-1.981156675152798228e-03,-4.969964216037701943e-03,-2.133276418439475266e-03
2.772311667033480406e-02,2.929367088151490356e-02,3.045669510996414781e-02,2.590395046059632694e-02,2.121299027225318282e-02,1.891215100002009014e-02,1.863051343361179363e-02,1.881013387391592545e-02,2.019412830529494773e-02,1.985368156267321507e-02,1.652679457432604249e-02,1.534123925402986442e-02,1.414274107754048826e-02,1.395949433540663587e-02,1.425612536843940889e-02,1.425035337165027165e-02,1.373818052035993831e-02,1.289921301089232489e-02,1.276982162811678666e-02,8.979877467417188980e-03,8.306297721905286230e-03,5.659909923230746487e-03,4.136628234509769075e-03,4.022982616152501883e-03,4.656562740630239804e-03,4.841148667664688272e-03,4.557618967333532112e-03,4.430572781078135139e-03,5.180388999453836713e-03,3.943625007366788685e-03,3.088493767169081614e-03,2.218895335336223441e-03,1.044542883896787009e-03,3.361329415435724373e-04,-2.882225474310979359e-04,-2.924332149509847835e-04,-1.657870434042460267e-03,-2.338860841051161338e-03,-1.049747512868683900e-03,-1.417909908980569762e-04,2.095445145096426227e-03,2.533467070218769351e-03,2.492841959939372763e-03,2.691497631436689554e-03,1.646389804129017986e-03,-1.905407681328393803e-05,-9.574129593623882922e-04,-2.284307136689234328e-03,-1.798437354689442916e-03,-3.315753826459077666e-03,-2.764211053632131213e-03,-2.955116941636485618e-03,-4.514561754073654481e-03,-5.495734575448611020e-03,-4.736220943393248256e-03,-3.739658284631389509e-03,-3.764029605092159437e-03,-4.369768282606652926e-03,-3.065656163302191584e-03,-3.321704520297022456e-03
3.010125767172830077e-02,3.199575313838288332e-02,3.304383142947413948e-02,2.392961278106294290e-02,1.730050952302355019e-02,1.492258223867171454e-02,1.423861487871557439e-02,1.390022501127130029e-02,1.402576220729031577e-02,1.429364114552312409e-02,1.046361192918967425e-02,9.719169336980262863e-03,1.035329326665025522e-02,9.537004122891924035e-03,8.342322657157914129e-03,9.376595131501640895e-03,9.251769900610221781e-03,8.867637611043834717e-03,8.841255174396185981e-03,8.267756289019692964e-03,6.304782278530643956e-03,3.886924266634472682e-03,2.188336850567961477e-03,9.844371307402900208e-04,1.126572342544207355e-03,1.439695221186896657e-03,2.295207420844783564e-03,2.384685102062094122e-03,1.825257930544097124e-03,3.080749635211707700e-03,1.987749405353241884e-03,8.098614644105844688e-04,7.454542746828294285e-04,-6.456013493542148423e-05,-1.269309122674642729e-03,-1.112838351331961462e-03,-1.088133682458220603e-03,-2.527187079059910278e-03,-3.233764521438432446e-03,-2.313990537227891223e-03,-2.539952477866184500e-04,1.178812450126060559e-03,2.426048466578619150e-03,2.604686542108753874e-03,1.651104343240724932e-03,1.218251465164605241e-03,8.079280410981641179e-04,-1.393129616951568287e-03,-1.411201071747055728e-03,-8.397696531052453164e-04,-2.426207590689438004e-03,-1.458542361459805618e-03,-3.997468678515827406e-03,-4.204570531067614719e-03,-4.693219160790234636e-03,-4.958893760866327216e-03,-3.078702725345220520e-03,-4.755042435357745637e-03,-3.182616578236178648e-03,-4.518001590598766729e-03
2.995610642668989146e-02,3.139656588240694046e-02,3.512173200010000607e-02,2.422040175829685490e-02,1.353889833611278057e-02,1.235016016775896883e-02,1.067439467102113820e-02,1.049064828244645163e-02,9.293043885291497191e-03,9.235828699645787232e-03,6.454283063566277137e-03,5.287702209432885991e-03,7.688838293477396821e-03,7.265637341974677012e-03,5.252866437698770589e-03,5.634703178394285909e-03,5.315112432907050793e-03,5.890666989763842197e-03,6.274332683690195256e-03,5.968926502615931780e-03,5.453085221108936592e-03,3.198256392055604143e-03,1.191810124209141848e-03,-8.782350532023498572e-05,-1.135703208906769764e-03,-1.044118976078979057e-03,-4.661993246257679848e-04,-2.128645065038596606e-04,-5.375779831392894000e-05,3.651641287080760597e-04,1.512880323407227081e-03,1.372093078174713024e-03,2.576767068810352371e-04,-2.868028508385008467e-04,-1.712044558047837997e-03,-1.978097606121558168e-03,-1.851270576556323429e-03,-2.309405753354777917e-03,-3.406508593335030779e-03,-3.823443391033728555e-03,-2.046824798780583817e-03,-6.479419149941869401e-04,1.985137007935969256e-03,2.036885510462674732e-03,1.481293557991388401e-03,1.658775745131446698e-03,6.793476473450341981e-04,1.753284166655482139e-04,-1.243001776589198635e-03,-1.474339703324838114e-03,-2.116822193038091996e-03,-2.096658406604874712e-03,-2.686151227332836487e-03,-4.220853464236578971e-03,-4.909533889234868678e-03,-5.632516083485235824e-03,-4.955607979413364540e-03,-5.518812007160233887e-03,-3.521547050090489354e-03,-3.973809955837816037e-03
