-1.310375859106444963e-03,1.276945454545473342e-03,-6.754827133479431424e-04,-8.999283582090740908e-04,9.171706115266139905e-04,2.384682332378916885e-06,3.648464163826268874e-05,2.385255871445739651e-04,3.544500582971017884e-05,-1.662693156732791594e-04,-1.965640416046461982e-04,-1.972879775280915232e-04,3.394857474827006204e-04,-5.139219429058794345e-04,-8.876964202685991572e-05,1.130309336099603792e-03,-1.778292788703921727e-03,1.507330794341633353e-03,3.994053518335183219e-05,-2.287874003984761105e-04,-1.231428292682936170e-03,-5.690650783699282775e-04,1.791321150389414479e-03,-2.897291913903424481e-03,2.367315536862948672e-03,-1.627329520457464294e-03,-2.991924394618641122e-03,2.246941176470566154e-03,-3.899645232947523743e-06,-1.806046955403235428e-03,4.039961139895378601e-04,-2.506376724137884902e-03,4.418916873131143071e-03,-5.191106341463211891e-03,2.926517401181384127e-03,-3.880207315914461792e-03,2.101002241035976152e-03,-1.651306366307571903e-03,5.841905231975943682e-05,-2.841185699039495104e-03,1.552467246376867125e-03,-4.491676470588281886e-03,1.899411598951564282e-03,-9.133734364019986153e-04,-1.368260272934001187e-03,-3.200908378170638606e-03,2.249230769243637035e-05,-5.962234482758594668e-03,1.135122448979718332e-03,-8.241526091586780581e-03,3.859121229050277956e-03,3.873316529894372975e-04,-1.917242889733845532e-02,6.100359164420443916e-03,1.465003095974620978e-04,7.892321839079887271e-04,-2.170252007434943578e-02,1.177557460317452988e-02,-7.359436363636322025e-03,-2.487547763652277200e-02
1.636106058805777627e-02,1.537425157328856790e-02,1.230493333691013054e-02,1.444371790097258995e-02,1.396784674715104840e-02,9.623131588608582060e-03,4.127745586848262198e-03,7.549055867532924666e-03,5.282968926971077020e-03,6.893054340166103640e-03,3.236408076982476463e-03,2.996640770284333781e-03,3.531304003052339931e-03,4.579079452605728726e-03,5.562982288683796656e-03,4.881374722838107902e-03,2.282456713153614702e-03,5.073622100714748027e-03,1.628221754814286170e-03,2.550343419526948825e-03,1.500670511932154609e-03,4.044114069468898211e-03,2.239166536111651933e-03,1.582771719887292967e-03,3.883479393583390716e-03,3.514021837043875170e-03,-5.976861536284591801e-04,5.437848593023403287e-03,-2.332722434962305937e-03,3.479177766931088587e-04,-2.846637269539271497e-03,1.406961587920882309e-03,3.116858195773996535e-03,-9.403172061062994294e-04,-3.117268556587697234e-03,-2.051008089694262865e-03,-1.550547865231275075e-03,3.278289446994258434e-05,-5.072630668725894819e-03,-8.387311379237543437e-04,-4.098794384805896571e-03,6.933122385498329335e-03,2.693090430594483661e-03,-3.063772451055774091e-03,-3.622973868826796784e-03,3.878440348931329069e-04,4.071416642145495209e-03,-1.020100780588410749e-02,2.748280605227089446e-03,2.104886478330568120e-03,-5.916782324498576218e-03,-3.021630911461289665e-03,-1.425331824005750952e-03,-5.595449212889560750e-04,-6.335920016276273825e-04,5.181234125205511597e-03,-1.389142306456788052e-02,7.863821429301272271e-04,-6.436470044663565940e-03,5.055693484698921270e-02
1.793714169814912204e-02,1.607485712487129181e-02,1.270291948208824954e-02,1.416856977530023785e-02,1.268275093541561434e-02,1.425536396726227555e-02,1.022353203448937015e-02,2.760848221261494144e-03,8.186449599325233695e-03,6.533532395147631511e-03,4.796801887410742822e-03,4.004709040437627598e-03,2.422835149262297320e-03,4.300982973350683976e-03,4.198422116991396003e-03,5.745760099325181690e-03,4.878851004376476633e-03,2.562120870307686791e-03,5.541863736792286207e-03,1.420009695728314874e-03,4.851541024572731992e-04,1.525895548895994614e-03,3.540588375275184087e-03,3.895497332914923862e-03,-2.053788485508832703e-04,4.785534948242135996e-03,3.170331276291742280e-03,3.839667191965476017e-04,3.885812718207838894e-03,-1.199911314322537085e-03,-3.703897468886799662e-04,-1.520071794330360828e-03,2.311602796558591064e-03,-1.630682119554582757e-04,-9.286727824480257116e-04,-1.931776761107396575e-03,-3.348342212369000235e-03,-2.133911418243926471e-04,-4.183261709306548143e-03,-3.150641102826609238e-03,9.730737247114035985e-04,2.556469828977189426e-03,-7.875615655233971987e-04,-1.706185882027565388e-03,2.227108656132044309e-03,-8.554970966562066778e-03,4.677759804204351633e-03,-2.209641213815772415e-03,-1.083499141000044026e-03,5.983911013991223316e-05,-5.692866788776080461e-03,7.869421665172859643e-04,-5.248182464334712714e-03,3.505346618838931384e-03,-8.735383496586474408e-03,-1.814617968899922239e-03,-6.803222647621772444e-03,-1.659776726931785212e-02,2.086776712583765861e-02,-2.323948777677585162e-02
2.073127988711821398e-02,1.656050038587687442e-02,1.748088841308287691e-02,1.255597194529989823e-02,1.464718765135817127e-02,1.231172261797998206e-02,1.387059209578614567e-02,1.014034270956644217e-02,3.216658074521886769e-03,7.481666764510951605e-03,6.501730734107015464e-03,5.371984320677643081e-03,4.176084118291478221e-03,2.416461712812715493e-03,4.114430944003707319e-03,2.635498905199341706e-03,7.111783727369875262e-03,3.724259066018022809e-03,2.435128874118007523e-03,5.841274162347013035e-03,1.085602714616126872e-03,2.803227559937751263e-03,-5.183617029817511046e-04,4.213632489508625616e-03,3.912290734502969422e-03,3.850178438796298883e-04,4.497429025027875442e-03,2.876798838833427921e-03,1.035388080822489910e-03,3.932435551592916925e-03,-2.125355521741886019e-03,1.422372818503348088e-03,-2.037415802302033722e-03,1.235892427763470849e-03,-2.882260750019154626e-03,1.040692659107348090e-03,5.458729215050104082e-04,-5.297517329872812944e-03,-1.207379291993701314e-03,-5.449993420172940042e-03,-2.004128871314351710e-04,-1.311497267411290387e-03,-1.416972281199865109e-03,3.782021998802489928e-03,-3.783394487931313445e-04,7.152429054175707185e-04,-1.294565081078302617e-03,-5.043269159570477021e-03,5.641453828475985130e-03,-1.050894536189678034e-02,-5.792697472771510606e-03,1.106177118988230755e-02,-8.549887657565091725e-03,-6.999866604452037455e-03,4.199427576980081485e-04,1.906651462083719254e-03,-6.187571413550783028e-04,-1.163971233574399161e-02,1.075132809116810181e-02,-5.728605823644469797e-03
2.361517959461394145e-02,2.033401547247848384e-02,1.593372198717922517e-02,1.656506257354192074e-02,1.392643884995223985e-02,1.365134888909938851e-02,1.282006943429026165e-02,1.326893351018181358e-02,9.399872879545372387e-03,3.652090587812922666e-03,7.004063851707982395e-03,6.477644769859226999e-03,4.979669893036350534e-03,3.247761586117891251e-03,4.879230453268743745e-03,3.334321112440607505e-03,3.025777025076510206e-03,5.854782608695559450e-03,3.864957143450560052e-03,2.371365192493187900e-03,6.351731277115068089e-03,7.896692203793906307e-04,2.606400719260065172e-03,2.521342971563377260e-04,4.242988728836015466e-03,1.387795057506850671e-03,2.162084685210162796e-03,4.536639439769968134e-03,1.796502764445342482e-03,3.417629088284393837e-03,5.602184888578739088e-04,3.442924010125181168e-04,1.187526995288748066e-03,-2.944835986134294696e-03,-1.033214560555710104e-03,1.606551754160752193e-03,1.954428681413687328e-04,-1.759764784849002445e-04,-8.485805576727173741e-03,2.628415086180291467e-03,-3.774846450349862974e-03,-1.063983947484549962e-02,8.780842608623943418e-03,-3.950613058728407942e-03,3.614018966068665694e-03,1.337367854656446422e-04,-3.227643506829155559e-03,5.463419131994183553e-03,-7.200244774724697330e-03,6.786970075153764964e-03,-1.237003899544553316e-02,-2.445829864782705140e-03,-3.147703537268183027e-03,-4.374161610590035672e-03,3.411076886306250479e-03,-1.390275824602254812e-03,-9.798749298629902751e-03,7.802122293043321256e-03,-1.563276442847495815e-03,-4.718767464140302681e-02
2.010739904156052388e-02,2.447100679431748679e-02,1.924873009340662133e-02,1.671718744138053422e-02,1.480498498874169462e-02,1.358094485222633742e-02,1.345098816248185662e-02,1.309724225335842478e-02,1.267963186074892029e-02,9.772232218638503623e-03,3.183475397652033110e-03,7.856412965006815893e-03,5.609706640811995375e-03,5.961354552070685479e-03,3.983867931738533860e-03,2.981594862624029670e-03,2.953509612351873197e-03,4.126631410934423171e-03,6.064653398711753428e-03,3.679304681412141117e-03,2.114587384316460403e-03,5.358352890676914421e-03,-1.581005476018354527e-04,2.761964684209764799e-03,2.095333316447966360e-03,2.891452743836182837e-03,4.662944525002058783e-03,1.442432674881026933e-04,2.791969307356079438e-03,4.325131083320740352e-03,2.019063330833716519e-03,1.901974888215438335e-03,-1.918556161741576159e-03,2.985519548194371688e-03,-3.009156230303290137e-03,6.903861184193059366e-05,-2.523757959103733019e-04,-1.625673473133586785e-03,2.569237167185750310e-03,-1.102041932070248371e-02,4.141647467389498669e-03,-7.055056207844239737e-03,-5.365341487105376034e-03,7.287343159185649850e-03,1.951183585015574826e-03,-1.259213166250534865e-02,1.239559916535631391e-02,-3.093910851853040427e-03,-6.489861520819716761e-03,6.080670457551100132e-03,-4.468741321023918418e-03,-1.313793403465212187e-02,1.422778091838939121e-02,-1.556347933090839429e-02,-4.750780399274025755e-03,1.059287090621593465e-02,-6.495106076830536347e-03,-9.959735375762382090e-03,-4.073724119740101111e-04,-2.711920980219083288e-02
2.360188323863634738e-02,2.069298414298798711e-02,2.197634442060093091e-02,2.025440110294122673e-02,1.622716782246865289e-02,1.530649255635883194e-02,1.339389207365905554e-02,1.245958527555750261e-02,1.254022352941171030e-02,1.403688271352667577e-02,9.905382154882085358e-03,1.623637548554145724e-03,8.711475227085058864e-03,4.548403126252610271e-03,6.394982516153682739e-03,3.789908212209227873e-03,2.786337347617288528e-03,4.827429962963126174e-03,3.018063723608421962e-03,6.063805331111921104e-03,2.276570848708553852e-03,2.950508085550386343e-03,6.393007235528929723e-03,9.923485934915112459e-04,2.663530915457721238e-03,5.089526958291901810e-04,3.995798802395198086e-03,7.071061744110972071e-04,3.811359889434960419e-03,2.796961075014709874e-03,4.751225416036384576e-03,-3.276930829133915877e-04,2.574248393106631349e-03,-1.506971390254994731e-03,3.992484964200401624e-04,-2.304237395348832877e-03,7.488027817068448888e-04,-1.253833189861323265e-03,4.761167917448448769e-04,-5.494032592592522617e-04,-4.070995290423804792e-03,-2.217634820457111550e-03,-1.163212903225763987e-03,-6.149976400476878796e-03,3.748329218106984844e-04,-7.435930764194892742e-05,1.351636671368066853e-03,2.111151107715801903e-03,-4.928436999999992983e-03,-6.790970315399376877e-04,-7.629280000000035131e-03,5.283444319344895133e-03,-1.044186960556849758e-02,8.733541538461436077e-03,-1.584861122599698705e-02,-3.534910924369850244e-03,2.420575362318802028e-03,5.622192321755083329e-03,5.726185101596807948e-06,-1.362291639919026819e-02
6.609716294250595099e-03,1.093899293799878263e-02,1.453484673221511723e-02,8.198556833729079771e-03,5.496575607254812479e-03,4.793603847642073298e-03,2.022491062661206478e-03,-2.559323259344886779e-03,4.496341171580741855e-03,2.979585842267581507e-03,-5.165762534804682268e-03,2.164134558637430001e-03,2.488367682114653399e-03,5.669108916625609576e-04,-6.690385457115094556e-04,3.865733931739218001e-03,1.019354463168268155e-03,3.208669041881621366e-03,2.166711899441954494e-03,1.115263034279330261e-03,1.386126276307467903e-03,-8.636106499987167501e-04,-1.592837688202249037e-03,1.422463155683890371e-03,-2.342051990260856330e-03,9.631836636007677036e-04,3.376546998056761169e-03,-2.457270632133430784e-03,-3.556830078162607003e-03,-1.899889927426782598e-03,1.385404273544903978e-03,-6.783990088517414044e-03,-7.671308545697394987e-04,-5.155566190615970372e-03,-4.578138362719945051e-03,-1.487335791712834617e-03,-4.921041136475925309e-03,-1.948926014319671230e-03,-8.153759814925569741e-03,-2.733571521559999794e-03,-3.992031261972290267e-03,-3.040535777229465709e-03,8.260455634954894967e-04,-5.573415184922369267e-04,-4.488461419130587021e-03,3.453809188576965200e-03,-6.896202479985322036e-03,-1.526524292658234389e-02,8.178935868905438944e-03,-4.864172445779281484e-03,-1.026063702878965596e-02,-4.589815587766589433e-03,-3.042731803030223389e-03,6.602684261827970053e-03,4.627883762198908542e-04,-2.542319939596875827e-02,2.791291235037374197e-02,-2.222598039215676821e-02,1.683790932764666487e-02,3.466660235850195504e-02
2.930504823929620285e-03,5.939546448428831803e-03,1.009153410121331647e-02,1.442739706460017049e-02,9.019908834033142989e-03,6.120842506127587360e-03,3.932545600550723698e-03,2.062102473873663518e-03,-1.915156623981595233e-03,3.875755378506238330e-03,3.188304271818489903e-03,-4.126320509745894094e-03,8.755451864539699194e-04,2.933530374133459188e-03,3.516857932668268107e-04,-8.940923047205135560e-04,3.863319693520262527e-03,2.518308780993703221e-03,2.828462114587787513e-03,1.600509557938431309e-03,1.439002089761909537e-04,2.613129889409590307e-03,-5.666572348701379115e-04,-3.893050134936096047e-03,2.037708694276533887e-03,-1.064175527463881053e-03,1.619282765894300012e-04,2.633345861371200972e-03,-2.400297066468736785e-03,-1.764591550391228936e-03,-3.937826089694264342e-03,1.449587477267059435e-03,-7.062471849837979355e-03,-4.489164086688135751e-04,-6.052671022364786158e-03,-4.613316926620181745e-03,-3.288486428672866596e-04,-5.570748479597618930e-03,-5.036611960933036133e-03,-9.231020546765012977e-03,1.285061079064969897e-04,7.810897503590273020e-04,-7.701011444704562031e-03,1.707535690969025311e-03,1.958515845466098255e-03,-3.183395625603032807e-03,-5.113767296200289955e-03,-3.456694601289115026e-03,-1.089801731785258916e-02,-5.789869587269952291e-04,5.225738575781985846e-04,-1.700136402679947728e-02,9.907891807840331355e-03,-1.192570723406300055e-02,-2.302244317795249483e-03,8.551071390573370887e-03,-1.341313186215887902e-02,1.796506985491673827e-02,-1.139901992214351588e-02,-4.944045866255528110e-02
-2.155248115632146019e-03,3.622162875391522676e-03,5.695145039307532471e-03,1.021983703874533404e-02,1.515795189960453086e-02,8.081604676994407627e-03,5.027756714633936641e-03,4.669662962488293698e-03,1.643860688435234843e-03,-1.241852302739291421e-03,3.641681535052739872e-03,2.971609318996377112e-03,-3.721297883577995638e-03,8.806859147852490449e-04,2.953444672818448472e-03,-7.383665360172487731e-04,-1.076674817317836578e-03,5.284360436572442359e-03,1.199771102459369198e-03,4.730058469190452641e-03,7.581972940351542484e-05,1.462583693482347874e-03,9.659908745947143717e-04,-7.030259332265440279e-04,-3.534572250333008810e-03,2.590856264481838228e-03,-1.947582381765930936e-03,1.786818676351178969e-03,2.893236734482596256e-03,-2.854104127055128240e-03,-2.729240703425529161e-03,-4.275125291431153794e-03,2.872945865000136527e-04,-4.502581076563009696e-03,-3.628889943892870274e-03,-3.843432086677558718e-03,-2.044672587643613440e-03,-3.716209852680639903e-03,-5.769146285049192753e-03,-5.745587559016493602e-03,-2.534584282817334971e-03,-8.405765466430716037e-03,2.141927009543715711e-03,-9.872453495511801513e-03,2.342614907839488721e-03,-8.653316942128726251e-04,6.501743121734974463e-04,-3.696018149549533480e-03,-4.874561196408994448e-03,-7.887087244982675729e-03,-6.370829761232545694e-04,-1.377602186431517049e-03,-8.737959710803409191e-03,-1.900196568201577632e-02,6.157079368483109674e-03,-4.003144598010301256e-04,-1.448612983327230786e-03,-7.377707645260089993e-03,1.958964953486225236e-02,1.808893739433249659e-02
3.191679963735210342e-03,-1.253746793760786293e-03,3.394572047578493443e-03,5.885263366336454180e-03,1.042888482632546229e-02,1.377462653327537860e-02,8.466201505016739820e-03,5.012497223340091519e-03,3.939987939698457765e-03,3.097980425532017353e-03,-3.412997765135980261e-03,4.864408274132988631e-03,4.035834011391507825e-03,-4.826146613712401987e-03,1.120432967033093341e-03,3.158784972090994923e-03,-7.465834999999288206e-04,-4.628650182397160874e-05,3.864808967595954273e-03,4.795936496349935321e-04,4.711637486177659186e-03,1.004825196850524802e-03,-1.100294117647036867e-04,2.986733389121262652e-03,2.883228960978041766e-04,-3.075481798715144939e-03,-8.168919330289788755e-04,1.565408488964382776e-03,-1.519930662557475041e-04,-2.372861618798728872e-04,-2.376423382519823446e-03,9.221259259258656957e-04,-8.393003893575541260e-03,2.254115669339928647e-03,-6.475557243624505827e-03,2.167174061433349303e-03,-8.378080454545539651e-03,-6.954893443419016968e-03,-2.042004524421600371e-03,2.046506836734583983e-03,-5.316784937238487087e-03,-7.144109344790487877e-03,-3.646802284803372495e-03,-7.243895085714290027e-03,-5.877926829268245333e-04,-9.713871508379533356e-04,-3.579555525423883978e-03,4.654563957596329071e-04,-4.959447813822389327e-03,-6.337380845969626045e-03,-1.021261824623547962e-02,-5.772495566502517522e-03,8.874310054644694856e-03,-1.518961523096136815e-02,4.446216620498675241e-03,-7.463535672514729977e-03,4.529237560192680631e-03,-8.047627374301620853e-03,-1.975063805104404144e-02,-1.190324676028831768e-02
3.022227628327430610e-02,3.676858291106055443e-02,5.504128798141266765e-02,6.826059398409860257e-02,5.655562310030384093e-02,4.853204338341909896e-02,3.672430278884469129e-02,3.451510010179845850e-02,2.549901444303258324e-02,3.496862544305312515e-02,1.729241726015921451e-02,2.183539032391631704e-02,2.087033448720854167e-02,2.705832189688949299e-02,1.643342755193702084e-02,2.065975286482358425e-02,1.312285402485774757e-02,1.605504020553619529e-02,1.511144639791251083e-02,9.389912277416100767e-03,1.577366182524045368e-02,1.831653013309293351e-02,7.352276886077348250e-03,1.306461608602089985e-02,1.182740144630069386e-02,1.503993966452338640e-02,1.021815895747427323e-02,8.764272485094461163e-03,8.905243401362889291e-03,6.464522033305763853e-03,2.307548825405500003e-03,3.547684423527722175e-03,2.162496748330801268e-03,2.609161127604139418e-04,-4.574393574901085453e-03,1.687996557203359175e-03,-4.718672612670919350e-03,-1.133120802253236763e-03,-5.202400441872247379e-03,1.750901195269537105e-03,-3.239948595557165089e-03,-3.945053402304609345e-03,-9.783703703703707649e-03,-3.836298344367307812e-03,-7.510016349557103316e-03,4.465673016055656994e-04,-6.349189252702416159e-03,-1.439276857276193143e-03,-2.615433222501496735e-03,-1.542629900581477453e-03,2.358106090976679753e-03,-4.073155392077225899e-03,1.860752745495206821e-03,2.039718463123540299e-02,-2.737861342814180282e-02,-2.049558390579155759e-03,1.263432318772855084e-02,-7.574732653568646938e-03,1.104193481419920696e-03,2.257420103092792202e-02
1.900389515488478537e-02,2.858559526970947534e-02,3.653994102780121905e-02,5.105728257309950779e-02,6.344440579710147743e-02,5.417742107208886604e-02,4.651311372712137876e-02,3.547023288780878914e-02,3.378891019929657763e-02,2.512712950000010187e-02,3.345122151088333884e-02,1.700700907590765865e-02,2.119791225604991669e-02,1.963268664521311546e-02,2.708435490120108396e-02,1.739334705643515167e-02,1.887338014705879780e-02,1.338886788566639487e-02,1.485367457212713113e-02,1.598878496240586922e-02,8.758349981364014700e-03,1.650237812944514715e-02,1.879370239885426452e-02,6.006073085501700999e-03,1.354378696818692683e-02,1.217167048841078653e-02,1.451683113772468496e-02,1.177499555555554939e-02,5.840571754563979139e-03,1.074474065131954086e-02,4.329149691040258888e-03,5.756259323824655140e-03,5.050990167726216590e-04,3.032255256064579456e-03,-2.435699799866582194e-03,-2.338827586206816082e-03,1.812278651685405358e-03,-2.770269465648825171e-03,-6.975217758985232872e-03,1.692177834525024609e-03,3.609670613562487103e-04,-2.850129370629422409e-03,-8.047595982142854293e-03,-1.216481675392666259e-02,-1.312865709362408739e-03,-6.096847765890426457e-03,-3.474358181818247397e-03,2.696964609053425360e-03,-2.794296450151032268e-03,-5.740057097288614463e-03,-7.094083665339144616e-04,-5.819631722881941395e-04,5.510193068297477952e-03,-1.152892750287688207e-02,2.695720714285712583e-02,-2.277216716417905865e-02,1.388179264214017654e-03,3.648465140845097345e-03,-6.842569291338656927e-03,-5.073347855717262600e-02
1.088763889797303083e-02,2.226736539651995653e-02,3.229894068222462916e-02,4.484942333799282060e-02,2.575569208529103482e-02,1.542599432755106630e-02,1.309576238637812258e-02,1.395207351303371507e-02,1.697276972817635815e-02,6.884289460903390140e-03,3.840342047285203158e-03,7.521775114276357983e-03,2.944858420268233259e-03,3.044890788780301241e-03,4.903786741989565531e-03,5.694574468498337120e-04,5.165001944201358386e-03,3.531248850919950673e-03,3.644735516795837103e-03,7.881294818296125798e-03,3.335848743676928397e-03,3.791599600584118993e-03,-2.472425123260115105e-03,-3.664758660016257091e-03,3.324820448766640200e-03,-6.225285408994690544e-05,-7.814771208420117840e-03,-3.623285788176184869e-03,6.284728122344910954e-03,-7.453305351521594298e-03,3.653685674548058301e-03,-4.034114782027069072e-03,5.962286499920596040e-03,-8.690481249335985786e-03,-4.616000164992743737e-03,-3.997852078929412466e-04,1.485013091515817572e-06,-1.290672699022108079e-03,-2.041774914267866815e-03,-5.243120035949561455e-03,-6.562286996464862521e-03,-4.417223243778019975e-03,3.174322549041394635e-03,-2.786713004121716764e-04,7.605071642467727162e-03,-5.597212315739339902e-03,-8.233669316396144411e-03,4.980400511291042769e-03,-3.036931363272473393e-03,-7.432963114654594959e-04,1.446609429692646224e-03,-2.053929808912854579e-03,-4.857469549599034361e-03,-4.929754178520566986e-03,4.330989082369397260e-03,-1.835516884304526017e-02,8.197312948048283109e-04,-4.253388946819730565e-03,1.329591396161248877e-02,-7.618193865959863031e-02
1.045047269019150002e-02,1.228732877821304623e-02,2.107229279385852000e-02,3.073748463912186202e-02,4.339574787546367912e-02,2.496310446707303635e-02,1.598804696647732060e-02,1.333376787018493957e-02,1.367524473766392606e-02,1.565567606481526111e-02,8.830376159461594127e-03,2.376953058146718135e-03,7.080596987206809120e-03,3.607140416163432707e-03,2.625830851674139203e-03,5.899816493955161931e-03,-8.550129814522102389e-04,5.971581933231592809e-03,2.060869134994796920e-03,1.922531240930336772e-03,8.616576557618334242e-03,5.761061222556706184e-03,3.018033022574896206e-03,-1.753170171465507667e-03,-6.093146357729407533e-03,4.613300877137494448e-03,6.623067900731925087e-04,-7.710059714912245732e-03,-2.205724564028995003e-03,6.323363215363005455e-03,-9.761885061306067521e-03,2.803503114797584357e-03,-4.914335964739515415e-03,5.573022407310020306e-03,-6.931070461359814180e-03,-4.719352725587572239e-03,1.385599670579215582e-03,-4.078928847126433131e-03,-6.571038764755596923e-04,-2.770968275038579540e-03,8.498342278009360417e-04,-7.748892477576858548e-03,-1.852832154733798911e-03,-9.736921226009046491e-04,-2.338935912071110797e-03,4.468221533084750473e-03,-4.849586817877199474e-03,-1.161967700018541041e-03,1.110650514731978573e-02,-5.788390886815639180e-03,-1.399182149051240824e-02,8.422768611159080557e-03,-8.530847426111905565e-03,-5.123306634685378252e-03,1.103109569973783136e-03,-9.543587126942637902e-03,-1.240335851834061150e-02,9.593173523436231837e-03,-7.270502760825260299e-03,9.492231277192541769e-03
3.216302547533620316e-03,9.823963587157010305e-03,1.141789130365037513e-02,2.105322636678081880e-02,3.024071312736337919e-02,4.113928436240554126e-02,2.552146311707543039e-02,1.423114108985897887e-02,1.318173447399496184e-02,1.423548341623213399e-02,1.562935321029771882e-02,7.571665816571320103e-03,2.991869027349607687e-03,5.883965975522496665e-03,5.927898427696309813e-03,2.776327459492224526e-03,4.691550111305376435e-03,-5.810483493501491619e-05,6.187279646274202946e-03,8.210640143719263222e-04,4.450397723206344670e-03,6.253334625072828716e-03,4.774198909435800435e-03,1.951177952355703750e-03,-1.169809321265022350e-03,-4.324267495492817477e-03,4.848070809491665870e-03,-8.922834866568966471e-04,-7.538896795161410466e-03,-2.335327121502384431e-03,4.863015513260087255e-03,-8.020182939439110537e-03,4.817150660482440519e-03,-8.453594146235400564e-03,6.857337140281033992e-03,-6.928695652173938457e-03,-3.795223906303859564e-03,4.274814367388039306e-03,-5.993317123719197823e-03,-1.447361427780608336e-03,-2.701421301484046786e-03,-6.561794568527605336e-03,-3.879964332165149622e-03,-1.054093365741139501e-03,-5.725345529416574989e-04,-3.922811219254403702e-03,3.347343861892602013e-03,-2.197234232531564049e-03,2.728900666153908326e-03,2.858199308675525314e-03,-6.803885248547470767e-03,-4.317991167353899158e-03,1.316125553554868847e-03,-3.147944474863551868e-03,-1.080531578457730310e-03,-5.444667318589140569e-03,-1.455426208456908448e-02,-4.229576594523424063e-03,-8.141754898381294014e-03,7.201069986095473552e-02
1.404009352169298397e-02,3.015748459085934585e-03,9.568713304424424429e-03,1.132158175409847534e-02,2.086098414855905650e-02,2.940430921936735761e-02,4.030574400239681637e-02,2.399566153627939388e-02,1.494646348920750621e-02,1.249789525104065026e-02,1.225919039434809205e-02,1.712618440888614632e-02,7.728526338246347917e-03,2.972293447293632672e-03,6.390770364046024707e-03,4.306398208459037702e-03,2.402225036630586605e-03,4.836449451597548896e-03,3.510983287746555497e-04,5.162395966516183238e-03,2.671589749055956840e-03,3.615189656843515766e-03,6.883046698483525662e-03,4.356822965295639206e-03,4.071519952678336399e-03,-1.800700100828444249e-03,-5.885743730971283207e-03,4.899823698544392668e-03,6.553375982826923534e-04,-7.309370780154327354e-03,-5.589705665398637599e-03,4.994364848315453742e-03,-7.121559051458516663e-03,3.455339825824221053e-03,-5.033689479603488046e-03,5.273078407315977441e-03,-6.930252895974285676e-03,-4.858565359980690675e-03,4.572773121283870128e-04,-2.512628008813376935e-03,-2.323559428338247031e-03,-5.624252175924066705e-03,4.184165402392045138e-03,-1.241464561593707758e-02,-4.284688807547693684e-03,2.153316706386591319e-03,2.232760315294603660e-03,-1.305756754428351535e-03,-3.458402752949431280e-03,-2.730337349763166995e-03,5.220726904189918870e-04,-2.334409219895219618e-03,4.125483443188070545e-03,3.585444179537707748e-03,-1.880014845857200245e-02,2.450192505661944083e-03,-1.355039539358956005e-02,-5.261102504428951006e-03,-2.306333411433946975e-02,2.248326948343811263e-02
1.849070220297566527e-02,1.330646452866187865e-02,2.997610957740515312e-03,1.043006208708110311e-02,1.104519775196070690e-02,1.992788682645519477e-02,2.823721624080403197e-02,3.918253196641097169e-02,2.326690583892258163e-02,1.511915670206688718e-02,1.180975278380848835e-02,1.330268781635464415e-02,1.487397723923738167e-02,8.214123413918491753e-03,3.200033680987526049e-03,6.064014410447650209e-03,5.424711872166578137e-03,1.775048020540870427e-03,4.619162840896959277e-03,7.662950672890616460e-04,5.966005374834615523e-03,2.054013753374592677e-03,3.626746721760909422e-03,6.448847554066053193e-03,5.177101362052510293e-03,4.217372874055456966e-03,-3.327977905347548858e-03,-4.442728080914623047e-03,3.033980357565958103e-03,-2.455464144026221047e-04,-8.346145870258642185e-03,-9.892967658069894057e-04,4.467744886510735536e-03,-9.571175611718113138e-03,5.248197295770603774e-03,-7.253593484707887562e-03,7.692954554118338131e-03,-8.021487758945521768e-03,-4.175557096902411322e-03,-2.898071121005307230e-03,2.781250496228725947e-03,-7.831132916204597630e-03,-2.068441527390657477e-03,1.458216241096953842e-03,-4.600645844748962182e-03,-9.755405532993789708e-03,2.513987334484800180e-03,-8.832598130968033825e-03,9.832391527208267715e-03,-5.106558656300707981e-03,1.450700323520948826e-03,3.455950207757498872e-03,-6.475246170474457073e-03,-1.644883589996574622e-02,9.907668847795042186e-03,-4.408719609010704026e-03,4.879990954063604877e-03,-1.711728472658527586e-03,-2.375057621323389823e-02,-3.930054719373038408e-02
1.245063524554513093e-02,1.727416091229166950e-02,1.350626273383304272e-02,3.921329865062541872e-03,8.856768856748459609e-03,1.129609873157360125e-02,1.938824566621357229e-02,2.822700142661304507e-02,3.761249855139645742e-02,2.327870921841647400e-02,1.434065108400151001e-02,1.204457388636281066e-02,1.238541111902395631e-02,1.667752947183653855e-02,7.074100881156758502e-03,2.362927568278970231e-03,7.066335803043279420e-03,4.496344712501619545e-03,1.778312107371670357e-03,6.045969279115966447e-03,-7.397546079861742560e-05,4.321613514303705716e-03,1.598592432129677552e-03,5.309120219733829728e-03,8.490874595909549821e-03,2.923803571287303480e-03,2.691614642185430426e-03,-3.006744633368222449e-03,-3.166968044539365725e-03,2.869343130999961206e-03,-8.940274995810106040e-04,-5.851693693693755041e-03,-3.561234380953837413e-03,3.334219228679934609e-03,-8.467770447656978658e-03,7.129182646838790396e-03,-9.880286679469668307e-03,8.500700838257492856e-03,-9.654828586622124856e-03,-3.633219405648060313e-03,-4.837704787334026063e-03,6.809975784799464794e-04,-3.449752589884082492e-03,-2.230516926721345591e-03,-1.577097633933732508e-03,-9.547261413698404989e-03,5.305520410922035315e-04,-2.634601553030861427e-03,1.744583933321465757e-03,-5.469863834147792661e-04,7.237969054301230960e-04,-3.381176525000225645e-03,-4.564034852174376003e-04,-1.347886494472453657e-02,6.145741958289132646e-03,3.694012797074873108e-03,-1.272128655945352696e-02,3.618527539875987954e-03,3.277278425011757998e-04,6.763117663350165509e-03
9.853002365297956408e-03,1.625818575047881590e-02,8.523866340974538269e-03,2.043165115711888594e-02,2.780134225970220044e-02,-9.678711760331917434e-04,1.395216706272560218e-02,1.514594481342568764e-02,2.645855030760779249e-03,-9.087501244069681782e-04,1.346549564343165438e-02,9.789134535198426926e-03,-1.306457220320266822e-03,5.311919965417319887e-03,-1.327428078629555759e-02,6.958864174017991358e-03,4.975527452024874550e-04,6.245232843492229055e-03,-2.078397282000759086e-02,1.182945089303161354e-03,-2.156595235254198367e-03,-7.910886987269580978e-03,-2.540649486029808272e-03,-1.083458598486588403e-02,2.061182523631156609e-03,-1.465556787717790452e-02,-3.446074922796046533e-03,-1.201284320051934640e-02,-3.134848001924477913e-03,4.296682863373710651e-03,-1.146430419977311800e-02,-5.662553416218983615e-03,5.350723456286938726e-03,6.781467721927223087e-03,-9.752090522962492472e-03,-7.205783077249539557e-03,-1.523626576215154210e-02,-1.289220309943773200e-02,-2.853236706848742699e-02,2.406822671463726762e-02,4.378520798577588934e-03,-1.685699923475760323e-02,-4.374480213322269606e-03,-2.192652632716026243e-02,-3.373684856146809321e-03,-7.125830910995246568e-04,-9.607701710187755567e-03,1.477640247131600890e-03,-4.465753462854897896e-03,-5.302808463598623033e-03,-1.496577760245050744e-02,-1.424677476184269855e-02,-7.620522973206310911e-03,-1.190165814747513699e-02,9.106704207865756046e-03,3.265217838720870045e-03,-1.965166429743017695e-02,1.184845674740493508e-02,-8.622253471918856285e-03,3.530514634930830703e-02
-1.618520729662051511e-03,1.032322791914873188e-02,1.604876145811126240e-02,8.088260979224874692e-03,2.021105869074483682e-02,2.674933914350321323e-02,-6.185052629399827090e-04,1.378655366449734083e-02,1.493670745900688157e-02,2.277360425872439718e-03,-2.227642465526800703e-04,1.369146164211663269e-02,9.514209470561080587e-03,-1.109613247736605281e-03,4.629451563419223308e-03,-1.331181659107129669e-02,6.386061594500331076e-03,1.278393646069742907e-03,5.685382323365617378e-03,-2.129912064251534773e-02,2.017212613967652758e-03,-2.348131473388265483e-03,-9.679725191208974136e-03,-6.751164926390699648e-04,-1.229424327451670088e-02,1.235935063666604016e-04,-1.230619310596460687e-02,-5.738956630363715138e-03,-7.811817677004853633e-03,-4.696944939719686386e-03,2.970042105020827532e-03,-1.236487987391964374e-02,-4.774383962337167518e-03,3.311054481546668767e-03,6.356829447631905106e-03,-8.689497705526643204e-03,-3.488547736728701745e-03,-1.824860645774337500e-02,-7.628291316526637084e-03,-3.435295061480046069e-02,2.276081566609426676e-02,1.283995086663671696e-03,-1.848587744961827442e-02,-3.300479419218734314e-04,-2.733238168746349173e-02,-1.746169820777994776e-04,-1.044347961196518369e-03,-8.495486827512518588e-03,-2.062097728785915011e-03,-4.328689120426335718e-03,-4.633612157514216574e-03,-2.342546861608271747e-02,-2.314889071200378155e-03,-1.921528987437960342e-02,-2.625523388677690993e-03,7.379956382914731189e-03,-1.891260961810419363e-03,-2.401937409607032489e-02,1.401075913807916726e-02,2.003372264875238895e-02
2.777244377311677997e-04,9.193936527332387601e-03,1.276835608332829025e-02,1.962015687616716283e-02,7.276410526677152060e-03,2.216385615295216657e-03,2.018157380073801188e-02,5.974754804699997264e-03,3.479289008053649320e-03,-3.517032870865136312e-03,2.251350721856679518e-03,-1.047229731984878308e-03,5.024260731162442234e-03,-1.338618981886835263e-03,-1.670883877421081281e-03,-1.685826000344407480e-02,-6.893025229588518009e-03,-2.396060451816983173e-04,-2.071813170940202571e-03,-2.062036155206545610e-02,4.773163418290819922e-03,1.477257188630126325e-03,-1.288347787427368378e-02,-4.236168988110475611e-03,-7.973717694651013752e-03,-3.878057288007820142e-03,-7.603490593629348010e-03,-7.399065387617367699e-03,-1.757793529640630167e-02,-3.045256692480047354e-03,-9.340011770860594600e-03,-5.528501326260016301e-03,-8.210192533486676547e-03,5.880519190075083426e-05,-2.513702860783214709e-03,-1.158308850703550566e-02,-1.831934309728654175e-02,1.043032507857719754e-02,-3.052638209175162834e-02,7.851574636350895642e-03,-2.349906510428209291e-02,-1.452572788154074708e-02,-7.887334860253683577e-03,-3.351087610492681137e-03,-7.370077312885420099e-04,-6.106463143872081258e-03,-5.849249272025406482e-03,-3.268654067936940539e-03,3.258492604084004592e-03,-7.593993209306649540e-03,-1.018037288003738675e-02,-1.080110278506312381e-02,9.554238492980478975e-03,1.448561246929142704e-02,-2.346422897643828456e-02,-1.223943539772587817e-02,-7.501384377619541369e-03,1.154768598615914764e-02,-8.942734575752550596e-02,-1.885983778303468653e-02
1.759730129597205511e-02,7.994631547409210282e-03,1.010504661449466990e-02,1.454338845637584247e-02,1.944859099804300412e-02,8.941160982264764398e-03,-4.969926196131770058e-03,1.878920194489466095e-02,7.452782159945235685e-03,6.355296695881097236e-05,-9.449375681341748087e-03,2.914889698231058843e-03,-3.005030191210920909e-03,2.429836722606219541e-03,-3.786879864636262701e-03,-2.564209480337002398e-03,-2.502384257028101439e-02,-4.218831763331917784e-03,-4.487897926875201830e-03,-8.748944530644636340e-04,-3.141721393621662445e-02,1.331331129848222113e-02,1.848410992907803269e-03,-1.592660111986724317e-02,-2.768672857142816159e-03,-7.578307284768320308e-03,-6.727715421166420746e-03,-9.264488080631065603e-03,-3.211029830508469948e-03,-2.072952714164541174e-02,-6.569462241653514778e-03,-1.002490153001170045e-02,-8.754129603174454211e-03,-2.494243805668050658e-03,-4.415989970501502451e-03,-2.310771428571392443e-03,-1.846903498942917971e-02,-2.627438164014700428e-02,2.005250064667854493e-02,-3.895822999999995484e-02,1.218336854838700418e-02,-1.793693093192333041e-02,-2.790635397973965232e-02,-1.929726404199482923e-02,1.642540217013888082e-02,-1.050181551724136721e-02,4.598769701606626042e-03,6.042102312543866155e-04,-1.525855997034830658e-02,1.223878896346006218e-02,-1.598217729549249178e-02,-6.665543568464710536e-03,-1.424862198391411115e-02,2.288738532961922395e-02,4.635996379647845146e-03,-1.898941364705880250e-02,-1.835150918774959214e-02,-2.007717647058821463e-03,1.418495999999995136e-02,5.419419957093976614e-02
4.200017587055928509e-03,1.178563497571125801e-02,1.528390684741042817e-02,1.214965319865327943e-02,6.673297730307038711e-03,1.226550790067731760e-02,5.390706521739042044e-03,6.403020270270312793e-03,1.063960809508507702e-02,1.348192307692303894e-02,2.342729110512086887e-03,4.508307799442814491e-03,5.529316062176100471e-03,7.391696160267051049e-03,-3.258141067896770985e-04,5.053691840863143783e-03,-5.692446958981704254e-03,-8.778829744006446875e-03,-2.633661971830974450e-03,3.375659382064744897e-03,-5.137036456291716423e-03,-5.556691629956005650e-03,-3.057482993197367487e-03,-9.846168597682813592e-03,-6.496343408900129811e-03,-4.479810465595362480e-03,-2.086794338051758350e-03,-2.228062554300567089e-03,-2.284261715296160948e-03,5.948018747337816643e-04,1.243023057216101216e-03,-9.126849315068389160e-03,-3.564988085782311647e-03,-1.997598078462682700e-03,-4.162853628536366396e-03,-1.296430098332599984e-03,3.957454890787664992e-04,-5.473018259935528464e-03,-1.257644025157238742e-02,-3.742692998204687031e-03,-9.894957983193352919e-04,-1.588095054592155581e-02,-1.550683818551092975e-03,-7.053801344286828381e-03,-2.897008159564880801e-03,1.540319715808417431e-04,-7.084910179640677153e-03,9.308544303797528343e-04,2.649493763756347823e-03,-2.480217898832625355e-03,-1.216595744680847154e-03,-3.477644991212704585e-03,-4.420544337136115133e-05,7.055009451795308520e-04,-2.867975830816149314e-04,-3.848059701492618362e-03,-7.858738501971098897e-03,-4.932578710644680217e-03,-1.020320512820514780e-02,-8.006912442396173224e-03
1.425370689655173530e-02,2.504235576923086529e-02,2.074801498127328697e-02,1.574447034624604919e-02,1.267273635153121081e-02,1.026702917771888171e-02,2.588209916290988566e-03,1.073479986545582479e-02,7.702826379542422087e-03,1.338392799742835638e-03,7.700033478406427545e-03,4.341857335127858805e-03,-1.428180230527504235e-03,2.418351155570892547e-03,1.045837512537732723e-03,-9.890102615027736646e-04,-7.481598639455746061e-03,2.754342431761941531e-04,-1.385881040892198920e-02,-2.611612903225775557e-03,-2.279432033320724291e-03,-1.076784578696339187e-02,-3.283702391496928080e-03,1.446334610472427892e-03,-3.067882919004698370e-04,-1.787937579081316612e-04,-8.728836045056394613e-03,6.291946308671422382e-06,-1.021823761508212003e-03,-6.874784172661786014e-03,-4.518022404136225363e-03,8.374418604650994214e-04,-9.620782396088132593e-04,-1.605568501406144178e-03,-3.251634146341544993e-03,-7.600413533834528106e-03,-3.917528285465667580e-03,-4.142023233301110087e-03,-3.001430143014290758e-03,-6.516012861736309759e-03,-5.504748157248150545e-03,-4.297560975609455384e-04,-3.092622192866506352e-03,-2.228036086051431684e-03,-1.009838634600469624e-02,-5.686769374416381084e-03,-1.280220791168285065e-03,-3.758953900708802780e-04,2.878021434459921302e-03,-2.018456837280272094e-03,-1.578733766234268333e-05,-3.706496710526907047e-04,-4.279702048417041889e-03,-5.288957345971638871e-03,-3.377924720244189407e-03,-2.377731733914954966e-03,-3.748387096773414203e-04,-1.764809806835080513e-02,-1.005584175084171979e-02,-4.303251893615825385e-02
1.443913261888824136e-02,1.600535947712418763e-02,1.219654656696122011e-02,2.167618618618618459e-02,1.784826365475387921e-02,2.089201957585644365e-02,1.599181966677560435e-02,1.461459339263032446e-02,9.605721442885708367e-03,1.295402726970406627e-02,7.688342911877387754e-03,1.320000000000053552e-03,3.687098289164654225e-03,1.377002412961050165e-02,-1.735451713395611299e-03,-9.726306970509023941e-04,-8.016423796791519868e-03,-1.016262384694229361e-03,-1.460014219694248183e-03,-4.750232848232986520e-03,-2.209643987341707375e-03,-7.661729150726833727e-03,-5.224750499008426415e-05,-3.803825622776781578e-04,2.280000000000008149e-03,2.129348874598162647e-03,-1.453262621976995385e-03,-2.074697986577059977e-03,-1.269915397631220634e-03,-1.000326855123707687e-03,-2.352565729827835791e-03,-4.120854402789809502e-03,-2.181672473867470388e-03,-2.233839175257634844e-03,-2.835582622817630054e-03,-4.524103831898538441e-05,-6.497857142857143761e-03,-2.102275132275189737e-03,-3.778381845091257317e-03,-8.253529745042453847e-03,-1.183560505319156131e-02,-3.252459425717891574e-03,-2.765733235077305965e-03,1.556292286873935766e-04,-9.502567760341694512e-04,-7.337348423605454147e-03,-1.385000000000076708e-03,-1.173808612440082732e-03,5.755027422303311043e-04,-7.876333907055401177e-04,3.137818471337222299e-04,-4.533788395904007245e-04,-5.370338248049363926e-04,-4.548713858424737778e-03,2.118107833163752115e-03,-2.355193798449657303e-03,-2.192976913730331975e-03,-2.981079046424028878e-03,-1.756701168614361111e-02,-6.958767970261366294e-03
2.129949862637362315e-02,2.294324271208649652e-02,2.612428298279160718e-02,2.647786542923427633e-02,2.442718475073321974e-02,2.371284772577464048e-02,2.267294924992031835e-02,2.298196679438054349e-02,1.317558832758082381e-02,2.120740983606560562e-02,1.442370819672134097e-02,1.360284001262223805e-02,1.287702944095267359e-02,1.811837730870717242e-02,3.418243382605588333e-03,1.333036960985628863e-02,3.703277591973215717e-03,4.654021992669075784e-03,-7.940790472902952563e-03,5.980396460177002209e-03,-1.142755741127297626e-03,-1.423593004769487663e-03,1.898170685036273822e-03,3.539999999999914743e-03,5.030714285713396667e-04,-5.801842783505224005e-03,2.199548022598858069e-03,1.976281342966357442e-03,4.415540540540211683e-04,2.118844519966006819e-03,-5.476997319034903472e-03,-5.778509373570279127e-04,-1.865455349248542651e-03,-2.208557565064010655e-03,-3.925658720200760413e-03,-5.329703703703713227e-03,-1.281903966596976974e-03,-7.204595300261136537e-03,-4.064626462646378675e-03,-3.487600806451610774e-03,-1.406522501461141515e-02,-8.610414683888607465e-03,9.102882767456263978e-04,-1.168304447852760823e-02,-2.539972144846680915e-04,-9.231833704528522380e-03,-9.115012722646262736e-03,-5.398363273453136643e-03,1.509272183449711022e-03,-1.913250714965393224e-04,1.751495076096669812e-03,1.918868552412616524e-03,-2.445040504050333477e-03,-1.182980501392700071e-03,-1.108274403470718532e-02,-2.071507760532195156e-03,-2.740454545454549390e-03,-2.633902116402081148e-03,-3.627190082644594481e-03,6.357588654987275656e-02
1.377429480381753106e-02,1.955471698113204690e-02,1.841275072557243056e-02,2.729786600496275292e-02,9.489434396580129563e-03,1.573208092485551754e-02,1.589740006499833214e-02,2.469240636704119266e-02,2.431115132605296894e-02,9.023583437110795427e-03,9.380247315327015778e-03,7.153896315617803460e-03,1.342285135556248697e-02,9.473918608467307365e-03,3.273677971682600711e-03,3.408124142661058537e-03,6.131197543500599249e-03,3.036864973262011144e-03,5.301645064805641551e-03,3.088237323214910318e-03,7.352076733544604323e-03,9.258730817088309945e-03,1.120703747534509097e-02,6.061528467711034887e-03,3.930000000000000333e-03,6.244563279857384512e-03,3.660000000000057738e-03,3.799911039223588787e-03,1.519595055413428290e-03,4.667062314540001283e-03,1.707331628303498938e-03,1.132534894191748352e-03,-1.536703601109118314e-04,4.139229747675944940e-03,-4.529507829977650300e-03,1.138266384778015847e-03,-4.170116861435656935e-03,-6.419765957446717415e-03,-5.357022798390644741e-03,-3.220229885057427754e-03,-7.203143743536771608e-03,-6.039157134256380177e-03,-4.397980501392866580e-03,-9.757004638833702628e-03,-1.073960348929412466e-02,3.413944166070136295e-03,-1.039517321016166645e-02,4.861674008810597941e-03,-3.230991735537455168e-04,-8.170745341614858021e-03,-2.405863453815295511e-03,-4.403446647780983464e-03,-7.463024475524550685e-03,-9.351473684210416526e-03,1.042830225711482116e-02,-4.776065192083894274e-03,-5.784076738609165123e-03,1.007391874180871413e-03,-1.979197657393851062e-02,-5.679700545203023032e-02
1.542324241829193428e-02,3.203136214537638526e-02,2.898231245270163625e-02,4.503232350053421040e-02,3.321202207153708952e-02,3.140917162687346942e-02,2.639351324911337962e-02,2.660847895331274263e-02,1.909485129752454963e-02,1.947394328616378067e-02,1.608872655515077368e-02,1.810532362588996441e-02,1.579932182490746684e-02,1.521170527557812180e-02,1.109219020472983382e-02,9.188159454508054019e-03,5.568719439220329998e-03,6.186821960906941156e-03,1.008060319651678596e-02,5.943250497017858909e-03,1.979176951038899134e-03,1.541665200284363969e-03,6.798142317640535476e-03,2.440332597649308433e-03,1.220460935258738328e-03,2.332936157281629858e-03,8.698443113772399635e-03,-4.282060461242494253e-04,1.489527870849839978e-03,-4.455686651117962325e-04,2.164230548286351710e-03,-4.753656490027874382e-03,-2.032730130892188534e-04,-4.578987977498173191e-03,-6.074025207927092468e-03,-4.329120909190591407e-03,-4.749031501022451737e-03,-6.652530308889396081e-03,-4.157859473945899748e-03,-5.246324099849240113e-03,-4.461033634126416840e-03,-9.414620689655196079e-03,-6.009340540540471058e-03,1.683812233285908845e-03,-1.801755857366948424e-03,1.560425531914977175e-03,-7.742938082945608272e-03,-1.440643396467883612e-03,-3.239291712034220692e-03,-1.980807298390522154e-03,-1.765735442611917434e-03,-8.723880201431319370e-03,-9.281241541098942532e-03,3.373700147231792172e-03,-1.329865057552018053e-02,-3.764147909967920699e-03,-2.451270623092892138e-03,-8.894586067142841099e-03,-2.271666988948225357e-02,-5.016702716511958760e-02
2.106285614798692959e-02,1.573892484725038232e-02,3.074355856335210524e-02,2.917172216560516909e-02,4.237291615384616156e-02,3.161071161704603200e-02,3.159338051345493559e-02,2.560384593023267569e-02,2.565943474759998025e-02,1.892587361445781727e-02,1.850248962605555506e-02,1.583452885602164989e-02,1.765302693761816588e-02,1.572665375118715084e-02,1.536475550166718600e-02,1.046635455132341984e-02,9.951417784256505819e-03,5.899099114441412606e-03,6.341687972972958644e-03,8.813503030302928878e-03,6.572507433102091519e-03,7.426268579328787391e-04,2.597514295774532023e-03,7.868959556103673550e-03,5.182526461296412977e-04,1.404596588731411855e-03,2.740257491987235523e-03,8.676940397350901488e-03,-1.320952969224198316e-03,1.742696078431280092e-03,3.844017256254467002e-04,-3.090500641804874412e-06,-2.625652088772846733e-03,-1.584812666360745342e-03,-4.227596392975601844e-03,-5.458162815222377361e-03,-3.233053042266487240e-03,-5.800498680738739102e-03,-7.870175703767809741e-03,-3.305131208791143443e-03,-6.607347643490582394e-03,-4.856879194630805106e-03,-9.947978142076490879e-03,-6.790326433121032269e-03,-2.974174614820350449e-03,2.711149268292698325e-03,2.607334465195194212e-03,-4.788651911314970207e-03,-1.020659486329852841e-03,-6.255207729468631808e-03,3.481860111731918672e-03,-6.775789330306444466e-03,-1.122758988764049198e-02,-4.576575399361064445e-03,1.741027103718037873e-03,-1.112401737193768024e-02,1.592699884125158439e-03,-1.721075967078185276e-02,-5.659741409691690546e-03,-5.575967641742860664e-02
3.172123861566479575e-02,3.234439676398173646e-02,4.879894668820682069e-02,4.329517834394904646e-02,5.427858866103735941e-02,3.653601598173512877e-02,2.282225520982012965e-02,2.590636500754140564e-02,2.681999999999997927e-02,2.270369314736205360e-02,1.690017783046819308e-02,1.398345238095232909e-02,1.575593033640971391e-02,1.670976426799009040e-02,1.465623595505617487e-02,9.078148148148128607e-03,4.154478764478751647e-03,9.618932475884330383e-03,9.388037889039276343e-03,1.236614252258276710e-02,3.968441814595698690e-03,6.232816299704271347e-03,8.883685478320734255e-03,3.812310939148818786e-03,6.626333469889401570e-03,2.168320762206318029e-04,1.495561538461410728e-03,-2.462788074133694018e-03,-3.658559964333472914e-03,9.318706293705240201e-04,1.255455291223514210e-04,-1.276974716652152283e-03,-1.686551724137957389e-03,-9.268511198945656501e-04,-8.570069962686518647e-03,-1.682205103514607027e-03,-7.149551820728245431e-03,-7.130075578648936534e-03,-2.857276368491219482e-03,-7.064338040600227041e-03,3.069023193577280224e-03,-1.342382756987297969e-03,-8.807649950835848285e-03,-4.251010101010084356e-03,-3.157096141268917865e-03,-3.507464150943461791e-03,1.905531609194853547e-04,-6.751986001749912467e-03,-8.169355608591949078e-03,1.164474315068489765e-02,-1.090227272727267022e-02,-7.767886658795707111e-03,8.711068427370899717e-03,-2.275296912114137694e-03,4.448275084554636528e-03,-3.460413223140414423e-03,-9.970679380214703125e-04,-1.494193749999993791e-02,2.215201192250377486e-03,-9.744163439884540381e-03
2.016846915460772730e-02,2.225434083601294036e-02,4.216605937921726055e-02,4.187396156230624444e-02,3.772826020251612150e-02,1.953336094674551493e-02,1.493516464959190881e-02,2.559826232247291306e-02,3.409127007299270901e-02,2.358727272727274837e-02,2.944710285882704351e-02,2.008670547147839783e-02,1.639695014662752651e-02,2.157604786923522297e-02,1.341049401656949254e-02,7.088973242066025360e-03,8.408806461262302231e-03,1.457363376705818163e-02,6.690275111964256310e-03,9.353140939597416603e-03,5.003089756423069641e-03,3.954586614173306348e-03,7.502364290385908976e-03,2.700440923182877064e-03,6.935112280701727708e-03,-7.639357760390934836e-05,4.890166468489989468e-03,6.105868814729620113e-03,3.222896440128937578e-04,-6.804269662921449665e-04,7.744712041884839297e-03,1.187644151565121444e-04,-4.670942731277517683e-03,-8.258854394401919695e-04,2.150714285714288351e-03,-6.827676289635580681e-03,-3.696766291033719027e-03,-7.290014265335201769e-03,5.131376015289098973e-03,-4.679208860759498205e-03,-9.081644826027950729e-03,-4.000542250338296802e-04,-1.046124818577646130e-02,-1.339636730575188405e-03,-1.410304422745536088e-03,-7.427437961099911737e-03,-6.937939110070292896e-03,-1.031256505576209556e-02,1.883252032520289169e-03,-1.368221571906353025e-02,9.050194690265586997e-03,-1.053834033613448330e-02,-5.280024968788404448e-04,-2.040883570504526887e-02,1.899650872817950503e-02,-8.877619617224895981e-03,-2.524628820960657209e-03,-7.386106080206884458e-03,-1.479724137931043466e-02,2.681578572446215863e-02
2.289276688453156447e-02,3.136673559822746038e-02,4.714629477993858425e-02,3.894632911392394842e-02,2.746074811463049964e-02,2.832438878950506791e-02,2.986622630672030113e-02,2.662421399176951101e-02,2.445638760532753767e-02,1.747405117883842410e-02,1.408538860103626666e-02,1.049405263157889533e-02,7.811540907776852449e-03,1.245490139211125578e-02,4.066288209606898178e-03,6.363350641417128868e-03,1.198452725592852146e-02,4.806946018490914838e-03,5.918369221025887410e-03,2.839999999999888187e-03,-1.737689457729894079e-03,2.335561497326145864e-03,2.968440366972426112e-03,3.905733899967265416e-03,2.014891341842065496e-03,2.760091260091235982e-03,-5.046978476820568413e-04,-5.315921787708212821e-04,-2.337187499999919191e-03,2.348515815085144148e-03,2.688851351351397110e-03,1.688803156510264173e-03,-1.038072289156730587e-03,-1.060766129032261751e-02,-3.702300884954807842e-04,-4.929501571631254381e-05,-3.583922413793017882e-03,-3.192563338301122183e-03,-4.958364077669924139e-03,-5.026744186045826839e-04,-5.670858191830081526e-04,-5.630032258064468324e-03,-4.075852981969419440e-03,-9.231759443340069706e-04,-5.655345717234319669e-03,6.446895137668443715e-03,-5.810207900207840087e-03,-4.091497975706934718e-05,1.834115384615415782e-03,1.432402234636788235e-03,-6.008041594454044572e-03,6.768252516010966370e-03,-9.845834254143653527e-03,-1.778012195121945332e-02,-5.533248587570665025e-03,-5.051328859060397365e-03,8.810140845070417448e-03,-8.610455635491700427e-03,-1.830014326647566233e-02,-5.320648878107957225e-02
2.061590062111808008e-02,2.531496801705756042e-02,4.518847050512196650e-02,3.467437664907647293e-02,2.317628571428565279e-02,2.708355379188711817e-02,2.073586327782638364e-02,2.030966178128525840e-02,1.463631564699512978e-02,1.208668995163891119e-02,1.443839999999999534e-02,1.419199886266712084e-02,7.544408945686977355e-03,1.062091143594154179e-02,9.479124928036842049e-03,-1.183187390542961943e-03,7.530188449848020972e-03,3.963779212792135215e-03,6.620127938113671770e-03,4.366913112164333421e-03,1.579392388871123229e-03,2.647765814266398940e-03,2.005783132530167528e-03,1.020721784777028126e-03,3.051509186351832395e-04,-7.319903080650862074e-04,2.388866995073824894e-03,3.117850351384939510e-03,1.848649298597206374e-03,4.211644787644769350e-03,5.183413052290214255e-03,-1.371713508612801388e-04,3.564744493392047169e-03,2.676570713391703861e-03,3.579324628545777105e-03,4.782724844167492986e-04,2.166518384021828315e-03,-6.541807580174971611e-03,-6.805462822458309760e-03,-3.156037456875355682e-03,-1.991128634795447973e-03,-3.902225325884384199e-03,1.137482386096699523e-03,3.866918357717387373e-05,1.647235772357665386e-03,-6.060347551342632573e-04,-7.841219070610474032e-04,-4.772795698924733009e-03,-1.312740989103106234e-03,-6.947030497592254598e-03,1.045545454545450566e-02,3.734014336917533278e-03,-2.234573947110681316e-02,1.402631578947362637e-02,2.557357954545480538e-03,-3.622880000000000544e-02,4.781640058055256978e-03,9.651008287292719978e-03,-2.616850393700841017e-03,-7.604673530849349883e-03
1.729304633046334014e-02,3.635409737827709903e-02,2.365542043085478927e-02,3.117535457348395017e-02,2.981827033952589440e-02,2.962689101574570577e-02,2.447649999999993928e-02,2.732024202733477139e-02,1.582892837312607770e-02,1.418288158246459353e-02,1.664937284996023323e-02,1.230765993265997039e-02,5.929708380520939959e-03,1.091729939603101364e-02,9.389866363377860972e-03,1.138471794871795915e-02,1.067050434782607256e-02,2.695660091047044366e-03,5.787241910632534049e-04,4.798821608785995563e-03,3.399763182822981237e-03,-6.801283285210111803e-04,4.934440336134432795e-03,1.227354581673308423e-02,4.283393383557214558e-03,-1.662610983233550724e-05,3.395103950104029749e-03,5.927570977918001846e-03,5.425754950494942816e-03,-3.058521809369999216e-03,1.533902249806081385e-03,-1.728926092282574364e-03,-1.473403669724742543e-03,-2.573217468805721712e-03,-2.648825503355748843e-04,-5.817406563354636170e-03,-4.446471119133581056e-03,-5.154380776340225685e-03,-3.824071146245051293e-03,1.711266017426878649e-03,-2.705612806403178208e-03,-2.533580742226684314e-03,-2.945298013245086725e-03,-4.003379607467751067e-03,1.968260661236162501e-03,-1.102405010438418410e-02,8.141166936790984656e-04,-3.947666874610200952e-03,-4.231166912850003450e-04,-1.082311894273123645e-02,5.461681931723475630e-03,-8.353461150353288373e-03,-8.162514285714201484e-03,1.759133126935013029e-03,-1.053723404255323300e-02,9.357837837837775646e-03,-8.645799011532015813e-03,-2.924283489096559437e-03,-1.294283076923088277e-02,-1.100418141592922061e-01
2.124837446808514746e-02,3.027184639872668864e-02,4.411129032258057775e-02,4.036267511674441338e-02,3.572544672402386962e-02,3.528944633467367281e-02,2.323570178086336452e-02,1.725901639344256527e-02,2.881713968957872948e-02,1.882856986899567042e-02,1.297131641554311564e-02,2.099883009079122481e-02,2.381981349424029323e-02,1.450197151633621576e-02,7.982097142857127667e-03,7.076423522759499839e-03,1.266905298759861062e-02,3.435437174290673426e-03,-4.652750611246868860e-03,1.006157846436212151e-02,6.836714918759240374e-03,6.207960339943361001e-03,3.798807692307712858e-03,8.927006688963196740e-03,-3.369374167777036471e-04,3.640000000000009981e-03,9.744437129690707933e-04,3.404037460978078574e-03,1.339651898734104795e-03,-1.665394190870707640e-04,-4.690057142857136790e-03,-1.961830269847468066e-03,-6.308076923076966561e-03,6.547150735294091951e-03,-1.254799459215865222e-03,-4.374127659574444764e-03,-1.105381597384402954e-02,1.014635743519774758e-02,8.390493942218226354e-04,-4.921085427135675310e-03,-8.558832725377026832e-04,-1.094191478439423930e-02,1.000900255754491684e-03,4.023177209064727051e-05,-1.715837140019855350e-02,6.583899803536331918e-03,-2.624523043944231200e-03,-1.648753517163760798e-02,7.481854475209282970e-03,-3.027856049004692442e-03,7.121350364949661723e-05,-4.892220294882980089e-03,3.386424050632910483e-03,2.905044510385768226e-03,-3.254133779264211518e-02,1.755937500000001941e-02,1.664837795275594945e-02,-1.653264084507040030e-02,-2.574041025641022121e-02,6.633105316853721463e-03
2.717479835390946771e-02,2.407605985037412216e-02,1.727334377447146962e-02,3.166254343293956053e-02,3.887816955684009201e-02,3.576869370808057752e-02,2.679108970499698844e-02,2.474539209905657344e-02,2.432883733775201632e-02,1.423474404598967964e-02,1.293163028833192729e-02,1.282090956612660405e-02,1.078105574107365849e-02,1.457270855904656964e-02,1.456770908087214912e-02,1.965152813481893350e-03,5.638103011539587206e-03,1.006138104556890747e-02,8.049956483899305864e-04,6.919123554473440366e-03,2.730274977085211333e-03,-8.510515402843293409e-04,5.580059617194807475e-03,8.982005141388247618e-04,3.971838505171870586e-03,2.986209193870834836e-03,3.660957377049152157e-03,1.938845646438013383e-03,5.847989637305625425e-03,5.170200492437536724e-03,3.673172757474999980e-03,8.430555555555522759e-03,1.926039292730822054e-03,4.858444352503035399e-03,-1.493925925925791666e-03,5.827891647855418591e-03,6.549356223175278489e-04,-2.107507095553419127e-03,-2.610050761421319702e-03,-4.487569113441451825e-03,-3.598513582778079499e-03,-2.878136580201137457e-03,1.893116132422577921e-03,-2.632782152231023971e-03,-4.821188463451038519e-03,-3.126526854219990013e-03,-2.214589420654941750e-03,-9.178866263071933367e-05,2.274163783160648960e-04,-2.047157190634874718e-04,-5.360254574383457524e-03,-4.759811142587289275e-03,1.096891891891958520e-03,-1.681548672566393794e-03,-3.114199999999982347e-03,-3.872969121140253622e-03,-1.323021707670038287e-02,-1.627334465195947114e-04,-8.222450592885439599e-03,-3.654348462664704783e-02
2.515829840737640252e-02,1.944144763445209215e-02,2.392821283509354718e-02,3.743413363533407145e-02,3.691163538873990652e-02,3.264659620764690656e-02,2.522638430395520229e-02,1.952421270310196466e-02,1.910000579206483362e-02,1.978980769230761008e-02,1.882012106537526985e-02,1.487935972369815521e-02,1.699564590838917311e-02,1.042100025451766533e-02,4.017676931388397370e-03,5.464074277854217253e-03,7.646216676120245678e-03,4.222375070185335408e-03,7.228404669260661553e-03,6.289392888117912098e-03,5.987491659084057463e-03,3.932985347985414742e-03,3.576044930535060042e-03,-4.247116293727715435e-04,5.396820512820510105e-03,9.550089463220647057e-03,2.320000000000048152e-03,1.345433639947405226e-03,3.255033025099098639e-03,1.690643375994507584e-03,9.374177573398970263e-04,-3.528449287510549998e-03,-2.650325773195889942e-03,7.521006738010850351e-04,-1.105081216160667924e-04,2.394035414725079452e-03,2.244552882433096998e-03,-1.536410923276970491e-03,-5.485852955309954669e-03,-3.135777673984021553e-03,-4.547225994180482088e-03,-5.407139134965128742e-04,-1.985982721382294897e-03,1.865820416889423612e-03,-4.882384532760415674e-03,-1.539248730964480789e-03,8.883263378804090275e-04,-1.772242361470845488e-03,4.918670422535208198e-03,1.529958308516980508e-03,-2.961768802228503718e-03,-1.113878762541798892e-02,-1.009693079237713835e-02,7.575498575499307451e-04,-3.420818713449765795e-04,8.611666666666652897e-03,-1.433076530612245082e-02,-6.399051321928492762e-03,1.114045955882361598e-02,2.102677427619777106e-02
3.718715719063531155e-02,4.872543130990413668e-02,2.291584354010272467e-02,4.388349514563107123e-02,4.411102962427745910e-02,3.345694453454422373e-02,3.776233972438586967e-02,3.951767894579211182e-02,2.113165509259257863e-02,2.015850809889171633e-02,2.231531034482762965e-02,1.250116613418533751e-02,2.135019791666662239e-02,8.429777777777740927e-03,1.332295774647887510e-02,1.170369815359923252e-02,7.894490019141301926e-03,1.202668539325831530e-02,1.358860864745013719e-02,-8.434995820563235451e-04,3.095381944444405408e-03,4.127945995145713282e-03,1.086990021167215381e-02,2.125162818235683086e-03,-3.875316055625668203e-04,2.492001284934118599e-03,6.205734126984035343e-03,-7.416287827841270934e-03,1.282741998693664141e-02,-2.034767596281442017e-03,3.747766990291242269e-03,2.342256574271444226e-03,-4.713917089678544732e-03,-1.079427623392767953e-03,-4.762695547532889095e-04,-5.207805287452517765e-04,4.083482352941834436e-04,5.228254910918186255e-03,-2.025509846827179983e-03,-2.053372434017581346e-03,-2.372917658259163698e-04,-3.700425321463895242e-03,-9.592977017637662959e-03,-3.117239094422891328e-03,2.467983739837363230e-03,-3.976902800659040844e-03,2.581982447083184737e-03,-1.889465731246614587e-03,-3.965189738107947198e-03,-4.631402793946350245e-03,4.085184049079772749e-03,1.016137832017312325e-03,-2.197777385159017938e-02,1.766052742616029680e-02,-9.496955223880606395e-03,-3.672648514851451548e-03,-1.428402366863897825e-03,-8.458666666666697642e-03,-2.245823327615786846e-02,-9.010806809770553760e-02
4.670929928741089643e-02,2.883243594957299316e-02,3.101993798449620421e-02,5.282374672161849888e-02,5.680942773294193893e-02,5.119269481634050600e-02,4.561791627906978258e-02,3.138843114468339857e-02,3.079727114210987007e-02,3.122270300646247387e-02,1.896092633928565113e-02,2.032974238875875569e-02,1.907027450980392294e-02,1.337283950617290142e-02,1.287059565875822535e-02,8.483137646764947123e-03,1.081044839479969322e-02,8.392293080054282969e-03,5.308745459625593792e-03,7.193028130171010004e-03,9.392328539823047509e-03,3.730995096625308854e-03,6.554095583787074471e-03,2.399999999999984177e-03,-2.069813000890444177e-03,1.475285171102645515e-03,5.059216693418864055e-03,4.904396039603886245e-03,1.966482479784311538e-03,-1.548885235120054998e-03,9.564980026631654400e-04,2.670391061452244484e-04,3.809939480242051455e-03,-2.434878361075599237e-03,-1.441910535117127933e-03,-2.887029983792626514e-03,9.109999999999887285e-03,-9.344380403458177678e-03,-9.333517495395453551e-04,1.788300220749873938e-04,-3.912131147541059346e-03,-1.737681510164468431e-03,-1.644326489734667090e-03,-3.328845315904141369e-03,-4.357245475113137242e-03,-6.804679665738073285e-03,2.148906250000034469e-03,1.080411609498667770e-03,-9.803055555556107383e-04,-1.402956425813607589e-03,-1.408213851761821621e-03,8.298144593730169549e-04,-2.349851521900530628e-03,-7.490609184629909954e-03,-7.600717488789277172e-03,9.793809024134507869e-04,-5.417789473684228238e-03,-3.048284625158832317e-03,-7.213283582089544989e-03,3.405245245245237806e-02
1.355883572567785460e-02,1.253485311398351044e-02,8.052379168227805084e-02,5.043460972017670130e-02,7.780143499308433963e-02,4.785395104895097396e-02,3.483694628647210356e-02,8.672543886664553850e-03,3.837860621326619204e-02,3.102294665537677285e-02,4.388748385360598248e-02,5.710327981047642887e-02,2.540231843575417939e-02,3.510604145601618070e-02,4.146880000000001398e-02,4.070819195346582486e-02,-3.795214662314847377e-03,2.205656193196573606e-02,1.835967698878801166e-02,3.922577885391445585e-02,2.504471571005118663e-02,1.256220825362128896e-02,2.966790462833096206e-02,5.350343580470087387e-03,-1.359346366995073732e-02,-1.535286491387130060e-02,-1.643284532145117965e-03,-5.357833655709772337e-05,-2.763115423901944118e-02,-1.269504461221686309e-02,-3.369090784982933101e-02,-3.208560773480656492e-02,-1.386415954415962971e-02,-3.572096175269220963e-02,-2.928852599913989163e-03,-1.774319759965702070e-02,-5.511782945736435485e-02,-3.580508995173319747e-02,-1.932120622568096312e-03,-5.210185749385739390e-02,-5.207438852304792365e-02,-2.037954170957777950e-02,-4.638445585215614925e-02,-2.169799896049894386e-02,-1.636527918781717494e-02,-1.831630409356724623e-02,-5.179332181922837938e-03,-4.138767772511846993e-02,-1.599472817133436309e-02,1.912719050310898034e-02,-4.819259082787371445e-02,-9.787034920634993598e-03,-1.511456698240867293e-02,-5.636390879478826721e-02,1.013240543161977696e-02,5.995858093126382737e-02,-5.555301864801864831e-02,-4.768104956268223033e-02,1.393905817174494709e-04,-4.682462237668758714e-02
8.481698480716785143e-03,-1.195203836930510072e-03,9.713607766990180539e-03,3.717582822085890165e-02,4.937147058823524587e-02,4.623195774182895651e-02,3.702083614295351849e-02,2.746169141381540543e-02,3.342211985688724185e-02,2.516650000000002219e-02,1.005984903550466263e-02,1.459959681697603831e-02,1.811142376391405504e-02,9.330136020151060666e-03,6.033851572327126461e-03,9.266123054091685474e-06,1.128448176583501938e-02,9.656562889165611410e-03,5.143372183372216071e-03,7.765117521367390866e-04,3.756165413533815809e-03,4.848974979822407057e-03,3.793571623465223815e-03,-1.723838355392817061e-03,6.204198198198169860e-03,3.026949830717076857e-03,3.548134667880110688e-04,2.492524673670845972e-03,2.832702615434286742e-03,4.942398637137993163e-03,1.319227319765390672e-03,2.435809654227929361e-03,6.503639490884142657e-03,-1.517684887462260919e-05,-2.043933383233509544e-03,1.943166306695506959e-03,-4.141418655097667961e-03,-6.335314685314814322e-03,-3.083980453131899679e-03,-2.948836291913261611e-03,-9.909611553784527811e-04,-4.029172644667709975e-03,-5.769878883623015889e-03,5.917457008858474816e-04,-1.717660818713433830e-03,-7.382649769585257309e-03,-2.710554561717305917e-03,-3.775454545454570536e-03,-4.189233599019057987e-03,2.246322033898383048e-03,-6.266220930232848946e-04,-1.913341523341513398e-03,-4.746721311475398178e-03,-5.637065910701613211e-03,-5.246267123287805083e-03,-2.458132653061177210e-03,-5.090246189917844132e-03,-2.325967940813910683e-03,-6.090031152648180861e-04,-2.084403895564410775e-02
1.605278384279473433e-02,1.381621445042279829e-02,1.107138108428977648e-02,2.577377794619167481e-02,2.879852982456133914e-02,2.828834355828222305e-02,1.659385440363980724e-02,2.848665136110194174e-02,3.342013112706836153e-02,1.558523501762625746e-02,8.210594947025239357e-03,1.515237465564734341e-02,9.507364544976311393e-03,1.127385758196721918e-02,1.565294263719890777e-02,2.004272430258836023e-03,8.857606187085666910e-03,1.281557505335543384e-02,2.185564957690342910e-03,-5.514307971955329998e-04,3.704940047961683986e-03,-2.427705581019117421e-03,3.236326969615571734e-03,4.056977378032248539e-03,6.406904962153102574e-03,-2.809447630546284529e-03,3.330000000000065546e-03,2.154694992412795572e-03,5.616581795035036767e-03,7.346252814409792373e-03,4.968045624787265253e-03,5.090857241617615520e-03,3.823002754821202111e-04,2.390475206611624923e-03,-1.120402588066243864e-03,-2.510155009451842979e-03,-2.848662867163567584e-03,-5.477555066079426056e-03,-2.512999556933971732e-03,-4.049751468594548452e-03,-6.821329305135990367e-03,-5.126265790803464888e-03,-3.577700587084198594e-03,-7.446264674492025781e-04,-4.725555555555567035e-03,-3.425392156862710515e-03,-4.840661157024835418e-03,-6.065726548130804868e-04,3.225394896719162383e-04,-3.111364497788947792e-03,1.183323615160421748e-03,-1.513337356668624772e-03,2.415591054313453176e-04,-1.717517006802593647e-03,-3.922275449101671023e-03,-8.489081081081151225e-03,-1.345493562231780136e-03,-3.514264150943453499e-03,-2.261721854304277288e-04,-3.051444589667753199e-02
5.894560234346403471e-02,4.329137473831127375e-02,4.650922230374181926e-02,6.096905541093351061e-02,5.924973223848616077e-02,4.781795386158468192e-02,4.558986970684040380e-02,4.179322419706892749e-02,3.358988892415115668e-02,2.824830601092893911e-02,3.516969937606347768e-02,1.791156024579213663e-02,1.945839416058393195e-02,2.218199845480289811e-02,1.039199796902767065e-02,2.260131195335278106e-02,1.313888585607937178e-02,2.704565750736050069e-03,7.086374351720957365e-03,4.405619260362335365e-03,7.970079979360158648e-03,1.156799102428714664e-02,6.416728494623653682e-03,7.503692801712689465e-03,6.494888828633357987e-03,7.473785594639847062e-03,5.291951219512125090e-03,7.585427782888723956e-03,1.867844092570041057e-03,5.033333333333339307e-03,4.750118971061170065e-03,5.635693877550903251e-03,5.779006920415180430e-03,-1.013435114503842419e-03,3.080373056994825057e-03,4.594175387946669402e-03,-1.528136954858412425e-03,-4.328756660746025178e-03,-6.444813650651175056e-03,-3.283983885407380961e-03,-1.112195189639233334e-02,-8.590456644433036235e-03,-9.850870010235826361e-04,-2.272549800796851149e-03,-4.453759562841552722e-03,-1.010260303687652303e-03,9.244419766797143390e-04,-2.624615384615325113e-03,8.205273069679795044e-04,-9.272236180904438671e-04,6.501431359791958386e-04,1.107777777777808849e-03,-4.422653316646318021e-04,-3.221490641711220650e-03,3.738037249283667103e-03,-2.914492525570458112e-03,-2.587130600571941556e-03,-1.071881006864990223e-02,-4.378804347826096080e-03,-4.783372101748317035e-02
3.782724099926535605e-02,3.743822033898304424e-02,4.092283607106950161e-02,4.282642781875661830e-02,4.748775965969515706e-02,5.021673227010522295e-02,4.786977033492826467e-02,4.124859374999999967e-02,3.641420577617333204e-02,2.924512954966074912e-02,3.033602473498241830e-02,1.290776345291482288e-02,1.036071523178806048e-02,1.281949519230765090e-02,7.972471220261029973e-03,7.809114754098434551e-03,3.886132235408033819e-03,9.096453201970527980e-03,1.405452253999022773e-02,1.212818181818192328e-02,8.321782105003788441e-03,9.693913934426269183e-03,8.871240493050189940e-03,2.390000000000034024e-03,-1.863301101262531062e-03,-2.497498634625924200e-03,6.917606220494309198e-03,4.639151624548758408e-03,8.763636919315335658e-03,7.302829386763779254e-03,5.628367670364552502e-03,4.109778063686135921e-03,3.530648464163926425e-03,-5.016999649491675137e-03,3.536424581005517820e-03,3.791773245765606669e-03,-1.153341808935717675e-03,1.979430111667220948e-03,-2.366914464845479727e-03,2.867033860045174569e-03,-3.406264732547608070e-03,-3.908033946251726273e-03,-9.521599169262506953e-04,-9.123512658227849251e-03,2.876527006562912357e-04,8.118981737687178644e-04,-5.562368566685299423e-04,-1.816436651583703708e-03,-2.239100562148711206e-03,-9.282010243277653058e-04,4.635419847328314281e-03,-2.946765299260262899e-03,-5.693820224718372210e-04,4.081318681318911348e-04,-1.649993002099456882e-03,-5.404467924528326764e-03,-5.172153589315516171e-03,-5.931300813008156918e-03,-8.478036809816034969e-03,1.145993512903688109e-02
4.212186732186734561e-02,2.890363831308069911e-02,2.480865311746479132e-02,3.563830042084818045e-02,4.556212487411882145e-02,5.466690707816172085e-02,4.567605442176871089e-02,4.046710082745944709e-02,3.410805916088137379e-02,4.156561038961040233e-02,2.843167817472226980e-02,2.530604998563622254e-02,1.735059212338199014e-02,2.330792130468550827e-02,1.266331573389640856e-02,1.418178787878791869e-02,1.638447204968938170e-02,1.176165627996163948e-02,1.360881421962502509e-02,1.032479827089346526e-02,1.175652376514462740e-03,1.190632284808587626e-02,1.113848338828308908e-02,5.180823529411819270e-03,9.578542834267447445e-03,8.280283044058667566e-03,1.025766395663950045e-02,4.401825990579154996e-03,3.459801503759491349e-03,6.941517829929973182e-03,7.296835404668055788e-03,2.791782994923867282e-03,3.146826675257724873e-03,3.979938587512764706e-03,1.258861071932321218e-03,6.692222611130642027e-03,4.484770992366458008e-03,-5.229327700220435214e-03,1.549999999999568487e-04,-4.545776566757615302e-03,5.286549840691752954e-03,-6.685552486187907630e-03,7.744614648157441055e-04,-7.074189765458399615e-03,-1.438281417830363212e-03,-4.281313079299679802e-03,-1.556473239436688199e-03,1.124915730337066634e-03,-3.324527421236838677e-03,-9.214814814815517133e-04,1.023052837573408189e-03,-3.748424522083007668e-03,-1.911712089447975159e-03,1.285203883495065254e-03,2.153810483870986607e-03,-3.418141916606612092e-04,-3.374900872323580246e-03,-2.361391304347821695e-03,-7.082013129102907034e-03,-1.687615283267423138e-03
3.265175879396980951e-02,2.333543396226414601e-02,3.083487001733099808e-02,3.878658269804439312e-02,3.954500778089011653e-02,3.623083495145636851e-02,5.034535691523275153e-02,3.228840125391849863e-02,3.807453231041597885e-02,3.440880723242937395e-02,1.535100909607739136e-02,1.769389560601592609e-02,2.092459977452083841e-02,1.037179165530403673e-02,1.506807093646339232e-02,1.968681358568839454e-02,8.809022556390898318e-03,1.445733202550278026e-02,1.444272533711849459e-02,1.510961788031718080e-02,1.446732447817836512e-02,1.244460617227090282e-02,5.973409477521332209e-03,1.572973480110077468e-02,1.412752198654945376e-02,7.925301300769807544e-03,1.217203703703713565e-02,2.388222523744920438e-03,3.826024930747992051e-03,5.850929814037211275e-03,6.603861838101102340e-03,3.667938050409968228e-03,2.730503505417562846e-03,1.205126213592268378e-03,1.563529613146202564e-03,7.290270840661259959e-03,3.731671968894098731e-04,1.051203638908312227e-03,-6.865666293392955200e-03,-6.240661938534276115e-03,-1.879641544117597804e-03,-6.185220417633423458e-03,-7.456556914393256894e-03,-9.373321917808295073e-03,-3.389079019073528484e-03,-2.824411276948674259e-03,-7.435619047619039870e-03,-3.916284403669682986e-04,-5.575514874141930879e-04,2.380833333334175263e-04,-1.454449511400715414e-03,-3.216273584905685479e-03,3.530930706521681704e-03,-1.927965242577904395e-03,1.281224764468385808e-03,-4.719380717804348528e-03,-3.630144817073244212e-03,-4.854085570469699427e-03,-2.591884328358322765e-03,-6.503657678780833985e-03
2.700271814404434784e-02,3.301493917274938433e-02,2.963406593406599579e-02,4.377522402920674960e-02,4.468358365019007433e-02,6.299212598425196763e-02,5.385924563017471800e-02,5.227468721668178386e-02,3.392991815701727754e-02,3.643998292544107370e-02,2.364405644241733551e-02,3.911558654634950116e-02,2.470426720414626437e-02,2.298737713970181243e-02,2.371989072494669337e-02,1.904279489105931839e-02,2.083169250317662077e-02,9.704992548435237287e-03,1.735733365477337350e-02,6.829011997177157969e-03,5.499110473457795301e-03,9.646528692379991582e-03,1.254867167919793136e-02,9.843607031061933285e-03,1.770816477553034327e-02,1.072210661199388647e-02,9.173587645195354148e-03,6.330258302583099267e-03,4.789999999999915853e-03,2.730000000000047059e-03,4.327284172661914965e-03,9.008956943602255615e-03,-2.144092581238454722e-03,-3.817833173534355366e-05,-2.683338767525291109e-03,3.635584504628048847e-03,-2.238152482269431184e-03,-8.257227615965477205e-03,2.494667604643035184e-03,-8.214310148232525921e-03,-1.957820359281456021e-03,-6.242245088868197088e-03,-1.016136148007586344e-02,-8.477234757561066120e-03,-6.105627186406846311e-03,-9.721300949190386440e-03,2.647715736039760745e-04,-2.291581219643831335e-03,-3.175109015910412922e-03,-4.652454384932341522e-03,-6.834200743494485940e-03,-4.352150537634484617e-03,-2.135251396647968713e-03,-6.207455705173663997e-03,8.584499623776708881e-04,-5.708056338028200463e-03,-4.679703043801084622e-03,1.426936135812469303e-03,-2.334867256637209766e-03,-1.762728934010154153e-02
3.515639779386421637e-02,3.379582329317274564e-02,3.423967774420946797e-02,4.790990164974616439e-02,5.192450739691532868e-02,5.627003891050583878e-02,4.723534315087524194e-02,5.339074106364431749e-02,4.093781585826310188e-02,5.638022044088165929e-02,4.847007852694286412e-02,3.891188374006027129e-02,3.206233377483449359e-02,3.872939889196676255e-02,2.609310381925759176e-02,2.597066735912745283e-02,2.087679351829117499e-02,2.983904785397132470e-02,3.248159730574930182e-02,1.776856193640251672e-02,2.142763594470041208e-02,1.784514473993881190e-02,1.757456396021278219e-02,1.307318540211754865e-02,1.674892289442462753e-02,1.097866471019808693e-02,8.369880437547709551e-03,8.090824146981725334e-03,8.122960440136155202e-03,1.125933888739591091e-02,8.743381136238299878e-03,5.219174147217282671e-03,1.449479768786103616e-03,5.814777811829668734e-03,4.058530729833623521e-03,8.652612231619992780e-03,3.964164092001243485e-03,-3.013319011815294383e-03,-2.553529411764706662e-03,-3.502162162162236400e-03,-6.156329849012811758e-03,5.050000000001238394e-04,-9.089122974261206259e-03,9.750969581749037787e-03,-1.856133268482468507e-03,-4.715847328244185746e-03,-4.524058219178086343e-03,1.193114285714338150e-03,-2.122992299229047660e-04,-4.725036452004810483e-03,2.525528989838649822e-03,-2.239270633397345226e-03,-5.543016759776519045e-03,9.180487804877306276e-04,4.390623640319062278e-03,-3.264705882353048389e-03,-1.682137628111145342e-03,-5.491518489378476031e-03,-3.605964163822600582e-03,-4.465906932573454613e-03
2.025465721040191000e-02,2.881636394101876053e-02,3.208171150729335896e-02,3.872216844143271802e-02,5.432432172869148396e-02,4.192605429864260103e-02,4.981693709080554228e-02,3.515328057939913486e-02,4.362776480400337720e-02,4.363663608562686619e-02,4.749457400327691814e-02,2.790207949460384376e-02,2.825441866666660723e-02,3.577395247828304287e-02,2.613817494600427851e-02,1.955908130939803050e-02,2.709115949367088896e-02,1.478578832647135625e-02,1.219478409368131809e-02,8.386221638404640910e-03,1.427713951310858806e-02,1.435380063723259297e-02,1.574844495944373660e-02,9.640902411021867388e-03,1.051339437248776862e-02,1.165927144535842085e-02,8.715532069970832740e-03,3.504476891823306902e-03,1.062999218953396968e-02,3.662052893427619055e-03,9.020096256684418529e-03,1.561089903181211774e-03,6.042242152466349193e-03,7.491697540236903242e-03,6.110812634161202038e-03,1.222310654685492340e-03,-1.774819435325066105e-03,2.885527950310517054e-03,1.201264450867716598e-04,-1.469191956124269718e-03,-8.630964943982620888e-03,-4.524751078008671171e-03,-3.963666121112867369e-03,-6.488163662932349557e-03,-1.010255915016874386e-03,-1.796871618298041904e-03,-1.804013464526112382e-03,-3.925591147350079163e-03,-2.840909090908825684e-04,3.152042529378910798e-03,-5.387087499999978525e-03,2.080600122473950410e-03,6.059173228346407050e-03,1.072446351931329684e-03,1.702873986735425286e-03,-1.847483095416170703e-05,1.143153526971754397e-04,1.406540785498397624e-03,-3.755251028806501270e-03,-5.264183486238676463e-03
