3.446396407650630708e-03,-5.635418149691298964e-03,-1.706871882331874226e-03,-6.055478215393749267e-03,-8.155693065580466722e-03,-5.897007384066768956e-03,-6.989430915958686971e-03,-9.596678009772523915e-03,-4.296621880273990453e-03,-1.116593760671752129e-04,-3.282526856046972391e-02,-1.089978198205440382e-02,-1.604777124161094193e-02,-1.561177414387283913e-02,-1.268743145678484507e-02,-6.139641011908010537e-03,-4.635350977353645818e-03,-2.819331140736306297e-03,7.101904587676945331e-03,-4.881950228640497512e-03,1.174083120061792458e-04,1.762380703001007907e-03,-3.944751498464277480e-03,2.269120087509127019e-03,-1.479745620736906296e-03,-4.804411145770072847e-03,-8.609317183089772684e-05,3.673998627083355120e-04,1.054218286702280401e-03,-3.868696391464163196e-03,6.148862661640290030e-03,-3.804034300243797897e-04,1.627182892250375384e-03,-2.320900243184312905e-05,-8.698946817270765755e-03,3.646390777024615011e-03,6.142525553814014855e-04,-4.521266933754351097e-03,4.607955261462471849e-04,-6.742202544956734343e-03,6.270211877911251652e-04,-5.462546923703180332e-03,-5.246771721233290357e-05,3.289571342269265262e-03,-3.794165237561378072e-03,1.979280600860246035e-03,6.017709619777182259e-03,-4.280741656023860468e-03,5.646626002567053416e-03,-3.208091473112130443e-02,5.196680554332677379e-03,4.390147298754045434e-03,-7.567325566889934046e-03,-5.465595181023628337e-04,-1.247521344575152139e-02,-8.883091073641477542e-03,9.634508780448278881e-03,8.388695003650850938e-04,2.956499227732959853e-02,-2.670346579953692401e-01
-8.192502349714587961e-03,-2.322911645978260539e-02,-2.050262455959181440e-02,-1.826130586003716846e-02,-1.776180143654042948e-02,-1.267521543734636408e-02,-1.303094395166359658e-02,-1.554053250391461763e-02,-1.238132469246184565e-02,-7.728434553418435382e-03,-6.192580115728022264e-03,-3.228808686420817434e-03,-4.572317307317621225e-03,-7.450794712147596269e-03,-3.929563566238462868e-03,-2.811035604871444521e-03,-7.922187666665126554e-03,-5.599137451265992146e-03,-8.447649704729496764e-03,-5.055211368839525321e-03,-4.514519269102016535e-03,3.570566247395506702e-03,-7.425136066505619303e-03,-8.951602302653637305e-04,-1.264035158538953608e-03,-4.649201690293602168e-03,1.643454762892212866e-03,8.293733706429310629e-04,-6.493298571820542084e-03,-2.713683702776262686e-03,-4.046937201186324995e-03,-1.688955430957433815e-03,-4.353659029841476687e-03,8.401400388510910349e-04,1.466833482053429795e-03,-4.077339329935316184e-03,-3.226196492256421574e-03,3.161387402099995105e-03,-1.875501394353752248e-03,-2.378604637963995308e-03,-7.788450163645484897e-03,5.550249875634788790e-03,7.061325931228279625e-03,-4.369603697128537738e-03,-3.879936475499564156e-04,-8.830373750734112764e-04,-7.560255190854263917e-03,-7.352923702128389208e-04,2.291760124822848996e-03,-5.561682535863319513e-04,2.630138325608810061e-03,-8.864630496006653581e-04,8.176523303879671203e-03,2.652547854316473250e-04,2.516998486017834810e-03,1.630729039222652719e-03,-4.212245335802409086e-04,-3.776418676244189688e-03,5.896010533534346183e-03,1.817376856987270861e-01
-1.673100424913726708e-02,-8.403917902731703957e-03,-2.374684976538224412e-02,-2.095666454381358776e-02,-1.895997557950940618e-02,-1.787252397668003673e-02,-1.302401116842074637e-02,-1.337846299210372278e-02,-1.536489013853657888e-02,-1.303678435211848979e-02,-7.475520440286586091e-03,-6.490798601670661090e-03,-3.236425386975359982e-03,-4.798050944966318621e-03,-7.661263846526379998e-03,-3.685011794323620089e-03,-2.925127069628086305e-03,-7.998559863318044361e-03,-5.692053729272543265e-03,-8.394810985000842121e-03,-4.558242976024508286e-03,-5.785547678212175048e-03,4.535197639447092859e-03,-7.734397733636599014e-03,-9.702050759657021789e-04,-1.214121839877570132e-03,-4.659083253209204099e-03,1.176895720323737357e-03,1.413389388533626851e-03,-7.443184938687889829e-03,-1.083045822561086230e-03,-5.719396295414858229e-03,-7.945230437818400198e-04,-4.318899361678775646e-03,1.656647877008819161e-04,1.213401968616153234e-03,-3.412015718261403492e-03,-4.394743328979761401e-03,4.314743260933365417e-03,-3.637144591235193323e-03,1.713313925339142061e-03,-1.359220351310049500e-02,8.452040768458015177e-03,6.901198369111831259e-03,-2.704852894000700936e-03,-2.285584578727535739e-03,-2.016527668617298843e-03,-7.121011757510836183e-03,2.301460819221642310e-03,-2.852929977640433594e-03,1.084722849978533681e-02,-1.169895332989519775e-02,8.025228382363854690e-03,5.131280757748987904e-03,7.613063354948226835e-04,4.979083496737980209e-03,-6.811853606797634584e-05,-1.875660652953155001e-03,1.213701386168890804e-02,-1.325442981618459304e-01
-2.210099229038258242e-02,-1.706190660636999409e-02,-8.402699376075578250e-03,-2.420345885499676844e-02,-2.140585128531555248e-02,-1.939800094682324685e-02,-1.832182005018928930e-02,-1.319611509049241523e-02,-1.361058497307462284e-02,-1.553061166009163212e-02,-1.323810701433916076e-02,-7.865695457147657207e-03,-6.603508771929849155e-03,-2.818315891128680452e-03,-5.040630034028758047e-03,-7.798063327428150608e-03,-3.880683008940984027e-03,-2.729771882764326675e-03,-8.080197673624871929e-03,-5.960968397731885270e-03,-8.382883560791221447e-03,-5.146786337664657068e-03,-5.106893874819965970e-03,4.778303324129615746e-03,-8.603791464952770252e-03,-1.355616307715756222e-04,-1.311818702422679669e-03,-5.270180655210641996e-03,9.496751526821326471e-04,1.085105006403556558e-03,-6.173703167133608172e-03,-2.405422011568023391e-03,-5.802024244417641752e-03,5.377359277226576343e-05,-5.397831424808640158e-03,-5.974254675364513469e-04,2.011913033363588958e-03,-2.921835275840480028e-03,-4.652945758228819485e-03,3.019994711668881181e-03,-1.048819405037376782e-03,-2.116563267696223386e-03,-1.200900259859900322e-02,8.998579416608885884e-03,6.452930121575712989e-03,-4.398211082956532229e-03,-1.594461066619944133e-04,-2.467920377861780677e-03,-6.977125002942314615e-03,-1.037865977060505648e-03,4.046923657937007840e-03,6.871726278625115477e-04,-5.144809639391011678e-03,3.469649604162069762e-03,7.517759844313999518e-03,4.888335047090913363e-03,3.314365068919599734e-03,9.973191923588358744e-04,4.646180826678893497e-03,1.256559008865056927e-02
-2.133398549128721206e-02,-2.276963407009834767e-02,-1.714636642050023155e-02,-8.591996850568991290e-03,-2.488731836216082072e-02,-2.215029797247176219e-02,-1.979338939186384497e-02,-1.878650408422624998e-02,-1.335908208016396877e-02,-1.382539241794760072e-02,-1.562011161209148069e-02,-1.361318225317409945e-02,-8.004015328929666231e-03,-6.576688023376791627e-03,-3.066262903290943066e-03,-4.914703578422783062e-03,-7.886764564007012202e-03,-3.953085815349256273e-03,-2.911590919876085818e-03,-8.107606115209373132e-03,-5.489668718459438275e-03,-9.274776108503466829e-03,-4.722316902951996000e-03,-5.657597263098216277e-03,4.369768005080476407e-03,-7.796560943505996544e-03,-6.329084173906067293e-04,-1.198528692832880613e-03,-5.338828234684321779e-03,1.115572644155531003e-03,1.523118522157641515e-03,-7.496561808275820950e-03,-1.987458861791484635e-03,-5.481109882325829220e-03,-6.799026081075272478e-04,-5.669041003964090004e-03,6.414028151860205838e-04,1.412663932025782273e-03,-3.296628350188146941e-03,-4.679302823875751242e-03,4.443124018980722061e-03,-3.939632733465554121e-03,-9.831344044121043731e-04,-1.301273287979438573e-02,9.117471122914137457e-03,6.831850271593954346e-03,-3.403476071085671534e-03,-2.128920112815376690e-03,-2.249779103538086886e-03,-1.061395533670749652e-02,5.013507533699246635e-03,-6.507765075652788278e-03,8.108772233952213707e-03,-5.518801297506297637e-03,1.159861028294205398e-03,8.899785587962213973e-03,4.292915371688492063e-03,1.355766659077476408e-03,6.084072481115457634e-03,4.026067633243517185e-02
-2.108420620906975920e-02,-2.169174831252488472e-02,-2.317714903960596887e-02,-1.776272317219877717e-02,-8.841426828936757229e-03,-2.540803861892784385e-02,-2.255095286543282868e-02,-2.037697788153743778e-02,-1.885290150541082607e-02,-1.392736634531130738e-02,-1.387136193650817875e-02,-1.620287014907693945e-02,-1.385386847670898140e-02,-8.153651451452201618e-03,-6.296792112914567294e-03,-3.232220187290483528e-03,-5.148615768429968577e-03,-7.992594809490704069e-03,-3.708388622017004706e-03,-3.184320524868244386e-03,-8.020382431644068957e-03,-6.470868975230359421e-03,-8.588491392413469955e-03,-5.301779301558607466e-03,-5.016640912312725527e-03,4.226811792183806857e-03,-8.433271881612356899e-03,-3.995110291746008496e-04,-1.723017773040089922e-03,-5.101990561751669311e-03,1.826648943073374328e-03,1.902207108965322927e-04,-6.490672041212508514e-03,-3.286001921386848962e-03,-5.462786812584539443e-03,-6.548265802837337788e-04,-4.625878917948965906e-03,-3.891370948588837803e-04,2.491920656649040163e-03,-5.248571415741169408e-03,-3.348806082307410198e-03,1.993631118594534849e-03,-1.885781592601719434e-03,-2.045575438525694054e-03,-1.147161621081600920e-02,5.992621098360359846e-03,8.769413390080912224e-03,-6.199925008733870625e-03,1.249029617273137794e-03,-4.951965486181663517e-03,-5.983425773445251103e-03,-2.729827380830546126e-03,6.440443009905970860e-05,5.000949643794763352e-03,-5.619259997386493420e-03,3.359727951415530846e-03,5.806986651406263224e-03,-4.517751182755474137e-04,1.434143131760240268e-02,-1.761871143978404469e-02
-1.694866848462362949e-02,-2.162053067835957576e-02,-2.216396798348885255e-02,-2.377361243459271550e-02,-1.789921400514492278e-02,-8.907620008835586550e-03,-2.642620241525086774e-02,-2.311355527193488871e-02,-2.092035748002579049e-02,-1.940101608891281817e-02,-1.377366808566291706e-02,-1.451065203608955557e-02,-1.664791307464651843e-02,-1.363718162422745787e-02,-8.308501046922892042e-03,-6.575954473862375728e-03,-2.951746503440110230e-03,-5.426621270417601034e-03,-8.148736201790662478e-03,-4.083519743026107519e-03,-2.627454779436579502e-03,-8.731848545401835193e-03,-5.798668480180575735e-03,-9.334457271061509173e-03,-4.891986969632669373e-03,-5.368305574567740039e-03,4.229973537940877326e-03,-8.911605367169946751e-03,-2.834396217618054205e-04,-2.004984746301991579e-03,-4.509722969463254329e-03,5.175423478993839560e-04,1.152350504169210406e-03,-7.837006463436721818e-03,-2.822242174044435961e-03,-4.785186779466393640e-03,-1.802898109577353095e-03,-5.621974673694358181e-03,1.593661797406548033e-03,-4.469659316898493624e-04,-2.615125716967610977e-03,-5.437619677351629086e-03,2.709014780136874846e-03,-2.636692790311719221e-03,-1.962028803233804766e-03,-1.369358662351527652e-02,9.985979611954767104e-03,4.606980268913483598e-03,-4.185061938962480153e-03,-4.515265077578898244e-03,2.415511445257264612e-03,-1.684766974481634663e-02,1.771544880808625369e-03,-3.579219736351337347e-03,4.102198393006508889e-03,-1.044066601934013662e-03,-4.498333528894142216e-03,6.030029643228958930e-03,1.477886698195187039e-02,6.787084261335554758e-02
-2.054798910669694209e-02,-1.723200465406710125e-02,-2.197640332270522565e-02,-2.307542364363916743e-02,-2.435315309674236650e-02,-1.839555822859376133e-02,-8.566483161442380034e-03,-2.750006741293969589e-02,-2.342616425846236194e-02,-2.132165640196884496e-02,-1.989426224571451407e-02,-1.408759332137024360e-02,-1.473261633641244177e-02,-1.683531709278703048e-02,-1.423010845391672885e-02,-8.167809034851258865e-03,-6.738740749148034413e-03,-3.111705745684101906e-03,-5.149762814540786819e-03,-8.669196572322341102e-03,-3.424604943615673809e-03,-3.236793706102644632e-03,-8.331095191218140447e-03,-6.288788527404265243e-03,-9.649327286845466728e-03,-4.478926270981580318e-03,-5.973992713333640438e-03,4.551917376986987576e-03,-8.779385286079242554e-03,-1.166704009292535453e-03,-8.530139255581560640e-04,-6.370013279329598405e-03,1.843445287439106350e-03,1.129868290418724460e-03,-8.375955967579258934e-03,-2.718291206619742866e-03,-4.796627200636894607e-03,-1.265379170688464084e-03,-5.648729432662787445e-03,-8.455767538844446811e-04,3.233273100456307819e-03,-4.852344092386356132e-03,-5.384096132526812115e-03,3.304347161880039768e-03,-2.465519596913788580e-03,-2.146487013717846178e-03,-1.448515272312326900e-02,7.740929553502164800e-03,8.606335618323308900e-03,-8.806918182031744230e-03,2.000253538686911064e-03,-4.788687539555741036e-03,-1.280413608833567626e-02,2.276070604065608561e-03,-2.598417909080780273e-03,6.520547546096236609e-03,-7.727256555015737417e-03,6.153944027082952802e-03,1.287633281606961541e-02,6.233141601831086037e-02
-1.589546931768340624e-02,-2.117806582813945224e-02,-1.747371398190912875e-02,-2.244578988078874127e-02,-2.360081046488943929e-02,-2.496268064425426897e-02,-1.867815614153254394e-02,-8.898077604289889725e-03,-2.801856516549691700e-02,-2.440288718040161536e-02,-2.198271080000937031e-02,-2.037151813052399951e-02,-1.427119249534744561e-02,-1.496366671309887555e-02,-1.733829151083525824e-02,-1.426694628805673729e-02,-8.099895020726914294e-03,-6.798375692288654952e-03,-3.453219062668250790e-03,-5.223045257417119683e-03,-8.210145820558279600e-03,-4.338763721243875209e-03,-2.628601638910969644e-03,-9.097878690636150914e-03,-5.675356146713433393e-03,-9.676602273156954814e-03,-5.130735150360258949e-03,-5.569511132500738759e-03,4.337677586501144378e-03,-8.647944012286155890e-03,-4.821221261816502823e-04,-1.799092665217036369e-03,-5.767305802605734825e-03,1.420261316002942482e-03,1.686403784848242984e-03,-8.387156972616249470e-03,-2.601129480502971814e-03,-6.209559771418520988e-03,-1.605432037190873597e-03,-4.991008864281544673e-03,6.602333056592511436e-04,1.090068170121653390e-04,-3.901521477435698857e-03,-4.204016778223019536e-03,2.964854967990794132e-03,-3.598838689174452786e-03,-1.483162307871761180e-03,-1.550237409605356546e-02,1.081163197194472819e-02,5.775600899887788076e-03,-4.852868090901368663e-03,-3.003673617846942985e-03,-1.401895561096264510e-03,-1.441554924961680959e-02,3.529012557226931905e-03,-4.654880680094392389e-04,4.256366677768221897e-03,-9.756313630771411630e-03,1.556729342991973811e-02,7.164744102246495272e-02
-2.131067898428440702e-02,-1.661081017969730581e-02,-2.157767879263586958e-02,-1.778968711411978501e-02,-2.304596142046223817e-02,-2.425775127573812084e-02,-2.545121923469901432e-02,-1.935586442062925752e-02,-8.860484450208976070e-03,-2.921766682181088995e-02,-2.480646477198686015e-02,-2.235477491397643360e-02,-2.088566863571369309e-02,-1.447055625390087849e-02,-1.504850844731128734e-02,-1.803669301140473427e-02,-1.449354346186475240e-02,-8.238006953617676986e-03,-7.084646920160794781e-03,-3.097689609608733543e-03,-5.091036235610538196e-03,-8.691340042587702985e-03,-3.788149157063736786e-03,-3.092952016968193284e-03,-9.071845639631537228e-03,-6.457169056974155011e-03,-9.136354737010918617e-03,-5.479393831183124002e-03,-5.388031333516392178e-03,4.034358334508682080e-03,-8.710742140376205936e-03,-9.333056923864125774e-04,-1.412590319014473501e-03,-6.306456395183168522e-03,2.092659376093877581e-03,9.885380806601983157e-04,-8.765235361075148640e-03,-2.613873608718469358e-03,-5.394974451779452687e-03,-3.140271566984731335e-03,-4.567695665255758555e-03,-2.536970300417087519e-04,1.079549005803153491e-03,-4.165829016195407228e-03,-5.455170151479039886e-03,3.810079119634060974e-03,-3.687104767814087126e-03,-3.893631252633982139e-03,-1.429749951758449260e-02,9.060537112316116928e-03,9.435900758839581987e-03,-8.660403049685967691e-03,-4.905655451839074054e-03,-6.589506620935203611e-04,-1.741897242610604760e-02,5.496062080698469951e-03,-4.592609891983623349e-03,1.213230539114023079e-02,-1.346023634544844805e-02,2.400184718319799404e-01
-2.152392038624005577e-02,-2.216030510733191239e-02,-1.699249806297633072e-02,-2.253847554667849293e-02,-1.790724422382330983e-02,-2.340002903341746252e-02,-2.437935490463012667e-02,-2.606637792287442440e-02,-1.919645269460506370e-02,-9.077953571598558133e-03,-2.943235548760449877e-02,-2.500076821523326137e-02,-2.233709012143165681e-02,-2.115973457261656129e-02,-1.451643148393018737e-02,-1.530015696958592422e-02,-1.757589963041808825e-02,-1.499957784114588390e-02,-8.221035124791210152e-03,-6.832035300606725467e-03,-3.538579840138708632e-03,-5.397342935666788258e-03,-8.517864197417355024e-03,-4.250474693916152583e-03,-3.114759994090767099e-03,-8.892388970279647628e-03,-6.205055646545457049e-03,-9.925942815067019184e-03,-5.450605655338554116e-03,-5.309699317909864422e-03,4.320064385110341382e-03,-9.736755826101877592e-03,-7.373337148272754524e-04,-1.159173181399164674e-03,-6.203131534748111860e-03,1.160696749889895312e-03,7.056955638428502294e-04,-8.378726916375311973e-03,-2.668959693161055292e-03,-5.755591258308391175e-03,-2.090711586949702255e-03,-5.669573183027729925e-03,-4.816866539282973580e-04,9.608115566604856104e-04,-4.140812059509692104e-03,-6.842303666938050026e-03,4.518431953965187930e-03,-4.288713838333276483e-03,-6.748453337512421183e-04,-2.013751807978384281e-02,1.139504569651050153e-02,7.949923901266220741e-03,-1.117695816447725025e-02,-3.550010837202717344e-04,-2.157540086588363541e-03,-1.968636527821170795e-02,5.794969286636334968e-03,-3.337033322995877974e-03,1.128403032053706782e-02,-1.382954782586293674e-01
-2.081479992032727808e-02,-2.687373953521696168e-02,-2.598733428118663730e-02,-2.428868849857328954e-02,-2.548611666701453699e-02,-1.593071600722211628e-02,-1.987718984799237767e-02,-1.881735479182848961e-02,-1.528567691957501834e-02,-1.607388704209771618e-02,-7.873355447437176136e-03,-1.691843059520854384e-02,-8.602795234354925977e-03,-1.369425711120985344e-02,-1.147418292433483034e-02,-8.019611513886543835e-03,-1.454038568094270269e-02,-1.069721411395131369e-02,-1.022393503200604882e-02,-8.839497425696023550e-03,-2.084233985413692057e-03,-8.638687891054550386e-03,-7.618901323689918591e-03,-6.666217197404519269e-03,-8.903574713972090687e-03,-3.979631548148628885e-03,-4.932738699940484792e-03,-6.278282809129635302e-03,-6.232369328402253064e-03,-7.899546276619307666e-03,1.198245613241090629e-03,-7.748696518476350624e-03,-5.410193969459874998e-03,-3.525092544939406169e-03,-3.845111014213379187e-03,1.755195835294933891e-03,-3.795236616355987958e-03,-4.138630251806564228e-03,-1.780529002723163588e-03,-6.358511448019771306e-03,6.456954718536889919e-04,-6.193381381479743167e-03,-6.416425736123787266e-04,-3.783462822775045167e-03,-4.674694632684149066e-03,-4.079918580081207330e-04,-7.108508429534670346e-03,-3.283812887371805912e-03,9.146816793572453514e-04,-4.118735802750803435e-03,-5.296768505601619909e-04,-2.796921969518598606e-03,-1.941303671667058903e-03,-6.714749040371191524e-03,-2.793874870349068867e-03,-3.853543796110257651e-03,-5.467061331283331661e-05,-1.001300745114519671e-03,-3.085278928004964866e-03,1.356647601480159282e-01
-3.386602685436444077e-02,-2.105466412435594986e-02,-2.799693837844017055e-02,-2.657731428458791345e-02,-2.489185495360187947e-02,-2.650971341439051221e-02,-1.636499141031689392e-02,-2.003509058556936576e-02,-1.914945278506821613e-02,-1.548184620571723541e-02,-1.655977663688390153e-02,-8.026486034565374211e-03,-1.704713090535173864e-02,-8.643821694980024367e-03,-1.389221079705877000e-02,-1.163498162120991247e-02,-8.478067324325795975e-03,-1.457942355392775370e-02,-1.085140009475305325e-02,-1.065898299026397239e-02,-8.809306771464566962e-03,-2.222805799454464874e-03,-8.602713065814920901e-03,-8.246994945136743721e-03,-6.238889465181396941e-03,-9.303077095387952619e-03,-4.283461968122041427e-03,-5.113104202316813736e-03,-5.708488471872572544e-03,-6.644542997589050239e-03,-7.614849739229996584e-03,7.586268175550437212e-04,-7.802431629355136879e-03,-5.700160229225041848e-03,-3.368484547287186638e-03,-3.977611941698975563e-03,2.371461688452567145e-03,-3.709105727162484174e-03,-5.480161197818512325e-03,-1.739022173462531672e-03,-5.424604006978103396e-03,-1.293266752990728527e-03,-6.507800508189146363e-03,1.969664424274012175e-04,-4.700863648966448725e-03,-3.870917645651833407e-03,-1.534934245532033241e-03,-7.870196287118557538e-03,-2.726950990392666002e-03,2.032105856851519350e-04,-2.135209375336594596e-03,-3.396279333437851860e-03,-2.243287891185609308e-03,-3.107759993724906050e-03,-5.958757359141660277e-03,-2.462366150568166996e-03,-8.488895057524745375e-04,-5.999099260046766163e-03,4.308450465940651532e-04,2.759229030464137051e-03
-3.486807254778567788e-02,-3.501781956157945519e-02,-2.160009392150913365e-02,-2.883169761293178507e-02,-2.728276476411362408e-02,-2.573901405563715564e-02,-2.690748297817242493e-02,-1.692784411804024516e-02,-2.045883352300063504e-02,-1.964042168111014217e-02,-1.606808474443671697e-02,-1.672218058042014913e-02,-7.669031321441118279e-03,-1.773002069642723097e-02,-8.842771746117469162e-03,-1.405655883082270428e-02,-1.184369211097965197e-02,-8.327006761168775223e-03,-1.507618785328144681e-02,-1.094999226843543401e-02,-1.075051111028787511e-02,-9.099400886013884332e-03,-2.357997482401309134e-03,-8.559300286361837609e-03,-7.916058906642908441e-03,-7.374217867574248304e-03,-8.512237926899099763e-03,-4.379426334867407740e-03,-5.333283439477295995e-03,-6.471671249693419607e-03,-6.356972505889286855e-03,-7.999368312659132715e-03,9.550896145350602122e-04,-7.996554515187300274e-03,-5.622779497524548961e-03,-4.088403554348317252e-03,-4.331860362221786297e-03,2.473220478790420437e-03,-4.170177097303079394e-03,-4.993910634586772729e-03,-1.286136407353546300e-03,-7.425961125721657063e-03,9.058606927630518703e-04,-6.466494813043506366e-03,-1.496701416601714735e-03,-4.991690745239134308e-03,-5.637614144373555639e-03,-3.698072772645548943e-04,-8.771063345898439181e-03,-5.730297311047551079e-03,2.285492129105150261e-03,-4.892128778101082626e-03,-2.267053982960155756e-03,-3.822915932308215952e-03,-2.977805865026658411e-03,-5.318871066024564477e-03,9.360871470764739629e-05,-9.268957449699610426e-03,2.280673229005749953e-04,2.891744294946600388e-02
-3.786264640480886678e-02,-3.631378136565203973e-02,-3.625976610651132637e-02,-2.224036366899715539e-02,-2.967288752430342208e-02,-2.836003433128214332e-02,-2.632304744991698434e-02,-2.791001115436931787e-02,-1.680613237980207314e-02,-2.073789499279651144e-02,-2.014184655177736483e-02,-1.638257501352786277e-02,-1.720632470249031445e-02,-7.770495595454753740e-03,-1.810607928965049518e-02,-8.997978953498127902e-03,-1.437256317814822500e-02,-1.234271136535364244e-02,-7.991922028972382047e-03,-1.540949030342718407e-02,-1.155836345007332788e-02,-1.051924459181743411e-02,-9.765392047349647983e-03,-1.916296937811611412e-03,-8.994968945933105170e-03,-7.547655884153264827e-03,-7.378909184739703038e-03,-9.405380318522555197e-03,-4.375494342973665698e-03,-4.731645617583313083e-03,-7.220295239764540525e-03,-6.142163038773944955e-03,-8.542189363208104597e-03,1.180415420665266489e-03,-8.270025290261382930e-03,-6.030976837923057721e-03,-4.237356154446629379e-03,-4.185501328817680874e-03,2.759373042318641073e-03,-4.310113926486978247e-03,-4.339043901154441760e-03,-2.603886856611745213e-03,-6.936250912907067356e-03,1.825312238736282312e-04,-7.813901728276433784e-03,-5.444719249314588280e-04,-3.927182784957817911e-03,-6.631686782981917501e-03,5.953238211896422520e-04,-1.238411428163437369e-02,-2.708130243388365125e-04,-1.689182306904740130e-03,-5.138243036395245128e-03,-3.233634022807229617e-03,-4.300814966709056580e-03,-8.623118003622333482e-04,-1.033932100257614096e-02,-3.867802452239837855e-04,-3.220920191644469771e-03,5.259561829661064253e-02
-4.374364747039537205e-02,-3.920783021228311377e-02,-3.774291426582802172e-02,-3.780787125800097459e-02,-2.255699270659477368e-02,-3.072158090808433523e-02,-2.907218549550941167e-02,-2.714097625310971096e-02,-2.873718674499866829e-02,-1.723567970884342174e-02,-2.129890067690092675e-02,-2.085363600672460183e-02,-1.660147705617995295e-02,-1.725518225657699314e-02,-8.199346460678980791e-03,-1.850249783100324161e-02,-8.789195326562020127e-03,-1.482791126543365166e-02,-1.227881205455196890e-02,-8.305471061752710618e-03,-1.558417711857800272e-02,-1.180945816212343978e-02,-1.103507314733422062e-02,-9.654551510658528415e-03,-1.712230140859478727e-03,-9.474374931748739612e-03,-7.623906871305777266e-03,-7.669622053060438059e-03,-9.418379434879485881e-03,-4.497122620490015370e-03,-5.003278887152651580e-03,-6.878089227656094921e-03,-6.939214239388797820e-03,-7.925763422087863525e-03,8.560653186903012914e-04,-8.754960375040608811e-03,-5.808209595058351493e-03,-4.168009329351842970e-03,-5.358261315153539997e-03,3.485693355861933448e-03,-4.637695661661473713e-03,-5.410712802159551270e-03,-1.782594133131409518e-03,-7.962687440716169698e-03,9.743505658412956062e-04,-8.825840437044551318e-03,-7.725123344273796076e-04,-5.468033574271613517e-03,-5.127997764473222163e-03,-9.974240490282424137e-04,-1.099342641943476355e-02,-4.375813261156180980e-03,1.946826899027340229e-03,-8.034327692524987838e-03,-9.483222713737629302e-05,-6.976897684519634685e-03,-3.120099049822849281e-03,-8.715382385504056445e-03,-1.108286637175231624e-03,1.519342687121262754e-02
-4.056939917313920341e-02,-4.578590519035581619e-02,-4.101614639219992170e-02,-3.944809321028044935e-02,-3.914437106925720139e-02,-2.332393919248009276e-02,-3.155541988213369370e-02,-3.007634095348000330e-02,-2.805669144635017723e-02,-2.953155387045781552e-02,-1.741186718206258477e-02,-2.226085438957704776e-02,-2.126603424892092517e-02,-1.646675958951353616e-02,-1.786889119444844826e-02,-8.151511650264342546e-03,-1.904923399739554338e-02,-9.447077641072091150e-03,-1.457664803461607844e-02,-1.264640295607051199e-02,-8.423204756136625643e-03,-1.597007880570821409e-02,-1.201088064057326266e-02,-1.087408008892076436e-02,-9.787693058166832549e-03,-1.922312441056372436e-03,-9.616342615700657070e-03,-8.080367813909809099e-03,-7.956184051604749813e-03,-9.910359007623437133e-03,-3.625458892659888088e-03,-5.603739574117454908e-03,-7.684032162232859453e-03,-6.361493280911264918e-03,-9.249868637427303281e-03,1.490427099624862944e-03,-9.257100861775533623e-03,-6.229365784897558135e-03,-4.271982123751492250e-03,-5.053683594563743511e-03,3.817242182756711878e-03,-6.262140787420694861e-03,-4.756960637474418920e-03,-2.962310653315728022e-03,-7.123431087951638541e-03,8.569017229453702086e-04,-1.182903160290660685e-02,7.890871086232363303e-04,-4.800564823785899091e-03,-7.973802001566809503e-03,1.806383511726204977e-03,-1.540042604825100914e-02,-3.122084770132518318e-03,1.157254337929517840e-03,-1.061163373141721898e-02,2.671797284046266603e-03,-1.080031228858489324e-02,-4.625923238552039768e-03,-5.421177026229346933e-03,6.892229947809853929e-02
-4.082187553097671451e-02,-4.238404334594458867e-02,-4.799435908366898873e-02,-4.293884122476702980e-02,-4.117203970110981659e-02,-4.054620585478499462e-02,-2.415517797467184660e-02,-3.260992223049265226e-02,-3.109774756815477520e-02,-2.893402952816395701e-02,-3.063557928299188299e-02,-1.786108174439809612e-02,-2.264900895475133527e-02,-2.146811292774016000e-02,-1.707468803093994264e-02,-1.829198333668113560e-02,-8.026056965308579760e-03,-1.953855301068365205e-02,-9.474837346024913426e-03,-1.504938966586993714e-02,-1.301590863640232458e-02,-8.679580800001154839e-03,-1.624851512934923775e-02,-1.167185113723140204e-02,-1.160209292904113357e-02,-9.718207947032533531e-03,-2.084056782488039137e-03,-1.011900194136260492e-02,-7.848950785180776671e-03,-7.939650834466068646e-03,-9.432074182020754732e-03,-5.139027112433766295e-03,-5.016806867042986409e-03,-7.897613407044286674e-03,-6.587786383646056752e-03,-8.870725066761593960e-03,1.632071356596584205e-03,-9.755899213919038901e-03,-6.898851154842640561e-03,-3.669743929557340006e-03,-5.135613092852268219e-03,3.397712094148948835e-03,-6.774256291481670599e-03,-5.170493272758599525e-03,-1.290612445929731952e-03,-9.704085704062536885e-03,1.434152786420832704e-03,-1.158773439017904937e-02,3.190543363735236378e-04,-7.823357834305827083e-03,-5.041237888343479134e-03,-1.706906021995720571e-03,-1.389989911533654615e-02,-4.180808102736618959e-03,1.114912855952866549e-03,-7.888962760096780019e-03,6.539668120923223908e-04,-1.013289060938741409e-02,-1.638938116689418918e-03,1.033153786461784851e-01
-4.459046109387332368e-02,-4.238029592359225661e-02,-4.443671264878404359e-02,-5.062007874938413698e-02,-4.477260979073956204e-02,-4.298212425679184129e-02,-4.269346341906060660e-02,-2.455672581968344759e-02,-3.411794765856341477e-02,-3.171383031003337238e-02,-2.984847496688446469e-02,-3.162811037350091170e-02,-1.825602064373785249e-02,-2.343133178453409710e-02,-2.191213408955100875e-02,-1.737567272460285167e-02,-1.875946300005720130e-02,-8.597055482270138035e-03,-1.966301301049776934e-02,-9.609778700027053061e-03,-1.530589440906960502e-02,-1.315932566597341480e-02,-8.207537891370847785e-03,-1.721260812153558098e-02,-1.206788399331876725e-02,-1.128484939512119922e-02,-1.032037284331921607e-02,-1.851497444283593764e-03,-9.867727610966341503e-03,-8.715300800225677866e-03,-7.515489618952295864e-03,-1.061270403087392553e-02,-4.378984123820327951e-03,-5.971681316557789047e-03,-6.980410504217610633e-03,-6.643499302111732091e-03,-1.058213828172345147e-02,1.980440953924484087e-03,-1.016533187498088082e-02,-6.312083990127988729e-03,-4.504003529026474884e-03,-4.596000717375805719e-03,2.685231167117203485e-03,-6.196047777253290041e-03,-5.896145169511359148e-03,-1.235825065304697054e-03,-1.018033054198370577e-02,1.227869854479775053e-03,-1.404107738356882851e-02,4.825169482538950016e-04,-7.437941398777396518e-03,-6.880417377346398702e-03,9.328312059534292922e-04,-1.695575773945011064e-02,-2.142803033493896440e-03,5.600231425985679242e-04,-1.208578838922076681e-02,2.915109514362809653e-03,-1.020472310293667369e-02,-3.542706477053405526e-03
-4.323264270790384139e-02,-4.679381008594438868e-02,-4.440812001130876874e-02,-4.677098618177716327e-02,-5.338404145167816722e-02,-4.694355563412996868e-02,-4.494831174448005867e-02,-4.483973205804969026e-02,-2.484732345848874799e-02,-3.543391671996542341e-02,-3.314772707418674885e-02,-3.084438182572357690e-02,-3.257019286333721203e-02,-1.891694824652493875e-02,-2.385958246742121702e-02,-2.276105793982920872e-02,-1.781254792189919736e-02,-1.888561682630371732e-02,-8.455252321632454951e-03,-2.056769583626883585e-02,-9.249872064001104024e-03,-1.596297084349553377e-02,-1.319042589439138255e-02,-9.124245302877682581e-03,-1.709293133084944030e-02,-1.233118206917134183e-02,-1.197644719194024439e-02,-1.011994620474811028e-02,-2.296704887686775755e-03,-1.037614557810204521e-02,-8.091121257323368940e-03,-7.974077168495052534e-03,-1.067055006080581264e-02,-4.978752594307306843e-03,-5.522010213615706660e-03,-8.093761417824555868e-03,-6.383068023534974739e-03,-1.158765045153222449e-02,3.019486984452958867e-03,-1.200439375008174360e-02,-5.629369988738029337e-03,-5.022262915099542577e-03,-5.671715598987462845e-03,3.148291831256429252e-03,-7.044358815141354285e-03,-6.657774343835981372e-03,-1.912844008657124412e-03,-1.063291666236459120e-02,1.423736273948572910e-03,-1.863173559721025344e-02,3.166826882292737323e-03,-9.026029184058448687e-03,-7.168293767512695820e-03,-1.823842181251771836e-03,-1.716226476277427082e-02,-5.170492261583141055e-03,3.692287123235542257e-03,-1.933847574201277841e-02,6.473399952072945995e-03,1.952948473413937680e-01
-3.818786587290104451e-02,-4.270677688477772516e-02,-4.677472517552819925e-02,-4.432996468327111972e-02,-4.634121678065238753e-02,-5.333546581693117405e-02,-4.650318818925637532e-02,-4.435997441510341338e-02,-4.361758082364311506e-02,-2.469013897866770627e-02,-3.403433133368917451e-02,-3.229522241971093804e-02,-2.983266282418219062e-02,-3.163591212088796845e-02,-1.787626581157579844e-02,-2.276837044720797509e-02,-2.188758202927029023e-02,-1.717248649137090646e-02,-1.824350473542920778e-02,-8.021854484979655531e-03,-1.892844021027772355e-02,-9.140435327592474554e-03,-1.495666531264769686e-02,-1.229023972433028120e-02,-8.461435025488272740e-03,-1.612863609833134829e-02,-1.124208429972077192e-02,-1.081716972817205191e-02,-9.456077471911955926e-03,-2.097347503275569496e-03,-8.967791447657779899e-03,-8.276806190452033751e-03,-7.647973895594207053e-03,-9.226927372801041125e-03,-4.289417123159544425e-03,-5.504783294614208969e-03,-6.757626108211419076e-03,-6.338584169915244607e-03,-9.375706354185837921e-03,1.393563473967739412e-03,-9.813373214161369429e-03,-6.291625212060646295e-03,-5.246029157837127192e-03,-5.115619885774976006e-03,4.330610473690466554e-03,-5.551309282271350322e-03,-7.596067023830040989e-03,-3.005282967810273941e-03,-1.002359422841815097e-02,2.246381860403930380e-03,-1.604485399641432386e-02,2.070375991198669750e-04,-8.198847169626193726e-03,-6.738220662495767940e-03,-8.670282657030189879e-04,-1.738704321053010163e-02,-6.330079575225966426e-03,4.280482452911434435e-03,-1.527317750693433021e-02,-1.002551424771188845e-02
-2.488068509213519838e-03,7.199535050648448072e-03,4.429881087535816366e-03,9.560586416465932311e-03,4.199958205529573559e-03,6.590924100069906963e-03,1.357373037991425890e-02,1.192846300075311831e-02,1.237974995524887718e-02,2.004261943425923384e-02,2.246289030619754400e-03,2.094583656213616987e-02,1.326970958839062201e-02,1.248212784222076273e-02,1.459525561616491045e-02,5.496868991046795216e-03,1.146374887840657941e-02,1.214410128395880528e-02,6.944490848855179935e-03,1.544487100767576865e-02,-4.119445214800118130e-04,1.731592655814510190e-02,6.022460754774552200e-03,1.208362073157526022e-02,1.235442672228057211e-02,5.846173372889609463e-03,1.547914183015551039e-02,1.432591742614380305e-02,9.949207345546105460e-03,1.528453268768501828e-02,-4.528165766326245310e-03,2.006461731325955358e-02,6.840127002529540479e-03,9.622949560269006969e-03,1.451659146453789136e-02,4.582737648904326895e-03,1.121740004030878819e-02,1.169262394259706558e-02,8.493140337505733148e-03,1.393039328892278945e-02,-3.893873333798181322e-03,1.591104833859284529e-02,8.737163512787898129e-03,7.845569490742070398e-03,7.908233357052952064e-03,-1.838413879604159154e-03,2.661013324123129211e-03,7.523240699298797303e-03,6.792993174393524569e-03,1.035058772117408016e-02,-8.932795535919659663e-03,1.059649664853655297e-02,1.179241544740764272e-02,6.470899679105100721e-03,6.192126181585816749e-03,-3.638292215725568270e-04,2.058748617744063369e-03,7.814606941435894502e-03,6.213538398639924243e-03,2.543696937057927099e-01
4.261640613251172632e-03,-2.372542299537492953e-03,6.818946839805745119e-03,4.331448952748139826e-03,1.003599654364299362e-02,4.042047362775149331e-03,6.517514776269897614e-03,1.338058326077783480e-02,1.184607794855471047e-02,1.208030472715428821e-02,1.978588458735212191e-02,1.956063955171787657e-03,2.094418558229850513e-02,1.278593442690640659e-02,1.255998511350369523e-02,1.439722979520981216e-02,5.346386758685429431e-03,1.150039124070435272e-02,1.227483009403473706e-02,6.975795602855855426e-03,1.534775106661658527e-02,-7.048445828734756571e-04,1.697969956477211884e-02,6.120211945084142423e-03,1.215521866446924934e-02,1.217774691226276677e-02,5.919252880009426288e-03,1.473715030525052198e-02,1.415607411783116436e-02,9.988480432845411525e-03,1.546750858030581516e-02,-4.856375606412973236e-03,2.026834821362295119e-02,6.279236544616611029e-03,9.950996182014552882e-03,1.501724256269333646e-02,4.128288926387155278e-03,1.127650089621507444e-02,1.155397948244996954e-02,8.551695551785247484e-03,1.488802494165708014e-02,-5.871778329099261104e-03,1.740360692903720682e-02,8.597974410783656637e-03,8.126825919147616373e-03,8.502999513294591527e-03,-2.936333609561289203e-03,3.506153956361236865e-03,9.592987482651487222e-03,4.692029931537528877e-03,1.214735065583420932e-02,-1.076348257133316437e-02,1.308869522906637092e-02,1.220634653599526193e-02,5.984386261731458947e-03,1.287808342205713254e-02,-4.393737346952118934e-03,6.279502920988904889e-04,1.443263740222483840e-02,5.444834159787444172e-02
-7.743390650732669307e-03,4.447742936464805195e-03,-2.538093571171585669e-03,6.582137849217659792e-03,4.622371484081047935e-03,9.694921652592114469e-03,4.105751493078727520e-03,6.522665553680571417e-03,1.290356639163923146e-02,1.169008184162683567e-02,1.236015443149499939e-02,1.921799091764084949e-02,1.915024899016785041e-03,2.068749477077998916e-02,1.294065868131948072e-02,1.206600022343153750e-02,1.449680799046425966e-02,5.343422162282913251e-03,1.097533904847075928e-02,1.207703210238761891e-02,6.951265975720065382e-03,1.503392728782560264e-02,-4.511603990394230700e-04,1.686091437713106711e-02,5.800718374013913436e-03,1.221827347580428484e-02,1.243112062909768750e-02,5.535660994125137652e-03,1.496615119531650648e-02,1.404519794816465848e-02,9.916605874781157445e-03,1.498341634953539656e-02,-5.233036485622027771e-03,2.121413062726537624e-02,6.092821294687984085e-03,9.267675146858174451e-03,1.430995122176838275e-02,4.662157763042636127e-03,1.100322435349966772e-02,1.221094922900688856e-02,9.158036138480145361e-03,1.388875898854297769e-02,-5.878932292202906744e-03,1.770355042854604086e-02,8.731611556218052753e-03,7.226320817318447783e-03,8.407941557211050243e-03,-3.451243542754872835e-03,3.082566898853045072e-03,1.010358799257216056e-02,5.727439352731977275e-03,1.007931030911975515e-02,-8.832550788400502645e-03,1.095072582413047363e-02,1.264644450676588594e-02,1.066066710527460888e-02,4.679146333528666837e-03,8.761613752667360639e-04,1.489168485831309126e-03,1.501523348479031073e-01
-4.882851360277861916e-03,-7.628594541482735213e-03,4.326041464733343909e-03,-2.683427434090104521e-03,6.625948878046849198e-03,4.794479254868809145e-03,9.604454639620178119e-03,4.094421990440144828e-03,6.569622266158738066e-03,1.270689861302004738e-02,1.183203922709175071e-02,1.182835248034778443e-02,1.915345058847582257e-02,1.837705310960455109e-03,2.005617262531454725e-02,1.298365384245017511e-02,1.181817050912926936e-02,1.395748426822274006e-02,5.754703566348528740e-03,1.114137175812355586e-02,1.175468401283314215e-02,6.712626778449464794e-03,1.486967563310577847e-02,-5.480196585185884671e-04,1.687769332247157986e-02,5.952585338873051836e-03,1.195685807677731964e-02,1.221162383841524479e-02,5.333606358796173612e-03,1.500902938860180016e-02,1.467941700041295629e-02,8.480684909076000727e-03,1.575070142437446849e-02,-5.168259700843752524e-03,2.021917859767017461e-02,6.748786993875871901e-03,8.913932381947150402e-03,1.438609287313129086e-02,4.914092638675214390e-03,1.067028014637273758e-02,1.213557449667939346e-02,8.184863512495059099e-03,1.483055274127699323e-02,-5.985435184762018072e-03,1.672521570817469411e-02,9.558484618270534500e-03,7.207769207890712612e-03,8.360926805175064938e-03,-3.558082924137771254e-03,2.591010233899582790e-03,1.111993019975649442e-02,5.415748821607559507e-03,1.100200568422625598e-02,-1.232222377012316336e-02,1.460668419422843367e-02,1.054491301938250379e-02,8.934774879489423491e-03,1.178070602201211105e-02,-2.953148333351703504e-03,1.542360586340982831e-01
-5.052690966946918674e-03,-4.756650171107496515e-03,-8.130958207331243082e-03,4.289606156501661952e-03,-2.438420902439871266e-03,6.828473649670542892e-03,4.702779064855158384e-03,9.194959036954731754e-03,4.448934915607979067e-03,6.407059109098888448e-03,1.260929361193099778e-02,1.159530449103212020e-02,1.168720415019031990e-02,1.874583486806785659e-02,1.778314833541447910e-03,1.981142344613858949e-02,1.277267013916846307e-02,1.215544547675493671e-02,1.378515314153306269e-02,5.205039647445206669e-03,1.122419320422827355e-02,1.133609070305634930e-02,6.870492310528422165e-03,1.518196026412759261e-02,-8.288717218315005096e-04,1.681462067446443803e-02,5.333231991438851932e-03,1.146599562888456214e-02,1.228725852853106322e-02,5.858870054465763026e-03,1.537639806311070882e-02,1.348859964609862121e-02,9.434568665874033810e-03,1.467459132626008911e-02,-4.849633687663842431e-03,2.018547603459837012e-02,5.874980245298769277e-03,9.447462332280913075e-03,1.440425515323626518e-02,3.853863433510865567e-03,1.159330968058741584e-02,1.136730843226765528e-02,9.135580246988905806e-03,1.488901931288153825e-02,-6.536915696415855452e-03,1.794249538770645996e-02,9.265958592760605711e-03,7.078239269854967423e-03,7.921749132617809594e-03,-3.292506431546514834e-03,5.493190584927318612e-03,9.014873928528847197e-03,6.885498488133739471e-03,1.243455627267404072e-02,-1.470585388066734424e-02,1.507114209375222391e-02,1.583925734658141529e-02,9.935966358657948028e-03,9.540245038078487561e-03,3.120332165015922768e-02
-4.448676273473192375e-03,-5.137855890863293057e-03,-5.043202416338763046e-03,-8.048472789234734082e-03,4.366037416677462195e-03,-2.432966237699190140e-03,6.724529431017526281e-03,4.470453696297744389e-03,9.551492740699416700e-03,3.938538881310478697e-03,6.434094855156848557e-03,1.244908033092433954e-02,1.138323566177224661e-02,1.191172394931534415e-02,1.846305061231795497e-02,1.959450477908733154e-03,1.926960305067123430e-02,1.230235519782930421e-02,1.205317559665994298e-02,1.354938303170592773e-02,5.300830074411108650e-03,1.128415082197703825e-02,1.158913646164082614e-02,6.559540870866533389e-03,1.456709211933188836e-02,-4.683379134962336113e-04,1.640477847774142461e-02,5.535927966409903873e-03,1.184298938438992956e-02,1.186774163888047566e-02,5.964433062432485284e-03,1.457255633252088622e-02,1.362477083673774292e-02,9.502697520897501401e-03,1.499835679164370113e-02,-5.246505422616252155e-03,1.984914902606883802e-02,5.537694070018316789e-03,9.759941936549478003e-03,1.401310945212486635e-02,4.332242036472463975e-03,1.156988246879529433e-02,1.219985753972098463e-02,8.549145554650406514e-03,1.337758332077255453e-02,-4.817266235426762022e-03,1.745647155264981598e-02,8.177123863692369043e-03,8.306168997745151314e-03,6.933536997337150058e-03,-2.128541472293547007e-03,2.298017442753754521e-03,8.883446571867913838e-03,6.274171752571104654e-03,1.475170389830239744e-02,-1.432462858932024609e-02,1.706960537750439738e-02,1.206878252330987472e-02,1.200162329488176083e-02,1.348171904587846803e-01
-8.017665106644387973e-03,-4.291571488182435549e-03,-5.231334174034026584e-03,-5.060809078736122103e-03,-8.177746066311974635e-03,4.354282452911989280e-03,-2.754863329938993851e-03,6.876605459985604338e-03,4.367968853180671795e-03,9.388787017444000238e-03,4.240005344574825953e-03,6.259597001216289647e-03,1.253670267213153645e-02,1.117544397422870310e-02,1.174469702608147911e-02,1.812004564563978945e-02,1.797065164590785045e-03,1.914131949757241768e-02,1.231634196518170167e-02,1.202866660570282159e-02,1.335354961756808449e-02,5.264310447693262146e-03,1.079057017469821703e-02,1.171869258036544077e-02,6.550739380924429020e-03,1.491012319914187742e-02,-1.133107360008616836e-03,1.634605966747827363e-02,5.946412480797930861e-03,1.159372161436103728e-02,1.220636158366951961e-02,5.216987070780121534e-03,1.464475343859179476e-02,1.373341002900081188e-02,9.783360907469814197e-03,1.434199264106275455e-02,-5.304372418697636364e-03,2.045203597282008526e-02,5.431290411467303882e-03,8.882556378340419542e-03,1.518838776504154858e-02,4.147956830168882808e-03,1.067893674981811210e-02,1.305885108914827362e-02,9.400660702148158979e-03,1.385881532562057046e-02,-7.001468041590352964e-03,1.781640866696662315e-02,9.152031330282190194e-03,7.547001009182414608e-03,9.690924522624740425e-03,-5.232503286841593340e-03,5.065220738968595135e-03,1.186152065820297169e-02,5.122069255238823927e-03,1.448320120693323554e-02,-1.863272041221738021e-02,2.233531150269262022e-02,1.529254839197745700e-02,1.579912400938616734e-01
-3.588688979337877755e-03,-8.103007127264924905e-03,-4.601916803175340638e-03,-4.776821075483254735e-03,-5.296722824932766430e-03,-8.111806730457419429e-03,4.261340563622765393e-03,-2.547712231022643010e-03,6.768373326238550335e-03,4.359429751814866173e-03,9.163818892217309373e-03,4.283803192893796512e-03,6.366261122587351523e-03,1.214833923272488209e-02,1.140245800674728575e-02,1.121883980293662472e-02,1.817130712170901205e-02,1.859138816571301658e-03,1.863895617183378844e-02,1.209918962916784087e-02,1.178258064921358476e-02,1.345437809388044977e-02,5.362893904909455181e-03,1.060969070889109835e-02,1.172519514461579579e-02,6.769633369231054312e-03,1.387713507904157414e-02,-7.261877578926409981e-04,1.671685235253603588e-02,5.400764257848746433e-03,1.144462064606080812e-02,1.228251598258767174e-02,5.200178867066135649e-03,1.524560744666816729e-02,1.331751597485241606e-02,9.179262546776367770e-03,1.496796414178633294e-02,-6.005210452159643469e-03,2.025519041858576605e-02,6.446983950343835625e-03,8.987339957055440545e-03,1.413524651067745580e-02,4.745895562048206562e-03,1.173805786630729986e-02,1.108108414668350708e-02,9.075815998866252829e-03,1.549666765217438784e-02,-7.971998821672076838e-03,2.037966093163739306e-02,8.672116009669895639e-03,7.983952846842360881e-03,7.914599241853236683e-03,-5.501233436707143876e-03,5.414752565515141766e-03,1.323817266997627355e-02,4.400570847688852621e-03,1.734550892815028833e-02,-2.534123653033348508e-02,2.779874800489333039e-02,1.344536306904832446e-01
-7.109599677299872737e-03,-3.487779294558563184e-03,-8.243813077107047319e-03,-4.418938237230034087e-03,-5.274021840873687784e-03,-5.004897113791029889e-03,-8.395329048018570009e-03,4.298352788411301598e-03,-2.540551560705793695e-03,6.726569590401331074e-03,4.309368861238027995e-03,9.249319504422174806e-03,4.001702392872478684e-03,6.412407083615436799e-03,1.203466605396559877e-02,1.130521885646164522e-02,1.129081941491787665e-02,1.765706973941154681e-02,1.764070511652454740e-03,1.858960288452417633e-02,1.211713462222625999e-02,1.167524747178170716e-02,1.307977652870779758e-02,5.339568036013707039e-03,1.084773428926773774e-02,1.138999705922659998e-02,6.782650833952338053e-03,1.413373645703632289e-02,-7.144627058678109429e-04,1.584626432584878772e-02,5.419295217382794246e-03,1.160688766065882081e-02,1.201152452212104517e-02,5.705792602793204570e-03,1.470376020561857400e-02,1.348647653588037378e-02,9.459479109475393832e-03,1.505786785850962879e-02,-6.204509912232215527e-03,1.981503084249073426e-02,6.018838729485926839e-03,9.089884298792847567e-03,1.459487148249695443e-02,4.984724961614239030e-03,1.191513730502175017e-02,1.165194766589274650e-02,9.552032303303134575e-03,1.443908914262380903e-02,-8.458674007792888958e-03,2.070423433082068526e-02,8.880340224922487341e-03,7.339021587280374764e-03,9.801007516079566703e-03,-4.679884639379999940e-03,5.251104178208054578e-03,1.062133728912834606e-02,6.320116603360239997e-03,2.153995777004987650e-02,-2.600825896152448094e-02,1.460702106932046385e-01
-3.715135673299206371e-03,-6.684529530367035698e-03,-3.706819031877721469e-03,-8.213414534927037172e-03,-4.738930995632776449e-03,-5.119616622171091133e-03,-4.962165544707804188e-03,-8.628215904237028847e-03,4.373276480058412019e-03,-2.801134521904746679e-03,6.713641201045790485e-03,4.326218562249198318e-03,9.270430704729026514e-03,3.949671100580838881e-03,6.262734655866974282e-03,1.207986220208646412e-02,1.134234374396604107e-02,1.099848739542958614e-02,1.733468504608791372e-02,1.714385819279779996e-03,1.831911057861828479e-02,1.203429840293211185e-02,1.148901266239775801e-02,1.306254591218046143e-02,5.217702519289709601e-03,1.080482588618434693e-02,1.120101901465678229e-02,6.675402170226257120e-03,1.388566861679611103e-02,-8.543247499702448164e-04,1.572282766716786434e-02,5.666938048090265113e-03,1.188915632943396417e-02,1.167503637970929847e-02,4.961419615518500650e-03,1.559246174520078840e-02,1.258711993001541095e-02,8.959562890573383176e-03,1.591033865201439690e-02,-7.452317756718805641e-03,2.141552836035670593e-02,3.799211253398917121e-03,1.074902203774905432e-02,1.495330301037148084e-02,3.405937290426352178e-03,1.245530466049251349e-02,1.139897113819463709e-02,9.047712509665942551e-03,1.754114724389397792e-02,-1.160069057912579624e-02,2.254403083067423388e-02,6.166677742437255520e-03,1.120050476596511947e-02,1.062941267223238388e-02,-1.062108262030063942e-02,9.680567605964257236e-03,9.604653543804434965e-03,8.712201264217206420e-03,1.955384792388869045e-02,-4.454739987450777490e-03
-9.065334848839172108e-03,-8.272555288278821833e-03,-8.333811983077506549e-03,-5.526618526015290855e-03,-5.911768918343290706e-03,-3.823641756264962131e-03,-2.376808682773408777e-03,-2.459770578304250853e-03,-1.707236164888776891e-03,1.245673684843470437e-03,9.453060651411098782e-04,3.529253745968565122e-03,4.325604005072543334e-03,5.684385650234841797e-03,4.325854825226148337e-03,7.042622666947589288e-03,6.872851773060129933e-03,5.658992704081646993e-03,6.565025706507115338e-03,6.276357629444240423e-03,2.722006210387098706e-03,6.120767974162962151e-03,5.245482064242314689e-03,4.364588330451025025e-03,5.146790608596680042e-03,5.108955458034141091e-03,5.227035877874541825e-03,4.449313045883136579e-03,4.478900357255295728e-03,6.324577003038506576e-03,3.759862213634372445e-03,6.477841209765532009e-03,5.267060347164924904e-03,5.002097543870627841e-03,5.671946788180041825e-03,4.780232679363310977e-03,6.284581675689733353e-03,6.468885083840677196e-03,5.128841103044347663e-03,3.460430559552221414e-03,2.901343407394352432e-03,5.698282918087217187e-03,3.216997721676209329e-03,1.493756181687932007e-03,2.735723933688170417e-03,1.868104366404530620e-03,2.459357638455908924e-03,1.075206404102424474e-03,3.275727269783384413e-03,3.116629375482074353e-03,-3.459809500313389564e-03,4.648875441357124688e-03,1.289644246721657265e-04,2.684187351963551824e-03,-7.271160886532002793e-03,-6.742553181254711848e-03,2.075077387495973609e-04,1.735237070800660624e-03,1.585840239260049092e-03,4.030298366518042519e-02
-1.338544056046831084e-02,-1.024056453909839154e-02,-9.277733636449608107e-03,-8.937953425644858119e-03,-5.926582638418376875e-03,-5.547027791015441897e-03,-3.449700291781514303e-03,-1.823783801788108824e-03,-1.587072282145196231e-03,5.067906334543085026e-05,3.654252662365272417e-04,1.744029801397616042e-03,2.548283037939719220e-03,4.712403909126922606e-03,4.613590573629757288e-03,4.233248412997786363e-03,7.171837767592098740e-03,5.609908923190965770e-03,4.288187580016176309e-03,5.737196916053196802e-03,3.544937637092584158e-03,2.831903724292155963e-03,2.114274024306128479e-03,3.587390320861257899e-03,2.487439437241114552e-03,3.829754886589924624e-03,5.000447793928221654e-03,3.072210034761830699e-03,3.410912117203647714e-03,3.838571035223024841e-03,3.957620097849732892e-03,5.117311997860828944e-03,4.526082702458955435e-03,4.794665860075865600e-03,3.151628125990181464e-03,3.979023176130321200e-03,4.738633721798288581e-03,4.772342082534225711e-03,4.834076897853477849e-03,2.576652886499443754e-03,1.003083029215391274e-03,5.007885128579005196e-03,3.576803476284114939e-03,1.462167129751159689e-04,1.791428607147986692e-03,-8.215056656546537283e-04,-7.064118516652175125e-04,3.411361673108483030e-04,-7.444688416305167726e-04,6.102320422742119575e-04,6.430822837945822422e-04,-8.198548904615756382e-04,-2.314711385340733826e-03,-2.219800461612508706e-03,-2.504688314185700600e-04,-1.214708786700783270e-02,-6.790884229061155963e-03,-2.306033739909005894e-03,-1.241555046370757150e-03,5.461159486392453549e-02
-1.415923259404579075e-02,-1.361324501828490782e-02,-1.003760802729164979e-02,-9.522011788632106163e-03,-9.372422059306526748e-03,-5.822682128427965342e-03,-5.359824949204923875e-03,-3.906821832189230279e-03,-1.499664028392047339e-03,-1.657956912358904281e-03,-1.386458426279910113e-05,4.659904809552758249e-04,1.758671712646192771e-03,2.204147150211356425e-03,4.796755165046287170e-03,4.788994346383915884e-03,4.087893280231334227e-03,7.109793994318325261e-03,5.342616006803272040e-03,4.812526454091412172e-03,5.685594387114805900e-03,3.016364913769153770e-03,2.920757156509395675e-03,2.690534380617250025e-03,3.407087574100263038e-03,2.580874412532789541e-03,3.532913513207323799e-03,5.291046647712078187e-03,3.459812713430682630e-03,2.376713203276528772e-03,3.502486509177094552e-03,4.757389520149988942e-03,5.135165588816139638e-03,4.071066728595825086e-03,5.413272427220336587e-03,2.407917858975309154e-03,4.686892997572147078e-03,4.601204351242259467e-03,4.296677609007857647e-03,4.258698194241047723e-03,3.717018464082299384e-03,1.843146434399142893e-03,3.531171120147072028e-03,4.714041522307966386e-03,-8.311241690754064869e-04,3.276586631949921272e-04,6.145352622655308366e-04,-1.568872966155667641e-03,8.944781542051333462e-04,-3.802102975445699820e-03,3.510282778380859753e-03,-1.257274911995282960e-03,1.236163622766833737e-03,-2.176371813428015344e-03,-7.575574061449740545e-04,-3.969624371422919920e-03,-9.573610978129412294e-03,-7.449044329434267343e-03,-9.356806059161192068e-03,8.541590912441325567e-02
-1.501707294295956917e-02,-1.503821283773495651e-02,-1.343162981680362349e-02,-1.046677638980596063e-02,-9.556575892640311806e-03,-9.218944416206579368e-03,-6.031241623443012179e-03,-5.681963165158414666e-03,-3.672518678408140478e-03,-1.821862438743531787e-03,-1.637148241532997541e-03,4.353144305749388895e-04,2.159526456518142345e-04,1.838995719363180521e-03,2.287032959605174876e-03,4.458973775306545283e-03,4.836001939965605713e-03,4.059140228052092979e-03,7.352398998837787227e-03,4.978829085304579093e-03,4.491138044452048367e-03,5.809334304050478570e-03,3.146536536801337880e-03,2.883728080193998476e-03,2.722079032931337423e-03,3.497784956787055709e-03,3.164569170215061119e-03,2.861190138877662409e-03,5.037149663100014448e-03,2.830556752613096975e-03,3.217252584518565366e-03,4.081287546174375974e-03,4.781909800942449502e-03,4.171449476380901557e-03,4.278734482539531085e-03,5.545945061279827608e-03,3.067374860718418729e-03,3.643568035512508973e-03,4.470343300332199100e-03,4.630406715069786475e-03,3.750341691856064977e-03,3.904042618410010629e-03,1.294705279204388503e-03,4.936489607124984469e-03,4.761608510109726668e-03,-1.235767165252561880e-03,2.438201578983622793e-04,-2.659363687776260948e-04,-3.756318565401707359e-04,-1.308988945128255468e-03,7.247107812879476866e-04,-1.733257897900129883e-03,1.159142478257879638e-03,-1.293310948559341306e-03,-2.934962676663757739e-03,-9.872370130611706016e-04,-2.898612916461372566e-03,-1.174127924533751449e-02,-4.652860738526443107e-03,4.927199452239092864e-02
-1.453292985575282449e-02,-1.532753624318125563e-02,-1.508818283713161956e-02,-1.365993609485665131e-02,-1.055979762368666579e-02,-9.875785599460173980e-03,-9.135831023983057367e-03,-6.085905870217980101e-03,-5.941789065374119584e-03,-3.351242027365611015e-03,-2.076233685101454979e-03,-1.285024398506395479e-03,2.165984936473237650e-05,1.391354523019639237e-04,1.684547429984639688e-03,2.533461215976372510e-03,4.442427835709671265e-03,4.688192655069970370e-03,4.580437397149075482e-03,6.926046787161042884e-03,5.192343999496563944e-03,4.325958549849853556e-03,5.698680932993862094e-03,3.646290231222513740e-03,2.756768697072409062e-03,2.382369369420622197e-03,3.509703691031075112e-03,2.331657973480050910e-03,3.525727403169860111e-03,4.811752801405261466e-03,3.780243572627498775e-03,3.045907349748733922e-03,3.410489617985219910e-03,4.020418671238736898e-03,5.280497192359267719e-03,4.275212574360949883e-03,5.849156631522893328e-03,2.141438944111254735e-03,4.088710821036151133e-03,4.542107145059427233e-03,4.530885453023826039e-03,5.268434354948958037e-03,2.165052107229476375e-03,1.940094071098484585e-03,3.335991189479063472e-03,5.049115946959828981e-03,1.221132844646100448e-04,1.329250865570783154e-03,-1.837892971575392879e-03,-2.821677751286173329e-03,1.273474878345275986e-03,-2.965327953925771948e-03,9.308141898851713574e-04,4.492528765646876168e-04,-1.536869960469240551e-03,-3.030237779062611918e-04,-3.822507719489424364e-03,-3.695122707663680596e-03,-1.276589317008694144e-02,8.938743211245514519e-02
-1.536434623643732726e-02,-1.470708636272946741e-02,-1.572182353649506648e-02,-1.518246214971907988e-02,-1.409087861527833635e-02,-1.058364305081923619e-02,-9.836623007454815479e-03,-9.584579431169127500e-03,-6.085675294226551568e-03,-5.970432713035018525e-03,-3.743880274404297673e-03,-1.593676969750905045e-03,-1.602701366088332170e-03,8.789084859351476656e-05,5.066877699092672219e-04,1.448265773112326557e-03,2.531410888703382583e-03,4.622794271261874456e-03,4.576213323522568960e-03,4.094998737012464814e-03,7.040485915054569416e-03,5.199679978419897639e-03,4.406882168509452906e-03,5.692397930663955705e-03,3.377094375005968308e-03,2.706080801870468493e-03,2.526195960706150660e-03,3.132861086633102841e-03,2.868775812407853287e-03,3.258462641890700479e-03,5.164033157237705660e-03,3.449907467218257893e-03,3.197937620266302818e-03,3.923998137471603267e-03,3.501732541274002204e-03,5.318592056703968368e-03,3.981859447967030577e-03,6.051794960122790397e-03,2.427995239911821378e-03,4.066845310883812972e-03,4.351932930722616361e-03,5.089973317494482334e-03,4.532992563730233078e-03,3.208643348613765198e-03,1.122160281759102029e-03,4.577320474440530439e-03,4.307215705837214720e-03,-1.002476157312490483e-03,1.252966867568349515e-03,-2.752215940447173392e-03,7.854783703419633036e-04,-1.312253281508214513e-03,1.247213400239793619e-03,-2.385528816872999947e-04,-1.158388024471813894e-03,-3.341204584048254708e-04,-1.213442534116346543e-03,-4.753158191985691616e-03,3.168212126802541235e-03,9.601475101232435916e-02
-1.393637412950136586e-02,-1.539645665380142900e-02,-1.560506220045442503e-02,-1.547119033321724298e-02,-1.527561841670566252e-02,-1.468256286266922742e-02,-1.073900304426563673e-02,-9.939104474436646908e-03,-9.652639759811780518e-03,-6.233381279830447520e-03,-5.419972802624657172e-03,-3.978541830477205603e-03,-1.692255735229087395e-03,-1.813920426663100799e-03,2.563744038992290804e-04,5.947328216687910009e-04,1.417318457004135583e-03,2.170241175808469182e-03,5.160078109619254880e-03,3.986725004553237119e-03,4.351566349482937669e-03,7.152969765237137019e-03,5.505047358344991593e-03,3.912424232548424377e-03,5.989189757059502559e-03,3.115831503050499589e-03,2.648752803684717612e-03,2.332989854445742181e-03,3.646967504869974910e-03,2.375156169848070733e-03,3.650654032951874874e-03,5.159653260443783016e-03,3.342851676530746337e-03,2.076588860764058426e-03,5.200726465681716412e-03,3.761718309395188989e-03,4.325023220544980604e-03,4.896188223047002845e-03,5.520730426025041368e-03,2.291695566932677730e-03,4.299156421436698197e-03,4.796091100784985982e-03,3.975040868253445700e-03,5.072743798713942424e-03,3.033222239402394091e-03,1.909193297199241997e-03,5.002714885769818723e-03,4.188876557352989513e-03,-1.757084599138982253e-03,-1.653946221152776536e-03,7.014893061231455146e-04,9.920598807688937957e-04,-1.564333689911761400e-03,-2.920865950258930924e-03,3.927316570264763611e-05,-2.170386651992911326e-03,-9.563295249806196430e-04,-2.372874327420829784e-04,-5.753311076139749555e-03,5.675229822237394528e-02
-1.167859681828370237e-02,-1.429921108218264701e-02,-1.558456833900898064e-02,-1.552445762768962442e-02,-1.595618649516675203e-02,-1.571349148801986367e-02,-1.495444236390835666e-02,-1.067380954899052256e-02,-1.023422567461300045e-02,-9.765539448391601790e-03,-6.203614391189468495e-03,-5.708685167877799137e-03,-3.953718576443533694e-03,-1.670712661074715347e-03,-1.928911945867069298e-03,4.456158714390637677e-04,3.741155091577027126e-04,1.676817127078398953e-03,2.177253482280108298e-03,4.385058371132823096e-03,4.866821428390607183e-03,3.949317271456099718e-03,7.367237993940402643e-03,4.986574833817970093e-03,4.609842682381545646e-03,5.642691062579901357e-03,3.285781681948116238e-03,2.659483274823795478e-03,2.248740199948674311e-03,3.650739996427189958e-03,2.229305919577749453e-03,4.023613041558642481e-03,5.020639749670949802e-03,2.749461092243739475e-03,2.835068933130772788e-03,4.400000827785785495e-03,4.709336357121861327e-03,3.959650043563101365e-03,4.921261178237278794e-03,5.148760083563725005e-03,1.483855888129882641e-03,5.519976268803762458e-03,4.814021151594114790e-03,4.210224589081467024e-03,4.034481362331292925e-03,2.917261531823806767e-03,2.054920532427086371e-03,3.701393174801556347e-03,5.217397051477815420e-03,-6.844752937507379625e-04,-1.235754552279249175e-03,-1.724848126677079379e-03,1.140218056637059109e-03,-6.460361123091668554e-04,-3.087541055266116840e-03,6.507159441998859812e-04,-6.549827557869383754e-04,-2.864581091468044235e-03,-5.325636709842500446e-04,8.376896732359058462e-02
-9.951411243436030299e-03,-1.198786800021404975e-02,-1.460705159608832043e-02,-1.582622696110358787e-02,-1.590756458516276797e-02,-1.655055834312052498e-02,-1.573670916228890257e-02,-1.508242622681314066e-02,-1.102842185354158816e-02,-1.016424399001605861e-02,-9.654256406766193593e-03,-6.753362622519163555e-03,-5.674734827634028873e-03,-3.609109438658718392e-03,-1.565781200823481789e-03,-2.077022077657838476e-03,4.805540856941874846e-04,4.996798604119516993e-04,1.513809554818601509e-03,2.328367923399428559e-03,4.139549565135227857e-03,4.800444033732869861e-03,4.299665734628412180e-03,6.887605111897822374e-03,5.268441587303411208e-03,4.337576122088650059e-03,5.587346220106168514e-03,3.113880264982319800e-03,2.943140435591163305e-03,2.614084762264263888e-03,2.883367168946068468e-03,3.594877599202337282e-03,2.834369225653517350e-03,4.755976535295646651e-03,3.816586348610668828e-03,2.702021048071267216e-03,3.680912611879074044e-03,4.864579325082286562e-03,4.686244746921705041e-03,4.235137842803966303e-03,5.736073359427998168e-03,2.007660211996769185e-03,4.610451263018676069e-03,4.715122598398276653e-03,3.884396199782099313e-03,4.574833850747740856e-03,3.519644570508648294e-03,1.103416501216858891e-03,4.406275428069634723e-03,5.825332819766088251e-03,-3.884496769918299990e-03,2.702276689511017276e-03,-2.645843880599094231e-03,-1.806521485355915783e-03,1.354556368866272195e-03,-2.944370821254053017e-03,-7.066054718766273061e-04,4.639742963403693170e-04,-2.802410538156069157e-03,3.918162064850033016e-02
-9.750041780235215935e-03,-1.007287420665806989e-02,-1.206296829964362098e-02,-1.487973124561532516e-02,-1.595520404683937674e-02,-1.648245884900856328e-02,-1.622436853361166817e-02,-1.642000050128193320e-02,-1.528915276442143617e-02,-1.129505071676237954e-02,-1.016872947154341331e-02,-9.926939673769175077e-03,-6.502829451970285751e-03,-5.823585427086166826e-03,-3.842891893770974520e-03,-1.969372459430489795e-03,-1.679087416424589153e-03,3.278736303905527565e-04,5.522638810267277768e-05,1.933262078978328045e-03,2.423026807213610623e-03,4.304807163562297291e-03,4.578136343105598631e-03,4.216467757092975770e-03,6.780662252643294974e-03,5.468272391781195743e-03,4.297476077719741827e-03,5.720507709613826576e-03,2.397851122309617618e-03,3.051155565069818033e-03,2.688785411835387367e-03,3.842237918163775561e-03,2.105651202744197349e-03,3.092048946577911558e-03,5.359050264116000523e-03,4.046374919167577272e-03,1.493057878902098344e-03,4.014993865233315237e-03,4.273727420092733771e-03,5.695714065333194742e-03,4.197060089446722451e-03,5.763831536288685845e-03,1.554967673657016002e-03,3.921648424580367193e-03,3.950600662929403505e-03,5.499738572600046914e-03,5.391987867816744676e-03,2.209091398895745694e-03,2.344256992738884444e-03,4.405097523582268866e-03,4.226293729275553898e-03,-2.452039858998132215e-03,9.571985370452612682e-04,-3.861328259697232278e-03,-7.676421626620981398e-05,-7.591345724138257706e-05,-2.713371803537943661e-03,-1.800312362595563043e-03,-2.117675629555908559e-03,2.663096615340225168e-02
-6.013729417856436728e-03,-9.635040565443616506e-03,-1.034177708665527662e-02,-1.231756118211498399e-02,-1.503638910541363165e-02,-1.629548602651514910e-02,-1.660089736669937560e-02,-1.719355768525219347e-02,-1.621658668340304060e-02,-1.572770223874239010e-02,-1.147389750822216774e-02,-1.054836059919885688e-02,-9.720867515530711225e-03,-6.522643005813903022e-03,-5.723493868518847623e-03,-4.141956922891772142e-03,-1.638292342136515693e-03,-1.993403128166098756e-03,2.574905752734978678e-04,5.337050377755023309e-04,1.508135229914247654e-03,2.242848596193745825e-03,4.466639959529786034e-03,4.876843359394733221e-03,3.825789348362155107e-03,7.017196254531492955e-03,5.541981554282007956e-03,4.183142266681175343e-03,5.264029947254601077e-03,2.708183819215469190e-03,3.323289330713277614e-03,2.545568172208015865e-03,2.957631318539289192e-03,3.070981100951974616e-03,2.941362964061811167e-03,4.953355990620015269e-03,4.057157769377536111e-03,1.794684821997080161e-03,3.918743511941931261e-03,4.840722364498128288e-03,4.422966975225631550e-03,4.402843015834029435e-03,5.050580972593443976e-03,3.029023201987656247e-03,4.023858322056786570e-03,4.713031986229194135e-03,5.308926386189989112e-03,3.249701634857727391e-03,3.768246117845729971e-03,9.966735745904520445e-04,5.072768264996273258e-03,3.173371018070380613e-03,-7.334375081589366739e-04,-1.560097509402146639e-03,-2.249438014527754305e-03,-1.195633421616782918e-03,-5.887843049524428204e-04,-1.566929237308830410e-04,-2.123688696575544519e-03,5.258701267353325243e-02
-9.992471378490306103e-03,-1.124497739026155373e-02,-1.015596795588738499e-02,-8.415057583601935967e-03,-7.721059892328473867e-03,-5.442872802565835479e-03,-3.396427186057368770e-03,-1.740326738363034281e-03,-1.831706303265226085e-03,4.200864626599579957e-04,1.734308668436106106e-03,4.025629853080003634e-04,-4.637411391391561334e-04,1.030192398211442857e-03,1.723012357193955569e-04,2.559344418490215860e-03,1.697932458295031135e-03,7.643825991326331820e-05,1.490243090243115317e-03,1.835030499190785577e-03,3.103649720330896918e-03,-2.879105768933927023e-04,1.086216676120286233e-04,1.431036958421821187e-03,-3.581468188128497567e-03,1.980417851403093801e-03,-6.462176870747978093e-04,2.063838909319993240e-04,5.284071856286715572e-04,-3.081011422995303967e-03,2.415570064987748386e-03,3.553539505574881204e-04,1.258173791909012774e-03,1.692456981454585957e-03,7.079973003288196794e-04,6.337764826366333072e-03,2.995538864564864425e-03,5.410222769875685025e-03,6.943096924420296551e-03,5.795503090659402320e-03,6.107441887382090463e-03,1.425195822454220157e-03,8.952965881447802346e-04,1.612847471705922521e-03,1.131672297297289884e-03,4.716731063959377773e-04,1.558257470231389809e-03,-1.025316785199603979e-03,6.696748088202075181e-04,1.065447769084479661e-03,1.744811510950396768e-03,2.585269331510189916e-04,-8.485388107283877920e-03,-3.759776873816494795e-04,-7.843846278579764963e-04,4.108342593384067647e-03,6.192897108271758905e-03,5.344795139869995201e-03,4.252798575841696717e-03,7.344782285018029711e-02
-8.593133463454910928e-03,-6.517937608961837243e-03,-7.369972133607410533e-03,-6.123817912521481270e-03,-5.086506568799626510e-03,-3.375343467020376197e-03,-1.279195122944599061e-03,7.171500458082902697e-04,2.741315138172854046e-03,2.626469128574123336e-03,4.999564972388243454e-03,5.474458388748888737e-03,3.633240827255359087e-03,3.038138344290067933e-03,5.042614041522920469e-03,2.223681940072253036e-03,6.226014277398165403e-03,4.205721613815435918e-03,2.876308745340065871e-03,3.546842130282601251e-03,4.103326751760673699e-03,5.383099688957969364e-03,1.389174081926462757e-03,3.003110543493693867e-03,2.181674611982115358e-03,-1.488778661037940595e-03,3.859447252164687359e-03,5.882772053492098642e-04,2.237654587676213627e-03,1.525960631232361770e-03,-1.005527878460681568e-03,3.639243315889225706e-03,1.476059784728063397e-03,2.799375142013239056e-03,3.144913362866591858e-03,3.259073134299748757e-03,8.342589619118795374e-03,4.383171348418256862e-03,6.627067124704827568e-03,8.244845833902950810e-03,7.323461997306094338e-03,6.590832359357930159e-03,1.975708375398464549e-03,2.353780906011816981e-03,1.221685226429097609e-03,3.314630659253451142e-03,1.431113817536478101e-04,2.782768733402595732e-03,-7.306446970786688961e-04,1.792613767465641523e-04,9.706884724089064140e-04,2.733910433184006880e-03,-5.657914782195805304e-04,-7.299375526190506405e-03,-2.284348602781734097e-03,-4.663793474980426580e-04,3.914020325947605537e-03,7.768382671480089305e-03,7.412342374433941034e-03,5.017441521384254782e-02
-6.766282142245537597e-03,-6.867560778750622999e-03,-4.141257277205647076e-03,-4.975453091481504136e-03,-4.532882003955279043e-03,-2.341713629443576729e-03,-1.288528577054123825e-03,8.025680378456063460e-04,3.414603009859988689e-03,5.487250643741865309e-03,5.325797842766520802e-03,7.115603779404000399e-03,7.357955684441788193e-03,5.628388549194056345e-03,5.927502246963037985e-03,6.326495432955881772e-03,4.652269467436720950e-03,7.472729655992282199e-03,5.796474523391725170e-03,3.993041275654262562e-03,5.431525549637200752e-03,4.739227473806756352e-03,6.337996060977300720e-03,3.278301632747820677e-03,3.321422623834999373e-03,3.961022478584345571e-03,-5.009442962659720619e-04,4.859319218125854149e-03,1.694359767957130496e-03,3.167220006856620411e-03,2.933085357030289653e-03,-9.064447594819357397e-04,5.070143282850854763e-03,3.280447378214791654e-03,4.576494375190068645e-03,4.358475702460655292e-03,5.149971712273402301e-03,9.622432351622071944e-03,5.275134603245339865e-03,7.976901571481788758e-03,9.107186886147668886e-03,7.636731965354897483e-03,7.371494831177982480e-03,2.735514148382052393e-03,2.932649984926109701e-03,1.626887098869779589e-03,2.251614734159708160e-03,2.589405837229398575e-03,7.257933211497376302e-04,8.698931750740612062e-04,2.876624066742879387e-04,7.574578447316318748e-04,2.174758955022925051e-03,2.368651842637246700e-03,-9.961339050131941611e-03,-1.630404213179683552e-03,2.040814076354256854e-04,6.175005875440548950e-03,9.271694695989712506e-03,2.778443689836201241e-02
-3.844252228812876891e-03,-5.775128837381363935e-03,-5.720947675779503201e-03,-2.513898957578277610e-03,-4.266309282037499505e-03,-2.950451883066937050e-03,-1.021998070532699129e-03,2.427935531295151634e-04,2.465604577828529095e-03,5.145904077130449353e-03,7.157852067796600069e-03,6.498527306707261621e-03,8.340393829173434539e-03,8.312948255114376364e-03,6.958572871832382004e-03,6.132901379958088060e-03,7.407933598126134785e-03,5.538412744472274128e-03,7.618114234594856177e-03,6.360430667085345546e-03,4.766423457730465177e-03,5.359518718264047812e-03,5.820925584494013316e-03,6.830633269444882222e-03,3.558681888544831633e-03,3.754383105613615969e-03,3.972780254328819698e-03,4.075537306510212997e-04,4.925518484484338322e-03,1.897449106066511097e-03,4.247689526116918066e-03,3.238300865196831659e-03,3.260069607376392197e-05,5.815693942180025222e-03,4.454464875059037376e-03,4.910295677387368704e-03,5.714813202961613672e-03,5.772967147776982867e-03,8.588556870972499646e-03,7.128107350963673768e-03,7.190799794721971713e-03,9.137135623726802200e-03,7.516125992257391072e-03,8.103207262325731741e-03,2.314339302159063288e-03,2.243077024473751589e-03,1.569762858977459844e-03,1.866405786085883686e-03,1.653470873786411482e-03,1.309816538480343320e-03,2.068665184390030068e-03,-4.505232798830261344e-04,3.440129093666265819e-04,2.662748452060879987e-03,-1.480494225264147781e-03,-6.308830588430073411e-03,-1.614056590223290758e-04,-2.224517433545429666e-03,9.061755087018188992e-03,5.281872224054518644e-02
-3.281929063924232063e-03,-3.417255428914247987e-03,-5.007699564316092991e-03,-4.474713614324887789e-03,-2.244272946374673353e-03,-3.694924466254022842e-03,-2.349599595335585475e-03,-9.185467732195563460e-05,9.861084979617272712e-04,4.033252992427273365e-03,6.816800184411828285e-03,7.878738862603960197e-03,7.399444100020736298e-03,9.273854576158545998e-03,9.543424069365138637e-03,7.697869480179623039e-03,6.700136004490238675e-03,8.177238129704753750e-03,5.650096806401727796e-03,8.152380262562177599e-03,7.054485225088254555e-03,5.144469457288778497e-03,6.410936458005698363e-03,5.931051395007293919e-03,7.588695022568733677e-03,4.055406723756114183e-03,4.592622265680482152e-03,3.877479374422771515e-03,1.047728857438769449e-03,6.109599618516143096e-03,2.732288779158920360e-03,3.766372813774354362e-03,3.733098578393919363e-03,1.345310365193387418e-03,6.747714297407420014e-03,6.143282758620690481e-03,6.546217705821514091e-03,6.480821832225866670e-03,5.751394040830637433e-03,1.022099225738563183e-02,6.116773889965809209e-03,8.434737208147096224e-03,9.905979276676251874e-03,7.202164801708081480e-03,7.803951833386994774e-03,2.277984226010410299e-03,3.291462851247989839e-03,-7.485952294246089878e-04,3.143452363529945434e-03,2.344612866735755474e-03,6.198010455261153320e-04,1.793218113327711650e-03,-8.447478676809372670e-04,1.048314925745720376e-03,4.308230771758047792e-03,-1.018550031422327641e-03,-9.709502290619505954e-03,3.366196026081625043e-04,-1.009341151386062077e-03,5.252603465679672734e-02
-3.608723005689573474e-04,-3.642822738860106331e-03,-2.559909638554258918e-03,-4.418681755161790563e-03,-4.183268568433709360e-03,-2.054180150209184135e-03,-3.294814183297788482e-03,-1.733645499251651326e-03,5.641537488562985495e-04,2.368007688951823640e-03,5.238501427662894255e-03,7.313092170064500012e-03,8.696364988343661950e-03,8.709580034517635030e-03,1.035276583469556082e-02,9.675708255741793939e-03,8.073446428326760960e-03,7.438331375358126808e-03,8.436430155849310858e-03,5.912566733038988193e-03,9.131659965192355163e-03,7.183836629253381907e-03,5.719022732101110458e-03,6.509527468908343772e-03,7.049635565143722894e-03,8.226020286029846196e-03,4.459571596607501097e-03,4.449813311048367130e-03,5.066545380532673504e-03,1.102709355336435300e-03,6.641056050842962001e-03,3.422272502177288542e-03,4.611821796920411928e-03,4.712198403477878619e-03,2.083822481694093398e-03,8.802544703138320825e-03,8.107774862396152638e-03,6.952393544549088401e-03,6.839043508024585452e-03,7.180705463229406123e-03,1.032043078896241819e-02,6.193217059415519372e-03,9.171169548511035052e-03,8.723227776884782264e-03,8.657460900828918907e-03,7.865656442217644831e-03,1.485920730017261217e-03,2.993809523809466341e-03,1.697142990632303410e-03,1.263120082451479843e-03,2.623833469914810517e-03,9.399841884734389409e-04,2.483030135470482599e-04,1.719793758480254358e-03,1.600432857845630842e-03,4.274985137563843372e-03,-1.305172144846745118e-03,-8.746616602687178402e-03,-1.169313340342036838e-03,3.822782620824313748e-02
5.985221302582507865e-04,-2.275776873580604744e-03,-1.510796393423371586e-03,-3.120945095380997774e-03,-3.567248744349597444e-03,-6.045061751567768751e-04,-1.846415056157057425e-03,-5.289968530246690233e-04,1.682961140381253242e-03,3.128009788366793893e-03,5.924210011546518148e-03,8.101233433349916066e-03,9.450104239241211013e-03,8.755366016030718956e-03,1.055243625100202830e-02,9.777523423755211246e-03,9.004730924796011324e-03,7.204271258097552817e-03,8.676307578326365386e-03,6.208199305216595236e-03,8.755044552537559130e-03,7.603428895827539502e-03,5.452333639624074371e-03,6.843654108034440131e-03,7.237331988932071275e-03,8.091931521572186606e-03,4.358614933799804213e-03,5.305006032482585329e-03,4.826756202906824778e-03,1.132936338187591182e-03,6.166729172804580675e-03,3.855939165382983851e-03,4.953930538922063712e-03,4.297918974060082990e-03,2.058716339721531653e-03,9.055332198963352008e-03,7.611190183546352912e-03,7.771241105313071544e-03,6.883380322375658861e-03,6.252117944010908250e-03,1.091135671000760532e-02,6.194965674622026838e-03,8.501642644135106591e-03,9.328684566195240280e-03,7.863093570457042533e-03,6.885925723316388761e-03,2.464674039580956166e-03,3.177117333042733718e-03,8.472083638164963626e-04,2.236129876994094861e-03,8.428171976010012537e-04,2.211334329357720480e-03,3.707723163987757250e-06,1.774971792275465907e-03,8.453789103356254943e-04,2.152055578684527754e-03,2.863389010988998812e-03,-1.449031148134743464e-02,7.941093709884460006e-03,3.807097619681015094e-02
1.815254237288142780e-03,-1.432943844677328840e-03,-4.787411129017428890e-04,-1.959168273268094632e-03,-2.110684798327836821e-03,1.304222057324815802e-04,-6.648567556375221911e-04,6.099666831351383900e-04,2.567517961862466041e-03,4.114357290623931948e-03,7.417692544464297467e-03,9.600140945752783442e-03,1.059716262560213111e-02,1.031717419337678694e-02,1.119816792482717857e-02,1.124414715313513599e-02,9.982631749986462313e-03,8.726751557621682809e-03,8.897621467777984405e-03,7.067003093690522007e-03,9.869157014891350235e-03,8.225717406825682962e-03,6.531628641210471264e-03,7.848332669293224539e-03,7.843538716480863079e-03,8.543208850714282057e-03,5.550420206729478508e-03,5.702554022988538460e-03,5.641264543642540708e-03,1.730994590490645552e-03,6.238916268544052179e-03,4.658501223809501102e-03,5.511588274908708202e-03,4.720958751393521981e-03,3.271338772822094450e-03,9.032151898734162160e-03,9.238013729796049761e-03,9.960281049634324077e-03,7.977997029408911631e-03,7.384569400661432532e-03,1.178524083819734378e-02,6.875909979271558302e-03,9.025335988053774863e-03,9.496764904040458366e-03,9.296439339993084125e-03,7.740531477445642197e-03,1.995197387458167750e-03,3.440395636116613549e-03,1.086481469055425395e-03,2.348876797512560507e-03,2.704632152588593453e-03,8.290079888103555217e-04,-9.826602719114913703e-04,2.494784069373354174e-03,2.625682031984799200e-03,1.668906344006918169e-03,5.798514686865070735e-04,-1.149500119019289911e-02,-1.242749205243270537e-03,-3.285441746664781448e-02
6.887216254148082611e-03,9.007493905724856323e-03,1.569414824368968453e-02,8.953193010512460609e-03,3.124592692316815242e-03,5.775909618874848148e-03,-2.448353709363742994e-03,-2.264287514809254932e-03,4.630572710044161822e-03,-1.351486426808689353e-03,6.027660456040099569e-04,3.153817087846021421e-03,1.487269953558691040e-03,5.125331265971048468e-03,1.019882786636601424e-02,1.257642852479143140e-02,8.620767294250084034e-03,1.440394325481799895e-02,1.597203429954937096e-02,1.112068409164238166e-02,9.757225981055462141e-03,1.180991458792912847e-02,5.048071165854060849e-03,1.463202179355032988e-02,1.215115676229503588e-02,5.862528389862359940e-03,8.811728498372787058e-03,9.308748893298662841e-03,1.640081210890746016e-02,5.767680297742185797e-03,1.118974092775238544e-02,1.062875512054791728e-02,-3.564377168693665891e-03,1.426239936664322992e-02,5.876615479748618399e-03,1.412468881779842776e-02,1.251262293237302876e-02,-2.800158231017321232e-03,1.497076112221177799e-02,9.605969112275606139e-03,9.128070893640181233e-03,4.756945462966532569e-03,1.879554724677154299e-03,1.606627403708167298e-02,2.534561715952224543e-04,7.644712013843079149e-03,1.074808917329785583e-02,1.439141653633623993e-02,1.837525317943776784e-02,1.874705882352930468e-03,4.461794852592415768e-03,8.396527403758982612e-04,7.893869551932072501e-03,5.063160772062954944e-03,4.210064214127201554e-03,1.342956330204911342e-03,-9.996366997263197822e-04,3.702688404656964173e-03,2.091316579552585445e-02,4.747417792110344287e-02
2.187581073552361324e-03,4.465010004838961856e-03,4.971360439841483736e-03,6.850648447800532746e-03,6.184585712948159099e-03,7.042716606180173845e-03,6.727394209354138448e-03,8.641306976394085015e-03,8.711724172467336103e-03,8.117862748791365712e-03,7.057503908622108670e-03,8.345282938684429538e-03,7.296193440268270922e-03,9.214358479179209083e-03,8.732035323356724180e-03,8.877735386631684447e-03,8.467164053170009308e-03,8.237658087109274788e-03,7.955533065224991082e-03,7.791215999143332079e-03,7.473788700156663856e-03,7.136598433156529815e-03,6.633721323487888795e-03,6.989703707916316601e-03,7.296641802002771030e-03,6.438700065726962393e-03,6.119129129129124121e-03,6.216234740767102342e-03,5.786001769803457775e-03,5.807848015019716377e-03,5.581419751180836941e-03,4.406022136851697399e-03,5.079972439280220145e-03,4.905872976863422975e-03,5.162177508949497562e-03,5.115498362351292641e-03,5.674404462430319811e-03,5.311632633857148351e-03,5.276818556742567806e-03,8.858951884768609397e-03,8.379652101141698770e-03,6.765146271921311516e-03,6.104686783061797489e-03,5.855260902954516865e-03,7.674771297332822796e-03,5.544691088676799440e-03,4.128358721843898398e-03,3.412010714210059192e-03,2.666036368287513867e-03,2.240251111062437420e-03,8.302974276528021910e-04,-6.727641541125917862e-04,2.100728187651304275e-03,-1.003240848007470529e-03,6.583074670571593436e-04,3.782631545621867189e-04,-1.252408655311366796e-03,-1.453780779299709185e-03,-3.475292922451648104e-03,-8.805836970584827615e-04
-3.547230043171554180e-03,-2.472806490619134864e-03,-1.193575894203007751e-03,-1.041092642667695075e-03,7.012269865067653806e-04,3.370828744815197991e-04,8.014878014383495283e-04,6.736395623464783763e-04,2.703341810847100131e-03,3.620696634267129774e-03,2.214298710098287423e-03,2.249895778176609542e-03,3.766100432165819280e-03,2.288097479259775750e-03,5.487592597544918398e-03,5.249393931405390949e-03,4.978183006536020597e-03,4.995310723489116041e-03,4.456312620455924085e-03,4.936116561644254483e-03,4.635624523838042035e-03,3.969924169475097693e-03,5.003139932697729143e-03,4.432963082947123830e-03,4.160200250312925951e-03,4.769999999999979985e-03,4.161819137903414144e-03,4.485889791688476777e-03,3.797314221107039346e-03,4.344219454420461188e-03,3.799988775293543578e-03,3.711008200526069289e-03,2.990622837916864871e-03,4.084104404926451604e-03,3.862262755730903191e-03,3.591628956872788391e-03,3.501929338413671197e-03,3.892888156086871890e-03,3.680999204274099275e-03,6.503092099943412301e-03,5.716079132256927410e-03,4.744410312010608442e-03,4.268326958716234243e-03,3.500382240748764039e-03,5.257927986906694301e-03,4.142917303247626963e-03,2.630426060104578377e-03,2.469178595117398761e-03,2.609520891967997882e-03,1.279684240449626255e-03,1.702691840043237112e-03,2.397696381072867919e-04,-1.748766392233487782e-03,3.392872618188788798e-04,-8.915278326095713805e-04,-1.488666543141311475e-03,-6.597455948984678282e-04,7.646476382924873591e-04,-4.221172700926515212e-03,3.430552176395702813e-02
-3.661545686743034392e-03,-5.093117824039828864e-03,-3.933796785154155054e-03,-2.685433615744918252e-03,-2.553175346306684693e-03,-7.584774275723255499e-04,-1.356068831855233121e-03,-4.841975134219753032e-04,-5.007311184082904702e-04,1.980127355832464551e-03,1.472674704816725804e-03,9.117383111826468612e-04,9.209962641710091671e-04,1.941229349526626654e-03,3.332318846352938600e-03,3.708696128170912727e-03,3.597104681164705210e-03,3.416124735563624750e-03,3.299872796915054481e-03,3.352097943895568106e-03,3.184297883084591125e-03,2.986739743606918202e-03,3.613210675509390991e-03,2.775214382956011326e-03,3.307881931718821382e-03,3.220291216533681736e-03,3.435426866022710680e-03,2.278227405162358814e-03,3.395013925060594209e-03,3.226224595941639111e-03,3.219433505462716665e-03,2.889687932687117367e-03,2.423600478283142404e-03,2.604667724280090510e-03,2.882708997380570379e-03,2.116873926972084614e-03,3.315205781828549272e-03,3.042252735763534364e-03,2.103334009852561581e-03,4.400405874499400440e-03,2.751589551173553444e-03,4.306754991602802785e-03,3.374970594199879111e-03,2.831240150804886866e-03,2.991110978306267109e-03,2.039689574100559972e-03,2.973554381417708829e-03,1.480387284070156396e-03,1.062229494560310711e-03,2.350779287191549511e-04,8.966558565861950953e-04,1.375073204740851970e-03,-2.105101689770321437e-03,5.277612398770724876e-04,-1.934244868248726715e-03,-1.030220465890165733e-03,-1.134396882062015414e-03,-1.433853961195102802e-03,-3.089665841583994778e-04,2.995998589562163736e-02
-5.099859943576439195e-03,-5.051660334084072390e-03,-6.632693013581222354e-03,-5.612059032436286267e-03,-4.241802264070954585e-03,-4.284304461942327336e-03,-2.391435204167676170e-03,-2.579286961034105239e-03,-1.287831137554972536e-03,-1.402240030990511066e-03,6.964797824070992436e-04,5.383901103023295805e-04,-3.002396475771633303e-04,-1.556722797928263415e-04,2.507401725028814143e-03,2.284710614347229898e-03,2.356639342073737608e-03,2.945008685581873651e-03,2.545380126121165459e-03,2.055898829864388159e-03,2.977572199048878019e-03,2.136976901902888377e-03,2.559989832775989588e-03,2.516388699294707688e-03,2.361822232216809116e-03,2.157733563036627524e-03,3.372155808980707020e-03,2.379984090507316838e-03,2.211216694314413044e-03,2.687677981194548649e-03,2.013292662022909008e-03,2.517407173936461306e-03,2.378591745081264260e-03,2.669168186565667837e-03,2.113337053571383295e-03,2.447412940057069886e-03,2.536476283705565299e-03,1.889488985678691377e-03,2.647591686398332624e-03,2.533890663299408035e-03,2.693615016250941463e-03,2.273782692862039243e-03,2.944922960820024662e-03,3.415434934175412551e-03,1.978802586381054381e-03,1.946658445365417271e-03,2.242375412471506613e-03,1.149560102405725167e-03,7.588240988195308571e-04,6.888541269805511028e-04,-2.244958972366834535e-04,1.893793559770571861e-03,7.076262032212027417e-05,-1.223264073130249418e-03,-2.474256559767140391e-04,-1.951386256648569633e-03,-5.767965484699149367e-05,-3.265103738773216316e-03,-2.192111700900045528e-03,2.048921437081515848e-02
-4.210570027536807321e-03,-5.391097854435841601e-03,-4.721400714394957850e-03,-6.410945781235111683e-03,-5.353879593349524652e-03,-4.112617167770007791e-03,-3.977818444028740144e-03,-1.907725167204961771e-03,-2.032545260915968703e-03,-8.330869513782815199e-04,-9.258539899781063551e-04,8.836613817670966632e-04,1.065369156071639808e-03,-2.127549540231129263e-04,2.653840676342209427e-03,2.941496703994871554e-03,2.755709566578680089e-03,2.792539830802582244e-03,2.488763323420355340e-03,2.807174355760983127e-03,2.578503133578633616e-03,2.502722041331675688e-03,2.680801272240814978e-03,2.355594096533951323e-03,2.892613587655405282e-03,2.584673457328569117e-03,2.810020645380190574e-03,2.058513374485520381e-03,3.103429279957449147e-03,2.201834793491856158e-03,2.798180028172000695e-03,2.892000782044202006e-03,2.213528594796408504e-03,2.355309997852582989e-03,2.032894798665636164e-03,2.612756271539529076e-03,2.294533792839369320e-03,2.386866053993986440e-03,2.052710128434384780e-03,3.265196684809469705e-03,3.322730403533701981e-03,2.734764345057752108e-03,2.883416947460284464e-03,2.917332485696046661e-03,1.736895083397325956e-03,2.943104120095947716e-03,1.060656226849938672e-03,1.372352142133298264e-03,1.763272893240843461e-03,1.926031209642719124e-03,-5.401153846153537545e-04,8.401456173421526993e-04,-8.594769844320848630e-04,7.466788775916886325e-04,-6.047581506118326292e-04,-2.365649696747013433e-03,-6.336558861579099679e-04,-2.313708930302700150e-03,-2.122806769047347591e-03,1.491249701177507249e-02
-2.560731722742204310e-03,-3.956480500650849837e-03,-4.738394940083839706e-03,-4.527122175486613699e-03,-5.666150674921152826e-03,-4.849843450479245435e-03,-3.806435495500315631e-03,-3.198174297681323410e-03,-1.338345070849483297e-03,-1.117382073513471233e-03,-1.104683391372963166e-04,-7.234272134973264911e-04,1.502622132473710286e-03,1.165024411006245712e-03,3.014082604641892503e-03,3.039118122454365165e-03,3.177541646834891945e-03,2.705383972846083212e-03,2.929223278955353504e-03,2.849307355320892642e-03,2.858274817928027449e-03,2.576710192237987532e-03,2.738901445152027835e-03,2.934058470964276497e-03,2.855446186838256004e-03,2.453723927943920590e-03,2.852790451900258980e-03,2.709260067446942789e-03,2.924696885069892009e-03,2.550346042270945201e-03,2.497810644770513937e-03,2.476733121609572732e-03,2.728823843388416843e-03,2.077127133489316616e-03,2.758158291999148089e-03,2.581111303499228436e-03,1.769599387393095422e-03,2.672692869878154701e-03,2.969154911793404125e-03,3.717126029339540196e-03,2.879718510600363501e-03,2.512649933949726196e-03,2.497435394690372505e-03,2.410311619496198314e-03,3.990260575151013435e-03,9.318053272642959177e-04,2.849186136178902869e-03,2.226732573726518481e-03,3.937867112852473086e-04,1.863009799346745151e-03,6.305239481344438075e-04,4.544721998389996591e-05,1.060243190661394001e-03,-9.015880287827491213e-04,-9.027743593737944626e-04,-9.519104340854481813e-04,-4.073075435202839372e-04,-2.829724632214231962e-03,-2.578937588598078159e-03,1.049256740539185242e-03
-1.659534750613249777e-03,-2.946480250107086536e-03,-4.360141586602757358e-03,-4.858731125750584239e-03,-4.820832267584913150e-03,-6.264026832587884716e-03,-5.373660732226770258e-03,-3.817709571399775879e-03,-3.315635746487776044e-03,-6.374265455782119130e-04,-1.311528063438374952e-03,-1.745384880010444016e-04,3.139845157525895697e-05,1.865801607100272012e-03,2.917904697617445392e-03,3.324398062527565267e-03,3.667716159347223469e-03,3.525080328972510137e-03,3.322180200222509677e-03,3.263397242022534304e-03,3.037090340139712939e-03,3.172352189114504683e-03,3.117877449520104535e-03,3.365002591809821385e-03,2.988503051461819174e-03,3.309619947717658012e-03,3.057664210059972323e-03,3.228719655829137645e-03,2.966278412721017228e-03,2.991132435691433531e-03,3.041390788400124418e-03,3.086628055102913232e-03,2.833997406164125762e-03,2.860441572768176663e-03,2.796937882492146407e-03,3.021327929210127980e-03,2.974997627032799439e-03,3.102570460770506192e-03,2.692704235822639385e-03,3.188500235926075045e-03,4.225145033694674250e-03,3.055151667534646356e-03,3.059903924970017782e-03,4.352875178090895303e-03,2.782533061189723655e-03,4.572761164880041751e-03,1.415837875969877882e-03,2.407157053862717284e-03,1.306851666061851439e-03,1.773988039030573909e-03,1.289065810036381767e-03,-8.135949194827932392e-04,1.637095127610182924e-03,6.465916244869455163e-04,-6.567173614529824748e-04,1.489094500974262559e-03,-6.748424309790166222e-04,-4.862502559901780638e-03,1.548176219801446533e-04,-4.306166077738472070e-03
-5.866388488243459709e-03,-8.974999999999967379e-03,-1.047573164467557189e-02,-1.208411061240486847e-02,-1.312139779544312622e-02,-1.299392870880873053e-02,-1.422936236216481264e-02,-1.230832575500510895e-02,-1.020229298067150403e-02,-8.036180904522563159e-03,-4.662543846792753001e-03,-4.543106894778971283e-03,-2.881089315277260768e-03,-3.286655987478428759e-03,1.289605647577998695e-03,1.280188282949527986e-03,1.763969940887866964e-03,1.608230585501219763e-03,1.681389453671727719e-03,2.042126678852348911e-03,1.851136333342239199e-03,2.227625103568041734e-03,2.377641071148817956e-03,2.388903132979831520e-03,2.312194356115547696e-03,2.736502567522532906e-03,3.031555293202244181e-03,3.113239858645822263e-03,3.151116102964044222e-03,2.940146437262551506e-03,3.208768511189511157e-03,3.072416127352446853e-03,2.607205814592940436e-03,2.805808111750966033e-03,3.056599876549069561e-03,3.308689783533462579e-03,2.741479029726599011e-03,2.747605687565575407e-03,3.665239143192550956e-03,2.828965270551439450e-03,4.046952502740255170e-03,3.881638618246201385e-03,3.093247451612329921e-03,2.644578262209123631e-03,4.436054266818558606e-03,2.816834922616640903e-03,2.959915030377643572e-03,2.231435113841072782e-03,6.941920293768513717e-04,2.417789705177842384e-03,1.094710903527180415e-03,1.001582243219823615e-03,9.101197842483269018e-04,-7.066337608563832366e-04,9.652145748988520940e-04,-2.288382185928247454e-03,1.924544244655152512e-03,-2.848501789617137979e-03,-5.918646934460851210e-03,-9.818132341424729882e-04
-3.707406136455335642e-03,-4.662907588532862191e-03,-6.947957060830502359e-03,-8.740504188066064092e-03,-9.850931064399803469e-03,-1.084534939686992473e-02,-1.064602826967125590e-02,-1.155384617580723638e-02,-9.464309715821723687e-03,-6.231786451004702777e-03,-5.619478496985273047e-03,-2.806840595345987469e-03,-2.706318246178176460e-03,-1.721459950789581018e-03,1.914800542641388126e-03,2.403113755950887082e-03,2.500145378245630622e-03,2.462947696483824226e-03,2.278133710126966673e-03,2.581396257291549302e-03,2.680247077049348423e-03,2.615542231282598322e-03,2.661951649392301292e-03,3.299161132927234865e-03,2.800999092323575197e-03,2.858531271212379037e-03,2.768940658167027072e-03,3.908198149813971872e-03,3.221559363986174242e-03,3.134630410780482775e-03,3.462919108525483371e-03,2.757953479647313241e-03,2.697374785399593231e-03,3.757708672107025645e-03,2.873269050365159002e-03,2.816080011443798051e-03,2.885391506616756096e-03,3.465289266525081388e-03,3.355614007035582439e-03,3.901294445354706267e-03,3.746924801571104632e-03,3.289949896846466795e-03,4.350476757158779073e-03,2.395680949507094336e-03,4.121516642997477727e-03,4.768919492810754814e-03,2.001391404937018312e-03,3.600564449505364896e-03,5.624780735668378877e-04,1.366748953052736217e-03,1.844264885920866154e-03,8.009742235220062212e-04,1.376341854498786509e-03,1.181482168674715880e-03,-6.831300345224024066e-04,-7.192032533594624978e-04,-2.304200016969261075e-04,1.227972651605264672e-03,-4.125977899439090338e-03,-2.473959658226443804e-03
-6.493003898267214746e-03,-9.353512742099919300e-03,-1.059965213832616757e-02,-1.343488370130306586e-02,-1.497335736032252493e-02,-1.567437865519695148e-02,-1.667054840770154298e-02,-1.505950907494139034e-02,-1.570727528619721841e-02,-1.176436840351065619e-02,-9.123526100095175062e-03,-7.749069633170404051e-03,-4.651079498526948693e-03,-4.539122008905406395e-03,1.855027682447687586e-04,8.772425431998251552e-04,1.132121865326486069e-03,1.180705780931867125e-03,9.746024320619050023e-04,9.070562703457239404e-04,1.743681728724549200e-03,1.559151268524241194e-03,2.428074703067308049e-03,2.198800579175906340e-03,1.808195661542931617e-03,2.325144437375934424e-03,3.380439409680560149e-03,2.368137156607121128e-03,3.632751139250751590e-03,2.718943483648499429e-03,2.863390022836545534e-03,2.957350561733481428e-03,2.396455886824723491e-03,3.113617362380453283e-03,2.463441069768845890e-03,3.162299742001338770e-03,2.786525253170679499e-03,2.600155891792800891e-03,3.053563243685082119e-03,4.240503969401828409e-03,3.046120853197779605e-03,2.826256642133425940e-03,3.197843665768164683e-03,3.553563114815642705e-03,3.722556207774877727e-03,2.403210384395938499e-03,2.403494242965391239e-03,2.368332409235054167e-03,2.211481691804401909e-03,9.423962770153101803e-04,5.048772784695814168e-04,1.630187041816091994e-03,1.160310312250182642e-03,3.055693988036557902e-04,6.358467983232680574e-05,3.360289476548145807e-04,2.206939668647378452e-04,-3.431828527168714546e-03,1.770599139149735659e-03,-2.240784796573944831e-03
-8.259307721113943318e-03,-6.542417204226729302e-03,-6.272935944582194029e-03,-7.298838900445290580e-03,-7.434300299482688237e-03,-7.487127924340440666e-03,-7.615126928897957524e-03,-7.582611456176700966e-03,-7.442809088226578704e-03,-7.354213935804526821e-03,-7.220734517858858580e-03,-8.852383062324935270e-03,-8.911429539938481303e-03,-7.815609819796306632e-03,-7.918903283938403745e-03,-7.370612050459441657e-03,-6.804744337447412618e-03,-5.837294041892359189e-03,-5.882470734838785194e-03,-4.967462750807088122e-03,-5.370924846466190554e-03,-4.697207362974980052e-03,-4.108430616519792404e-03,-4.843417702822454783e-03,-4.991539145553287003e-03,-5.132988309020941435e-03,-5.770639125820611025e-03,-6.110449206925795511e-03,-5.409662980516148287e-03,-4.222976794680447128e-03,-3.481561094885488126e-03,-3.265994789504573625e-03,-2.881867236080854280e-03,-1.942468807527096119e-03,-1.553617844405441161e-03,-9.834088434551011872e-04,-1.593556622299877523e-03,-8.035611313574538310e-04,-7.236618863585422357e-04,7.883778559431371593e-04,1.537258972155357902e-04,1.118658128341310258e-03,1.019361219520248212e-03,1.522009097231323202e-03,1.142707204380860294e-03,1.098137524558019315e-03,-1.143873057771888080e-03,-2.692621614844484647e-04,-1.163751612392278792e-03,-3.003604815699249461e-04,-1.326192827802615427e-03,-2.284903369328511805e-03,-1.472080953388329397e-03,-1.852754783043624376e-03,-2.411335552726852696e-03,-1.342136969257163963e-03,-2.484723176026684428e-03,-3.131706705661180690e-03,-2.898411179655008361e-03,-2.466453183895410579e-03
-1.524772475522560497e-02,-1.633663729682007307e-02,-1.551504024463106444e-02,-1.659199954765302326e-02,-1.699585231447462569e-02,-1.661803199224428859e-02,-1.618567090657579630e-02,-1.536764888642309750e-02,-1.456620685360205704e-02,-1.360618078419625204e-02,-1.336726973440316782e-02,-1.222721400303549560e-02,-1.287254815840028870e-02,-1.117997021644537813e-02,-9.587190457636264596e-03,-8.700325238241640030e-03,-8.868162136478301497e-03,-7.602362030355689845e-03,-7.885835882533010974e-03,-7.842468072128344972e-03,-7.570333384446389924e-03,-6.018106771277518044e-03,-6.178525564484766905e-03,-6.737200581669307818e-03,-6.897446445035096234e-03,-7.544507257653442628e-03,-6.939679380579213790e-03,-6.327575256148947752e-03,-4.740745174688368140e-03,-3.764823924969002041e-03,-3.153955358608321376e-03,-2.289252963236733732e-03,-3.908974484930836761e-03,-3.321415533103108837e-03,-2.438990766144440679e-03,-2.604224247141966216e-03,-2.782116639914305849e-03,-1.499225574916225601e-03,-2.206144996496490086e-03,-1.437161721499284747e-03,-1.997791399260270904e-04,2.833265068725603536e-05,9.942479722681199332e-04,3.863592183861041954e-04,-9.907040670540274985e-04,-5.348887343532548197e-04,-1.026232689088421059e-03,-1.597840862757822760e-03,-1.826719016729297287e-03,-2.552571904574597959e-03,1.136916637021131559e-03,-6.622383473574004363e-04,-3.410086661732657058e-03,-1.477983853370898023e-04,-2.112402799377944684e-03,2.338960642731781542e-05,-4.375383782320318819e-03,-1.991082992628832350e-03,-1.637359132736648185e-03,-4.296037767435634952e-03
-1.557211538461541339e-02,-1.390784926598480527e-02,-1.113204245704374311e-02,-8.913668168754291382e-03,-8.263489600702014770e-03,-8.074248001552904522e-03,-1.035950299254494340e-02,-1.109808059258250192e-02,-1.163990018134257974e-02,-1.139496099843990973e-02,-1.074631990069324812e-02,-1.081737288898213835e-02,-1.076684542767791970e-02,-1.033072783363802628e-02,-9.654245228054695455e-03,-8.903254579847382985e-03,-9.106495974955301428e-03,-9.726451608930677256e-03,-1.032927480051350037e-02,-1.143085422074155422e-02,-1.161658356298446958e-02,-1.084051820311397914e-02,-1.010802776117429927e-02,-1.012626648915224484e-02,-1.064125960187189794e-02,-1.094033384666159500e-02,-9.413210413326459844e-03,-8.559239625131213891e-03,-8.056542743458901951e-03,-7.241879677565625680e-03,-6.503095811929219573e-03,-6.808767320496656415e-03,-5.420781044439137650e-03,-5.430383935226534668e-03,-4.913309246423783541e-03,-4.689895953067004138e-03,-3.701703803214919253e-03,-3.227012810198659053e-03,-2.726970121679265623e-03,-2.916452453608178296e-03,-1.792222458285051400e-03,-1.057899280808669018e-03,-7.642273051469164425e-04,-1.067907420663330442e-03,-1.044416042762375723e-03,-9.458256765383428900e-04,-2.775201225018217419e-04,-1.908196822936861908e-03,-8.982421558231709320e-04,-1.321951091931499334e-03,-2.199506798692354385e-03,-1.935013246481742102e-03,-1.607979591836668264e-03,-2.745952228357213636e-03,-2.725576662143913871e-03,-1.680720002155548006e-03,-1.631165884816190110e-03,-4.165395211451526983e-03,-2.191524037251436127e-03,-4.747654453062289531e-03
-1.332864421060168773e-02,-1.400085799347179291e-02,-1.331005871669636506e-02,-1.209075498802877902e-02,-1.085204456964460398e-02,-9.765654648956442752e-03,-9.692807836985100484e-03,-9.665932356217080482e-03,-9.224319498069498760e-03,-9.000705640261130042e-03,-8.960944600012723735e-03,-8.554373815781406501e-03,-8.593763076224352274e-03,-8.373091935717294487e-03,-8.792191970466191331e-03,-8.826058161035351193e-03,-8.411160859592294037e-03,-8.355187479621734720e-03,-8.629925879865680410e-03,-8.914018263678576484e-03,-9.771478594649541521e-03,-9.380634019275956373e-03,-9.780254056390167219e-03,-9.914805551073142473e-03,-1.000232185109765741e-02,-1.015658406810576730e-02,-9.422341438957015577e-03,-8.504094321462879122e-03,-7.999072118594364664e-03,-7.036895108305530819e-03,-6.801776543295464002e-03,-5.796140636751133564e-03,-5.648313558490989858e-03,-4.364656583604884649e-03,-4.732094480740252351e-03,-4.094835659747053658e-03,-3.722024226679527571e-03,-2.979703387845064003e-03,-2.651917383821045422e-03,-1.999884633356473554e-03,-1.903424726071922552e-03,-1.340785935200053186e-03,-1.090396995884098698e-03,-7.597332975043400230e-04,-3.545684043307011199e-04,-9.186063807604504926e-04,-2.093438021395694932e-04,-8.745376558603075706e-04,-6.918078705986487401e-04,-1.738211143695125816e-03,5.939279022038804320e-05,-1.201634704083209739e-03,-5.073533879522331563e-04,-2.459936482532691128e-03,-3.187000051028225211e-03,-5.897708132349804280e-04,-3.784351185793015989e-03,-1.233445066208563052e-03,-3.332435797897769468e-03,-2.550140629675159455e-03
