-8.545051159591846425e-05,1.430366136930986216e-04,2.114468004986369760e-04,2.809698144874146398e-05,1.927348176512490435e-05,1.484868356056434533e-05,7.436762623328930654e-05,-6.228765698586331725e-06,1.042831618950228911e-04,-5.043160690845290868e-05,-1.415307098534309002e-04,-1.316530368381560554e-04,6.123729890845907035e-05,-3.318195523243165613e-04,-4.192460938197452303e-04,-2.649509113136246769e-04,-7.956388181407019291e-05,-2.763392133697852851e-04,-1.550699107019417309e-04,-2.542730032899252540e-04,-7.276956468179093102e-05,-3.252191161228974487e-04,-1.877990972007587221e-04,-4.197013914640157430e-05,-1.371913442992132393e-04,-1.641817001890406511e-04,-1.846330470386483322e-04,-2.928740158400237794e-04,-4.604123036318226426e-04,-2.460041081734481430e-04,2.780125363075215323e-06,-9.239033722410481598e-06,-3.813905807710040482e-04,-3.303074475558051407e-04,2.174223685986535184e-04,1.964558013026869389e-04,-5.859777485228949022e-05,1.591793639519287838e-05,-4.753482853702969491e-04,-7.842448056703862219e-04,-7.753905767021445228e-04,-8.458193305654481027e-04,-1.753752153217667039e-04,-3.659989251420538679e-04,2.629447121995886734e-04,-1.366835373038137545e-03,-9.484129862664120040e-04,2.675481968857163287e-04,-1.911046672338022074e-03,-8.480679540196032085e-04,-2.497913984084393878e-03,3.815146011572348927e-04,-6.360272340509592025e-03,-8.072801597979677168e-03,5.750964661809208033e-03,-6.918674284978902113e-03,-9.424251641227927119e-04,1.117569257175872509e-03,-6.825212648446815980e-03,3.148061949074626442e-02
-4.785836292551322486e-03,-2.285138726183604495e-03,4.613167137155493175e-03,6.231310842146852574e-03,2.831632985387582888e-03,1.772391678391425614e-03,-1.591853351460762681e-03,2.383896040641281504e-03,7.987512937928959323e-04,3.539475439352453116e-03,-1.345308609220851150e-04,-1.523636506435495624e-03,-1.803746712817009797e-03,2.847342979238320308e-03,-8.398218236735087092e-03,-1.034525551474601603e-02,-5.106780306839614481e-03,-1.383514995981376442e-04,-6.901434419238773599e-03,-1.835523255875708354e-03,-4.591141921999482810e-03,1.053680821495520462e-03,-6.634853283840439452e-03,-1.157682254792723534e-03,2.480873168007068520e-03,-9.597225355982513893e-04,2.106504748588715684e-03,-3.285038294756527453e-03,-5.159538213684164952e-03,-6.536339563228786911e-03,5.445771169503654460e-03,8.483236766603861889e-03,4.222610091580687383e-03,-6.592970512892733573e-03,-2.655563445660837443e-04,1.381399029606195442e-02,8.158941134956153307e-03,6.512661750898702043e-03,1.383330570392422680e-02,3.223759743425619437e-04,9.095671419812684233e-03,2.638745229366604335e-03,1.484347361077383194e-02,1.186608958897316692e-02,1.298847691596184857e-02,1.826157933109541151e-02,1.843386264663484861e-02,1.188706616866763016e-02,4.784139382701255855e-03,1.492597658624635580e-02,1.024621982265314958e-02,2.816003001344322739e-03,-1.213523497968173196e-03,9.985176021605490088e-03,4.829247255746265538e-02,-1.056082191244458925e-04,1.044352987182503578e-02,4.173015162857896844e-03,-1.792179510314489271e-02,-7.478309985622275113e-02
-1.150709806174995010e-03,-4.835922493914728004e-03,-2.297444706416312647e-03,4.608885206458360022e-03,6.229325631465188265e-03,2.855227568128197377e-03,1.776213355074213966e-03,-1.599945204551061822e-03,2.360756235073766321e-03,7.562576660467615602e-04,3.509932205519003187e-03,-1.433820724983783982e-04,-1.530689759580652724e-03,-1.786466319966632408e-03,2.884103041197260287e-03,-8.475940728760952142e-03,-1.045933343509061406e-02,-5.132426779462261925e-03,-1.356016559662218297e-04,-6.994849379267010191e-03,-1.850904456939947689e-03,-4.641090614260111151e-03,1.055802223623680770e-03,-6.708673714953390828e-03,-1.151287871599396577e-03,2.495753814673218503e-03,-9.519001923050010149e-04,2.122721641390507702e-03,-3.309327108412974706e-03,-5.198663483717496682e-03,-6.614771714510075430e-03,5.469572690779848922e-03,8.463084783080533635e-03,4.202304840907299978e-03,-6.750243232108380648e-03,-2.947167582326194746e-04,1.376509671894063716e-02,8.127946627883827005e-03,6.522422148994377541e-03,1.389546771235421717e-02,2.068623598262039746e-04,9.125114109591532172e-03,2.454319560663349893e-03,1.466998938908836182e-02,1.161109462453436582e-02,1.260660528081106874e-02,1.820385129263514881e-02,1.834978215148131558e-02,1.213650893094806241e-02,5.544328024389765658e-03,1.603378075369287989e-02,1.105401580893588219e-02,3.143831002224276028e-03,-1.392784309110423665e-03,1.072598258701599160e-02,4.911444694095268987e-02,-2.946802050629994656e-03,1.017541853572408520e-02,2.480197375060765388e-03,-1.218639724734422586e-01
-1.491160572807222716e-03,-1.140909741111984562e-03,-4.851648683473602439e-03,-2.283536247509518596e-03,4.613461255220943462e-03,6.197453255401386141e-03,2.842317296502661420e-03,1.775348202763468936e-03,-1.615476063404807467e-03,2.367799971738304265e-03,7.748536129799433233e-04,3.517180647599991387e-03,-1.605390146812714326e-04,-1.568660070679753649e-03,-1.837826522239474625e-03,2.819522465315212664e-03,-8.615830114819460900e-03,-1.060078974223395594e-02,-5.154834797839248292e-03,-1.017620581956158533e-04,-7.028101212389376191e-03,-1.825487507916008067e-03,-4.672298154075856316e-03,1.056860988958252057e-03,-6.803498370211488039e-03,-1.170389060041965735e-03,2.470981004383405229e-03,-9.938040746643402902e-04,2.088863948439405836e-03,-3.361340374081948131e-03,-5.292024943161708662e-03,-6.734265757000312824e-03,5.466036220011979627e-03,8.432745108082367880e-03,4.208244013285070834e-03,-6.888788426512189138e-03,-2.583438760796722029e-04,1.378706423277167512e-02,8.137125642123538630e-03,6.620856582442979747e-03,1.387779580516836087e-02,1.309425728811761667e-04,9.215673608703759886e-03,2.397727333890411518e-03,1.488912776804834741e-02,1.160378846496093637e-02,1.270928570718469867e-02,1.830872212101444449e-02,1.827106494702896572e-02,1.195692714309076581e-02,5.183567120327457235e-03,1.622810849341259354e-02,1.097531448373277249e-02,2.692785595117132280e-03,-1.336615878981976162e-03,1.095858153182109260e-02,5.083166096632091291e-02,-4.802855655891454835e-03,1.177203133942657590e-02,-2.564612495536529660e-02
-2.833610973871869294e-03,-1.481724217224572766e-03,-1.131330710571348125e-03,-4.864469590224059468e-03,-2.281737082581232479e-03,4.591802423600103641e-03,6.141034129590986455e-03,2.798771366144493008e-03,1.724696643965197094e-03,-1.646065601566243158e-03,2.351334239411820293e-03,7.827313999737948048e-04,3.527607297522686054e-03,-1.234514148103022446e-04,-1.525490823707314168e-03,-1.808786499716505316e-03,2.849140221843234760e-03,-8.714832495154959183e-03,-1.076963251519527480e-02,-5.235507962085184444e-03,-1.643850728478174787e-04,-7.146642345430715207e-03,-1.859983280833453663e-03,-4.718026279679090815e-03,1.091124646325113395e-03,-6.870237555025385419e-03,-1.159135721327597202e-03,2.484655372606094526e-03,-1.023973886417053327e-03,2.077650982157334091e-03,-3.442795037103136765e-03,-5.367239420810355523e-03,-6.836057159691296195e-03,5.490224903623826952e-03,8.424421046208928690e-03,4.170460437648604822e-03,-7.090899354407973788e-03,-2.930005046922261823e-04,1.372837262603378988e-02,8.103305629166151353e-03,6.516498030333038941e-03,1.383732977819584868e-02,-2.276778689526617877e-05,9.278633846004183047e-03,2.417827091214775313e-03,1.502641404907266789e-02,1.175849064310894448e-02,1.293182220229228616e-02,1.860449754499339525e-02,1.857503703311266796e-02,1.199860361750869353e-02,5.210721461963541828e-03,1.676898582019778483e-02,1.095508350192861934e-02,2.237744048638555267e-03,-2.040351944184475973e-03,1.133851239883454376e-02,5.281391850777744645e-02,-7.836995513445599651e-03,-1.016179882373284028e-02
-1.999967768671027067e-03,1.077997325806802570e-04,-2.876858366398879485e-03,-3.035206639546294757e-03,-2.127555430183433304e-03,-5.489935588371105783e-03,-1.369190763327444819e-03,-2.964620866370247954e-03,5.525355085477015246e-03,1.145229208301309747e-02,5.314996458923429206e-04,-1.444324581410142989e-03,-2.578118509468466449e-03,-1.455800505808268683e-03,-3.941591423200600797e-03,-7.431811591018565658e-04,-2.922461023333564577e-03,-3.499476538717307805e-03,-1.016351801873253453e-04,1.449151422826158719e-03,-1.574833077830400311e-04,2.425342003151850778e-03,4.321351959371151283e-03,-6.241949770457173429e-04,5.688074758563041802e-04,-1.854032365457500883e-03,-1.274706258837425684e-03,1.813151827862569121e-03,-1.119857716799237948e-03,3.663511055968232807e-04,2.778621728386114226e-03,-6.008324582338931416e-04,-1.085182323565463992e-03,-1.047317745734397277e-03,-3.487754200588894481e-03,-3.115852582649542880e-03,-1.770756605779452979e-04,7.820197486534500057e-04,2.431270286626039875e-03,-2.474479411520730168e-03,-1.825962335008482094e-03,-6.599489548578400854e-04,1.189512195121941165e-03,-6.496235192497517436e-03,-7.043380281690142693e-03,-2.991106332652393365e-03,-4.247158968636587616e-03,-6.186315308580859172e-04,-6.332304286940324337e-03,-1.244045275590560662e-02,-4.906662995594690026e-03,-8.940621722373191804e-03,-7.418428935627806482e-03,-1.392307341736100795e-02,-1.045637445887450008e-02,-1.555699464648333669e-02,-3.104634790528315331e-03,-8.114447282861137617e-03,-1.566533122119816504e-02,-8.131660756130038026e-02
9.173213777864632672e-04,2.106333258603869385e-03,9.281141380233353397e-04,-2.059298262641948759e-03,-2.806416079539392813e-03,-8.639870019780404326e-04,2.903523756296980639e-03,5.333337903142712586e-04,3.659810453042266348e-03,-1.198309175092123272e-02,-8.030735622972183171e-03,-4.329016039687663513e-03,-3.072900571081136310e-03,5.393053527980605499e-03,-1.283015932702279106e-03,1.064062616319579883e-05,-1.639720162614136242e-03,3.079251613802060257e-03,6.887129312645812532e-03,-2.791248098346092200e-03,-2.328656409503071338e-03,4.405710836672519642e-03,1.132697464488881901e-04,-5.186679519380859964e-03,4.607050474671059171e-05,7.766966026175722761e-04,2.995922268238249142e-03,4.889856695029842423e-04,-1.658141973945659060e-03,-3.101562350387963309e-04,-1.498881469970723569e-05,-1.585246372073675480e-03,2.769885819380130728e-03,2.302111117416684363e-03,3.740325214184180881e-03,-3.751268684481190354e-03,2.244359194579657532e-03,2.520815247217841719e-04,-6.200544080603970871e-04,-1.750615178870053822e-03,-3.215716329163580047e-03,4.944347487122229684e-03,1.624024928590030777e-03,8.361301671064569601e-04,7.426685454829347940e-04,1.623053393603468564e-04,4.454974377744769275e-04,-3.379178238850248433e-04,2.318768208535706629e-03,1.206482239808598020e-02,1.141668341708554704e-02,-6.344895845321765412e-03,6.409799011532399914e-04,1.040782122905137969e-03,2.707379883250952187e-03,-5.724115523465772570e-03,-1.810617283950660336e-03,4.092864087108746309e-03,8.341096060643793039e-03,-1.663751647536036368e-02
-1.915587587437032674e-03,-1.226063987198156013e-03,-9.243349455864128443e-04,-2.948896780387672781e-03,8.245507318464217464e-04,1.958668524373484085e-03,-6.426834096955860633e-05,-2.268118679121040177e-03,-3.986466551281705323e-03,-6.399588265568668943e-03,-1.326178977272761536e-03,-7.509226517176155989e-03,-3.847217186225100009e-03,-9.674389912199577194e-04,-8.420497521168810243e-03,-3.334488703217858979e-03,-9.227417481108362261e-04,1.017687593011005727e-03,-3.183879629089673719e-03,-5.241051844233531216e-03,-6.800654495348972504e-04,-1.208808901005851109e-03,-6.251090598464877426e-03,-6.219224073280441370e-03,-1.066734777278414167e-04,-4.567076072866252737e-03,-4.389466445872730951e-03,-6.115895126266679069e-03,3.649440669106083796e-03,-6.245634269510707930e-03,-3.606140703679270101e-03,-2.865982022936210214e-03,-1.032418324578661048e-03,-2.493591365403589194e-03,-4.002801720841348693e-03,-6.900109457775085824e-03,1.209372053055995586e-03,-1.952818385704303827e-03,-3.827177911018866648e-04,-6.826437426661548409e-04,-8.610968178740929920e-04,-1.408732722825661518e-03,-8.815465928041131766e-04,-2.714616107618984028e-03,-1.946817610815308698e-03,-2.499405674846578908e-03,2.417473859150983274e-03,-2.578317054845973358e-03,-2.043178763443315022e-05,-4.601237322515117252e-03,-1.018798081534766711e-02,-1.454226295382444502e-02,2.277404250209120312e-04,-1.486967808930447863e-03,-1.384911392404999941e-03,-7.874130434782708118e-03,2.319521856731501016e-03,-9.510950655440598284e-03,-2.363086488215847616e-02,-4.031426484770209151e-02
3.795276109237557573e-04,-2.411571492334893443e-04,-2.069142819457356081e-03,-3.736958093530288409e-03,-3.086084483770159571e-03,-3.684394889323576710e-03,-5.439921150389537968e-03,-5.458067581987661662e-03,-3.414414342447495004e-03,-2.128990103968792652e-03,-3.083150818489347258e-03,-1.635852639574530412e-03,6.752116019144723631e-04,2.532135362014586305e-03,-1.498662797674197092e-03,-7.176595230245846283e-04,-1.048637381903089064e-03,-1.629052748449372548e-04,-3.985803580302488898e-04,-3.458362645093156825e-03,-1.844575811956692627e-03,-8.882929658100193610e-04,3.873078626254311389e-04,1.525177629983178861e-03,3.224836180041258291e-04,-2.635895469237998796e-03,2.304006664117530436e-03,-1.436028376780831741e-04,3.440627522344149084e-04,-7.060643455932435163e-03,3.748456672084611325e-03,4.208293810613152226e-03,2.722186609563601988e-03,1.301610838254042488e-03,1.637034213136850935e-03,2.451223974884719488e-04,2.489315154364537836e-03,2.791863970914297208e-03,3.750737872590284398e-04,-9.734096588300873319e-04,2.240138566939613336e-03,3.063479969249148418e-03,1.304058146229141943e-03,-1.096768709436664931e-03,1.143941989197605220e-03,9.298194440215250831e-04,-4.647698854337137947e-03,-2.281513532763576081e-03,-1.511927808414628358e-03,-6.145432732014823041e-03,-2.183192325262624592e-03,-6.406249999999861708e-03,3.460712537111350524e-03,-6.171351998991012576e-03,-1.337933049165872940e-02,-5.896346656705258107e-03,-4.519328847627927456e-03,-1.300347175141237238e-02,-1.187915546802603348e-02,-1.169252291583054576e-01
8.484280527543570103e-04,1.253123476145537362e-03,-4.743203896551884309e-05,-1.720851853892406890e-03,-2.103005211349909980e-04,1.195037470572322215e-04,-2.306195269527049150e-03,-9.572492602795995998e-04,-1.049889165282715279e-03,-3.160203193033379529e-03,-2.025414205795202181e-03,-3.840605077753682373e-03,-7.524625420260648360e-06,-4.063126564855535847e-03,-2.074484210526397233e-03,-1.571489077762727379e-03,-1.970646096842877410e-03,-2.678840733673839170e-04,-1.322382378100982908e-04,-2.528211267605697844e-03,6.494030218715525320e-04,-2.854411404046621522e-03,9.109079446703196963e-04,-5.167712163463499767e-04,-1.469383942766409965e-03,1.760853878209338742e-03,-1.662861311055810736e-03,-4.743741857627875938e-04,7.913903244938622246e-04,9.022868667834983572e-04,1.359994391134949085e-03,-7.417767588020383277e-04,1.044569894212447761e-03,4.968562198214431267e-05,-9.624893467224533402e-04,3.676931818181486899e-04,2.678144449830902594e-04,-6.481611353797001431e-04,-1.472766529295807189e-03,-1.091833234772386163e-03,1.162776004119421731e-03,-2.107517630465407469e-03,-1.287129434213137589e-03,-2.085676671932615734e-03,-2.240620939895732883e-03,-3.460046348528839511e-03,-8.769932201281621827e-04,-2.132575757575716404e-03,5.377863456152555052e-03,-4.542326405478618739e-03,-9.162194301098994286e-04,2.727969348658252236e-04,2.493724370620131379e-04,-6.703986963904309988e-03,2.833682260305611395e-03,-8.748082191780855860e-03,-4.279831263928575609e-03,-3.389009214487635670e-03,2.635964198535483815e-03,-1.315657730057305692e-02
-1.070008490546502837e-03,-1.821994893499147023e-03,-7.602135406186422812e-05,-3.704981782208246945e-03,-1.875678661790632041e-03,-2.827612057392969464e-03,-3.087685373934920090e-03,-2.621536857598510267e-03,-5.825122901787294430e-03,-3.945735033981827462e-03,-5.833707346709628497e-03,-3.920753994499930235e-03,-1.029682056518859768e-03,6.127094874977847584e-03,6.397175137559621416e-03,6.484526435398664176e-03,1.368915947356237790e-03,3.294432912534817157e-03,3.455322463728791732e-03,1.469164955509896483e-03,1.560688614783950923e-03,1.036331018926342409e-03,4.295822644795307781e-03,3.105044423849306293e-03,1.431998764898515268e-03,2.778997564414866037e-03,4.845303986042147695e-03,5.969963197934644375e-03,6.331037143443505634e-03,3.633628153487382384e-03,5.242557752861922230e-03,1.909360346662667025e-03,6.895725247088643935e-03,1.962895865834683555e-03,2.262244705718192712e-03,4.613706153388926964e-03,2.495096957275724434e-03,2.311418921557118356e-03,4.838698363520867705e-03,1.845261160310987308e-03,5.650794908622641319e-03,3.866098612770708844e-03,4.610424398987676350e-03,5.708910561508964525e-03,5.534617431409764171e-03,4.257128360334735788e-03,5.592559606642569063e-03,-2.852278589853224724e-04,-6.526252063842316381e-04,3.487678338367472194e-03,8.967375537798726428e-04,3.996518504828395352e-03,2.792969575425602747e-03,-6.263941077166067239e-03,-1.450298942106497888e-02,-3.094253767963573744e-03,-1.474811274105854468e-03,3.778258217553402427e-03,-5.359596964919183075e-03,-9.782969323027457254e-02
-6.427243329383367388e-04,-1.246836798207397613e-03,5.142734969823107606e-04,-3.204675438252191626e-03,-7.639822118388320642e-06,-1.982685098147628948e-04,-9.177553087455017373e-04,2.288110638451798637e-04,-6.972058254454323875e-04,1.900972117421870526e-03,1.427570355734123766e-03,4.589314006404848593e-03,3.780318143555159906e-03,4.808538286239579136e-03,-3.369035207504575413e-03,-7.691460632769975096e-03,-6.847672866963169618e-03,-1.862373975173728727e-03,-1.811905913533305799e-03,-2.357441916037656803e-03,-2.875427736536307916e-03,4.967517303440728994e-04,2.544200051662695323e-03,-4.444856219481264610e-04,-2.311889948588016427e-03,-2.202260682859046807e-03,-1.561872931236628998e-03,-4.009030077728952847e-03,-1.726082489885626733e-03,-2.729081203939667192e-03,1.607214420338077751e-03,-1.037175677473695405e-04,-8.904811427514699475e-05,-2.669845256747745577e-03,-3.694862900182201062e-03,-4.557672317978897145e-03,-2.348658172743142269e-03,-2.683722024035002218e-03,-1.070511642579673401e-03,-2.007837522622105911e-03,-4.606618784276932284e-03,-4.986458538060249170e-03,6.406338417767551158e-04,-2.859751456102232591e-03,-1.435493079327269071e-03,-5.204951550387542161e-03,2.352311600338734612e-03,-2.279843972980642817e-03,2.673994714173870500e-03,-1.795093991629431122e-03,-5.152717992343707441e-03,4.356214977082304324e-05,1.401675870349071093e-04,-4.745244891672619446e-03,-2.076209760568327803e-03,1.538726527616321752e-03,-4.252576314407854018e-03,-5.244769217191818170e-03,-7.187365911799689817e-03,-5.258313966719703469e-02
5.725836370337149392e-04,9.914850962806621114e-04,2.516381371508454468e-03,1.632177827020205854e-03,2.596050463900808312e-03,1.402317107454180032e-03,3.588581196201805538e-04,2.334458301853874988e-03,1.913004760015804898e-03,2.620142300971831442e-03,2.136766810763203114e-03,6.942295135955844475e-04,-1.736113415683380144e-03,2.372309161962587835e-04,-2.998085785565578459e-03,-3.098462318149319134e-03,3.857120458690448377e-03,-7.206601076164216623e-04,7.652120905914488709e-04,-4.159021998937664191e-04,-2.480423092864423446e-03,1.279995050144341667e-04,-1.163226719564950436e-03,-4.351018864356259210e-03,-2.521776697878418128e-03,7.721896347913577733e-04,-8.822570806094542310e-05,-3.691171033750950204e-04,-4.727540400818870626e-04,-2.774763288112934087e-03,-3.069912431652310845e-03,-1.476994039130680820e-03,-3.887143858916169981e-03,-2.299149290304686438e-03,-3.497236627527745834e-03,-1.112419634740902758e-03,-1.188209348255445498e-03,-7.241111111110931382e-04,-7.025169547804340029e-04,-1.182987797583339796e-03,3.493205500600142705e-04,2.613399071925348789e-04,6.444694706197622892e-04,-3.101100297595092530e-03,-7.663594218704348658e-05,-2.348646513747666177e-03,1.156503703703739725e-03,-7.036312286158529460e-03,-5.695258268180189778e-03,-2.518450050453998387e-03,-7.138911404508899855e-03,-2.960380620061799951e-03,-1.147727819615885700e-02,-1.153921618332996724e-02,-1.366015296779089956e-03,-7.265843270868779791e-03,-4.257739984391278529e-03,-5.469987913947330950e-03,-1.089955627499530205e-02,-8.696843227710264468e-02
-3.252961871450035791e-03,-1.508663763253906189e-03,-3.340071514263866313e-03,-3.609566264183051987e-03,-4.290447800344815779e-03,-5.606318083524798081e-03,-5.192939192864110681e-03,-4.200666514697409294e-03,-3.293170253489465741e-03,-4.933425005288685251e-03,-4.487067727561207427e-03,-4.308411819245115161e-03,-1.806562964345452722e-03,7.509147479776942004e-04,-4.401814324255941095e-03,-2.682076703145066729e-03,8.533260111732424071e-05,-1.470740423964209337e-03,5.687099063778838044e-04,-1.606337227242720517e-03,-1.023138695039484776e-03,-4.625331292369053550e-04,2.619423692635601932e-04,-3.338852104549643041e-03,-9.115697853670153309e-04,-2.678231689872171643e-03,-2.988273837835162417e-03,-2.905166257392045436e-03,-3.693818210226198617e-03,-2.542697318112345940e-03,-5.619989385178015282e-04,1.230472398189966492e-03,-3.448371036168755045e-03,-1.681203413470599213e-04,-1.028548281962992673e-03,1.896036109971090751e-04,-6.549630147941463195e-04,-3.556366188565176969e-03,9.728356384204908355e-05,-1.381910978261512685e-05,-3.313250834091616311e-03,-4.104639344936230174e-04,-2.481494536483362071e-04,-4.064910400790672923e-03,-1.869316761712397140e-03,-3.066574816299320969e-03,-3.839891696750865127e-03,-5.472902181160142418e-03,-6.714563387521728030e-03,2.370728005372813637e-03,-7.065749713451119438e-04,-5.812878504672795363e-03,-1.064137568363490195e-02,-3.132596360242580202e-03,-5.405586424709531851e-03,-1.576753441225580213e-02,-3.832317452097314461e-03,-1.518951486476943433e-02,-8.336724137931012316e-03,-2.428193703415392271e-02
1.705093799154711563e-03,1.524922003158586843e-03,1.156510798006573065e-03,2.503169067750507862e-03,-2.674672079949464267e-04,-1.954772885868531762e-03,6.312102814790572893e-04,5.593335762890582147e-04,-7.067483877429498254e-05,3.775097344409498361e-04,-2.643083188110827760e-04,-4.435041690582341555e-04,-1.756786120004002593e-03,1.268459087680016886e-03,-3.676169547769681141e-03,1.644554213502739254e-03,-1.206954355862159935e-03,3.891747723633789263e-04,2.418266829640098019e-03,-2.301236162152903424e-03,7.121524599383433464e-04,-1.088912784682044207e-03,6.708745197201758728e-04,-2.038540766037528855e-04,-4.986077158136761065e-04,1.480910159170961780e-03,1.006065875271698433e-03,2.035943249611560282e-03,3.249999999994075906e-05,5.511005471867270328e-03,2.903723994357435456e-04,-1.442717478333046610e-03,-2.308209017885478774e-04,5.461870157128234649e-03,-4.129580688652282651e-03,1.122652994334498444e-03,2.376223954899159534e-03,1.036117325462402932e-03,4.455546499439828369e-03,-4.533945201778815661e-05,1.859498892807375566e-03,3.482707395105287280e-03,1.839988773855588634e-03,-1.949955856737169450e-03,3.897709736842156804e-03,3.469455827457425257e-03,3.841784411839545103e-03,-9.650074762192707625e-04,2.030023735977843496e-03,4.280813846558140928e-03,-2.520710100204644286e-03,-1.368960796291736337e-03,-1.788982111761973316e-03,5.443144774688320892e-03,-5.714591477716971651e-03,-1.174306182310492618e-03,-4.618870682817776703e-05,-3.506603135142673591e-03,5.192005440523940539e-05,-3.894698712355570275e-02
-5.826629296538244750e-04,-1.771019735847882606e-03,-2.385272743997865399e-03,-2.928167700904658281e-03,-3.886025088915050652e-03,-3.529206870236942847e-03,-5.408487286945698122e-03,-3.702581561246611180e-03,-4.765225024200590853e-03,-4.523230463724343259e-03,-5.178391538990061854e-03,-4.228575599075579984e-03,-5.574111467955502122e-03,-3.095771201327264088e-03,-1.051360020616161524e-02,-5.384451813825541847e-03,-4.711385750032887586e-03,-1.204800657868634580e-03,1.842040304373289026e-03,6.232001412761948786e-03,3.304637185769331150e-04,2.900661753365476030e-03,4.388017358105367541e-03,3.248407709462937214e-03,-2.124726439975311350e-03,1.299235432388989777e-03,3.638895489470757826e-03,4.527394980027372312e-03,3.949478827361656806e-03,3.077341445937597109e-03,2.593640078605841375e-03,8.745838799863559637e-03,5.595226858217105040e-03,7.063028694364544002e-03,-1.916483950831792066e-03,7.928099119808894660e-03,1.587146085400803833e-03,5.660087915733564559e-04,1.759588114200930477e-03,-1.455649521443676264e-03,9.395482666044038204e-04,4.409772900723908824e-03,1.969003234645758538e-03,1.358671773073534539e-03,1.581085331333551014e-04,-1.933910433361120482e-03,4.596023650731467271e-03,-3.606284499218871068e-03,1.316177800917621042e-03,9.719288476155820908e-03,-2.048840677966112193e-03,2.092948575921080648e-03,-3.377671748610756993e-04,-3.868544779199380168e-03,-3.507443114319569715e-03,5.908995918367435270e-03,3.070131414640056480e-03,-1.502880072488012449e-04,6.530100058858167959e-03,-8.267948372508307497e-02
-8.110141447892236990e-05,-1.177083971820887210e-03,-2.962703653709148569e-03,-6.302328413812357264e-04,-3.851811585214594356e-03,-4.172105268665954672e-03,-4.654746826130921021e-03,-2.739648552432655086e-03,-3.032820830257230461e-03,-4.426198546550031906e-03,-1.185350582669607170e-03,-2.689286067834087239e-03,-2.175608148920903703e-03,-2.092695171571529872e-03,-1.261608832729572971e-02,-3.672244549638678610e-03,-3.108127417945828579e-03,-1.695934594251918576e-03,-2.992982358384516442e-03,-5.877993775437154352e-04,1.020237634127201714e-03,4.551810733028618591e-03,3.743590026477928989e-04,-8.648433726895480731e-04,-3.198473292512704017e-03,1.056441737126903764e-03,3.613660801838688313e-04,1.982463061202702041e-03,7.429401496856036322e-04,-8.430199788637699615e-04,-9.286405276657591764e-04,7.779051089170231463e-04,-2.629125593783427760e-03,-7.320975251856891210e-04,-3.396710911960359926e-03,-1.216089352088061456e-03,-2.313949146596284631e-03,4.603899660078022461e-03,-2.048643151304137787e-03,-1.184522373308713721e-03,2.787744142421071884e-03,4.934754079117268689e-03,4.555160177836864097e-03,2.913076682642207205e-03,-7.235009140374585798e-03,-7.156500430980968896e-04,5.180845777935781009e-04,-2.753366793816566446e-03,1.015839489391760558e-03,5.213336552550963156e-03,-7.079358394960289305e-03,-1.080863289187557658e-04,-1.940147533083803368e-03,-2.330213394488473983e-04,-7.119823845886777240e-03,-9.873924013780323306e-03,-1.553022188217284202e-02,-1.523177197362532258e-02,-9.807677745056900612e-03,-4.997939305388142406e-02
-3.741984811748589744e-04,2.661412811350816546e-03,-2.169488807182488616e-03,-1.988699704996768451e-03,-1.443155508600622774e-03,-4.854195559990019150e-03,-4.317651030710958557e-03,-3.860607884441814332e-03,-3.167410653089124291e-03,-4.551332343874957102e-03,-4.796382914033903329e-03,-5.607130220409458146e-03,-3.646113462665481753e-03,-3.262249306223590807e-03,-6.634843750981100734e-03,2.559986389507079465e-04,-3.663473351301191794e-04,-1.326115012276975549e-03,4.582965299683546467e-04,3.484195038137624829e-03,5.871112753101634385e-03,8.728817302071799691e-03,3.531881780391278244e-03,5.330917327293315834e-03,1.840127355917509002e-03,4.067415206346711859e-03,2.487658390829568158e-03,6.122706136064992935e-03,2.665930054489174840e-03,1.611468985423924983e-03,4.489152870485706680e-03,3.734469071839264381e-03,6.289372238802124447e-03,7.622879513784349206e-03,4.253145416525314949e-03,2.676947427925482643e-03,5.014845014951366080e-03,4.486766297700612964e-03,-2.562678920672355719e-03,3.693296895496189346e-03,1.359681700345044281e-03,2.571895400593451030e-03,1.639125743533002269e-03,3.632759828074179700e-03,-2.533676473703221944e-03,4.987451027285622930e-03,4.020835832083887416e-03,6.321650289257300243e-03,7.101903652356215610e-03,7.107219397731771686e-03,3.830076372478749525e-04,-3.530506853682415869e-04,4.470532698137729202e-03,2.204319722650171197e-03,-7.844280922774966164e-03,-5.998243929208390245e-03,9.367249667586629224e-04,-5.666674805255159444e-03,-8.447574608863505849e-03,-3.804849507647254520e-02
2.400113694630068360e-04,6.296673335504231628e-04,-1.675238269258955744e-03,-4.092380829484269637e-04,-1.227902739266844255e-03,-2.435201716208337114e-03,-3.844951302755592721e-04,-9.865505053962885049e-04,-2.241996770008717384e-03,-2.340618653454718760e-03,2.029243900631125253e-03,7.620951791310447013e-04,2.194674096151347058e-03,-1.161198027780791371e-04,-2.850420092615896066e-03,3.709886345846750456e-03,-2.680964150977912662e-04,2.275660311275617357e-03,2.371589675504652116e-03,-1.141258756084044144e-03,-2.653376939337097080e-03,5.066273826847542735e-04,-2.911412298900048750e-03,-1.921175366383307166e-03,-6.019484837737175929e-03,-9.090776086397692234e-04,-2.935608518150708245e-03,-1.131246659175887299e-03,-1.689171481448011394e-03,-2.278786909125522352e-03,1.184615606346197184e-03,-1.477710158834873882e-04,3.957725392677198528e-04,-3.128367027914501827e-03,-6.714078415073506875e-03,-4.028340039380128544e-03,-3.499578986427657589e-03,-2.129875573596792717e-03,-1.514285626147182477e-03,5.798468292369573845e-04,8.125311175174136777e-04,-1.776759954137918564e-03,-9.532432889372903203e-04,-4.269759832787357011e-03,-5.313282001924940143e-03,-1.480891507097142727e-03,-3.395441728279840424e-03,-4.772068585488390378e-03,-2.817648512039930709e-03,-6.041123683183606714e-03,-3.411156365442570559e-03,5.631832627118276390e-04,1.015719664207576783e-02,-1.238205388344016701e-03,-5.235658789252226747e-03,-5.066839490170700101e-03,-3.630814004164499478e-03,-8.294036878498502532e-03,-7.234432808678767021e-03,-2.738340324286763980e-02
-2.692504674303224012e-03,1.430447023186324660e-03,-5.644180686038949984e-03,-4.123176341615686358e-03,-2.402064519469773816e-03,-6.045705958747939722e-03,-5.256598459914383834e-03,-3.499817131153446729e-03,-1.200340272133201868e-03,-2.322966017973532912e-03,-2.266293233206261980e-03,1.437524187207308820e-03,-6.245238582952472497e-04,-3.640280259031561470e-03,-4.510211363704111180e-03,1.861481595469905218e-04,-2.571261980328730119e-03,-2.725753910258469324e-03,-2.256421087314704720e-03,-7.175419348738981858e-03,-4.539317151643388129e-03,-4.499449103237890442e-03,-1.003021465793981041e-04,9.706536191363806729e-03,8.470265436640686974e-04,3.094986988538760055e-03,2.698210931829593019e-03,4.677789034368067325e-03,-9.328921509556976476e-04,-8.209682787905112078e-03,1.089578525257386965e-03,-4.556366432550238744e-03,3.673954266591941556e-04,-1.439695338215405936e-03,-6.112278849218921381e-03,-4.142058506694300778e-03,5.424459812336035399e-05,5.747785019093603915e-04,1.071409213290332174e-03,3.443311993038663458e-04,-1.631319215076671965e-03,8.445201842874925995e-05,-1.079156673114077232e-03,-1.323314813052988781e-03,-1.755162970224285893e-03,2.199043653633556486e-03,-3.588900934579567718e-03,-6.469111131370219002e-03,-1.068077780985177095e-03,-1.455641728380730870e-03,-1.497264375638001710e-03,-6.490374613800207852e-03,-5.145652332628081888e-04,-5.958944288211651466e-03,-1.345415296640465816e-02,6.118726114649275863e-05,3.362783134722139092e-03,-1.275105227603401219e-02,-9.566105126080198459e-03,-5.480331940414929354e-02
-3.038154952591887691e-03,-1.735826377295395222e-03,-1.888151298969439939e-03,2.743558358833150909e-04,-1.416035045488642967e-03,-1.326964525686124760e-03,1.294261874591178235e-03,-1.772860411187055559e-03,7.460871111237238607e-06,-2.352502541403682975e-03,-1.087580419431547103e-03,-7.072106192168166024e-04,-1.355219017490529379e-03,-3.196537522862845631e-03,-3.789565247069174962e-03,-8.119028427106181724e-04,-1.899177767626763743e-03,3.798325722983760932e-04,1.095296229020657200e-03,-3.707884664924633415e-03,2.409560247508461470e-03,2.474726194071001466e-03,2.510445624937357543e-03,6.730494712676515084e-03,-2.360775219996628406e-03,2.137409868354103737e-03,6.558372200721136573e-03,3.586995538204131376e-03,4.172957596279660772e-03,3.876337471162526736e-04,7.878548280799015091e-03,1.065421637581203751e-03,5.628832968547747492e-03,4.003381224717573843e-03,-7.117486822362324630e-04,3.557383724798756069e-03,2.380362863038529113e-03,1.522495963556725089e-03,6.234596313696313084e-04,-4.510106473785881025e-03,-4.733478377313836589e-03,2.009634860320571887e-03,-1.819197878572547007e-03,-1.211555801065619447e-03,4.632049682286728046e-03,4.264272907543650848e-03,-9.180249828959856622e-04,1.852119762085693540e-03,1.373931544271249014e-02,3.332622968377517425e-03,-1.393510080584722203e-03,3.813189400438486004e-03,2.691855140651456570e-03,-1.829681857919340056e-03,-1.040124815214347846e-02,-3.500436473096721086e-03,-2.396557148635889735e-03,4.486946234490712775e-03,-1.858798149610732184e-02,-2.430579997885363303e-02
-2.468488456583534454e-03,-2.336960866661863707e-03,-3.443085435860228360e-03,-6.096040625258601457e-03,-2.978971829483210813e-03,-5.379771169855092870e-03,-6.270562342881034687e-03,-6.224554625098360425e-03,-2.155677296355428419e-03,-4.121663464128989818e-03,-1.740433244200565582e-03,-1.842860840552986140e-03,2.996087997345452027e-03,-1.719528564190042456e-03,-6.734797134998634065e-04,-4.239237104975154304e-03,-1.232730301322622910e-03,-5.248041438031485597e-04,-4.965442758427427231e-03,-4.753155631635425614e-03,1.387449750520041965e-04,2.860980656693996979e-04,5.531664449851772958e-04,4.941576042846142040e-03,-2.910727221261498378e-03,1.420493354832956523e-03,3.520622920703703109e-03,-2.613410399869547669e-03,4.040257466682904350e-03,-3.379110998352386278e-03,4.401923794018192636e-03,-1.837801594966755568e-04,-8.261447115815595283e-04,-2.010672990215017645e-04,-9.450213144474245777e-03,-3.955923243707091912e-03,-3.748576767743879313e-03,-1.124321299768281336e-03,-3.774635241432605388e-03,5.570773729490789607e-04,-3.079976579502097678e-03,3.637084515184163622e-03,1.424362116107903654e-03,1.259154566680300517e-03,4.408555344744593749e-03,-5.906228291128323834e-04,-5.665811331075561695e-03,2.193978313643668403e-03,3.617387903414679123e-03,-9.414865588457966075e-03,1.159212992410631280e-03,9.312520803240707801e-04,-6.258413213606766820e-03,-2.075725219220279569e-03,-1.224887922695061353e-02,-8.615354682817292272e-04,5.741608206555396526e-03,8.901967877280545513e-04,-6.890706831300891753e-03,-2.056597864121406313e-02
-1.435232593770928520e-03,2.112980820723538047e-04,-6.925545721996685710e-04,-2.215724944670261474e-04,-4.398287081151154446e-04,-1.252389103590463267e-03,-1.155025772977481997e-03,1.820313166134484694e-03,8.090802283949876002e-04,6.970186121646154264e-04,1.526623657001045754e-03,1.277746578550913734e-03,2.315680397421454768e-03,-2.325583910070775674e-03,-3.896712359990017489e-03,5.138129283305135821e-04,4.375743817961067449e-03,3.073923247388650579e-04,8.227320358262480652e-04,-3.442557498002126576e-04,2.838390185312528007e-03,4.151882667964538901e-04,3.389387809148382627e-03,5.064634682307626130e-04,-3.111018837043574327e-03,-6.504640999240283300e-03,-5.750060363479171655e-03,-7.017179201589514304e-03,-4.558278287115166520e-03,-7.835808653835305004e-03,-2.223691857645058566e-03,-4.444367247787526023e-03,-1.561195833427321382e-04,1.108411757299830602e-03,-3.792045752614236521e-03,3.221491280126979710e-03,3.426211379936427558e-03,1.295410520487229582e-03,4.862196950174874598e-03,2.247753595780070581e-03,9.837050743991713683e-04,-2.590225319394948676e-04,-3.001534456995015327e-03,-6.781265671641715197e-03,2.725002329942599524e-03,-2.999705304055323100e-03,-5.431753967243124238e-03,5.681300474217145825e-04,-1.262274965341387764e-02,-3.703881126221746610e-03,6.986142510790228780e-04,-3.518487426776520637e-03,4.044170460017681643e-03,4.402211161444001888e-03,-9.206708992987696488e-03,-1.839683412352052620e-03,7.062986092803185323e-04,8.972611085535396602e-03,9.842752580758288433e-03,-4.469443778724519617e-02
-5.234997552619413902e-04,-2.188941314751120804e-03,-2.212711702516726667e-03,-4.388054033526858112e-03,-8.793958033014803938e-04,-2.447688509697126466e-03,-2.458611740992709335e-03,9.804325586567411415e-04,2.200087711970333151e-04,-3.464645995072328493e-03,-8.554158220295904422e-04,-1.038047671665370732e-03,-2.087250700958234294e-03,-1.831165714835015937e-04,-1.486110145437809487e-03,-7.260163538890513311e-07,1.286004121185138193e-03,-2.892823834936269090e-04,-7.340330865145446981e-04,-9.712334621665988583e-05,2.013804076565468924e-03,1.800833557239779224e-03,1.197934821112277889e-03,-1.351804109470089964e-03,-2.701684490065940289e-03,-3.907701445498370368e-03,-1.519409657509334950e-03,-5.542972519265578629e-03,-4.265798044853491046e-03,-3.055391540873699744e-03,-1.530474805982200235e-03,-3.234505693842603530e-03,-4.371118443712503922e-04,-3.877181030415296852e-04,-8.679921967977528158e-03,-4.884237407668584260e-03,-3.890968056984264820e-03,-4.171532746285178117e-03,-5.865020609721297191e-04,-1.042167596396390179e-02,-4.501111292258978651e-03,-4.233374970259361388e-03,-1.635858229727241804e-03,-2.161360632791928856e-03,3.489426012000281310e-03,-8.190978123304968467e-03,1.482909475167317739e-03,2.127642256708776099e-03,-4.302882661458443635e-03,-6.634196971503442120e-03,-5.610807787406757625e-03,-4.426121510509169535e-03,2.225224575285235287e-03,-8.713949138637992493e-04,-1.560471027500530752e-02,2.534953102045530825e-04,-6.353727276748123536e-03,4.630810510732517545e-04,-4.783822056368402208e-03,-4.489735278892433012e-02
-4.908020571242195824e-03,-4.018474582154551306e-03,-1.655714710436082329e-03,-1.015456006647886319e-03,3.113672475376132610e-03,-6.021166742626898232e-04,-3.733429816706255490e-03,-6.258038271728565485e-04,1.341002868058701301e-03,2.352183658788388303e-03,8.574203801743531667e-03,5.288194993412416965e-03,5.756069212847803561e-03,6.949302661287386045e-03,6.379120481097125088e-03,6.771133145560465950e-03,4.104252742269687629e-03,4.161302679865204468e-03,5.250860608678810035e-03,5.045541719225474057e-03,2.297519400952966612e-03,4.611312720591509429e-03,9.183216651368121888e-03,2.152841748110013997e-03,1.540842656266063577e-03,1.761895723575264243e-03,8.474779996359030430e-04,-1.211856318310202546e-02,-2.134877769506659737e-02,-6.200886845893150735e-03,-7.547008351798172206e-03,-8.471948932272311411e-03,-5.213170717932408445e-03,-4.291935227119961921e-03,-7.336831562161677707e-03,-4.804569669338608698e-03,-1.213393061855092122e-03,-4.597210373881025110e-03,-3.965145361152302289e-03,-8.991505040308725438e-03,-6.781060694741069574e-03,-4.383792166050819866e-03,-1.011213976978011554e-02,-7.176803512139852056e-03,-4.096071393125329772e-03,-1.222159427828343158e-02,-7.174835097832642228e-03,-1.174449343571966342e-02,-1.108082336045956330e-02,-1.350440803646328798e-02,-8.311028759972515292e-03,-5.864146341463438890e-03,-1.526328376671890266e-03,-9.167757722592453223e-03,-2.476502003833428930e-02,-6.966150826602253605e-03,-3.634259222648493319e-03,-9.722020586576320123e-03,-1.677291523567760526e-02,-3.847853603525151073e-02
-1.155299233747732581e-03,-1.952686715328447219e-03,-7.431939705361498847e-04,-1.156036995830627854e-03,1.875088531571645440e-03,-8.482722740082159233e-04,6.028878531549402252e-04,-3.622090852873438116e-04,1.327080619747972139e-03,-1.156529737008137352e-03,4.821700656506061264e-04,1.701632557972848061e-03,-1.100942372494740203e-04,-9.627338574747950663e-04,-1.522512854219852142e-03,-1.049391441599404392e-03,-7.383648694547332875e-04,-2.837247666344183379e-04,-1.148862729604795910e-03,-2.134076270751486711e-03,-1.103940301906292153e-03,-1.796797367359045895e-03,-1.009143330970282320e-03,-1.632627943016156692e-03,-2.659231538775099803e-03,-2.549204737464209284e-03,-2.079169265053451912e-03,-2.863188279073469213e-03,-2.882886743060280709e-03,-1.510718120166837505e-03,-4.801291243506454649e-03,-1.795399336245083412e-04,-1.659655755817897099e-03,-1.340690391297402967e-03,1.271963829811263193e-03,-8.023036244947456353e-05,3.068537772853342934e-04,-1.832396433006435745e-04,-1.001379895976996746e-03,-4.318549855413924242e-03,2.056393287507235577e-03,-2.052273278334762648e-03,-2.593451260133496430e-03,-6.289294810813838990e-04,-2.013868126256769184e-03,-3.777191011235987456e-03,-1.237837337610783826e-03,-2.666209253714460145e-03,-5.406063634589027174e-03,-5.334652171127041848e-03,-2.555182745134605086e-03,-4.571407399888316458e-03,-4.568861692866928344e-03,-1.153396494156926078e-02,-9.400044406381773479e-03,-3.368952772821529138e-03,-6.708692951015464770e-03,-9.545969402765577469e-03,-3.581692099864898938e-03,-3.301953229732038780e-02
-2.568784063232420339e-03,-2.159231320792014651e-03,-1.952658478327083799e-03,-3.419776336832335700e-03,-2.009872917159522161e-03,-2.330467624914425023e-03,-3.061702947094933317e-04,-1.748063588058940956e-03,-6.552020520511845627e-04,1.001538324224192800e-03,-2.937418026697854339e-04,-5.782909026355737827e-04,-6.582253714660826326e-04,-5.053114421652399020e-04,-1.254620463087157724e-03,-6.122349456114571046e-04,9.633861848511326054e-05,-1.348510423302511346e-03,-1.157201712484745527e-03,-6.668248702236838008e-04,-2.429776952735157776e-04,-3.864538032058712066e-04,-1.361972449354473041e-03,-3.366393241343387192e-03,-2.214542466712059524e-03,3.487885446203027357e-04,-6.153079290844583977e-04,-1.631207494043691126e-03,-1.185483880843788513e-03,-6.808729159132585924e-03,-7.716921945856884853e-03,-2.336535573913256156e-03,-2.230812302115375238e-03,-2.146906901343156437e-03,-3.102118708082448207e-03,-1.617943741082145028e-03,-1.196986330401597068e-03,-1.475109377351879834e-03,-2.269445787096247696e-03,-2.476200991558382726e-03,6.719044086907418082e-04,-1.829174794859810601e-03,-1.376954200870215321e-03,-3.445477648074755060e-03,-2.210656007962841403e-03,-4.698073393005130702e-03,-2.803347601273889489e-03,-5.265761994778943127e-03,-7.603267527354803414e-03,-4.150189893659487865e-03,-5.997192012288792527e-03,-6.690984630163313539e-03,-6.764690039714822863e-03,-8.803183840967879550e-03,-6.871462455035966428e-03,-5.927261311540726885e-03,-8.862127267138050421e-03,-6.334791578947394572e-03,-1.346505739365298944e-02,-3.260850488104633654e-02
4.843444676409135652e-04,5.446342065812472292e-04,2.643651460024523908e-04,6.845587847923180870e-04,2.335614987230048758e-03,1.540528107782641312e-03,2.994796787938266373e-03,1.634373746897803967e-03,2.357949998642819289e-03,1.891217291151258860e-03,1.283004481010837847e-03,1.248199292634148650e-03,1.217555222743469659e-03,6.116501120450380021e-04,5.666137833100782497e-04,8.847482706419212885e-04,8.345216061671970184e-04,-2.455539342298131101e-04,4.434560003517383909e-04,3.926723879391880406e-04,-3.816138957760684949e-04,3.880103951648466391e-04,-4.489662179634785485e-05,-2.222803394272143554e-04,-1.961315185516099323e-04,7.839075511952987418e-04,3.355140645565036161e-04,8.964889143731958384e-04,7.521484375000976825e-04,1.641906775765402055e-03,1.335571305466487632e-03,-2.562893081762306676e-04,1.187304526263555223e-03,9.099956230357053136e-06,1.020472550705138958e-03,1.242196091040596818e-03,4.049751402273189783e-04,8.703946761313287967e-04,-2.109653718455959510e-04,1.665561742756563150e-03,5.457424700420458611e-04,4.987727501325972881e-04,1.019674511696544439e-03,-1.263712691644711941e-03,4.677255445791483760e-04,1.043442870632689534e-03,7.914392043208979925e-04,3.781688011537976692e-04,1.172323422796568227e-03,1.446688870549381941e-03,8.066344566080783625e-04,-2.358988764044420573e-04,-1.245538400828768207e-03,4.321055770951427884e-04,-3.418418802239926290e-03,-2.897450974661653668e-03,-2.963778379504115445e-04,-8.277162811352965083e-04,-8.359451956658043095e-03,-2.754262978959076680e-02
2.038385579684018432e-03,3.061436029131123140e-03,3.452252661356347563e-03,4.082248742112725565e-03,4.517356718532162738e-03,4.641400677448757200e-03,4.928408841326820285e-03,4.746112129503205282e-03,4.153153461550882289e-03,3.873471894547834537e-03,3.155107016332515078e-03,2.793899867005940427e-03,2.734762711146963756e-03,2.522902210831204101e-03,2.514222889962856432e-03,2.506296554016163979e-03,2.197296695681492072e-03,1.978403806674355458e-03,1.905414034770397955e-03,2.050086335676578123e-03,1.677587972144080645e-03,1.615485599763279894e-03,1.686998393487083511e-03,1.872035847162657057e-03,1.516709829201109451e-03,1.974488722906728774e-03,1.802564277445788338e-03,1.910877465710675597e-03,2.349043003130238134e-03,2.183537416196952487e-03,1.907292819374804219e-03,1.109339274315557667e-03,1.613819819570777841e-03,1.803949651341455167e-03,1.773411452320397194e-03,1.145516726891338422e-03,1.405410986529026171e-03,8.688632986627040436e-04,8.899941729793403415e-04,7.838959158793521245e-04,8.209303486406864048e-04,8.223001822087722514e-04,9.712726125655123056e-05,1.094468085106390818e-03,4.681013664255259482e-06,7.051447584205854449e-04,4.002681179081407810e-04,5.003396636826940155e-04,-6.908685968827554607e-05,1.458260075648832536e-03,2.632285216136355933e-04,6.377106448653207475e-04,-3.673078697297469742e-04,4.882103339761737458e-04,4.072242899118308458e-04,-2.482934296525592718e-03,6.238895645827906506e-04,-2.993874627299716613e-03,-2.164126269278188013e-03,-2.500258928320142973e-02
1.031525025383527678e-03,1.439049884558890949e-03,2.216380494709476508e-03,2.806982111944482296e-03,2.516259661940834468e-03,3.127501162844792751e-03,2.922150221422647239e-03,2.559515981122407330e-03,2.213660001520618807e-03,1.952491438864049043e-03,1.898190721203655727e-03,1.225664752962530657e-03,7.761596096150920289e-04,5.602642430273448724e-04,6.134043307004098840e-04,4.802134502324059413e-04,4.419412733631396359e-04,1.551555980620031338e-04,1.146497884021720990e-04,2.187904553378955665e-05,2.548057574524732857e-04,-1.186889978119924817e-04,-1.689669439971471291e-04,-9.669205440230315308e-05,-6.953376050886690034e-05,5.695073124999907492e-04,2.842835983834617335e-04,6.880087364159461708e-04,3.049054578790179131e-04,4.880672839013995828e-04,3.714465317526325890e-04,3.963593935913382231e-04,3.315121828673977991e-05,-3.339836879628787667e-04,3.237201466419251084e-04,9.283951189552036966e-04,-7.894946559159305788e-04,-1.620184039125460349e-04,5.756520239191430981e-04,3.893905386327329633e-04,-1.125899523736384423e-03,6.367403507412991827e-04,-7.534668479829471520e-04,-4.295784601753237220e-05,4.618914063858878586e-04,-6.174558172645962109e-04,-6.962862990917049154e-04,-1.695836169730055413e-04,-9.401256426843815047e-04,-1.538491260349639971e-03,-1.108499866671738485e-03,-1.505634358247680922e-03,-1.044536489151942030e-03,-3.491528251078317244e-03,-1.427738714593391415e-03,-1.171261248185665209e-03,-1.485221231017157554e-03,-4.988042105263177338e-03,-3.433994564177143913e-03,-2.275647189765321945e-02
3.298717807451372421e-04,1.483836937493564212e-03,2.295635378111041472e-03,2.386035368504151565e-03,2.734614656779182484e-03,2.874342664746106467e-03,2.327218279001924683e-03,3.101239475500449771e-03,2.324032954888004786e-03,3.240258558592690966e-03,1.937099484108558865e-03,1.881403345875483227e-03,1.515961734117089732e-03,7.609274588339110792e-04,6.906548898370674927e-04,4.254426619132333138e-04,1.829273392577420354e-04,2.307606824716641086e-04,-3.484164776823033731e-04,5.313189412739068788e-05,-3.234232796891663955e-04,-6.350171599816697120e-04,2.667221644121655212e-04,-9.012448969304256486e-05,-6.996449646400174126e-04,-1.360140974267274412e-04,-3.005560286522791240e-05,-6.425176853197676246e-04,3.878171862048063927e-04,7.557966304303887861e-05,-4.391420911522876810e-05,4.467517853081906065e-04,9.620130705499657783e-05,4.438166996357664025e-04,6.898213092842851073e-05,-9.630144333331317396e-05,2.255448680624065096e-04,5.235079292197257830e-04,3.599207274427583704e-05,4.820859264743714402e-04,-3.721883583096192473e-04,-4.780375605033080504e-04,-2.945082959203560021e-04,-1.894631483924783194e-03,5.411284722220925788e-04,-3.912735911310203057e-04,-3.880738778005942118e-04,-1.790389842342023042e-03,-2.939789661084675552e-04,-1.430578174059390223e-03,-9.699410627130558744e-04,-2.343517929297899739e-03,-9.839431571400923150e-04,-1.801332334009394468e-03,-2.506241909683691853e-03,-4.954777243939763841e-03,2.932205948958870222e-05,-6.703931193950589743e-03,-3.951061973626778662e-03,-2.874545967465436808e-02
6.244914972510264006e-04,1.575151963898856894e-03,1.963825718633024388e-03,2.661317284704951304e-03,2.618378090618746646e-03,2.313489967630224381e-03,2.094486218289356647e-03,2.755554268906980787e-03,2.022612170837216790e-03,2.210834865759379181e-03,1.121809614541341947e-03,1.164700241098681017e-03,1.048166722431568892e-03,5.040230664858206828e-04,3.360476444891292904e-04,-3.768383896202069736e-04,-2.844208834670771823e-04,-7.656063699892809134e-05,-1.926803565478111375e-04,-6.681065893516977775e-04,-4.825631153782799360e-04,-9.717959220777938004e-04,-8.757315840912092454e-04,-4.447402721538624894e-04,-5.279463609273642253e-04,-8.728263922462756565e-04,-5.223822402934437262e-04,-5.059006679054147771e-04,-5.703423351713625021e-04,-3.150810732523128942e-04,-3.323652385020655297e-04,-6.779289375171638956e-04,-1.519351894111809821e-04,-7.150013427255863757e-05,-6.457802612262181609e-04,-4.483432871309637265e-04,-2.159697198546713603e-04,1.267242509362908318e-04,-1.050244778454728287e-03,5.511578255864032865e-05,-8.778552697521833491e-04,-4.366986070122255985e-04,-2.766792501952025532e-04,-4.714886459209606485e-04,1.314391920324735677e-04,-1.703383986719518312e-03,-7.192796326839480609e-04,-1.393787492835795675e-03,-7.196314017951739367e-04,-1.945690439805931610e-03,-1.445935014085067503e-03,-1.221414838271830516e-03,-2.642011376837666205e-03,-2.282339441573651324e-03,-2.686937158469996159e-03,-2.980922865013745093e-03,-4.278323027174259045e-03,-2.683136729222509228e-03,-5.586315858625710146e-03,-3.069976498772139170e-02
-1.284161583739698207e-04,6.957656063853017705e-04,1.044694124470019235e-03,1.269238125073905233e-03,1.361416040100303995e-03,1.089795178467639278e-03,1.673783124999979202e-03,2.574033938946693276e-03,3.089692990055110163e-03,3.074456313182040348e-03,2.860390305739568192e-03,2.041159163378991614e-03,2.057278477951321374e-03,1.126004519786263404e-03,5.848424362026034655e-04,2.384352903564709934e-05,9.925914925214348748e-05,-1.598068415087672311e-04,-1.923378264531801685e-04,-2.300658501869576463e-04,-5.563799394826719627e-04,-6.703521126760727178e-04,-7.467700072869998956e-04,-5.050717901900142817e-04,-6.205257994101452028e-04,-5.954259663412707956e-04,-6.255054066217238633e-04,-2.764366637958261068e-04,-2.781331085077678902e-04,-3.793835351962683350e-04,-2.499790927120889281e-04,-1.275071779685156678e-04,-3.184467959928985003e-04,-3.307710631436470983e-04,-1.880241755735731913e-04,-3.029706293707183640e-04,-1.048477080989823054e-03,-2.476661525854036323e-05,-6.780120801101014675e-04,-8.849193856140799899e-05,-2.433588038690230474e-04,-5.548245284348622599e-04,-5.554359332500491365e-04,-3.460785730235001667e-04,-1.039685407588484710e-03,-9.051200113620405750e-04,-7.795093444508745684e-04,-4.946949262368089892e-04,-2.459586139896393665e-03,-7.106947361346742636e-04,-1.647022225270967834e-03,-2.231231910340628587e-03,-1.248942759380621600e-03,-2.954528480751769659e-03,-8.599172259508192258e-04,-3.944895889829501227e-03,-2.582170846810526166e-03,-4.896127580181787280e-03,-5.461532220676923628e-03,-1.925373225810202496e-02
-8.839509142148829334e-04,-3.020342463316402141e-04,1.808504142374389517e-04,3.450318748406501013e-04,2.886582403303976862e-04,5.745091802805694014e-04,4.446188630172222787e-04,1.318172270696397639e-03,1.834540420118191493e-03,1.749496968892928902e-03,1.545083134984193357e-03,1.274176997838375423e-03,8.326005544477944973e-04,2.570186569170906281e-04,-4.579847580380995062e-05,-4.288756723094081804e-04,-6.223252566821276628e-04,-7.096878055001793308e-04,-9.168923543880795266e-04,-1.185219643031868147e-03,-9.797488883896265238e-04,-1.437250266026392480e-03,-1.291520328638791522e-03,-1.132367992693857029e-03,-8.758797105067258086e-04,-9.850248541925356403e-04,-1.098013537906093046e-03,-8.858052306569897446e-04,-7.144122887565060006e-04,-5.669390485565496511e-04,-1.863234041454078522e-04,-5.326735032766949504e-04,-8.505969214997970542e-05,-7.028317624691051129e-04,1.909904176858413848e-04,-5.948886157947710918e-04,-7.660028358658178067e-05,-1.299899562886339295e-03,-2.920415040364314528e-04,-1.047131392399075229e-03,-3.649317305728938272e-04,-3.714176956200786542e-04,-1.056113751941035062e-03,-8.526008486003002883e-04,-2.507244453878669618e-04,-1.095732730794103486e-03,-4.996761052009687093e-04,-9.361349684306091755e-04,-1.732820116113424147e-03,-9.951505760958123149e-04,-2.331740503071325164e-03,-5.768406280150759373e-04,-7.270809044666837976e-04,-2.332255917012712385e-03,-3.922397599846849485e-03,-1.728055954421265370e-03,-2.600381185693407399e-03,-2.713813323026777885e-03,-6.793349580875396136e-03,-1.433404529671046188e-02
-3.761714345662290986e-04,1.249577124446492045e-04,2.173932360371753436e-04,5.686674540963516889e-04,7.496981222604220865e-04,1.061048144536289820e-03,1.469818717704487977e-03,2.087219287892165369e-03,3.300389912541456822e-03,3.593142022564763550e-03,3.603289553886710773e-03,3.452505477451038151e-03,2.481281530781980979e-03,2.249895605729542933e-03,1.752425870219161868e-03,1.232735542139367247e-03,5.174585015828379181e-04,2.790243697436916274e-05,2.586054130514015283e-05,-7.287110040078316063e-05,-6.106095750602874420e-05,-4.727778969900594489e-04,1.650972304691741762e-05,-1.260758924024402864e-05,-8.386151561130270667e-05,2.956821704134078037e-05,3.515200345132291028e-04,1.989081661486587693e-04,4.264970988366863051e-04,8.953803662673199496e-04,-2.881867349844646355e-05,8.464851581193336095e-04,3.322755579279011305e-04,1.386703266808241930e-03,1.006728561809895400e-03,1.197366106414144695e-03,9.232380415020312488e-04,1.289573076923074919e-03,-4.083444668697906087e-05,6.551419558359776766e-04,2.107949491457071132e-04,6.434895159828815485e-04,-5.352389514186459618e-04,1.733255978091827358e-05,2.705514159833685250e-04,2.379412080249874582e-04,-1.431266076021394035e-04,-9.029652435287994876e-04,-7.812529771151552468e-04,-7.209455225625612191e-04,5.518911073825516272e-04,-2.183774344962926151e-03,-1.722341591362296000e-03,-1.503271480281940121e-03,-5.429897118079348751e-04,-2.730726701386655946e-03,-2.303167006354149039e-03,-2.254854665986795372e-03,-3.471189782915849297e-03,7.104533800375519015e-03
3.186769731025453707e-04,1.072240174817046601e-03,1.826970524787307820e-03,2.772432259733170756e-03,3.577880397384062151e-03,3.090774890458612787e-03,4.068481885318008667e-03,4.371286502962862600e-03,4.349050077894514761e-03,5.055019555245070413e-03,4.945644424889053536e-03,4.226050522238763811e-03,4.110922500412215498e-03,3.110669706090606491e-03,2.555817109621211138e-03,2.130070275199729291e-03,1.432662234730969382e-03,1.284117593772225599e-03,9.462413061293739212e-04,9.405985201891628586e-04,6.825966532327834525e-04,1.074636228656379111e-03,6.671434107715175279e-04,5.463962902832416625e-04,7.169717279058267093e-04,5.382479392275149339e-04,9.987505559757049994e-04,6.072453101105218607e-04,8.551882575285521928e-04,7.112956264769376268e-04,1.004631792757280581e-03,8.349098756513035268e-04,1.303254771375604885e-03,9.539297657798376066e-04,7.996813911197481368e-04,9.131678898635208624e-04,6.497852298067793462e-04,4.392610625504319373e-04,6.761717089756964436e-04,1.086527827340723817e-03,7.985594309709798328e-04,-8.508796985257733800e-05,4.817181340342528381e-04,6.579767947780204725e-05,6.368339768344211918e-05,-2.597885459223013430e-04,-5.257431249914275382e-04,-4.319112740909527258e-04,-5.466972544957411726e-04,-5.619718500473668910e-04,-1.010766579850055089e-03,-8.682971913669422287e-04,-1.146975360630746350e-03,-4.241963086322211277e-04,-1.412404239894911795e-03,-1.758357638815600567e-03,-2.655313162151614042e-03,-2.355234413965142867e-03,-2.008078817734120815e-03,-3.136573506699299324e-02
5.514908217533719126e-04,1.191889011120600547e-03,2.116014014521282009e-03,5.182515503251344628e-03,7.436590170869213610e-03,8.491237031044636049e-03,7.215186806222667788e-03,7.523960508674249099e-03,8.003043202301891867e-03,6.960627889997503259e-03,6.954580669003518519e-03,6.731471807628495486e-03,5.968239035650108049e-03,5.817987125386090558e-03,4.427768492999663123e-03,3.793435110815172092e-03,3.226938061243073055e-03,3.247750326776193980e-03,2.472655123878608578e-03,2.357824839344248302e-03,2.406817182254828748e-03,2.172851091236633649e-03,2.683954428216268548e-03,2.488231410320215775e-03,2.453870815552941075e-03,2.412306349155386807e-03,2.577417010717161783e-03,2.344831004856933344e-03,2.816494856183149667e-03,2.960616932862171740e-03,2.954685845946603863e-03,3.177227082355377208e-03,2.787443266433918022e-03,2.741909465660741577e-03,3.032472170716058943e-03,3.373032685586083330e-03,2.726444292393641593e-03,3.249615252745135120e-03,2.336401165358983987e-03,1.785923426044308364e-03,1.983921037546546636e-03,2.092132690344098746e-03,1.481775717854976479e-03,1.345325548088613203e-03,1.101337292074877064e-03,8.600919775165223732e-04,9.689905663981215238e-04,-7.636487581179782430e-04,8.618897901629820430e-04,4.530278920349241421e-05,1.326458858583580511e-04,3.141831354928315917e-05,-1.450980604767531344e-03,-4.141930043264267867e-04,-8.187124001585946052e-04,-8.354975816203791782e-04,-8.465792052259262868e-04,-1.333038542330415967e-03,-2.395817095349350549e-03,-5.176024624919393566e-03
4.920563990425660733e-04,3.779949518464889840e-04,2.717670169572402282e-03,6.628464738922416020e-03,8.690403229132309670e-03,8.330463885849532374e-03,7.739652965652993842e-03,7.281958950453332191e-03,7.445817866365401702e-03,6.337541449973444277e-03,5.375090212489655114e-03,5.205501036627509584e-03,4.744528564399184967e-03,4.617454099533437051e-03,3.432261947741309296e-03,2.885946377010879891e-03,2.986520944834647039e-03,1.929726268300877056e-03,1.427135699194116182e-03,1.439298753100406135e-03,1.156235739649936166e-03,1.070819936887038634e-03,8.790156463617971195e-04,9.088060670048362082e-04,8.240731414930872484e-04,6.994133971494977163e-04,2.710104753884459705e-04,6.828018776914423354e-04,5.448008726430430193e-04,6.955322839704862394e-04,8.568676792781415282e-04,1.151182153195173937e-03,1.117619777388391324e-03,1.230929324358629546e-03,1.617513749375099194e-03,9.572892855545174799e-04,1.500990439857720566e-03,9.746608057649378681e-04,1.633714291028207262e-03,1.805932305354231377e-03,1.306014958513524934e-03,6.334414040548328817e-04,6.757671924915680103e-04,7.005695602498588281e-04,6.385609238514396158e-04,-3.340024565496921673e-04,1.558958471638254429e-04,-6.060896510849971995e-04,-8.619394217786771313e-04,-6.701289975050134630e-04,-1.142255503648731451e-03,-4.986011863061010725e-04,-1.670746248925893433e-03,-2.056079111603399256e-04,-2.821640085111167071e-03,-1.573596448623462837e-03,-2.112191566892283792e-03,-2.965972253603786721e-03,-3.697368770600742427e-03,1.734807800022311955e-03
3.932569262213684593e-04,5.219917933865548827e-04,2.440672229863939582e-03,5.203658495178563846e-03,6.820381625826115249e-03,6.961829784182923565e-03,6.268417479151905738e-03,6.275895192802007951e-03,5.895345070422566836e-03,5.875088535971180297e-03,5.069237058361696427e-03,4.487510240908690676e-03,4.827502705582683434e-03,4.167014748730516090e-03,3.516009126009036600e-03,2.991535262236675978e-03,2.543230987972159435e-03,1.696204952784774889e-03,1.607085990833723513e-03,1.498495792539298807e-03,9.190612655480596581e-04,8.412759058521956067e-04,8.821446943287269624e-04,9.289032058605426086e-04,1.090453582965470510e-03,8.349653438113924546e-04,8.505197191627011715e-04,1.071312553341150289e-03,1.459510822090668777e-03,1.480894052645117609e-03,1.757813979311592320e-03,1.472472982392505729e-03,1.839345681310552505e-03,1.550284268055570442e-03,1.499730375947590450e-03,1.989532634919357560e-03,1.282539054496928529e-03,1.433355731797383414e-03,8.896472198994112091e-04,1.113702939611426477e-03,1.533941567937589139e-03,1.612253868434071523e-03,5.272580224368215648e-04,1.303823580699026152e-03,9.607299484555689760e-04,7.612183473459249467e-04,-4.499206368900631782e-05,-6.935094001790415193e-04,-2.156910314602203936e-04,5.893495063470596297e-04,-1.832767729755452367e-03,-4.477062080118924051e-04,-1.136227953093706892e-03,-1.443613662894011876e-03,-8.610204979649645034e-04,-2.055362857917865903e-03,-2.930932490721225615e-03,-2.766397779793511747e-03,-3.182028459690039879e-03,-4.274061366340893391e-03
-1.935373870926971706e-04,3.025626893160089301e-04,3.267608713590297934e-03,7.491906261949488575e-03,7.890668134435731632e-03,8.271838149977027432e-03,8.830508417764955376e-03,8.940658006185096471e-03,1.059345687734361552e-02,1.066333902891191884e-02,1.025602753947875943e-02,1.042866248970004787e-02,8.457683506551356978e-03,8.981601234894052641e-03,8.135174257636225079e-03,7.586186800397989177e-03,6.396210612902570106e-03,5.270483669989560645e-03,4.202974051470301925e-03,3.768972819805278991e-03,4.133216643092943801e-03,2.608047400050837565e-03,2.296400664524926062e-03,2.554438423200851554e-03,2.569183858286387331e-03,3.210923430605138428e-03,2.447550525803459092e-03,9.474003040579434716e-04,1.205630693048002954e-03,1.753209662106758457e-03,1.693970753781202324e-03,1.432044088997023231e-03,1.341902781402876284e-03,1.656872488381055638e-03,1.387806795706311063e-03,1.878064479155351282e-03,8.706420187793330453e-04,1.126716972892472576e-03,1.031306002950649120e-03,1.290887994667550042e-03,1.667587629252519988e-03,4.053307334953137734e-04,9.869088190152925343e-04,1.176074635568458366e-03,1.547283028327768725e-03,1.552966530814139793e-04,-4.462761348660445823e-05,-2.150834053966449650e-04,-7.946522987060112815e-04,-9.396717408842692951e-04,-8.103396410205438100e-04,-1.569918323655315881e-03,-1.394032994923880388e-03,-1.411318199532279752e-03,-1.452185761089992829e-03,-2.245474997173722842e-03,-1.115384676791644075e-03,-3.446694652839772839e-03,-3.140614997302687821e-03,-8.137234850077182391e-03
