6.847266627640007965e-03,7.308843522827148526e-03,7.474869419786409064e-03,7.651476042957518556e-03,6.158881823729655397e-03,4.493572489343958948e-03,4.376510359463090492e-03,3.369105284448195743e-03,3.695082825203252225e-03,2.360704285510910414e-03,1.666777250281223192e-03,1.421921214201245101e-03,1.612668037767622190e-03,1.627593462333274841e-03,1.877844383664971578e-03,8.974899835022858091e-04,6.232016483024213887e-04,1.183721565220421457e-03,6.406103910093846002e-04,1.124697907139401163e-03,1.029485863911420605e-03,7.435665385319087124e-04,3.247374847375048739e-04,1.213828196872106420e-03,-6.031302403583134430e-06,7.982986813363747089e-04,5.930618224436856167e-04,-4.740361609286673642e-04,9.900163215125657324e-04,4.109726503574954591e-04,2.595169800795351614e-04,-3.189650264809046473e-04,1.102445941070388357e-03,3.646962995723984288e-04,-5.194755959137370123e-04,1.649490286080607538e-04,1.721633542062915199e-04,-5.881660691238140871e-04,6.517404214835054773e-04,4.841142822374835947e-05,-1.612113987647541746e-03,3.831442259203179652e-04,1.314582262209902511e-04,-3.584770384254594325e-04,-1.727507374632198560e-04,8.755709943552003865e-04,1.198218860070347867e-03,-2.578282362798528515e-03,-5.436553524804524709e-04,-1.158457527799609246e-03,-1.180360360360334327e-03,7.985983729726985969e-04,-3.583038676924684036e-03,-3.859003831417669259e-03,1.594881974931699640e-03,-6.852741267881772187e-03,-5.921786933203269931e-03,-2.126639083386411971e-03,1.324120753212332648e-04,-8.681384615384549197e-03
8.384319850070218530e-03,8.497654894948657167e-03,9.201315671879947353e-03,8.436169533378758134e-03,5.661958913405504799e-03,3.486402742039962019e-03,3.823203648118245115e-03,3.272674211171790280e-03,1.069590980983509089e-03,2.778881692720467983e-04,1.587383257403151681e-03,-4.647250983838851655e-04,2.305962566844923318e-04,4.823789371186343826e-05,9.208783351517906533e-05,-5.746719358621293428e-04,-4.509226687986634535e-04,-8.158493209742456644e-04,-5.875334696417346819e-04,-1.420005043318507860e-03,-8.837228627444601624e-04,-9.382327762285540881e-04,-8.741925408782261946e-04,-1.083954041204445492e-03,-7.605242796928855494e-04,-1.488039668359583852e-03,-1.389067539810052250e-03,-1.218534428300635042e-03,-1.714230445929438304e-03,-8.267165866666473543e-04,-1.324895594713543798e-03,-1.213068147211105374e-03,-1.794314957295234597e-03,-8.383073712802616845e-05,-1.577113581104530376e-03,-1.731918230973301725e-03,-9.129536309377959177e-04,-2.311429359823350196e-03,-1.225011638056577434e-03,-2.384132805628814272e-03,-1.504919464750341905e-03,-1.525303153843612968e-03,-1.363052296615379190e-03,-2.012460567823250428e-03,-7.236371114234361893e-04,-1.875535044707270010e-03,-2.753465708005821150e-03,-2.682838965545895405e-04,-1.753133810453253805e-03,-2.895031674208061075e-03,-3.450168026652600251e-03,-1.061966101694964207e-03,-5.000544798162086767e-03,-1.665833379463103111e-03,-3.717213114754081699e-03,-3.595601804388007076e-03,-4.932449717159063246e-03,-7.380489715964706418e-03,-3.956075847500207902e-03,-7.567693507072047882e-03
7.463929375383730400e-03,9.341635611224174615e-03,1.008065416832861286e-02,7.324441036488713204e-03,6.423080767438932998e-03,4.842641424385866686e-03,3.884858340844050181e-03,2.206344445726080884e-03,1.670889842313426745e-03,9.441506448585984231e-04,1.723850196663440169e-03,1.141387680184790870e-03,6.254233658974790418e-04,5.584087214306344537e-04,4.346283935802374115e-04,7.458868734814107573e-04,8.947173027741294772e-05,1.134385014094741991e-03,-3.793282211906974966e-05,3.850236038121893924e-04,1.367889510742745034e-04,4.265730509238534825e-04,6.034590668778253095e-04,1.517571002321309488e-04,4.272157456472086318e-04,3.930620761605124926e-05,3.287691594995904788e-04,5.167010561992975368e-06,-3.824328614056467235e-04,1.492755765819427907e-04,-3.092996543358309826e-04,4.212485871950364530e-04,2.104208639033525901e-04,-9.253280808750929736e-04,2.989975280842949450e-04,-4.030462911880608630e-04,-1.972837151768764145e-05,8.458439360017189343e-04,-1.586598053473553321e-03,1.261058032554830699e-04,-9.920721901245795841e-04,6.471946612943618509e-04,-1.212561791024977312e-03,-6.392690855359986751e-04,1.688551362612597171e-04,-3.996632133450948171e-04,-1.037648715762974128e-04,-2.991970214563542327e-04,-2.357158862518665254e-03,-1.000701082055922711e-03,-9.080622347948326184e-04,-2.680881743263109889e-03,-8.834923910246602057e-05,-2.791192607565684460e-03,-4.747854911898224603e-03,-1.041967213114754990e-03,-6.027473349126497883e-03,-1.114737832520746978e-03,-1.262607051408317325e-02,1.083020367054557832e-03
3.291615519711615662e-03,3.134677203260884462e-03,1.953384656225212908e-03,2.042872583109938637e-03,-3.323500127107712116e-04,-1.136873567122376237e-03,7.501131959397517885e-04,-6.209356288894839768e-04,-5.012286413284359338e-04,-2.171320469798650090e-03,-1.335537104690303440e-03,-1.751772610522403647e-03,-8.179521799835448234e-04,-1.183110540338511152e-03,-5.214947001207070193e-04,-1.117802842318932257e-03,-8.932710580502344934e-04,-1.045837528734508198e-03,-9.009441190958564260e-04,-5.977684712168763233e-04,-5.719017418491231320e-04,-3.473711844153670020e-04,-7.998679473960101710e-04,-1.245573870029213477e-04,-3.142617375230493922e-04,5.007598784164231175e-06,-3.325552968568479717e-04,-1.064616911392364139e-03,-1.734799835763231005e-04,-2.521212121205882798e-05,2.993236386795534109e-04,-9.742408003629869553e-04,2.229884211230557796e-04,-5.404155276108429636e-04,1.585642793860593265e-04,-6.178553246175568468e-04,7.094688537890138716e-04,-1.538260347617249934e-03,-6.987395772736019464e-04,-3.135255718907148967e-04,1.552904520806705187e-04,-2.761146110973308594e-05,-8.545756729875264883e-04,-2.506101246052796680e-04,-6.803659028290616690e-04,-5.602002895752878579e-04,7.777777777777967073e-04,-1.534802413042650904e-03,1.451084796951011362e-05,-2.339094467176620635e-03,1.228761788579801808e-03,-2.510622837370230561e-03,-1.003829764624708954e-03,-3.599822965464635673e-03,-1.245276292335166513e-03,-3.981262344897463189e-03,-3.365999709175473715e-03,-2.102326632760059474e-03,-6.570881355932207957e-03,-1.552626859142608928e-03
4.706994977543909470e-03,6.037561289729144638e-03,6.583612686078174278e-03,4.561029372849941324e-03,3.583402196248239736e-03,2.628866180048713020e-03,3.227814664943645575e-03,9.665931744534366887e-04,1.064285265472814839e-03,-8.077482447339784767e-05,6.889116928186632838e-04,4.247346260388016530e-04,-5.531915945191293168e-04,1.003003289299223006e-06,-1.327928585141871618e-04,-1.846968649147321556e-04,1.680658405213017405e-04,-7.073526961526364724e-04,-3.696128798842162797e-04,-4.848932628460120666e-04,-3.652228976699859050e-05,-2.116951732785347145e-05,4.751107078039796486e-04,-3.543832335330175209e-04,-5.557367647585611994e-04,-3.030303030292553113e-05,-3.819656179045463834e-04,4.808479133384165066e-05,1.431899568649496347e-04,1.948918963524899411e-04,-8.395436164067062714e-04,-6.160395701128030784e-05,-6.678436235478708849e-04,3.207954698666191581e-04,-9.431103061126777827e-04,-6.186050224996325186e-04,1.125846848645140497e-03,-8.089890780434028789e-04,-6.060014270236252281e-04,-1.027795824317876512e-03,3.244541761503076725e-04,-1.870574985548678349e-05,-1.000552779320127567e-03,-9.977310704105428127e-04,-9.292457353299381998e-04,-3.327503098745985665e-04,-1.360070959730286027e-03,2.308902198579798105e-04,9.986548945247729087e-04,-3.357252425180653945e-03,-3.818006514657984289e-03,1.209130648330649006e-04,-9.613461137735937034e-04,-2.620636195182252277e-03,3.317633437535695562e-04,-5.315475515718716924e-03,-4.391456949106115060e-03,-5.998444338724987640e-03,-2.644394559032756716e-03,-1.014731543624150696e-02
1.489142461303259203e-02,1.511566917508088380e-02,1.487681039762282949e-02,1.343710078314995157e-02,1.170907892726990446e-02,8.509322862971293103e-03,7.047255994951668462e-03,7.314155086744088610e-03,4.909300947867241416e-03,5.399322670212369779e-03,4.072302809993671828e-03,3.762146473106267770e-03,2.519971969166102162e-03,2.448055167716756044e-03,2.505725310847455728e-03,2.206345216623770318e-03,1.420623715004874516e-03,1.406254427613318030e-03,1.108716121450998389e-03,7.900724582412003635e-04,1.237853245944873755e-03,1.156929765765152794e-03,9.411971515184627693e-04,-1.516453115900217175e-04,1.132502454456263494e-03,9.507635096291126506e-04,1.197332242225863019e-03,1.161908706548508627e-03,2.981588059233245772e-04,1.120358858030399453e-03,4.188454762150917664e-04,-3.700385402087990770e-04,9.885964912280521648e-04,3.714010339086281742e-04,-7.828621964217892613e-04,-8.547363825969103539e-04,1.664359694313468502e-03,-4.125842923480555055e-04,-5.871506842200872054e-04,-6.472104881779398638e-04,-2.357145305493090620e-04,-6.842577827285843857e-04,1.982860952616959842e-04,-2.053186066269777781e-04,-1.855384434674598034e-03,4.873440500747364731e-04,-9.525331447766372211e-05,4.122255507251599248e-04,-2.403494522390947283e-03,-2.943008871365219124e-03,-3.382529732515379955e-04,-2.015467030291116790e-03,-2.756881018949984032e-03,1.399790483543079803e-04,-4.309425945816847993e-03,-3.072489785811213922e-04,-7.291001139276525288e-03,-1.401683654489947837e-03,-5.611001218875109886e-03,-4.680269306930556414e-03
1.319510893398643039e-02,1.526336661642793344e-02,1.328232964034529312e-02,1.106015677290378071e-02,9.898083600575062133e-03,7.157876014055692890e-03,5.909844595774305792e-03,5.110644539435056644e-03,4.581355604985976743e-03,2.924684714090499717e-03,2.029301852865290391e-03,1.651217598646207221e-03,2.689583798259240124e-03,1.899719789842429759e-03,1.979800884955687599e-03,1.616583398180057932e-03,6.922160563758454534e-04,3.261885245901400871e-04,1.409797488403704158e-03,1.560908883999636686e-03,1.138178416661921001e-03,8.783836013275353417e-04,7.081797552917306043e-04,6.509855051617209685e-05,4.692005185036777310e-04,6.756558363417604351e-04,3.066834986473719604e-04,4.665380092946409688e-04,4.159006127662764939e-04,6.149143553075142469e-04,-8.542549910561850722e-04,4.373913224776371776e-04,5.714008625360651522e-04,-8.031846664209903045e-04,1.005168529398165079e-05,2.591239154819712561e-04,2.194805194803939557e-04,-2.115623919805483530e-04,6.589654291987973424e-04,-4.891367872375037423e-04,-1.075614738449802519e-03,-1.026191209813463344e-03,5.098193328754235202e-04,-1.293242866201650774e-03,1.174505208333346401e-03,-1.273468363136250926e-03,-8.484501077074657182e-04,-1.177900270132036051e-03,7.206024096385151489e-04,-1.673467597208444903e-03,-2.864518835616458332e-03,-7.771200143740083447e-05,-2.134978985135923407e-03,-3.700125875656780014e-03,-3.520103123158552488e-03,1.041997699386463475e-03,-3.934386363636273656e-03,-6.070604672824772736e-03,-4.183750918742394631e-03,-7.184376870354269688e-03
1.473738931297704537e-02,1.613290912432234492e-02,8.908735395831451909e-03,1.115520365152182850e-02,8.424003789989987709e-03,7.484823234544073223e-03,7.670445220239573668e-03,6.293820802848446028e-03,5.960651457646859615e-03,5.022979426277491936e-03,4.028169274914033225e-03,3.914623198861318792e-03,3.433815802099593559e-03,3.090467435511747712e-03,2.560036459388309853e-03,1.482164260419402630e-03,1.368986372732761310e-03,1.797501248031974693e-03,2.132800831072794584e-03,1.148291182243674213e-03,9.441239579970441605e-04,1.312353851740076949e-03,7.810771801605021067e-04,1.505551173231016709e-03,1.368790571104157826e-03,1.109200446534772556e-03,1.296078825658593782e-03,3.083452482217549076e-04,7.231462610520529447e-04,3.108431293068409968e-04,6.959322033898658394e-04,5.814785702388316131e-06,5.569868445898976768e-04,-2.604461575418933828e-04,1.589691833926783161e-03,-1.152901297890395740e-03,-7.834328151014274377e-05,-3.906639569754277990e-04,-4.809408528198041012e-04,2.395219825797319333e-04,-5.025207252499906034e-04,2.420963219985883502e-04,-1.539628047695282102e-03,-8.669502809674783537e-04,-5.722419003671975991e-04,4.680639525300913772e-04,-1.149180501964611884e-03,-3.310927625638810799e-04,-1.475390137918442923e-04,-1.415749999999956757e-03,-1.364855042365905593e-03,-2.441274821820805206e-03,-6.844831338410909327e-04,-4.268749660676546959e-03,-4.208043897028762755e-03,-1.867647616040475416e-03,-4.196211398963687646e-03,-4.220691676436193890e-03,-1.989105816038846432e-03,-5.509096697898809708e-03
7.564198822185113670e-03,6.737415998749767855e-03,6.676106809200787334e-03,3.737124746568483338e-03,2.583339224258193213e-03,1.138149477297534587e-03,4.948291566742291613e-04,9.008172766067300795e-04,1.283459810284587506e-03,-4.296124613719659336e-05,3.076143236851662348e-04,1.084746249211244237e-03,6.502912204731801839e-04,2.471809256661872036e-04,1.049105351170634068e-03,1.035683814997069097e-03,1.090682069893806174e-03,8.023772511246357944e-04,5.342543497069214727e-04,8.029895953757007184e-04,-1.301745164395377044e-05,6.000001902045009683e-04,4.086939119444342049e-04,2.432241674489605686e-04,6.331680390586015474e-04,-3.762968586193478658e-05,5.896871387416065084e-04,-4.658330886670139677e-04,2.923605532433087221e-04,-2.742340850053999533e-04,5.570855557926738437e-04,-1.495915123578679088e-04,-9.051496158089557796e-05,5.019077585842486979e-04,1.811587860128563399e-04,-4.885209747069515357e-04,-7.520510047761569004e-04,1.946035015447921410e-04,-9.771344061773140589e-05,-4.455687864201257706e-04,-9.650011859894302903e-04,-7.020196254315237520e-05,-1.388423791611234854e-03,1.302233520972292783e-04,4.404029818159572594e-04,-1.378143361534951792e-03,-7.372860387079366784e-04,-8.093415577778580693e-04,-1.646958078704529888e-03,-2.027474060682214925e-03,1.760782555533007849e-03,-3.840213950252283417e-03,2.539134733077065922e-04,-2.284862463182150104e-03,-3.525999538053044540e-03,-2.125497719177636777e-03,-6.403183930035566580e-03,-3.436809470123999496e-03,-4.163176432917812045e-04,-6.743651754468904698e-03
4.707807582032457437e-03,3.705770900004452632e-03,2.579294728862046877e-03,1.649260612426740663e-03,5.413827603900353081e-04,-1.301973012654687517e-03,-1.293486080700665493e-03,-1.508432839113947252e-03,-4.978734701806513795e-04,-5.214816748233342195e-04,-4.785535919691321304e-04,-9.700983950487203746e-04,-6.073120231733183418e-04,-1.006365093638791766e-03,-9.045253731343156451e-04,-1.074464279059345745e-03,2.473119132375659773e-04,-4.881541481734311821e-04,-6.899840672997273544e-04,-5.752991848297960356e-04,-1.705508679113884542e-04,-7.815782488339762142e-04,-1.219824956144040213e-04,-2.306290913982258513e-05,-5.691999926113491771e-04,-8.217215199136803337e-04,4.900854111886264637e-04,-1.242183005089522339e-03,-1.105968744810788057e-03,1.198164115305432102e-04,-1.134362700574927151e-04,-6.271251561036818170e-04,8.206969630323603365e-05,-1.332976782229193181e-05,-8.372772572402089383e-04,1.259348800069896054e-04,-1.127116870393827597e-03,-1.227808022596670241e-04,-2.691117478510168370e-04,-1.065384087617156535e-03,6.346431414849742917e-04,-1.392924944517161506e-04,-8.166261162873476821e-04,-1.778267478080201988e-03,-1.233360782614068571e-03,6.041134027201739212e-04,-1.143890598290609817e-03,-1.182569892848380584e-03,-1.898029965656442474e-03,-1.698928066561691212e-03,-2.701540227058497109e-03,-9.551393096386667347e-04,-7.520464202493771025e-04,-2.054257022122855068e-03,-3.284331775204642808e-03,-1.780348243405340490e-05,-8.812437377624764145e-03,-1.791350869369768555e-05,-6.471604582165764105e-03,7.393180212014482423e-04
9.431130279111469422e-03,8.680432491674676745e-03,8.445729642686087418e-03,6.182408376963374926e-03,3.452436119334929658e-03,6.059744767738554742e-03,1.602088147595999218e-03,3.986637160227596397e-04,-1.740042491037055872e-03,-2.344665672222047946e-04,-2.789351599763923340e-04,-7.091619690269793542e-04,-2.114884009767668480e-03,-4.800621371924787442e-04,-9.642285154336727648e-04,-6.747703057442989028e-04,-4.971643073245885468e-04,-1.304232007400519438e-03,-1.391184629610526646e-03,-2.980133828520209732e-03,-8.782633410673748673e-04,-2.612267921233867116e-03,-1.426440684417929622e-03,-1.711229917852256097e-03,-1.051558336386127683e-03,-2.373162939297087434e-03,-2.371388863339562048e-03,-1.359696119000311640e-03,-1.385320522332729584e-03,-3.146759918900383576e-03,-1.642426872092808124e-03,-2.332758798283286143e-03,-2.121688876641072714e-03,-2.358401565747287980e-03,-2.354662713120831904e-03,-3.918306458566862306e-03,-1.978611691257440956e-03,-1.119838426176328772e-03,-2.762292726936172674e-03,-1.573785573265294464e-03,-2.756070023807089767e-03,-2.574468218840884545e-03,-2.368774167121704202e-03,-2.100437857102484176e-03,-1.323920642418557067e-03,6.770579834332737324e-04,-7.938871761233399355e-04,-4.205832389580979082e-03,-3.813817192600738471e-03,-5.708633892696737128e-03,-1.173387205671315176e-03,-5.638869902912535884e-03,-9.820742450993779141e-03,-3.667533906956400337e-03,-1.837861685214617780e-03,-2.445372964354748310e-03,-9.107323765020021791e-03,-4.306036900369090113e-03,-5.417144266337841144e-03,-2.832875457875411087e-03
1.561653405949924717e-02,1.396820706411521992e-02,1.245851907410877070e-02,1.162938924888589839e-02,9.180923212321117841e-03,7.195983608413074675e-03,6.421566545890921088e-03,5.053284762987513348e-03,3.831605785731902365e-03,3.273480565371032595e-03,2.829902231622639496e-03,1.390500228663592427e-03,1.926553572924507435e-03,1.379781867183241294e-03,1.110405104190050323e-03,1.058456466709882564e-04,2.291669565889317586e-04,4.926925882287471565e-04,1.548181397501046871e-03,-6.088619239681543035e-04,-2.897712177121397940e-04,5.314610006005062977e-04,7.260170973382491398e-04,6.520876313231138829e-04,1.619329263610195168e-04,3.808827623540177263e-04,5.267066582212006839e-04,1.537774126855533888e-04,5.981276424401562230e-05,-7.056324644591767761e-05,-1.564852633153476519e-04,3.068588178725261285e-04,-4.528117077667184547e-04,6.729733478641827674e-05,-8.549554189397609366e-04,1.527219895723194769e-05,-2.062112666854937649e-04,-1.158207532178258647e-04,-1.183882803943049752e-03,4.918046311053531809e-04,-1.787645146307897904e-04,-1.334025850949042968e-03,-2.249339876776147663e-04,-7.567193731001139448e-04,-7.413375796177632980e-04,-1.319333858172328129e-03,8.612647873553371100e-04,-1.618314671357529936e-03,-1.404566906053001610e-03,-1.113246753246795694e-03,-1.365048256601821604e-03,-1.803354975486972083e-03,-3.597301717089074983e-03,-1.739273354742815149e-03,-1.072452645161331907e-03,-4.913526103505083502e-03,1.002796672375827567e-03,-7.733566128328217722e-03,-6.863150218765185807e-03,7.021525885558646844e-04
1.336547086078476373e-02,8.369469533758791546e-03,7.656230473036294143e-03,6.629451614908181412e-03,5.939245913579897611e-03,4.675289372150203022e-03,3.456701673555141307e-03,2.931913722419178265e-03,1.221740471827257191e-03,1.304193749721311657e-03,1.464891714683050654e-03,6.523597495141708136e-04,4.982006927953824436e-04,6.772613307618232780e-04,-3.653180409435742294e-05,8.044109280671566308e-04,9.358205848274866448e-04,-2.806884934849315414e-04,4.766802135030655382e-04,-1.363720671427408587e-04,6.787869929328132438e-05,4.133000016076497944e-04,-2.974631531932919628e-04,9.135908329157245837e-06,2.588340121225149557e-04,-1.467324176987953421e-04,-1.472483559962318088e-05,-7.925576696421247588e-05,-8.919175441197713669e-05,-2.580594077616257787e-04,1.910578292480925942e-04,-1.993004625973632672e-04,-8.395292014302012861e-04,5.699048503132811416e-04,-5.664488409272309477e-04,3.346729663105389610e-04,-4.457243953483933357e-04,-4.965096562501779916e-05,-7.000461729301493252e-04,-1.018965692856151290e-03,-3.533979195924192261e-04,-7.073113172357237653e-04,-1.145273137455044780e-03,-5.317465809404450967e-04,-2.865335504328701301e-04,-1.222914686311789160e-03,1.646831985065313466e-03,-1.112057715592586768e-03,-3.251000806819366509e-03,5.702613260299440028e-04,-2.337433701331838396e-03,-1.326916048957061745e-03,-2.953155197316394837e-03,5.081400374595466241e-05,-4.556275231233037314e-03,-4.319607952021242703e-03,-3.021084989845472784e-03,-3.652734453443985847e-03,-6.941651331719120993e-03,-4.972319364161802493e-03
9.511786413771821866e-03,1.067524087986991381e-02,9.312823987256227745e-03,7.249753539279059182e-03,6.218863402168033939e-03,5.860608276656039881e-03,3.353348204522620547e-03,3.051552295314723107e-03,2.599407015526162580e-03,2.635608942430249946e-03,1.498057499442779572e-03,2.000970282612949888e-03,5.378520822532967434e-04,1.222406136279395421e-03,7.115430441349829141e-04,6.657849321715986939e-04,5.373225442999858504e-04,3.279815124397914223e-04,2.928252564625204125e-04,-6.489022330695859108e-06,3.085107766629827998e-04,3.134121802049934517e-04,-5.612595050903614638e-05,1.801870486794500392e-04,-2.153321476732839111e-04,2.455612685378840299e-04,2.884626981058005068e-04,-6.521834044128070346e-04,-3.638531799725846063e-05,-3.119341257118819565e-05,-4.952767554972010468e-04,1.308567553314609540e-05,8.340143003058912393e-05,-4.399909970740326255e-04,2.198222083663798266e-06,-2.953813884071531705e-04,-2.687181188571472531e-04,-4.552496072623690026e-06,-1.417279137750205795e-03,-8.472761185331468365e-04,-6.555841039033919295e-04,3.440943871373839747e-04,-9.819470641922308993e-04,5.143231464984896785e-04,-4.896377013544004611e-04,-6.379390229616011725e-04,5.624618012139174714e-04,-1.053125900316925637e-03,-2.067792813163102546e-03,-1.165174677266473530e-03,-2.380181601903297479e-03,-2.304299311879263838e-03,6.118009950248867214e-04,-5.285150498371670932e-03,-2.255272281024778107e-03,-3.720086235307147951e-03,-4.247826661064764246e-03,5.784773167635128650e-04,-7.397711056946613614e-03,-4.368812679083091538e-03
1.563639516684407066e-02,1.485247750571890533e-02,1.898595998782899585e-02,1.535582142360212947e-02,1.313741580298196862e-02,1.255970667318494390e-02,1.057731203007523588e-02,7.637945354241728116e-03,8.231669874664298073e-03,5.538875146018066957e-03,5.663215117485634158e-03,4.553988275004425615e-03,4.032806249312276443e-03,3.491620188784958119e-03,3.263814372429992092e-03,2.376146381337666293e-03,2.891824063731499115e-03,1.990889444251041362e-03,2.206242257398411798e-03,1.262127998137106645e-03,1.950512522059111601e-03,1.239243472439150416e-03,1.684841562650907709e-03,1.160837797715128178e-03,6.286653013458363450e-04,9.760568707376726053e-04,9.148525876494110814e-04,1.764126239015521434e-04,7.706613896218757372e-04,1.399176191014956912e-03,3.805962049478474568e-04,3.053070183548527932e-06,-4.432727686519899110e-05,6.394688648174224515e-04,-1.102206583427938445e-03,1.999748348536535818e-04,-1.234298472768793724e-03,1.144042169684695610e-03,-1.496052905137952539e-03,2.466165923847497723e-04,5.888058431428871845e-04,-6.587726098192509374e-04,-1.591310008136772799e-03,-6.453325046613187909e-04,3.326734476575479845e-04,-1.145641773128773652e-03,4.138238573008385805e-05,-1.323553053651225055e-03,-6.911627906977072270e-04,-2.063539518900311693e-03,-2.451049824775199375e-03,-4.947949068889839460e-04,-2.595780444482894724e-03,-2.748044853363999958e-03,-2.414931025439220977e-03,-3.427996059975846332e-03,-3.450751218352573601e-03,-3.783472710694291141e-03,-2.499330340716796484e-03,-7.030310223459025273e-03
2.072467034562881436e-02,1.879055506878797924e-02,2.027783077664576869e-02,2.496961799754980615e-02,2.174714015999371780e-02,1.861536927607638364e-02,1.799286658389065777e-02,1.398145346897936361e-02,1.306533227474624033e-02,1.225511776164329297e-02,9.982984901804992095e-03,8.250627018114346789e-03,9.299968276348331842e-03,4.890593896610738282e-03,7.112175590517532536e-03,5.071881342701011104e-03,5.395587369212502017e-03,3.627882516247097396e-03,2.770697760124582985e-03,3.097291056654963553e-03,2.520990959531294560e-03,2.678298143873370212e-03,1.555843894813141014e-03,1.437197804094893618e-03,1.648429316834364167e-03,7.427180479794045879e-04,6.970709948713989593e-04,3.664296327744365114e-04,1.062811940530864873e-03,-2.664582310788748552e-04,5.993139001553994104e-04,-5.577592017320469851e-04,2.827065233672178095e-04,6.576693539142945124e-04,-1.044970925212080742e-04,-4.341980186680023169e-04,-6.216611717974438074e-04,5.388415500937285708e-04,-8.379003626645966339e-04,-2.143709829443476295e-03,-9.094139682393503248e-04,-1.628914079422426288e-03,-1.064673334959672984e-03,-9.684546805348668436e-04,-8.580347678608912223e-04,-1.083685904805723648e-03,-1.395482676540501978e-03,-2.151541188543674467e-03,-2.184384222012318837e-03,-2.246304153178658308e-03,-2.359649884805753526e-03,-5.059164532650460740e-03,-2.431683809690616226e-03,-2.839064150250125793e-03,-2.175575076608813382e-03,-6.812802709568156583e-03,-3.635662579230998243e-03,1.099397458228505708e-03,-6.951040251662298115e-03,-8.736141834742502119e-04
1.375183020964087545e-02,1.395015269036115751e-02,1.399874374146565723e-02,1.617657068491353337e-02,1.503967384739278261e-02,1.464214136256308633e-02,1.243038719129347519e-02,1.142276910272671184e-02,1.003941660124779527e-02,9.930352455703764583e-03,8.060440067702694458e-03,7.760439882698031908e-03,6.480250820120199082e-03,6.844244615350830382e-03,4.981106159895204617e-03,4.574414857240588148e-03,3.604927272727208830e-03,1.926751999331723910e-03,2.591500977527277060e-03,1.683404264034235338e-03,1.780357255210449552e-03,1.589011262135932735e-03,8.173339221618138722e-04,1.066568461093821054e-03,1.835303677322322512e-03,4.834395698716556196e-04,7.219920412443655297e-04,-7.913666692987716229e-04,4.055768783437573130e-04,8.089795918367626839e-04,-2.809162866899920911e-04,-6.565386229257649201e-04,-1.037658053875259375e-04,-7.968458186816128278e-07,5.252820453581802683e-05,-2.249106002555245794e-04,-1.175420987701941656e-03,-5.195972130193427310e-04,-1.082061051182049748e-03,-9.078342976362083726e-04,-1.949489051094797009e-03,-1.752419354838726830e-03,-1.268146201272440498e-03,1.293201154286319947e-03,-2.471050733039599316e-03,-1.568213101386144864e-03,-1.285821063213304525e-03,-3.014895302257897172e-03,-5.030953981385738634e-03,1.050527242558723208e-03,-1.286618798018177804e-03,-5.216368469075961106e-03,6.354758899268952337e-04,-1.678315531511556441e-03,-7.483509622447428837e-03,7.761743500109979672e-04,-5.917254208343493763e-03,-6.572260667484387982e-03,-4.383024888321626449e-03,-5.080296196299524149e-03
8.482759842519642032e-03,4.856678308110097889e-03,3.695440556040276246e-03,2.493169009816891164e-03,2.879173815709885984e-03,6.973623697846260787e-04,6.103820004610172089e-04,9.587576386377217761e-04,2.305538803364905133e-04,-4.154562191005503261e-05,8.161594943174564371e-04,4.072948114244770283e-04,3.203129586560800345e-04,-2.317663167504034161e-04,2.647248068820757302e-04,5.574402939375820406e-04,-4.497939954602604273e-04,2.836393591884185639e-04,-3.822040354989427900e-04,-2.435997387234091107e-06,2.090476190475256085e-04,6.468446458477222424e-04,-6.015396608847781114e-04,5.918397648477626352e-04,1.325297735898866116e-04,2.096691405978236950e-04,-1.165106112883246975e-03,6.939362225325618541e-04,5.271144239156801961e-04,-1.787613722759695016e-06,-4.992818819645037818e-04,6.115315780074923567e-04,3.188333749208175651e-04,3.679456579851671130e-04,8.741632133217171283e-04,-6.013573676236458896e-04,3.204256067534321612e-04,1.104887980535238868e-03,8.971909633417984430e-04,-9.888758034505337052e-04,-7.431367965747186569e-04,2.205701845804626440e-03,1.490204674879560675e-04,3.656845506461774359e-04,1.121110179610430293e-03,-1.350255753124268102e-03,-5.197019265721679673e-04,5.064925009144759021e-04,2.864440412887097991e-03,-1.039022949939590003e-03,1.378805465558609333e-03,-2.119339253461797155e-03,-2.289613248131048065e-03,-4.360314289518757284e-04,-2.594131686432863629e-03,4.035525281634221246e-04,-4.917554347826122267e-03,9.328689664305468091e-04,-1.463814301865535303e-03,-3.738680620884262274e-03
1.219249816388619581e-02,8.544340578242208550e-03,5.512222444803608658e-03,2.322799251513993184e-03,2.142150781758538763e-03,4.926972080938963922e-06,-7.138572843308752837e-04,-1.141861808658022797e-03,-1.189131636640358198e-04,-1.221693485828024119e-03,-5.524824312278497343e-04,-2.767633029875636065e-03,-9.648827367313599415e-05,1.394471963990488134e-05,-4.232167768198418184e-04,-1.853631718061715238e-03,-1.179285103772213474e-04,5.189782524771524835e-04,-5.478963613441665843e-04,-9.075438449271860724e-05,-7.933424912295951358e-04,5.017994858616613396e-05,-3.348771527881041078e-05,3.560815433028356714e-04,-7.945982117539405381e-04,-6.632942833005409404e-04,-5.034869097179822976e-04,-2.934512753434032626e-04,-1.685696492822353764e-04,-8.799553811524539731e-05,-3.778771081033448936e-04,9.819014098436955784e-05,5.432715038735104170e-04,-3.547698194890357712e-04,-1.011315520795144900e-03,1.924611225095513580e-04,-9.967912864291897379e-04,-6.696876853132132691e-04,-1.614354199135941597e-03,-1.144197002141213431e-03,-9.342329813717232612e-04,-1.697366244162823055e-03,-1.446249380443290081e-03,1.797099017605407881e-04,-1.817975559142314367e-03,-1.541177436164734666e-03,-1.201258556992309883e-03,-3.480288364298310486e-03,1.032719010350805394e-04,-3.705192651601363091e-03,-3.213019866157426716e-03,-1.884341245524023519e-03,-5.115236427320556112e-03,-2.212086378737472200e-03,-5.510577523413085453e-03,-2.594376983287630372e-03,-5.115881217351877890e-03,-4.660418064516101168e-03,-2.067356748109383264e-03,-1.125511811023626081e-02
3.274352382096371028e-02,2.797196932139637757e-02,2.447721649921562326e-02,1.776046956350432401e-02,1.417185277076844080e-02,1.290803144070830008e-02,1.062259205858052773e-02,1.365973055193398129e-02,8.852953181731328114e-03,9.634048667964953405e-03,7.764516097155987201e-03,7.118936100063852357e-03,7.239414851800629602e-03,7.114483726027338514e-03,6.362203862950797061e-03,5.835257861062391471e-03,5.019297051656345689e-03,4.857890792291193714e-03,6.124757754422002071e-03,4.302348374785811003e-03,4.140434372840146905e-03,3.033154660077349261e-03,3.701045861757313975e-03,2.859693875535743255e-03,3.108453856076271674e-03,1.861876503001228932e-03,1.930102155999523792e-03,1.573454821696785438e-03,1.298818820132552560e-03,1.217789022502668720e-03,1.069515516276100479e-03,1.545567215309496655e-03,1.783485161906698732e-04,2.030464241911800866e-04,1.208268871595383296e-03,9.467089712988249967e-04,-2.777480250929661955e-04,1.395482375319488785e-03,-1.596438575430043829e-04,1.457275795949417117e-03,-6.233306879411244870e-04,4.678466771324207786e-04,9.845869939317062215e-04,-3.539054624381967381e-04,5.585878375020040913e-04,-1.966009304526119498e-03,-2.415929677868144465e-04,-7.901233737101127658e-04,-1.959020048548159535e-03,-7.611604654974445019e-04,-1.813946421295706312e-03,-2.401539450957396703e-03,-7.462304194037693798e-04,-4.864346207538449395e-03,-2.343280041747722135e-03,-1.382467545638920619e-03,-4.030044027674513710e-03,-6.069254984262558691e-05,-5.824175824175798800e-03,-3.516833279587311227e-03
3.563880269009993274e-02,2.709597347332708128e-02,2.431202107811720678e-02,2.125929603787685487e-02,1.632436622645965299e-02,1.118061239293585696e-02,1.135519440907346161e-02,9.488213218520096665e-03,8.968419993531859258e-03,9.517802922613283201e-03,7.912722183607955734e-03,8.262381092593655899e-03,6.388647368744715220e-03,7.352026356359984277e-03,6.121697681014046967e-03,6.067331645115731260e-03,4.571133788907237074e-03,5.499722440944793123e-03,4.752754166212794923e-03,4.743976996805020913e-03,3.843644886117669919e-03,3.786678521369788841e-03,3.780955947508371582e-03,3.008740089553497629e-03,2.393378666877418997e-03,2.178871750704680470e-03,1.506027620745952530e-03,2.029641402714881405e-03,1.515437508757148076e-03,1.699880491859985434e-03,7.689592760180718372e-04,7.152718352902500158e-04,4.445194784607757639e-04,8.497826348024282777e-04,9.105295546558534554e-04,3.819757637553614733e-04,5.405568509125217787e-05,1.030909446508968680e-03,-1.460774333180670469e-04,-6.561759523660737781e-05,-1.933246832235043097e-04,1.111764705882220571e-04,-1.186627289885669283e-03,-7.772748481279158784e-04,-1.329210402825371741e-03,-5.787635845351628554e-05,-1.026688988497101440e-03,-7.114366990720929346e-04,-1.359248434237872840e-03,-2.055989549314159951e-03,-1.298814040124420194e-03,-1.909324060603913601e-03,-1.265652308167309302e-03,-3.379419182583619490e-03,-1.196988735806939398e-04,-5.647297845373771760e-03,-1.273851880234322820e-03,-2.906152989231292321e-03,-1.839571169720126539e-03,-3.810961358678682104e-03
9.924837421563019457e-03,1.467340112924901338e-03,9.662532178795929820e-04,-1.348661555593602289e-03,-1.556029483210951509e-03,-3.341469575838248518e-04,-9.330818682394073377e-04,-1.951250946786779912e-03,-1.421483258982474867e-03,-3.155537592696191530e-03,-1.660624287126422982e-03,-3.170863018867989096e-03,-2.075306339484365385e-03,-3.111915038197687455e-03,-2.307684706081919446e-03,-1.756215802144971095e-03,-6.160051679587452006e-04,-9.478430435079262910e-04,-8.991948752823981797e-04,-8.778637297320982013e-04,-1.195930493513266057e-03,-3.504437156572000919e-04,-2.865038209606962519e-04,-1.535281151310887533e-03,-1.391862797705000366e-03,-7.857454747538889991e-04,-8.821370864701146659e-04,-9.775506153993647040e-04,-5.169886439039116533e-04,-5.629933410844223385e-04,-3.462774097383390474e-04,-6.719174343227894957e-04,-2.588665033307962701e-04,-2.616124588199870917e-04,-1.399057369600833654e-03,-4.741358176023273527e-04,-7.922831419873434073e-10,4.603700328829114124e-05,-1.369200015833338000e-03,-1.286343178907573123e-03,-5.061585441085735600e-04,-8.086056779731124388e-04,-1.062794629537601454e-03,-6.769249060192434339e-04,-1.548821038186688542e-03,-4.835591632053720104e-04,-2.262196668063791525e-03,-1.264034535580149492e-03,-9.230122271741901226e-04,-1.485847404063162479e-03,-2.975950402492940662e-03,5.608801116238873626e-04,-3.940433970720060020e-03,-8.960510283354733213e-04,8.839139522731705341e-04,-4.820021593090108129e-03,-2.279735501889181438e-03,-7.600670364406401230e-03,2.479540930327124929e-03,-5.421285236147275859e-03
3.179372504278447746e-03,8.549342427317319689e-05,-2.915434339377822020e-03,-4.293884754537211773e-03,-5.853996261682141433e-03,-7.319464415700669552e-03,-6.422987566955159697e-03,-6.652887136520453486e-03,-7.101060410926093684e-03,-6.363667034500648800e-03,-8.930754087603248390e-03,-7.258504063793866715e-03,-6.139440261616780671e-03,-6.447477566902165905e-03,-6.524655913308864165e-03,-5.672952336188933666e-03,-5.045105426663990845e-03,-4.908745221345015182e-03,-4.772601650240621343e-03,-4.327354025475234171e-03,-3.781424896101420307e-03,-3.799124365482232663e-03,-3.805221277618637404e-03,-2.373116082735397293e-03,-1.680106757015937136e-03,-2.727352983943012732e-03,-1.663579544320016677e-03,-2.104619340546307147e-03,-1.794269962926647302e-03,-1.419353156869467437e-03,-9.629609661802353282e-04,-1.956948801815610022e-03,-9.960403852379915834e-04,-1.211290144755908064e-03,-1.235520745131231607e-03,-9.757256501784141323e-04,-1.330449586776839182e-03,-2.298467693418341628e-03,-9.697367576244575417e-04,-1.013782980603218599e-03,-1.277044174386740474e-03,-2.557944864253893207e-03,-1.975734023090083922e-03,-1.977949783396608114e-03,-1.193483234531353930e-03,-3.372019050859002744e-03,-1.286731330830250724e-03,-3.178608375717022899e-03,-1.507153150037479844e-03,-4.293326195574642505e-03,-2.045028761826900559e-03,-5.172710535288085193e-03,-3.340845309494148031e-03,-5.370827949744378521e-03,-5.078241331120586510e-03,-3.974289848308091080e-03,-6.635610465116201749e-03,-6.897311782982878774e-03,-6.921274336283287504e-03,7.926230120212793750e-05
3.813460734079203093e-03,6.762869745718314484e-04,-5.689485985126825586e-04,-2.182642263823475915e-03,-3.044804832301982889e-03,-3.636726027990844299e-03,-5.594275970914735878e-03,-4.781705069772659682e-03,-3.157309449386830769e-03,-6.066353558662618793e-03,-5.082141585694509474e-03,-6.848842569616848432e-03,-5.204744205793311075e-03,-6.533612095893331743e-03,-5.085039558858795578e-03,-4.814672920627554101e-03,-4.728136449643071879e-03,-4.440824742267975717e-03,-3.186682659511536671e-03,-3.349225628024872069e-03,-3.420785715871994901e-03,-2.210151123483740637e-03,-2.476525048107069363e-03,-2.030435346343218133e-03,-1.921723267505154710e-03,-1.585504133293369781e-03,-1.338428997974653234e-03,-1.097398060591523415e-03,-1.571708690720225593e-03,-6.619551443032492414e-04,-1.749870339732952215e-03,-4.473061202635020815e-04,-1.576343478187662659e-03,-1.393394570320465823e-03,-2.367116968699015101e-04,-5.532410367083375391e-04,-7.531695149353344288e-04,-6.455764971373780577e-04,-9.453661508467536010e-04,1.699971534301614445e-04,-1.431189350077353853e-03,-9.749897227232893083e-04,-8.421598396485386164e-04,-2.526675696594425733e-03,-5.016644422829257509e-04,-8.606739223421023838e-04,-8.635800124922922167e-04,-1.662540828976345145e-03,-1.113073501021164024e-03,-7.459764607230145094e-04,-9.694183168316122638e-04,-1.674881594527035159e-04,-2.236226793778188591e-03,-1.915677066709239439e-03,-1.890234305737244951e-03,-2.035528596187185981e-03,-3.156594929690545014e-04,-3.253646209386206953e-03,-1.255164303913555257e-04,-5.614735543785802883e-03
8.775216429864894294e-03,8.127367983799758597e-03,7.583576473014155481e-03,6.193946957624567838e-03,4.513683040195167612e-03,2.116354931987781633e-03,9.722835930841083017e-04,1.021845494771812888e-03,9.837870688199632559e-04,-1.741291418862353176e-04,-4.254530900741323779e-05,-6.001169772426378710e-04,-2.109693811675786637e-03,-1.086008010680851238e-03,-7.825003843198347379e-04,2.618987974950154926e-04,-1.138175934652743606e-03,-8.633073242230357956e-04,-2.319145390306919647e-04,-6.002749783392091580e-04,2.336944970660746366e-04,-1.026991306286155394e-03,-2.000851101557094436e-04,-9.974761263999221746e-04,-1.426135285944633510e-04,-6.719622247774288898e-04,-6.948325441240047959e-04,-4.244101294505313055e-04,-8.353286366022586286e-04,1.777136397287398415e-04,-7.945702730030487467e-04,2.268939071154654633e-04,1.024109308467355516e-04,-4.965339030470337011e-04,-1.666858848965023672e-04,-8.998607734345151032e-05,-7.719920253223984386e-05,-7.907575725989878694e-04,-8.468759658741361772e-04,-2.718502656179662283e-04,-9.495935228023785236e-04,-1.423238916766877103e-03,-1.218638996345353847e-03,-8.039548391307653691e-04,-2.447182605247508365e-03,-1.741297027403635074e-03,1.355391331917425246e-04,-1.274756493506504045e-03,-2.522610224355457172e-03,-1.389830011042037612e-03,-2.532768515049345966e-03,-7.810937854571962024e-04,-3.223605967256246499e-03,-3.131992716512931128e-03,-1.635482065632125554e-03,-2.572272049184010177e-03,-6.683543327072453445e-03,-4.996886818307983954e-04,-4.165356478611189142e-03,-4.731187089320468969e-03
1.067499673983918380e-02,9.879933715390467816e-03,9.828938733482140214e-03,8.312794165316059539e-03,7.106827131356903242e-03,5.673051303332180689e-03,4.351241855060483839e-03,3.428718296057313084e-03,2.112795225157964099e-03,1.790006045184225087e-03,1.415542750350543954e-03,1.350991181444899424e-03,9.523435633031278021e-04,6.473750276896282066e-04,-6.129926752705154775e-05,4.132620485403125724e-04,3.098081856810666721e-04,9.702559641105810290e-04,1.049618646811183165e-03,2.688493919551277920e-05,-6.788139274363974357e-05,1.113113934596927403e-03,1.424410714285743703e-03,1.219801017122374874e-03,1.067633291969451290e-04,3.599364622536402498e-04,8.539633521270641701e-04,5.110376277853211167e-04,-3.221636662591353039e-04,8.005034612952453181e-06,5.405959945307660603e-04,4.217359848262509990e-04,-8.570317621351525826e-04,-3.760933113578438370e-04,-2.083627501282992876e-04,-1.074369948681139897e-04,-4.186159561740467896e-04,-6.406172017966407133e-04,8.509713755356538244e-05,-9.110447024485507838e-04,-6.122612644664845311e-04,-8.524096765379363940e-04,-1.036328728931660247e-03,-1.558532632405594965e-03,-1.387158110152040364e-03,-1.141856194090526324e-03,-1.794212940839088168e-03,-8.642859299517228425e-04,-7.921250600223735420e-04,-1.297250355082685920e-03,-1.698981080672032871e-03,-2.846509711595078540e-03,-3.132487550310395982e-03,-1.211091535108672727e-03,-3.369953161592499115e-03,-3.233378495112442224e-03,-3.644765090838022765e-03,-1.122360919667005292e-03,-5.969283696893172217e-03,-5.102569578396267021e-03
1.220308667255068889e-02,1.369266610627219334e-02,1.257799337951751896e-02,1.210601853423401431e-02,9.726218181818178585e-03,9.273717473907037642e-03,6.564008927752502942e-03,5.292008759851165450e-03,3.078213695004834716e-03,3.462541396890501770e-03,1.803428218169535972e-03,6.374411718871903377e-04,1.806970460823274695e-03,-3.464831453305668315e-04,-5.608877709550734751e-04,9.994759927034859229e-05,8.771215680233811728e-04,3.575795283492893542e-04,5.037663264876768472e-04,5.585368753243046772e-04,7.763329689208538350e-04,-3.644212649869857769e-04,1.166274864376167343e-03,8.497539149887414246e-04,6.225999777214210435e-05,-6.889141358972388537e-05,-5.258485697762518797e-04,7.253111535080734081e-04,-2.897049052177968283e-04,-2.402174235522111609e-04,-9.020158901989126473e-05,4.580587711496130219e-05,-7.516321345569534863e-04,2.908690609581827523e-04,-4.758620185632040527e-04,-1.774030412344555698e-04,-6.559495293327798288e-04,-9.420355110016348889e-05,-8.790052687039059997e-04,-9.815308958739946338e-05,-1.841596955687386031e-03,2.814337405815155332e-04,-2.227626312406155978e-03,-5.955480781675121741e-04,-1.285033822248991646e-03,-1.201745325022225220e-03,-1.807642015752414710e-03,-2.345797602013018589e-03,-6.927052938723874190e-04,-8.961239065441005012e-04,-2.000532873646760582e-03,-4.122347870343923831e-03,-3.829934924078020708e-04,-3.788389171997594198e-03,-1.843295197188605291e-03,-5.225293377856828070e-03,-2.961632131984596496e-03,-1.802341058898621062e-03,-3.651809414048349210e-03,-8.768572186484585888e-04
1.097944097330691079e-02,1.105545943867742957e-02,1.285527343750000884e-02,1.157369779263992503e-02,9.884684651350500798e-03,8.471427012324155709e-03,8.286176348877896322e-03,5.894731348053075352e-03,5.114577745348391873e-03,4.669785989707991858e-03,2.420859696132226114e-03,2.379198551497618309e-03,1.911453572338781427e-03,1.461873198847194822e-03,1.126949219262489811e-03,5.399740750342028406e-04,6.572284920651246930e-04,1.275458259461949686e-03,8.774208453873551293e-04,9.585644282739108754e-04,6.695581772919472928e-04,5.478264758497587488e-04,5.881168547590446497e-04,1.232951840833105108e-03,7.002490073355432075e-04,-3.117793729593297449e-04,1.525895244356853747e-03,4.514683815648705282e-04,-3.166207490308274895e-05,3.153784704033132545e-04,2.231644004943719663e-04,2.231249100442019159e-04,-1.939476205034596813e-04,2.467722285055487129e-04,-7.757108863770820683e-04,-4.746513172449373983e-05,-2.268243785083518134e-04,9.854678337808781303e-06,-1.028474007825591011e-03,-3.167467691978208548e-04,-2.680977600277115744e-04,-8.511232743147443842e-04,-8.960575233716467107e-04,-1.661204935246720239e-03,-4.582299088924571663e-04,-1.084029478406227853e-03,-1.807396858196175108e-03,-3.536687495510610463e-04,-1.896471820015944521e-03,-5.953398897653737519e-04,-3.075284280936351616e-03,-1.182740081689573125e-03,-4.023070918897233596e-03,-9.739557364538865706e-04,-3.915429853838183968e-03,-1.200125701835180270e-03,-2.382296485920376312e-03,-4.939904000000096447e-03,-5.978763534753750615e-03,-8.238946101377093816e-04
9.845459076879359631e-03,8.655555134455421296e-03,9.644020656072858910e-03,9.419266010024856736e-03,7.283326563837459917e-03,7.118197806606986651e-03,6.049877702409102616e-03,4.409926219754019446e-03,2.909319145057593595e-03,1.892623787646744880e-03,1.161364802683458996e-03,1.033652413096302529e-03,6.064128785750530623e-04,4.157623874683312454e-05,-1.912935165448789590e-04,4.308467616089866801e-04,-1.065020518057694472e-03,-4.270560638505269016e-04,-5.272430114174620755e-04,-3.800567712842923824e-04,-1.931648745519246491e-04,-1.732738043572699916e-04,2.773811659193140878e-04,-1.022554016620612393e-03,-6.857622847554137183e-05,1.284567762269402732e-04,-7.059407051641110569e-05,-4.871425741266993941e-04,2.487532537474769641e-04,-8.804530001515437163e-04,6.934766867799923044e-04,-2.191911480893845416e-04,-7.055718961017713427e-04,-1.261893024402439855e-04,-4.042074183798705306e-04,-7.425630344661548771e-04,-3.184496644294685839e-04,-7.814614095440133986e-04,-6.265401905745068877e-04,-7.416212444948686120e-04,-1.718640208197969564e-04,-7.263670626612943456e-04,-1.563487448076630827e-03,-1.152375814242060899e-03,-9.981528819249991559e-04,-1.576375404530711098e-03,-1.656853225920534248e-03,-1.230113303474115105e-03,-1.035827126277446848e-03,-2.512743029789006339e-03,-2.645349321623604449e-03,-5.045454545460875521e-05,-3.112159238425011697e-03,-1.637053511350390275e-03,-2.113544949026945757e-03,-4.505986103687844788e-03,-3.046436439147792372e-03,-2.821750569187945080e-03,-3.659712482468443096e-03,-7.109079430522487371e-03
1.115636012585820465e-02,1.168647958019621708e-02,1.089089864069729685e-02,8.061634430066006926e-03,8.360833536351952242e-03,6.506017090593495603e-03,5.489549555548110804e-03,4.649409825145688936e-03,3.698980964286239983e-03,1.619489340379116167e-03,1.059476532979446552e-03,5.633848846552106304e-04,3.142127366705447350e-04,-9.969755946429735213e-04,4.232412862929675184e-05,-1.402985278080831188e-04,-2.509080584633307381e-04,-1.213456493833422225e-04,5.262084430144592243e-04,-1.492825884904264047e-04,-1.034091689387129417e-03,8.693005263487772142e-05,-8.551983971427377972e-04,-1.181734379567241989e-04,6.824901643138719769e-04,-4.382965964723749839e-04,-6.127088939643318168e-04,1.373627612319222861e-06,-7.973309135976765260e-04,-2.779401738345116846e-04,8.238835564261202124e-04,-1.447211661730277675e-03,8.179802604583183770e-04,-6.001586903867031511e-04,-3.808988251870132954e-04,-2.810087923192938503e-04,-8.233522290157307098e-04,4.224980195442662426e-06,-2.270989164004173148e-04,-4.841313776344299152e-04,-9.934300329959868097e-04,-1.141410109385998127e-03,-1.957789116410883681e-03,-9.441116201963829389e-05,-1.983999547050106348e-03,-1.081455528072945986e-05,-3.612217669654327248e-03,-2.501840029129611342e-04,-2.472949732138366753e-03,-1.760585679393323125e-03,-3.335767359575483870e-03,-1.503231966053641651e-03,-2.153945932224921381e-03,-1.592005563184416056e-03,-3.933773869157408155e-03,-1.345555601505299794e-03,-5.183112776619785110e-03,-2.612879627359550837e-03,-4.009796360004432014e-03,-7.919621908584728240e-03
1.046556841485823085e-02,1.025029735234206721e-02,8.846520603749975439e-03,8.294527567054985756e-03,5.745288112367343165e-03,4.780273967852126382e-03,3.551997468607351587e-03,2.285606743254251470e-03,1.818410278600649183e-03,1.651745388971451872e-03,-6.024800730149467006e-04,-7.678836257309208744e-04,-9.732944136889885378e-04,-1.484851625987715362e-03,-1.676242777016390129e-03,-1.737936724707549651e-04,-7.855807597705392583e-04,-1.497883161057994832e-03,-3.374381921915458986e-04,-1.627858540403140679e-03,-3.386341482359842892e-04,-1.734569766027388698e-03,-8.280845375262147097e-04,-4.524733391607779699e-04,-1.071402027408332059e-03,-7.826982540162198080e-04,-9.845961153620564048e-04,-7.971549980686298907e-05,-9.019257261975705377e-04,-8.053225339957065858e-06,1.489699970469299284e-05,-1.057579676471848704e-03,-1.419713732387091313e-04,-1.564830121373600588e-04,-6.435884905421124149e-04,-8.218916713737862588e-04,-1.414016544117657759e-03,-5.557448202445270145e-05,-5.151744419195152750e-04,-1.417716261722862638e-03,2.371055892374153852e-04,-1.008126083530339794e-03,-1.160813906481576773e-03,-9.795206721608074821e-04,-1.204564362265874398e-03,-1.809452563210375712e-03,-9.982906706156445976e-04,-1.939679587183442636e-03,-1.970580103554012575e-03,-1.497959659856941969e-03,-2.407136548549396703e-03,-2.612944275582538851e-03,-3.704705772985048343e-03,4.304896415542817500e-04,-4.403315369933771643e-03,-3.348540527500753691e-03,-3.154505514051925315e-03,-1.623789630198111192e-03,-7.318031686358638342e-03,-1.163499511241525156e-03
4.911702623690962152e-03,4.155326685862580256e-03,3.563517524024957528e-03,3.535404785885476724e-03,1.285137701643560742e-03,1.041333949951258470e-03,4.787083904317517599e-04,2.707256182921962307e-04,-8.167582289446453621e-04,-1.493494534835225745e-03,-1.993361475227749431e-03,-2.021829502792685251e-03,-2.250836120401383724e-03,-1.887861038174184526e-03,-1.899682719066429640e-03,-1.624169736991195462e-03,-9.066301651125815509e-04,-1.158160860031567756e-03,-7.948698847834377275e-04,-1.448284442116241390e-03,-1.592990828570857182e-03,-4.227614076771705727e-04,-1.127472979299439307e-03,-8.794015838548391827e-04,-5.853435985173819191e-04,-1.489099943278571593e-03,-1.391694321103115412e-03,-1.691454648633393854e-04,-4.970750753493315176e-04,-2.420078345632190172e-04,-1.083971069013308069e-03,1.513148994515561179e-04,-5.878398798214990156e-04,-5.535580524331536049e-05,-5.791484787996272572e-04,-5.800654928977244228e-04,-5.750266260934924463e-04,-4.135425268371586754e-05,-1.012491088452203590e-03,-1.131736327557756033e-03,-3.107753077347564651e-04,-1.266751400355358879e-03,-1.300264805007173095e-03,-2.062126596208056512e-03,-6.391767992113406424e-04,-1.020796513593228523e-03,-1.872499107036586100e-03,-1.046309938971125937e-03,-3.669124189178994688e-03,-6.046214017521401923e-04,-2.337591848836916529e-03,-1.319229843561928964e-03,-3.754231178707234141e-03,-2.586895615183293709e-03,-2.945114826252012100e-03,-2.088215127662174271e-03,-3.383982041098213163e-03,-5.680467249118997808e-03,-2.914264420301277466e-03,-2.903910680529303481e-03
2.400344915039266148e-03,1.931817660868543002e-03,2.022614669128013683e-03,1.865575888051674690e-03,-1.505011037143540685e-04,2.146552861201280783e-03,7.630783725909816555e-04,2.929363357003356822e-04,-4.506142752220035591e-04,3.073248312078136657e-04,-1.229249606904983267e-03,-8.960450917417131208e-04,-1.846702893004768852e-03,-1.723506201174096128e-03,-1.450742182412742337e-03,-1.480724134510549503e-03,-9.615525814792296334e-04,-1.472869587606863689e-03,-6.756086166622793593e-04,-6.951441230647461894e-04,-8.974998592896553341e-04,-1.365844816370016465e-03,-1.027142270781557969e-03,-2.091602710646325825e-04,-1.446471393141205309e-03,-2.374489728516055559e-04,-6.566294566579190979e-04,-1.599183635171720755e-05,-1.144605582235858413e-03,-1.854323424767478576e-04,-8.396802125806571626e-04,-3.935566324806235769e-04,3.779029402974572486e-04,-8.708100770018542937e-04,-1.028999502465052698e-03,-5.623498682957929788e-04,-4.224534261587893440e-04,-4.954334038054626849e-04,-7.876287798048084692e-04,-2.480171291826130191e-04,-1.330109449607876646e-03,-1.192601382919012635e-03,-5.386120271136222732e-04,-1.514011218885099501e-03,-1.435863718432733556e-03,-9.883809752582353551e-04,-1.763934865045649900e-03,-1.299654352462373437e-03,-1.078867028324328407e-03,-1.875478467049824464e-03,-6.138141650423084485e-04,-3.440911162372025604e-03,-6.120949753461969126e-04,-4.578297319825526575e-03,-1.131922264177139849e-03,-2.537445843257308750e-03,-4.802882925365473989e-03,-4.058120360427726857e-03,-4.751561214805411805e-03,-1.993287331100558699e-03
2.915275363864178529e-03,3.011470040668714522e-03,3.734027025034098932e-03,2.717002481389543724e-03,2.009041919334415491e-03,4.719405892378938407e-04,1.557676651565397582e-03,-4.210266746718773563e-04,6.068245614034534045e-04,1.856093282772290946e-04,-3.409457496367770198e-04,-1.204419817252048346e-03,-8.090790039669497986e-04,-2.006171891792278214e-03,-2.356008739555446110e-03,-1.268757346645492173e-03,-1.371596242129714165e-03,-9.606892623184556165e-04,-1.226577652846119141e-03,-1.302777071818964376e-03,-4.290689431381132404e-04,-1.036396657507468368e-03,-1.072210813698124595e-03,-5.786261323085362509e-04,-8.638099139696239380e-04,-8.106112815671909309e-04,-8.416005308561187942e-04,-6.344810230834753428e-04,-8.924594027669226388e-04,-1.469179865739320492e-04,-6.071952908586507932e-04,-1.376990705505275973e-03,-6.739749676304527962e-04,2.025932183774091630e-04,-8.045607971632674250e-04,-6.270623930649296251e-04,1.866029017857532082e-04,-8.223110310553630826e-04,-1.087075406433726148e-03,-5.138892183859836800e-04,-6.902078718691655960e-04,-1.023317892298728545e-03,-1.513395472703125836e-03,-1.742283006978257831e-04,-3.908607449582509816e-03,7.815161762235961571e-04,-2.431022410689978683e-03,-2.022245392822598440e-03,-8.106587022958171122e-04,-1.618500439753820528e-03,-1.653263501055516607e-03,-1.496743371827032086e-03,-4.727707417784983955e-03,-2.823289542827019539e-03,-3.335066698347145656e-04,-2.884174420321904651e-03,-5.140145603504243585e-03,-1.130110458936068761e-03,-3.601766079496409624e-03,-4.918538113470173438e-03
6.519768586985758181e-03,6.640838471459126549e-03,6.760570150219196058e-03,6.512883836068529206e-03,5.956076398074236153e-03,4.689244712990914103e-03,4.255268660598263142e-03,2.576897861350647793e-03,2.854462879254878425e-03,1.804923893989720954e-03,2.776496855766693661e-04,6.594632655105634031e-04,5.469282274169621393e-05,-4.613884234212435641e-04,-1.927449955413651755e-04,-1.350641708066606785e-04,-8.491165131877040492e-04,-2.924242467392154893e-04,-2.903521287524364614e-04,-5.607477105765247072e-04,-9.641967353945310600e-05,-5.274475751964372537e-04,-5.127987314531821678e-04,-2.593613348677174303e-04,-4.261613816980681598e-04,-3.535976987877944297e-04,-8.181878298330276566e-04,-1.161255218975278971e-04,-2.103521951892544295e-04,-1.455551130706995164e-03,3.699416678669868535e-04,-5.357731695423012270e-04,-2.515218299078768628e-05,-7.964480636822859547e-04,-7.358503115591584877e-04,-8.750699696571903911e-04,6.306262230919898850e-04,-5.030425963488778171e-04,-6.205466040304110070e-04,-5.108717252850261377e-04,-1.357271087441996957e-03,-1.640633848551761257e-03,-2.162756800649931553e-04,-1.704125630089233520e-03,-1.749309037135997292e-03,-5.965904859886717558e-04,-1.792394806089025495e-03,-6.402088554719164706e-04,-1.710344410240301509e-03,-9.499981720373594767e-04,-2.602427299066412732e-03,-2.216057534322913181e-03,-2.197683532332476899e-03,-1.397073299077519455e-03,-3.188661720971260743e-03,-6.652662415304925157e-03,8.639147824020391216e-04,-3.039636140995364763e-03,-6.052356261022934225e-03,-1.738671231351722728e-03
6.305538798155843790e-03,7.448721784426329609e-03,8.618868123005765311e-03,7.642468007638921097e-03,7.477502140138127251e-03,5.898629047828022644e-03,5.352524305798449927e-03,4.478481340704938522e-03,2.529410684502195975e-03,2.828589399559002914e-03,2.453878141792400786e-03,1.120117735596661826e-03,3.416321685337575043e-04,3.886950023509899450e-04,-1.682728086438798482e-04,-1.177547532907963424e-04,-5.087646840975902987e-04,5.987181541421523123e-05,-7.176683560567951323e-04,-3.646404733659695151e-05,9.835338183347428143e-06,-1.086930427958047313e-03,1.415800912845591045e-04,-2.490546755237848771e-04,-7.962604181162776808e-05,-3.863427342161180472e-04,-6.368881371314769144e-04,3.463072234470627358e-04,3.587639898334516202e-05,-2.750547040900304732e-04,-1.282289912458584209e-03,3.900610919284814876e-05,-1.900990307136334566e-04,-1.187531247809662897e-03,-6.976373448960474606e-04,-9.064672914801904548e-04,-5.509917695474050988e-04,-5.252047845108586549e-04,-1.172345814224150110e-03,-6.589005223964672538e-04,1.592286202079427025e-04,-9.825309611023831310e-04,-2.249274806637121572e-03,-1.060072835623282386e-03,-1.448809099195589797e-03,-9.568684576530560098e-04,-2.288185910817223164e-03,2.230467998988546645e-04,-1.852509338836585973e-03,-8.844238039547040915e-04,-3.125364042812647358e-03,-1.472143096702143881e-03,-3.590603687578501450e-03,-1.379766140067090457e-03,-3.484636333878891271e-03,-1.439202166440996722e-03,-4.974300854037238574e-03,-1.864564334857599743e-03,-6.489841269841228021e-03,-6.185018243309015323e-04
7.036977886977876379e-03,8.046837662539142733e-03,8.540223422945603451e-03,9.899122956373683155e-03,8.679529105495258426e-03,8.916572342386302683e-03,5.744248305499322430e-03,4.875605567071309918e-03,3.795003101523081093e-03,2.634297366385299991e-03,2.708658909041308880e-03,1.050473995251416772e-03,1.687649801935488334e-03,-3.761928679060818205e-05,4.761040227276567595e-04,-1.867554545308872495e-04,-3.713267619973177310e-04,-8.459836941993683669e-04,-7.309886675622954966e-04,2.409497246646963528e-05,-5.080521489971135231e-04,-2.965334738909675659e-04,-9.791266766480694744e-04,-7.769042551400250204e-05,-1.011577178021292201e-03,-1.301720210980631537e-03,3.354865555804202666e-06,-1.307909560027376364e-03,5.869697232584039160e-04,-9.069358127029851935e-04,-5.098870095821620959e-04,5.921741006160236498e-04,-6.380653156436728174e-04,-9.038847058823140613e-04,-1.362472359445054547e-04,-5.257871231856564445e-04,-1.162370754201215396e-03,-1.696197270901659377e-04,-8.687567109352551525e-04,-7.311869929973466645e-04,-2.770022754409613686e-04,-1.061878440624992073e-04,-1.564993022174057495e-03,-9.466233503905772907e-04,-1.845749778172099719e-03,-2.132657077356859675e-03,-1.458884437210443332e-03,-1.342471050454908292e-03,-1.339335664335617642e-03,-1.589706263498958522e-03,-5.379631248060737052e-04,-2.762107851449942860e-03,-3.033364540667195242e-03,-1.900007056513491584e-03,-1.975202738283414125e-03,-4.775389538119075884e-03,-1.259855776360686071e-03,-4.328260960596432699e-03,-4.462831915981266100e-03,-2.800028234629830734e-03
6.975788933470127712e-03,7.500548190723393786e-03,8.134385224436962991e-03,9.938909383571760403e-03,1.035157581388945584e-02,8.923451680340088732e-03,8.541164780370565437e-03,6.150152958353631572e-03,6.109424010261438852e-03,5.000385123654894903e-03,4.708086746664928018e-03,3.584162965231986030e-03,3.898631318719356954e-03,2.833363087293100033e-03,1.717831143837295765e-03,1.518203361344473744e-03,1.679708094613192306e-03,9.663739468567889099e-04,8.787800963082013353e-04,2.716322471186904779e-04,6.350100243447824632e-04,-5.631215648004633340e-05,5.727680509337529314e-05,4.176927240392717868e-04,-6.288853791571487865e-07,2.444330642704813073e-04,6.344829520414060117e-04,2.302392173245116063e-05,5.818324215256218167e-04,-2.911006995140309837e-04,5.853056311728178354e-04,5.549194319426719148e-04,-1.774973488864783672e-04,-7.854818584398129779e-05,4.851550837617833972e-04,2.428876092982979937e-04,-3.286878167825052705e-04,-5.627866096728802300e-04,-4.442007001156591275e-05,-4.903391043067942224e-04,-3.796043477242352221e-04,-2.815610224080920885e-04,-1.499591566649990373e-03,-1.242586587895679572e-03,-7.558267716536458446e-04,-2.235233050847412316e-03,3.706172249796924880e-04,-2.039420654911788117e-03,-1.228158468492366023e-03,-1.754114796467878389e-03,-2.315601882985816005e-03,-1.987072283501519019e-03,-8.981909903532482933e-04,-2.254388825646926661e-03,-2.594311160049228397e-03,-2.247345911949632982e-03,-5.789994414031920424e-03,1.586253530086424455e-05,-7.486143514091919866e-03,2.623880524318961279e-04
1.017422050253776432e-02,1.089381183317170501e-02,1.055817928670889014e-02,1.180817400579009697e-02,1.185555629569457446e-02,1.085973969335611578e-02,1.011662924477399125e-02,1.183439390981842754e-02,8.586711974333376476e-03,7.891459262192099602e-03,6.976054588877528100e-03,5.997851327906019402e-03,3.972928008960755451e-03,4.853589924710972024e-03,3.680735117858586255e-03,3.491070444180792171e-03,3.021813910562952225e-03,2.880216699960044032e-03,2.030989956958440413e-03,1.842194915380160466e-03,1.763999297855503318e-03,1.781150429799534295e-03,1.319771891519214320e-03,1.176049829796604450e-03,1.743758996981593619e-03,8.848963312016603147e-04,1.019978632478600470e-03,1.319273968477095542e-03,1.136642082602446358e-03,8.899914417517213816e-04,-8.539866964241322762e-05,5.404653738359709242e-04,1.281861837944251988e-03,-2.384812336341041107e-04,3.069024498446839199e-04,4.648046679234270470e-04,5.710941196148612738e-04,7.533090427293362033e-04,-3.412559121007428592e-04,-4.469596827494493442e-04,-5.155961440892788128e-04,-5.859607927105268390e-04,-1.286503039012792737e-05,-1.601872037914725240e-03,-1.863317692519118733e-04,-1.593678795248335998e-03,-1.166523867537939095e-03,-1.213718772000891731e-03,-7.355679022145679338e-04,-1.593894366777355012e-03,-1.495035271155784485e-03,-8.050420461488356832e-04,-2.968821022291715309e-03,-2.744183730454152759e-03,-2.419216595841306924e-03,-9.272040648173860995e-04,-6.715036693125646036e-03,-2.635298922836546223e-03,-3.072380849780226211e-03,-7.291324034466803612e-03
1.667582833003473930e-02,1.726533212123084610e-02,1.740618199158314172e-02,1.809164055216391787e-02,1.646538288490965313e-02,1.628504127207570928e-02,1.680157266447597150e-02,1.541248237171238475e-02,1.514597676818927111e-02,1.166559632714365274e-02,1.071673765153188101e-02,1.075655302902325632e-02,8.259402896053541152e-03,7.334752715741197152e-03,6.047582677570260447e-03,6.197253375300198694e-03,4.569410853745856441e-03,4.836261916708496124e-03,4.234278609344377213e-03,2.958269165562075684e-03,2.749794676128620823e-03,2.715649402856422368e-03,2.427296813462290377e-03,2.027279781577791522e-03,1.378677579307597796e-03,2.164179590066131389e-03,1.718373260554573612e-03,1.009405783528581103e-03,2.138302148441399708e-03,1.431078078797973479e-03,8.906046833110657429e-04,6.803892794375422182e-04,1.621335511537656208e-03,9.938339372263915034e-04,1.343563888143885568e-03,6.802028920802232533e-04,3.821344691500117106e-04,5.051043323213373669e-04,-2.216235457128957185e-04,2.576439585222128816e-04,-7.563121652639103907e-04,3.979286798178605089e-04,3.260821012518026773e-04,-1.508811096433392614e-03,-1.769237978038636517e-03,-2.040231799732897787e-04,-8.872023909144661829e-04,-3.898491379311570023e-04,-2.360602364709145969e-03,-9.889677296057827922e-04,-1.531735365922920217e-03,-1.422764486359951201e-03,-2.084954337206958511e-03,-2.540020230564224435e-03,-1.617611706297335857e-03,-1.566041509692526470e-03,-5.145753083708507446e-03,-1.847757020609850417e-03,-3.351737046632039408e-03,2.974567273715475208e-04
8.414424068268904627e-03,1.042568006984371902e-02,9.346820966435959513e-03,1.121787531082422615e-02,1.261075441412509886e-02,1.208367785075687394e-02,1.112593709416877588e-02,1.094928876126614881e-02,9.307410519869312865e-03,9.784014082064479076e-03,8.343055395561550791e-03,7.160197596976745037e-03,5.746231735409239663e-03,6.006955274567650320e-03,4.608045861071816129e-03,4.926663820485715356e-03,3.472595708807213639e-03,3.397826744437197274e-03,3.210377831228632736e-03,2.450809954462940081e-03,2.269726898846244519e-03,1.885908658985577203e-03,1.373095050026321368e-03,1.066600696984136652e-03,6.354315407646875810e-04,1.180477165468750769e-03,9.709622793933539572e-05,7.886208410740935858e-04,9.530984781692023551e-04,4.562818031530245597e-04,2.143354918902876842e-04,-4.102893944814420745e-04,2.707945060283803679e-04,4.623652332611371944e-04,-5.016687186285886382e-04,-1.306125055257995006e-04,-1.278919189391482583e-04,3.603893109391176288e-04,-6.833565412142337831e-04,-1.079931094509244951e-03,-3.913293478530333719e-04,-3.348553974448834872e-04,-5.771669770328936595e-04,-1.535356004511402627e-03,-4.577216893825169640e-04,-2.965945945946059327e-04,-9.166206102476680880e-04,-2.049605508183761915e-03,8.547006956238601761e-04,-3.483077184015812792e-03,-1.834810627473156203e-03,-1.549406177173375063e-03,-1.225514444243334207e-03,-2.182512459130932659e-03,-4.451039880730473311e-03,-1.062492216148908401e-03,-3.431431387580827653e-03,-4.526004486246182346e-03,-3.481303119840046569e-03,1.203513825344784292e-03
5.196196151114638312e-03,6.119630732991616223e-03,7.087833387888670816e-03,7.213637274549057274e-03,7.849675893561147352e-03,7.374489081808937793e-03,6.330526106253400558e-03,7.406567516524980091e-03,6.089631134006913936e-03,5.605842026825661253e-03,5.738347344254408379e-03,4.236378990035394657e-03,4.487843812804980480e-03,4.407606884877774897e-03,3.673032296257397206e-03,4.245996278726672096e-03,3.006625639277192130e-03,2.433958612033266036e-03,1.104613517736620452e-03,1.179642087322746316e-03,1.246205248315032828e-03,4.443156823124792256e-04,5.651360432959169188e-04,2.897186071050881053e-04,2.987400273125766551e-04,2.413544839133085877e-04,-9.879102151408120319e-05,1.193576751582339698e-04,-1.590201162574156736e-04,-2.099370923991411737e-04,-1.927081351333923085e-04,8.979073936090348383e-06,7.179600558544614272e-05,-1.160974960041941074e-04,-3.591917754778095411e-05,-6.489862124895133132e-05,-1.733089000049526458e-04,-1.382670841960709825e-04,-9.886344336727912081e-04,-1.208680452978220073e-04,-1.988930187064770223e-04,-9.489713207547298022e-04,3.509543017369161209e-05,-7.366956850869803026e-04,-3.657911029008429249e-04,-5.696220032358734718e-04,-1.829959994073279998e-03,3.951957557597824875e-04,-2.273389254137485587e-03,-1.102956092416740698e-03,-1.587983646770155938e-03,-4.642687816440911348e-04,-2.841509451360023017e-03,-1.728179579465788113e-03,-2.222951224394492491e-03,-1.800155566707314437e-03,-4.639352626728123624e-03,-2.266203112138953559e-03,-2.601418990619335132e-03,-3.233514948309555714e-03
4.055773316213296363e-03,5.031824423398638911e-03,6.273085824493719251e-03,6.543350908025877440e-03,6.122016669686466094e-03,5.537726263433720778e-03,5.803475572137783978e-03,4.296807888433317076e-03,5.346152279173262481e-03,4.436405633061316078e-03,3.968193715067242465e-03,3.850788862310450429e-03,2.422091238721725895e-03,3.771060052219308862e-03,2.029911422926182919e-03,2.000803970549642607e-03,1.156284449808880725e-03,1.459157618422687397e-03,6.342615120162110095e-04,7.828961684995359863e-04,8.654234225192077295e-05,1.910791229134496867e-04,-4.920078545364744938e-04,-2.430664659322409843e-04,-8.443381996208471204e-04,-9.961197755110409724e-04,-5.115116363268894847e-04,-1.733509184702219279e-04,-6.421027591280007753e-04,-1.055382585302671239e-03,2.405820892631370107e-05,-2.547992110773592022e-04,-4.427566089333969659e-04,-4.095390244421260001e-04,-6.026093561503502493e-04,-8.160150758417547643e-04,-3.206233766233700468e-04,-1.513325342123334751e-04,-1.004151299512878043e-03,-3.157617453824655088e-04,-5.719046551595341867e-04,-3.352932435109531178e-04,-4.785156250000074181e-04,-1.313114491593193010e-03,1.356190769704453342e-04,-6.541051505425641861e-04,-5.089866185536110095e-04,-2.353315955966139503e-03,-4.624348308373669070e-04,-2.480338547746893749e-03,7.179362175525905989e-04,-2.104038950042354163e-03,-3.116568579618135722e-03,-1.286902083065472177e-03,-1.013059602648101526e-04,-3.377570008081244753e-03,-4.255794161306303627e-03,-3.585316911154182769e-03,-4.897592569082997831e-03,-2.731146666199012023e-03
6.666230363856041202e-03,7.229453786385230639e-03,9.638430339921975898e-03,9.748267940950646956e-03,8.506796912842728986e-03,7.195926559265540187e-03,7.127489410518802852e-03,6.639055672391478910e-03,6.981084613587231619e-03,6.532118818360261453e-03,5.908022258592457963e-03,5.423699924350718071e-03,6.767291905487096693e-03,5.735372956460435892e-03,4.472992645577283759e-03,3.795423827896672684e-03,4.472239373381808360e-03,3.224533360108406983e-03,3.187156957846128385e-03,2.604767438022010176e-03,2.032063798293665298e-03,3.447516589583941643e-04,1.955161063755062826e-03,1.625157018656555371e-03,5.352981219957309239e-04,5.876542427814351009e-04,-1.616315842773258194e-04,2.090619870121381070e-05,-3.840124651709920936e-04,-4.437689081570413054e-04,2.183533916852545918e-05,-8.837681497010763500e-04,-3.956159820151674655e-04,4.474528129009644082e-04,3.005714163424680148e-05,7.930762835636075798e-04,-1.956176634990824253e-04,6.571179293296834428e-04,-6.508386056008708207e-04,1.554227265709411110e-03,1.115113135762902481e-03,-8.461557073367115744e-04,-1.274861610397342660e-03,1.355505245434480152e-03,-6.685523940296619720e-04,-1.089984807606754480e-03,-2.696724379972264217e-04,-1.863473256949193515e-03,-6.854898600399921948e-04,-3.217359995854617342e-04,-1.522233854557138600e-03,-1.596865003198953952e-03,-2.061552114803680367e-03,1.811473429952660519e-04,-4.514928853888563673e-03,-2.006986899563344053e-03,-4.601488877276829238e-03,-3.120658195783586070e-03,-2.265763088222713054e-03,-2.530231373089154162e-03
7.650573239724653245e-03,9.289124301304282905e-03,9.798182877780560809e-03,1.036296180878989309e-02,1.116236995879215169e-02,1.016329074248790119e-02,9.595740498423809342e-03,7.100952380952377067e-03,8.773058243987122418e-03,7.693370074400616467e-03,7.671070909034622201e-03,8.885935571864646970e-03,8.024005608319083327e-03,7.720040445924765925e-03,8.575073468163748117e-03,9.007128079556253608e-03,6.919343176005556158e-03,6.011761251488459412e-03,5.458266524377987892e-03,5.232029776843223449e-03,4.218836975675608995e-03,4.439547475283640854e-03,2.798541167802572494e-03,3.458045973347000524e-03,2.319773251047834231e-03,1.635563590724308262e-03,1.721728617135869811e-03,1.324084415208140334e-03,7.916956135626779072e-04,-1.266911981161032588e-04,8.235509837589652816e-04,2.520072084441686653e-04,8.592310840040568711e-04,2.850573464957157320e-03,5.445707912992543915e-04,9.904797762478171654e-04,1.222894439421395515e-03,1.206962719812425819e-03,2.337711874740995045e-03,1.390061704883011279e-03,1.975420116807301112e-03,9.726842837274385974e-04,2.752478632478416471e-04,1.629468456307466657e-03,3.409545358872490472e-04,1.786023417508791509e-03,5.811878968994618625e-04,-7.722070410953933250e-05,-1.247655880030796465e-04,-9.778298212855804968e-04,2.772322214221847642e-04,-7.129002653692124254e-04,-2.586337533896984099e-03,-1.193876802096966285e-03,-2.825970705725679849e-03,-2.709206569759192978e-03,-2.537149783485711466e-03,-1.950025461489498070e-03,-2.029872773536994714e-03,-6.788924527429904439e-03
2.664316467869038991e-03,2.787122840429925689e-03,4.745065845052883272e-03,5.511426307707442684e-03,4.859214876033107755e-03,4.483307537012156709e-03,4.029891799725921625e-03,2.572885742694708700e-03,1.124189349112370137e-03,1.485483450612594446e-03,1.427576368249397184e-03,1.072753775686981301e-03,1.101942667921936361e-03,2.192404175365328227e-04,-1.463175623946599306e-05,-9.610549861449219381e-04,-2.171799542135202481e-03,-2.946203110704556844e-04,-1.415358042461357588e-03,-8.864921780986807776e-04,-4.336045405112474451e-04,-6.519255089068339134e-04,-1.411486124290407167e-03,-6.929614699855335316e-04,-7.479202698166471149e-04,-7.971368715083843861e-04,-7.702110311749724636e-04,-1.096272925085485560e-03,-8.419572523971162849e-04,-6.081972629978192602e-04,-2.297300093099890431e-04,-3.888668375905705507e-04,-6.266788598246512357e-04,-2.113011538385482118e-04,-3.969258023317305257e-04,-6.442412194870403459e-04,4.359510663635951890e-04,-2.345323741006937249e-04,-3.677221775528777964e-04,-1.344690330839109528e-04,-6.722106722107319731e-04,1.374819586952633847e-03,5.916568517001959127e-04,1.325941044255532801e-03,7.119107539661415334e-04,-4.106593906320991092e-04,8.750112045555726503e-04,-1.141042553191506806e-03,3.784048129941027482e-04,-4.998298355076467121e-04,-1.405415281479269066e-03,2.569541778976532531e-04,-3.396921665854614296e-03,-2.330931470392451181e-03,-1.164700220022003721e-03,-5.879499545676841656e-04,-5.413771210460625004e-03,-1.593604485863195580e-03,-4.623163295848180601e-03,-4.645359950450211536e-03
2.122118260000762334e-03,1.799894859222583724e-03,4.179883429345982934e-03,4.508685213603375562e-03,3.732481274018124330e-03,3.335977661149200878e-03,3.693555637559158954e-03,2.516151239919198982e-03,1.452759147471796358e-03,8.421857652078037658e-04,-2.144385352210832285e-04,3.562290587877380856e-04,4.714618778543719899e-04,3.146898400064840166e-04,-3.031088516146295225e-04,-9.131255006903705486e-04,-7.609017174774958432e-04,-1.541464861423015370e-03,-7.306303978124564953e-04,-1.304934242891335515e-03,-7.880958842152816640e-04,-1.353597000937177856e-03,-2.728834985191038419e-04,-5.150388049736659554e-04,-4.168435763596549555e-04,-6.430206646680808888e-04,-7.404305661493266761e-04,-6.444521320597863942e-04,-3.588320983620309863e-04,-1.168337011326196035e-03,-7.460214769438935911e-04,-5.846553746120965568e-04,-1.670626651807024078e-03,-1.221985931393773823e-03,-9.547176060086601376e-04,-5.919207165367491082e-04,-1.212921266705430361e-03,-7.389516621579570799e-05,-5.902320137692600339e-04,-1.231625053706937416e-03,6.518200561394150603e-04,-1.596808046156140233e-03,-2.176139987245717851e-04,-7.681347123330203299e-04,-1.828235294117621637e-03,-6.684736759059423756e-04,-1.342382837022678852e-03,-1.463985587433503212e-03,5.556758566805081569e-04,-1.464706587828287646e-03,-1.756427498748488114e-03,-7.211058729979314200e-04,-2.875005983246916100e-03,-1.758008828441806181e-03,-3.020154805044252769e-03,-2.700349337413096378e-04,-4.976157515252387781e-03,-8.281970970206064186e-04,-4.287763920010158325e-03,-5.256295628869811498e-03
1.282165091509145137e-03,1.611617906615997421e-03,2.857372641985184581e-03,4.104772036474197382e-03,3.511733636094438796e-03,2.706248659190550309e-03,2.050463088939274547e-03,3.301456771948627772e-03,6.989547847384482713e-04,1.430525839965569304e-03,4.601732930053997555e-04,8.358333695572941818e-04,4.400329353045445658e-04,3.493029955700930104e-04,5.903982710712466202e-04,2.092992414729130386e-04,1.474642119810877765e-04,-9.386733582451892675e-04,-4.699758291929025176e-04,-6.687036418310240765e-04,-5.267958006801864729e-04,-9.792910529232980946e-04,-8.623332137426096156e-04,-1.388133517021665009e-03,-3.075348424769294600e-04,-2.816483256819272930e-04,-1.590318385217137339e-03,-9.429410110165804262e-04,-1.335512826320104643e-03,-4.987601729020241887e-04,-1.351510991028055837e-03,-8.253110471550740212e-04,-1.798916448891153645e-03,-8.941067136675921257e-04,-1.392575839606814041e-04,-1.302927613940994128e-03,-1.134992796742937933e-03,-4.176634673691889525e-04,-1.257811413736944399e-03,-1.400619029954603984e-03,-1.314249354036464180e-03,-3.092058505692911116e-04,-1.283156730566742008e-03,-1.569365837855464345e-03,-1.862818901795190631e-03,-9.921642550910604944e-04,-7.469695264130704658e-04,-2.311028045207082562e-03,-1.438700710160512649e-03,-2.093671060171923073e-03,-1.808691559280142672e-03,-2.147545964609409112e-03,-1.845747748808090200e-03,-2.388395222712836208e-03,-3.443797515760594133e-03,-1.947594104032255875e-03,-2.134418647222234046e-03,-3.772496856334434535e-03,-2.697713634800592321e-03,-7.169769973018576617e-03
1.260269415754835566e-03,2.033530700522505862e-03,3.487028747177778505e-03,3.387980282351378460e-03,4.553375719043252154e-03,3.566459710896310691e-03,3.183477880266437961e-03,4.372594005723222724e-03,3.487374391138961614e-03,2.580467423220446452e-03,1.759599840113635922e-03,2.577475282176830591e-03,1.323287621640496488e-03,9.500000000000925890e-04,4.681392285398944318e-04,1.939372601314999554e-04,-3.843377494549107863e-04,-1.474672019133039505e-04,2.513348989348780085e-04,-8.299015996366507393e-04,2.007528228840285346e-08,1.425180530645115351e-05,8.492556394770161123e-05,2.077553011243628907e-04,-4.421321401244090120e-04,-7.734598540145316142e-04,-7.869488942324651907e-04,-7.527235128759393731e-04,-4.935454801905437595e-04,-1.508153370326633649e-03,-8.416001796273166755e-04,-1.128908380053118615e-03,-3.970614828208733280e-04,-4.994588630872254286e-04,-7.901506111522748265e-04,-5.457041176780783737e-04,-7.562849944008839809e-04,-4.511765076961510887e-04,-1.607966540948934254e-04,-8.538673652894373861e-04,-6.777487474832304126e-04,-1.629501756783612119e-04,-2.716912512723523358e-05,-2.782958782464613808e-03,-1.183968371633425075e-03,-8.699774266365416014e-04,-1.624987702902157749e-03,-1.720461382503698589e-03,-1.866998514540353605e-03,-1.742471996143305423e-03,-1.698302287196493208e-03,-2.860034402989485979e-03,-1.205255085326189819e-03,-3.298413058124567265e-03,-1.877683507513505179e-03,-4.747223279312315532e-03,-2.366556975883027727e-03,-3.903881017993166089e-03,-1.941569713758181876e-03,-4.392436484798032011e-03
2.202171763123620014e-03,3.661936987714722695e-03,4.654528720626661432e-03,5.649742609987849426e-03,5.867193702258343205e-03,4.840884436925245275e-03,3.848909349600187959e-03,4.416590171347309357e-03,3.155473956594414577e-03,3.035116755155348005e-03,2.848237306388741626e-03,1.124903214349189887e-03,2.818544216301153722e-03,7.844696410212831329e-04,8.565104468949938810e-04,7.625721459346404465e-04,5.573650122050118364e-04,-2.915197905128566363e-05,1.639892607349784667e-04,-5.772942718838556045e-04,-3.909866702617388113e-04,-4.263082052913005047e-05,3.550464763654816766e-05,-3.362769220398042255e-05,-3.342302414928992760e-04,-4.894509673114863339e-04,1.644136191669893872e-05,-1.198143779741577767e-03,-6.983855484205469741e-04,-7.705017532280908897e-05,-2.502495663024961845e-04,-4.286170468548632030e-04,-1.780852356051551162e-05,-2.951081857851326200e-05,-9.803319589808626860e-04,-1.411089301646822349e-04,-3.368105278053505820e-04,-7.743241501530757995e-04,-1.865940539509799913e-04,-1.186145862134966710e-03,3.154187015547976888e-04,-1.508312075534300970e-03,2.113218716862944534e-05,-4.940248492035649152e-04,-2.220379189431691009e-03,-1.284302341809230846e-03,-2.248632904462092436e-03,-7.713610127429288126e-04,-1.028894059600187882e-03,-2.091509129810451961e-03,-2.348563218390897506e-03,-1.930919837908649924e-03,-1.009267065500822971e-03,-1.694457462594322998e-03,-5.332305228088241728e-03,-3.743355148059774695e-04,-3.641719100735518310e-03,-3.607002768568096963e-03,-3.210335272928785833e-03,-4.361184609124255096e-03
4.920630306739090347e-03,6.770765540832788913e-03,8.314206583987569441e-03,1.055386490379288042e-02,9.434050115732636396e-03,7.990199188674513425e-03,7.467242182689626251e-03,5.372383928135515165e-03,6.750854592451079224e-03,6.491486042420403432e-03,5.259485246607779711e-03,4.162791717955968869e-03,3.014635832004157728e-03,2.900979962247704404e-03,2.751763600624419510e-03,2.824323345835889985e-03,1.704552916034278182e-03,2.413538721523506535e-03,2.322040207239972186e-03,1.156647687441250856e-03,1.871385142511676437e-03,1.322193683217041255e-03,9.186735497711946653e-04,1.561268501730633373e-03,1.541067736876733591e-03,9.018871164380594775e-04,5.431458684795005326e-04,-2.515930009140148625e-06,9.767338874505677049e-04,1.037926450753241369e-03,1.587346662041492487e-04,6.342828350688777721e-04,2.240897161302590041e-04,-3.689920830977567101e-04,6.048211855152304172e-04,-4.851872494230157038e-04,5.286112878747965083e-05,7.616471509929662212e-07,-1.315388204742761933e-04,-6.557286947602380088e-04,-4.611241574722392805e-04,8.244934777202187794e-04,8.396684527800893935e-05,-1.655389208093860668e-03,-6.744932237978457827e-04,-2.429174367614827937e-05,-1.081757052356354526e-03,1.903357013511527453e-04,-2.984908815890802061e-03,-1.202065894924395648e-03,-2.750789877531407794e-04,-1.710912040374852963e-03,-1.220584952068534072e-03,-1.344599535785731244e-03,-2.279567121875741408e-03,-2.115840986793584254e-03,-3.874238340554819488e-03,-2.292533274828085881e-03,-4.432085002549302453e-03,-2.772910855740239044e-03
5.084005839743993040e-03,6.263995891114559379e-03,9.263186354775762230e-03,1.125234294077909897e-02,1.028315983906361551e-02,1.033151450949066665e-02,8.392464965746077379e-03,7.568315674639209019e-03,7.579237108737394042e-03,7.228605763863462860e-03,6.653868030352998175e-03,6.826506974522900291e-03,4.503276797082566250e-03,3.902565597667761402e-03,3.358015178726611420e-03,2.628415297393070071e-03,3.096713059313300001e-03,2.951811198862507122e-03,2.069418296939766130e-03,2.032384838379984286e-03,3.536046095056175759e-03,1.808245487364634535e-03,8.564276318008933863e-04,1.556530564355286441e-03,7.211664136246970745e-04,1.358489919865093652e-03,1.114922013378891923e-03,1.131576569793770132e-03,7.765838824125755871e-04,7.195152590974234191e-04,8.296215071283847544e-04,2.984779343168765878e-04,2.527921053034334008e-04,2.269634903802434398e-04,6.209244287700787070e-04,-3.084904242205257417e-05,3.630385778429339729e-04,-5.387923387766674186e-05,9.933184041276722775e-04,-6.647440196278356968e-04,-2.168446915814791767e-04,1.414295988216027981e-03,-1.028587944980179905e-03,-2.261349604130932450e-05,-1.297939163498237859e-03,-1.115237892835382275e-03,-2.022053295934049023e-04,-9.615759768451842722e-04,-3.034095758300111505e-04,9.611556748238508203e-05,-2.026710677551371489e-03,-1.686370397917405809e-03,-1.023093563082976606e-03,-2.672842765651551634e-03,-2.826710042713865504e-03,-2.546598000605831101e-03,-1.976834096512806657e-03,-7.939741698744763815e-04,-2.416614500407781273e-03,-7.001430027440163316e-03
5.358650752465000423e-03,1.020797512234915966e-02,1.159791925465837939e-02,1.364606946983536878e-02,1.116646996564857157e-02,1.175849370568662552e-02,8.992464437019922346e-03,8.297431650336679551e-03,7.805281415115968360e-03,7.112461434739958920e-03,6.169108675306507299e-03,5.759562070154083252e-03,6.177487387800596925e-03,5.251500391174986591e-03,4.179784305669550191e-03,2.788696632461325296e-03,3.500727029438080798e-03,2.600963785889569974e-03,2.220777458788673452e-03,2.094857986342084279e-03,2.803760625125428611e-03,1.688739128951850148e-03,2.216389494881730246e-03,2.017608226567810682e-03,1.431565665034538600e-03,2.141739159131348432e-03,8.517749180936616624e-04,1.443834314636955772e-03,6.986935540624940322e-04,1.076096595139786104e-03,1.546993974253397120e-04,1.081170583328340686e-04,3.726504609429077898e-04,4.239053199833988012e-04,3.037839482692323580e-04,7.412324139276533098e-04,-3.287857304814618899e-04,2.399615898720157230e-04,-6.587569312255163825e-05,9.394666040695545163e-05,9.130237638862934157e-04,7.073359996522536781e-04,-5.955306528923266134e-04,4.030508239536722843e-04,-2.878743285998800827e-04,-1.029670499266938230e-03,-6.090244561546149507e-04,-9.289917166525246467e-04,-1.395394211724288163e-03,-8.935130095276403632e-04,-8.794613912315119237e-04,-1.183843824749542493e-03,-1.379364134088922802e-03,-1.712355548418209757e-03,-2.299464971616928602e-03,-1.553862968214992594e-03,-4.093239347042535586e-03,-2.095816102231743382e-03,-9.488195319359753535e-04,-7.210679834634772974e-03
5.878026102387004861e-03,9.634461248357236232e-03,1.198075401843812747e-02,1.272274392398235060e-02,1.306698724649800122e-02,9.456219166482628113e-03,9.098663797740776105e-03,8.672331397335156233e-03,6.702588877726288995e-03,6.923741582011196799e-03,5.461093859817228897e-03,5.199842916232428128e-03,5.310138196906078953e-03,3.601367934542921197e-03,3.167227113775445118e-03,3.103387210119370673e-03,3.109362745098011131e-03,1.902167344650604460e-03,7.283992668176262784e-04,3.123343552139047803e-03,1.399585286342175513e-03,1.053883267439770910e-04,1.760452081415550540e-03,1.636753872228991630e-03,1.524046960393942796e-03,1.261077036639351263e-03,1.026695742677293140e-03,3.553533951661953772e-04,5.023427122329213179e-04,4.034122983870308695e-04,1.396911065852443211e-04,9.285189189189219962e-04,-3.745111140295997879e-04,2.559358024691431592e-04,2.633072216557500204e-04,-8.961456102778740456e-05,7.337361542871840723e-04,5.139747020189072485e-04,-2.375961776348199596e-04,-1.169192803428617007e-04,5.810405486529261580e-04,-9.828467609270109644e-04,5.575692523816049278e-04,4.558380160169371478e-04,-1.981171452009906821e-03,-6.422416241127101811e-04,-6.308122663447258331e-05,-1.542392261544339423e-03,-4.096274921301680245e-04,-2.598788731541906791e-03,-2.246714931043666125e-03,1.259601586276912167e-03,-3.362613615052760432e-03,-1.596069580790558315e-03,-3.083677685950044650e-04,-2.589161638389973243e-03,-4.780101807075615682e-03,-6.819973934090976667e-04,-2.237110760118440032e-03,-5.305046797727501137e-03
6.245207230025332998e-03,9.252347220645442197e-03,1.279427861726344616e-02,1.166295301283439348e-02,1.318795136912095933e-02,1.225586589764787390e-02,9.764165329053048695e-03,9.218498240125052104e-03,7.097372530382284328e-03,5.141489869660616913e-03,4.490804274739731983e-03,3.439814584727026153e-03,3.078024096385462496e-03,3.653751058425086604e-03,2.436596716072332580e-03,2.169859238359418685e-03,2.828461976769813032e-03,-4.491286834239478320e-04,6.863564743599313801e-04,8.946415219618581230e-04,7.735937981628661407e-04,-3.154622517416591173e-04,1.052444578494912382e-03,8.046100307062206431e-04,1.397544657847093552e-03,3.649907078897978731e-04,1.413231141589189736e-04,-2.299205166417831955e-04,7.296979979646280804e-05,7.953157175241144219e-05,4.632409201987750511e-04,-5.131070193666415695e-05,3.149327732539082504e-04,-1.676736672051492216e-04,-6.886079395326995126e-04,-8.464147076176066042e-05,-8.069344582839722228e-04,3.163187296961208041e-04,2.313692488946226991e-04,-2.969359938938350330e-04,-8.582718998670428286e-04,-3.010652006315457110e-04,-3.857642086672430186e-04,-5.716690334604615249e-04,-6.524088605892397821e-04,-9.151159471993693768e-04,-1.029002050062052809e-03,-1.090528052805209537e-03,-2.242772861356938548e-03,-5.759127870611315848e-04,-2.605003412545707497e-03,-4.664095940959306396e-04,-1.859370846255324714e-04,-2.547604395604503771e-03,-2.177372167394494868e-03,-2.311705592903108824e-03,-2.191073139927943777e-03,-1.821423220973700024e-03,-4.286037810161561455e-03,-2.278172119786711115e-03
5.329370075799956530e-03,1.061085396204195647e-02,1.541775963313020067e-02,1.535055287748436637e-02,1.390797653119633763e-02,1.458019470052341997e-02,1.228205608170836356e-02,1.003197369371975137e-02,9.101760713593214439e-03,8.521195095661552102e-03,7.011188152137273928e-03,4.734281878760406362e-03,5.317356061206782343e-03,3.080624410933050731e-03,4.039496275620371203e-03,2.871042327784069717e-03,2.112197836407561820e-03,1.802962552173034477e-03,6.457159978629507368e-04,1.887457512677973796e-03,2.295841218020867164e-04,1.536215100154122472e-03,1.003309720710339036e-03,1.392670230773151822e-03,5.617863547091447515e-04,2.043795620435822101e-05,8.045569877195361515e-04,2.716384333008224042e-04,1.676866910056584346e-04,7.490656192079629379e-04,3.994432496184010671e-04,3.322775506066206444e-04,-5.896722657453060384e-04,-2.643718636442429879e-04,-4.090344701926490445e-04,-2.176656202206193533e-04,-2.050558375633555796e-04,3.005926155275108220e-04,-6.743037046093375763e-04,-7.573217013005947807e-04,-5.532901249116158916e-04,-5.740186090735851111e-04,2.488867060807527600e-04,-3.001679564588630124e-04,-1.686731863042557466e-03,-4.918748294369283203e-04,-1.952490328819876740e-04,-1.556487265985145863e-03,-8.733031232192188693e-04,-1.728213004162399737e-03,-4.387797446755692908e-04,-1.555695920575401016e-03,-1.017339870314693927e-03,-2.921410638785945733e-03,-3.170799194090002937e-03,3.980947274360885119e-05,-1.790234799623093356e-03,-3.099686620819014620e-03,-5.911655795486709525e-03,-2.799844426691344267e-03
1.326408506867522361e-02,1.796284644881936468e-02,2.382184348729740955e-02,2.463634042475741637e-02,2.114842294492574881e-02,2.158698658446879526e-02,1.808296957295370266e-02,1.715415380681931112e-02,1.536456721784172121e-02,1.373272306514479284e-02,1.018542215698709473e-02,1.138750428027893863e-02,8.494113343174370181e-03,1.065908634144041925e-02,7.484713296312386563e-03,9.407261569643081064e-03,5.428075814028856562e-03,5.189245528656917170e-03,4.636807885783943324e-03,4.397797383457349371e-03,3.763753921526476112e-03,3.009407599682740499e-03,4.423949115044190257e-03,3.204832322511588956e-03,3.010362970028618128e-03,4.056259795570673135e-03,1.966428955866480251e-03,2.116240949996611026e-03,1.901930409593155860e-03,1.840252386882525919e-03,1.426705095020773485e-03,1.074997131781572695e-03,7.187885776297502007e-05,1.248664938987801599e-03,6.838396998280472884e-04,3.890674497536973316e-04,1.083363003722385032e-04,6.023225482028881381e-05,-4.169618793912174869e-04,5.547288873840784554e-05,-2.140745117551970270e-04,-2.697911711539869987e-04,-7.835532994923078906e-04,4.049285727658870023e-04,-1.680585017016279943e-03,8.043061764426585186e-05,8.291342870327291078e-04,-6.674393478047812092e-04,-9.415924935785776337e-04,-1.495686551456700594e-03,-1.910030234537914812e-04,-2.878730824619668040e-03,-6.794637894392627090e-04,-3.759790824969923371e-04,-2.723525013594304146e-03,-1.468142672849550353e-03,-2.330334118174751980e-03,-2.321063562706828995e-03,-5.018174297886476148e-03,-1.630216334781380005e-03
1.102237816062394751e-02,1.629558815833087940e-02,2.360476022301501511e-02,2.585660740124436779e-02,2.370324560311556916e-02,2.117223852721459437e-02,1.889050133287473177e-02,1.871909287860791526e-02,1.782395638126004281e-02,1.531941490108046020e-02,1.358405358522968287e-02,1.296038810002306599e-02,1.079878238220017238e-02,9.907549437273475978e-03,9.338398474589466175e-03,7.881691702542752836e-03,8.285733854873481019e-03,7.197112459559980649e-03,6.957087363686806185e-03,5.171026654504986241e-03,5.602525609983125335e-03,3.708974238072713318e-03,3.300972843841298594e-03,3.979034482758586795e-03,3.884549528416402810e-03,3.780487095965913511e-03,3.447003589228959594e-03,2.855014788921749879e-03,1.934285085864190104e-03,2.660391047340022325e-03,1.711585791731815367e-03,7.525202752309021002e-04,1.907401717441000247e-03,7.795231454712585849e-04,7.802464097530901381e-04,2.451327588010557995e-04,2.661143430291323551e-04,2.047989455012384058e-04,3.507254533094879560e-04,2.461665987013562603e-04,9.934471963059907811e-05,3.080975150896697709e-04,-8.637999487697205854e-05,-5.502256291081110895e-04,2.359246069331471184e-04,-2.502886588934707490e-04,-8.383459446952124623e-04,-6.903145598273908567e-04,3.240446297081735205e-04,-1.724868304944244396e-03,2.761434749426949970e-04,-7.174855083346946697e-04,-2.234987449314562898e-03,-7.948213204117795454e-05,-2.059413229257739050e-03,-3.042697201017717252e-03,-1.617557894736779828e-03,-5.048772398616761976e-03,1.089603460706573988e-03,-5.669250956086105929e-03
8.149406986190007793e-03,1.419098650385599084e-02,1.976797026060470724e-02,2.211738863448949391e-02,2.226723202435089422e-02,1.909530502173113417e-02,1.926591837447192215e-02,1.656643814747103816e-02,1.660990337333662081e-02,1.425074814513132247e-02,1.397066237430116299e-02,1.288392069363377551e-02,9.551422040069852334e-03,7.903062232261040890e-03,8.558569851433644321e-03,7.254594519361652269e-03,5.107741746464886275e-03,6.494396291710324669e-03,6.264172388955561478e-03,4.163116364752872563e-03,2.966510230031077413e-03,3.222164781906300575e-03,2.977989701750170023e-03,3.007833165684666195e-03,2.416740674955657458e-03,2.142724347572977275e-03,2.433253744302202141e-03,1.462200330083617428e-03,7.733849389986687580e-04,9.341925097441232438e-04,1.204289690773879384e-03,1.504062651003956492e-03,-1.290752603452690586e-04,9.811780434098981568e-04,9.569597488353983770e-04,2.939861711322824312e-04,-2.602556638844155754e-04,3.187662828809779774e-04,3.937128121162211149e-04,-6.149387846078237935e-04,3.651391917085567459e-04,-4.343362140367428752e-04,6.905702898894596018e-04,-4.507667168210666565e-04,3.700329801417258217e-04,-5.947050243733515958e-04,-8.315898571586551264e-04,-1.371272249096906607e-04,-1.205108716429318738e-03,-1.173852534092664594e-04,-1.261006009287105219e-03,-1.226007118261485552e-03,-1.730208846722410562e-04,-3.402685864047994523e-03,-9.543913649025229833e-04,-3.964973681458147724e-04,-3.200997755785306431e-03,-2.986785564893324873e-03,-1.066104357893048405e-04,-4.633027998470587092e-03
9.034925738688127234e-03,1.923715163696160246e-02,2.349597012459104378e-02,2.669114237141232901e-02,2.569180763703554984e-02,2.461768130710375452e-02,2.192065637065636341e-02,1.788829707658524948e-02,1.767365331824920921e-02,1.498359839302968073e-02,1.454782645898086875e-02,1.302480735701342165e-02,1.088399301356985337e-02,1.026566108218251137e-02,9.108733762723407804e-03,8.302800645050179007e-03,7.456224403582361986e-03,5.763267513578256181e-03,6.704976007071591221e-03,5.669767145542057608e-03,5.459251788006699857e-03,3.025228160728892900e-03,3.644287792355851031e-03,3.285996098477821613e-03,2.420106245513311063e-03,3.888383134738714140e-03,2.810291538126114333e-03,2.765985083591989985e-03,2.700558663017061864e-03,2.358176232957402956e-03,2.349928774928759876e-03,1.809115918532845082e-03,1.500224567144748354e-03,1.606643209007702251e-03,1.982886771300439860e-03,9.080576192269043277e-04,7.006023887229750717e-04,5.271473398441533066e-04,5.926115618661871977e-04,1.185922761617891211e-03,6.522294126127863240e-04,1.372383151525637980e-04,1.252293527401008525e-03,5.555988577991601831e-04,-4.108966871165691589e-04,3.449815340909429223e-04,1.215373848126861500e-04,-3.738270551785111308e-05,-6.810746582043641049e-04,2.853527909521229723e-04,-9.345246990453317647e-04,-7.929494515297399624e-05,-2.231521971496567853e-03,-1.530974820828339376e-03,-2.014211609010226056e-03,-1.190968114269124259e-03,-1.187438763290593786e-03,-3.297598350864973903e-03,-1.445093336531188925e-03,-6.038743092711166063e-03
7.816537546513676465e-03,1.585575358352268177e-02,2.322587142857144085e-02,2.471395048786389700e-02,2.541408911357828301e-02,2.546189978809671947e-02,2.072473000186148342e-02,1.935971934413037790e-02,1.340389396120948706e-02,1.488566826323721795e-02,1.135930363191259632e-02,1.068628665283550758e-02,9.246080412231377776e-03,7.404678253327556456e-03,7.511421275775686905e-03,4.749040594379253660e-03,4.515294218562409048e-03,3.529035978495566935e-03,2.531754544480046328e-03,4.319078767284951353e-03,3.565770709542192152e-03,2.686034419626561268e-03,2.113236289776515391e-03,1.218780574770117605e-03,1.078447551650944932e-03,1.018799638081756840e-03,8.636747301140054256e-04,6.910382469474891974e-04,2.126906542056147386e-03,7.560968258293184960e-04,1.428115834541333375e-03,-8.227751228713968228e-05,4.384796193122043580e-04,1.041966290252752299e-04,9.605363753765933143e-04,-7.336032958907620768e-04,4.787890356307233876e-04,4.433664299304607224e-05,-7.285613412578818360e-04,6.361609801743769467e-05,-9.688090737238145225e-06,1.061477248882261576e-04,5.552298028888673489e-05,-1.008505276897836943e-03,3.189516480325272057e-04,-3.038230375679465509e-05,-4.909431245500294480e-04,6.777455018426192150e-04,-7.188384655711552683e-04,-1.105857431232780408e-03,3.113167754255721266e-05,-1.474986066509220836e-03,-5.255180695333599647e-04,-2.133707796568796479e-03,-1.589972853638642672e-03,-1.155772401051673431e-03,-2.160559262313517526e-03,-2.905946860270727447e-03,-2.579939435818185203e-03,-2.425445896232327099e-03
6.455546851417960814e-03,9.825841002160813284e-03,1.331902341841714049e-02,1.407441338992547648e-02,1.409583611774068747e-02,1.525501970206623314e-02,1.277351612850063760e-02,1.165520995464516124e-02,1.024801135797540237e-02,1.110932618169621806e-02,9.404385405827237615e-03,8.949616951915217306e-03,8.374935245381400981e-03,8.312326426264827345e-03,6.503558540630251933e-03,5.729792435645445978e-03,5.730658462668686802e-03,4.757754997437214743e-03,4.196501763008861872e-03,4.423403778076151482e-03,4.232623482924066649e-03,3.095707355738685964e-03,3.089789605090892226e-03,2.637993152754054566e-03,2.420982015618792192e-03,1.371561605604434747e-03,1.387503806924382998e-03,1.456669879296850455e-03,2.558744503362614994e-03,1.066269993815949788e-03,1.834116163337678237e-03,9.122827463897094152e-04,6.295156617471331980e-04,9.568449733473675381e-04,6.930502293847865154e-04,2.105590813979538352e-04,1.067647381166972461e-03,2.174715025906691476e-04,3.184865291793863317e-04,6.805929510069401271e-04,3.166481126259570035e-04,3.095585066399238411e-04,-6.581992673992581632e-04,4.307255372248425403e-04,-4.444112489342099130e-04,-8.088604388959968073e-04,-3.601506863107132835e-04,-4.593807054699897813e-04,-2.353976646839230102e-04,-4.420535610684372388e-04,-6.418358493834485008e-05,-1.000027126378454697e-03,-1.836438087987446021e-03,-9.267455586552382583e-04,9.580761623704099573e-05,-3.188805742728448474e-03,-3.397655816020513173e-03,-2.592136557833289636e-03,-2.116941637039083599e-03,-2.640164209259250518e-03
6.626870592965925476e-03,1.063575488075584399e-02,1.409372793416024255e-02,1.435814335827527259e-02,1.599879574132489699e-02,1.269585036152163539e-02,1.234634764295107490e-02,1.128555535624008697e-02,1.084487309896955097e-02,9.662405581977114716e-03,9.054261118128065569e-03,9.599386410144929854e-03,7.569309262684968155e-03,7.511776361746711969e-03,6.644543493889259501e-03,5.814581992773428659e-03,6.503075860097208387e-03,5.555038308632014900e-03,5.154748294900928125e-03,3.869784954418942994e-03,4.488199139333708641e-03,3.977420736664310022e-03,2.660798835295578608e-03,3.885815129112092474e-03,2.782769350111998028e-03,2.153200820138932974e-03,2.199896679807099732e-03,1.779999999999902103e-03,1.301361799197808854e-03,1.503748341370242901e-03,1.178521504926629019e-03,1.916506046702099982e-03,-1.192915586725031094e-04,1.801728277016096964e-03,4.213454625985476286e-04,8.754207106087542845e-05,6.076466093600261858e-04,6.539754694877705993e-04,2.234142276845353550e-04,8.168174922382007846e-04,-1.554432837702587379e-05,1.186642762329926520e-03,5.030388228559120201e-04,-1.401345291479820607e-04,-1.857202259147247569e-04,-1.065280997655613116e-03,6.117537764099643515e-04,-5.222822148507774665e-04,-1.530921904267411792e-03,-4.389542696580268504e-05,5.205574460040619670e-04,-1.716435475708591105e-03,-8.426725480021220183e-04,-1.160044716469584231e-03,-1.007481530822300136e-03,-1.543258576482352349e-03,-1.584608029248390539e-03,-4.276754902720680124e-03,-1.558131452309537406e-03,-4.776545477577841085e-03
8.446955484086858187e-03,1.118765473145788905e-02,1.450504539140450022e-02,1.587425601573851097e-02,1.735901514590700717e-02,1.666731849644601665e-02,1.591336398396268545e-02,1.381955083924608398e-02,1.483567790478943632e-02,1.243070937315783435e-02,1.130314939347063820e-02,9.899973650406819828e-03,9.828289158550291421e-03,1.009767539267016241e-02,9.145404574478880472e-03,8.714515663609716592e-03,8.189288802987691393e-03,6.318950943992395798e-03,6.700698051210587577e-03,5.272955059812531840e-03,5.571627914022086320e-03,5.174661618838507886e-03,5.873430402588546498e-03,4.397082649842278153e-03,4.107608682489652906e-03,3.484140383071511731e-03,3.667709535313363415e-03,3.072957594361081478e-03,2.384917091378991032e-03,2.093611685269451857e-03,3.060380160476304252e-03,1.340550856683432341e-03,2.006953278366679222e-03,2.001740458533417949e-03,1.602736249443917132e-03,2.586703628516315474e-03,3.685937182354113171e-04,1.328199163617365709e-03,3.092791523216456171e-04,-1.101744521085753825e-04,-1.466297164783413997e-04,1.804619511046305245e-04,-1.843780852394270506e-04,5.121917412647932020e-04,-5.642349250610310778e-04,-2.639680201281986455e-04,-1.151012739590172976e-05,-4.090509896008274939e-04,4.866139218664013015e-04,-5.749061621744153095e-04,-1.247223640249888691e-03,-9.270848922252053958e-04,-4.014170825682293218e-04,-1.174301378612725363e-03,-2.598077178016623863e-03,-1.612584593232459923e-03,-7.041093308199358617e-04,-2.990153508771556412e-04,-3.722704193365149270e-03,-3.160347803460806116e-03
1.554741266523300934e-02,1.621495509046364317e-02,1.801860900156358400e-02,1.988572826490879464e-02,2.115599292513879043e-02,2.132530849876025994e-02,2.043931912563319575e-02,1.946649867857469518e-02,1.860505187549878203e-02,1.675198908400571743e-02,1.440698778833108575e-02,1.474928080652406978e-02,1.332428552841292795e-02,1.397026975923356534e-02,1.359892738874080888e-02,1.165895280260624209e-02,1.052720706813587044e-02,9.124691398128968040e-03,9.985278143000219514e-03,8.059792421350046518e-03,9.062591387998152753e-03,7.285498321617284515e-03,7.343364083733351644e-03,7.099302857849732265e-03,6.695207467252334808e-03,5.570178891685321348e-03,4.275116734577168003e-03,4.599773290825374776e-03,3.603500177392984349e-03,4.031712472058202219e-03,3.339870545209692489e-03,3.475436866523314624e-03,2.786807120965943078e-03,2.731667491932391646e-03,2.084565812052983913e-03,1.862284362302104408e-03,1.247229171300880688e-03,1.658876160043466861e-03,-4.565213583899612783e-05,8.149805489325479425e-04,6.910314768279274484e-05,1.047539881250347978e-03,-2.485770938796047621e-04,9.717482517482289601e-04,-4.466332881809293061e-04,-2.890508303976244749e-04,-3.420411103478956569e-04,-8.701790850110312052e-04,-6.890965095899136866e-05,-4.852641737878999858e-04,-8.062782698921935626e-04,-8.374706143973144811e-04,3.996021971525817360e-04,-2.090700959346940453e-03,-1.046800372623227487e-03,-2.324855424198227129e-03,-3.298161434977522725e-03,-1.950778296096264495e-03,-1.482400580662478640e-03,-2.916326513214014156e-03
